geometry;Timestamp;Date Time;Machine Name;Service Order;Operator Number;Operator Name;Operation;Team;Alarm
POINT (-49.97573499999999 -22.24768666666665);1756306138.4;27/08/2025 11:48:58;Trator John Deere Série 6J - 6166;1;2025;ALUNO DA MANHÃ;CALAGEM;UNIMAR ADUBAÇÃO;Adubação - Erro de Comunicação com o Display
POINT (-49.975804314473386 -22.24765412910798);1756306138.4;27/08/2025 11:48:58;Trator John Deere Série 6J - 6166;1;2025;ALUNO DA MANHÃ;CALAGEM;UNIMAR ADUBAÇÃO;Adubação - Erro de Comunicação com o Display
POINT (-49.97576833333333 -22.247708333333307);1756306059;27/08/2025 11:47:39;Trator John Deere Série 6J - 6166;1;2025;ALUNO DA MANHÃ;CALAGEM;UNIMAR ADUBAÇÃO;Adubação - Erro do Sensor - Porta Esquerda
POINT (-49.97576833333333 -22.247708333333307);1756306059;27/08/2025 11:47:39;Trator John Deere Série 6J - 6166;1;2025;ALUNO DA MANHÃ;CALAGEM;UNIMAR ADUBAÇÃO;Adubação - Erro de Controle - Porta Esquerda
POINT (-49.97576833333333 -22.247708333333307);1756306059;27/08/2025 11:47:39;Trator John Deere Série 6J - 6166;1;2025;ALUNO DA MANHÃ;CALAGEM;UNIMAR ADUBAÇÃO;Adubação - Erro de Controle - Porta Direita
POINT (-49.97576833333333 -22.247708333333307);1756306059;27/08/2025 11:47:39;Trator John Deere Série 6J - 6166;1;2025;ALUNO DA MANHÃ;CALAGEM;UNIMAR ADUBAÇÃO;Adubação - Erro do Sensor - Porta Direita
POINT (-49.97578773349325 -22.24777830471993);1756306059;27/08/2025 11:47:39;Trator John Deere Série 6J - 6166;1;2025;ALUNO DA MANHÃ;CALAGEM;UNIMAR ADUBAÇÃO;Adubação - Erro do Sensor - Porta Esquerda
POINT (-49.97578773349325 -22.24777830471993);1756306059;27/08/2025 11:47:39;Trator John Deere Série 6J - 6166;1;2025;ALUNO DA MANHÃ;CALAGEM;UNIMAR ADUBAÇÃO;Adubação - Erro de Controle - Porta Esquerda
POINT (-49.97578773349325 -22.24777830471993);1756306059;27/08/2025 11:47:39;Trator John Deere Série 6J - 6166;1;2025;ALUNO DA MANHÃ;CALAGEM;UNIMAR ADUBAÇÃO;Adubação - Erro de Controle - Porta Direita
POINT (-49.97578773349325 -22.24777830471993);1756306059;27/08/2025 11:47:39;Trator John Deere Série 6J - 6166;1;2025;ALUNO DA MANHÃ;CALAGEM;UNIMAR ADUBAÇÃO;Adubação - Erro do Sensor - Porta Direita
POINT (-49.976504999999996 -22.24704499999998);1756305945;27/08/2025 11:45:45;Trator John Deere Série 6J - 6166;1;2025;ALUNO DA MANHÃ;CALAGEM;UNIMAR ADUBAÇÃO;Adubação - Erro do Sensor - Porta Esquerda
POINT (-49.976504999999996 -22.24704499999998);1756305945;27/08/2025 11:45:45;Trator John Deere Série 6J - 6166;1;2025;ALUNO DA MANHÃ;CALAGEM;UNIMAR ADUBAÇÃO;Adubação - Erro de Controle - Porta Esquerda
POINT (-49.976504999999996 -22.24704499999998);1756305945;27/08/2025 11:45:45;Trator John Deere Série 6J - 6166;1;2025;ALUNO DA MANHÃ;CALAGEM;UNIMAR ADUBAÇÃO;Adubação - Erro de Controle - Porta Direita
POINT (-49.976504999999996 -22.24704499999998);1756305945;27/08/2025 11:45:45;Trator John Deere Série 6J - 6166;1;2025;ALUNO DA MANHÃ;CALAGEM;UNIMAR ADUBAÇÃO;Adubação - Erro do Sensor - Porta Direita
POINT (-49.97648414450542 -22.24697539234721);1756305945;27/08/2025 11:45:45;Trator John Deere Série 6J - 6166;1;2025;ALUNO DA MANHÃ;CALAGEM;UNIMAR ADUBAÇÃO;Adubação - Erro do Sensor - Porta Esquerda
POINT (-49.97648414450542 -22.24697539234721);1756305945;27/08/2025 11:45:45;Trator John Deere Série 6J - 6166;1;2025;ALUNO DA MANHÃ;CALAGEM;UNIMAR ADUBAÇÃO;Adubação - Erro de Controle - Porta Esquerda
POINT (-49.97648414450542 -22.24697539234721);1756305945;27/08/2025 11:45:45;Trator John Deere Série 6J - 6166;1;2025;ALUNO DA MANHÃ;CALAGEM;UNIMAR ADUBAÇÃO;Adubação - Erro de Controle - Porta Direita
POINT (-49.97648414450542 -22.24697539234721);1756305945;27/08/2025 11:45:45;Trator John Deere Série 6J - 6166;1;2025;ALUNO DA MANHÃ;CALAGEM;UNIMAR ADUBAÇÃO;Adubação - Erro do Sensor - Porta Direita
POINT (-49.976501666666664 -22.24703166666665);1756305931.6;27/08/2025 11:45:32;Trator John Deere Série 6J - 6166;1;2025;ALUNO DA MANHÃ;CALAGEM;UNIMAR ADUBAÇÃO;Adubação - Erro de Comunicação com o Display
POINT (-49.97647404657221 -22.246964131066104);1756305931.6;27/08/2025 11:45:32;Trator John Deere Série 6J - 6166;1;2025;ALUNO DA MANHÃ;CALAGEM;UNIMAR ADUBAÇÃO;Adubação - Erro de Comunicação com o Display
POINT (-49.97648499999999 -22.246971666666642);1756305890;27/08/2025 11:44:50;Trator John Deere Série 6J - 6166;1;2025;ALUNO DA MANHÃ;CALAGEM;UNIMAR ADUBAÇÃO;Adubação - Erro de Controle - Esteira
POINT (-49.976515126438464 -22.2470382672272);1756305890;27/08/2025 11:44:50;Trator John Deere Série 6J - 6166;1;2025;ALUNO DA MANHÃ;CALAGEM;UNIMAR ADUBAÇÃO;Adubação - Erro de Controle - Esteira
POINT (-49.97648499999999 -22.246971666666642);1756305770;27/08/2025 11:42:50;Trator John Deere Série 6J - 6166;1;2025;ALUNO DA MANHÃ;CALAGEM;UNIMAR ADUBAÇÃO;Adubação - Erro do Sensor - Discos
POINT (-49.976515126438464 -22.2470382672272);1756305770;27/08/2025 11:42:50;Trator John Deere Série 6J - 6166;1;2025;ALUNO DA MANHÃ;CALAGEM;UNIMAR ADUBAÇÃO;Adubação - Erro do Sensor - Discos
POINT (-49.97646333333333 -22.246511666666656);1756305575.1;27/08/2025 11:39:35;Trator John Deere Série 6J - 6166;1;2025;ALUNO DA MANHÃ;CALAGEM;UNIMAR ADUBAÇÃO;Adubação - Erro de Controle - Discos
POINT (-49.976453193521436 -22.2464400213721);1756305575.1;27/08/2025 11:39:35;Trator John Deere Série 6J - 6166;1;2025;ALUNO DA MANHÃ;CALAGEM;UNIMAR ADUBAÇÃO;Adubação - Erro de Controle - Discos
POINT (-49.97646333333333 -22.246511666666656);1756305570.1;27/08/2025 11:39:30;Trator John Deere Série 6J - 6166;1;2025;ALUNO DA MANHÃ;CALAGEM;UNIMAR ADUBAÇÃO;Adubação - Limite Máximo dos Discos
POINT (-49.976453193521436 -22.2464400213721);1756305570.1;27/08/2025 11:39:30;Trator John Deere Série 6J - 6166;1;2025;ALUNO DA MANHÃ;CALAGEM;UNIMAR ADUBAÇÃO;Adubação - Limite Máximo dos Discos
POINT (-49.97646333333333 -22.246511666666656);1756305545.1;27/08/2025 11:39:05;Trator John Deere Série 6J - 6166;1;2025;ALUNO DA MANHÃ;CALAGEM;UNIMAR ADUBAÇÃO;Adubação - Erro do Sensor - Discos
POINT (-49.976453193521436 -22.2464400213721);1756305545.1;27/08/2025 11:39:05;Trator John Deere Série 6J - 6166;1;2025;ALUNO DA MANHÃ;CALAGEM;UNIMAR ADUBAÇÃO;Adubação - Erro do Sensor - Discos
POINT (-49.975781666666656 -22.247551666666645);1756304981.1;27/08/2025 11:29:41;Trator John Deere Série 6J - 6166;1;2025;ALUNO DA MANHÃ;CALAGEM;UNIMAR ADUBAÇÃO;Adubação - Erro do Sensor - Porta Esquerda
POINT (-49.975781666666656 -22.247551666666645);1756304981.1;27/08/2025 11:29:41;Trator John Deere Série 6J - 6166;1;2025;ALUNO DA MANHÃ;CALAGEM;UNIMAR ADUBAÇÃO;Adubação - Erro de Controle - Porta Esquerda
POINT (-49.975781666666656 -22.247551666666645);1756304981.1;27/08/2025 11:29:41;Trator John Deere Série 6J - 6166;1;2025;ALUNO DA MANHÃ;CALAGEM;UNIMAR ADUBAÇÃO;Adubação - Erro de Controle - Porta Direita
POINT (-49.975781666666656 -22.247551666666645);1756304981.1;27/08/2025 11:29:41;Trator John Deere Série 6J - 6166;1;2025;ALUNO DA MANHÃ;CALAGEM;UNIMAR ADUBAÇÃO;Adubação - Erro do Sensor - Porta Direita
POINT (-49.975807076035146 -22.247619950280914);1756304981.1;27/08/2025 11:29:41;Trator John Deere Série 6J - 6166;1;2025;ALUNO DA MANHÃ;CALAGEM;UNIMAR ADUBAÇÃO;Adubação - Erro do Sensor - Porta Esquerda
POINT (-49.975807076035146 -22.247619950280914);1756304981.1;27/08/2025 11:29:41;Trator John Deere Série 6J - 6166;1;2025;ALUNO DA MANHÃ;CALAGEM;UNIMAR ADUBAÇÃO;Adubação - Erro de Controle - Porta Esquerda
POINT (-49.975807076035146 -22.247619950280914);1756304981.1;27/08/2025 11:29:41;Trator John Deere Série 6J - 6166;1;2025;ALUNO DA MANHÃ;CALAGEM;UNIMAR ADUBAÇÃO;Adubação - Erro de Controle - Porta Direita
POINT (-49.975807076035146 -22.247619950280914);1756304981.1;27/08/2025 11:29:41;Trator John Deere Série 6J - 6166;1;2025;ALUNO DA MANHÃ;CALAGEM;UNIMAR ADUBAÇÃO;Adubação - Erro do Sensor - Porta Direita
POINT (-49.98209166666666 -22.24795999999998);1756214893.7;26/08/2025 10:28:14;Trator John Deere Série 6J - 6166;1;2025;ALUNO DA MANHÃ;CALAGEM;UNIMAR ADUBAÇÃO;Adubação - Limite Máximo dos Discos
POINT (-49.98209166666666 -22.24795999999998);1756214893.7;26/08/2025 10:28:14;Trator John Deere Série 6J - 6166;1;2025;ALUNO DA MANHÃ;CALAGEM;UNIMAR ADUBAÇÃO;Adubação - Erro de Controle - Discos
POINT (-49.98213992450226 -22.248016604566104);1756214893.7;26/08/2025 10:28:14;Trator John Deere Série 6J - 6166;1;2025;ALUNO DA MANHÃ;CALAGEM;UNIMAR ADUBAÇÃO;Adubação - Limite Máximo dos Discos
POINT (-49.98213992450226 -22.248016604566104);1756214893.7;26/08/2025 10:28:14;Trator John Deere Série 6J - 6166;1;2025;ALUNO DA MANHÃ;CALAGEM;UNIMAR ADUBAÇÃO;Adubação - Erro de Controle - Discos
POINT (-49.98209166666666 -22.24795999999998);1756214863.7;26/08/2025 10:27:44;Trator John Deere Série 6J - 6166;1;2025;ALUNO DA MANHÃ;CALAGEM;UNIMAR ADUBAÇÃO;Adubação - Erro do Sensor - Discos
POINT (-49.98213992450226 -22.248016604566104);1756214863.7;26/08/2025 10:27:44;Trator John Deere Série 6J - 6166;1;2025;ALUNO DA MANHÃ;CALAGEM;UNIMAR ADUBAÇÃO;Adubação - Erro do Sensor - Discos
POINT (-49.97710166666667 -22.246979999999986);1756213654.8;26/08/2025 10:07:35;Trator John Deere Série 6J - 6166;1;2025;ALUNO DA MANHÃ;CALAGEM;UNIMAR ADUBAÇÃO;Adubação - Erro do Sensor - Porta Esquerda
POINT (-49.97710166666667 -22.246979999999986);1756213654.8;26/08/2025 10:07:35;Trator John Deere Série 6J - 6166;1;2025;ALUNO DA MANHÃ;CALAGEM;UNIMAR ADUBAÇÃO;Adubação - Erro de Controle - Porta Esquerda
POINT (-49.97710166666667 -22.246979999999986);1756213654.8;26/08/2025 10:07:35;Trator John Deere Série 6J - 6166;1;2025;ALUNO DA MANHÃ;CALAGEM;UNIMAR ADUBAÇÃO;Adubação - Erro de Controle - Porta Direita
POINT (-49.97710166666667 -22.246979999999986);1756213654.8;26/08/2025 10:07:35;Trator John Deere Série 6J - 6166;1;2025;ALUNO DA MANHÃ;CALAGEM;UNIMAR ADUBAÇÃO;Adubação - Erro do Sensor - Porta Direita
POINT (-49.977032709348975 -22.24694681189138);1756213654.8;26/08/2025 10:07:35;Trator John Deere Série 6J - 6166;1;2025;ALUNO DA MANHÃ;CALAGEM;UNIMAR ADUBAÇÃO;Adubação - Erro do Sensor - Porta Esquerda
POINT (-49.977032709348975 -22.24694681189138);1756213654.8;26/08/2025 10:07:35;Trator John Deere Série 6J - 6166;1;2025;ALUNO DA MANHÃ;CALAGEM;UNIMAR ADUBAÇÃO;Adubação - Erro do Sensor - Porta Direita
POINT (-49.977032709348975 -22.24694681189138);1756213654.8;26/08/2025 10:07:35;Trator John Deere Série 6J - 6166;1;2025;ALUNO DA MANHÃ;CALAGEM;UNIMAR ADUBAÇÃO;Adubação - Erro de Controle - Porta Direita
POINT (-49.977032709348975 -22.24694681189138);1756213654.8;26/08/2025 10:07:35;Trator John Deere Série 6J - 6166;1;2025;ALUNO DA MANHÃ;CALAGEM;UNIMAR ADUBAÇÃO;Adubação - Erro de Controle - Porta Esquerda
POINT (-49.97710166666667 -22.246979999999986);1756213644.8;26/08/2025 10:07:25;Trator John Deere Série 6J - 6166;2147483647;2025;ALUNO DA MANHÃ;;;Adubação - Erro do Sensor - Porta Esquerda
POINT (-49.97710166666667 -22.246979999999986);1756213644.8;26/08/2025 10:07:25;Trator John Deere Série 6J - 6166;2147483647;2025;ALUNO DA MANHÃ;;;Adubação - Erro de Controle - Porta Esquerda
POINT (-49.97710166666667 -22.246979999999986);1756213644.8;26/08/2025 10:07:25;Trator John Deere Série 6J - 6166;2147483647;2025;ALUNO DA MANHÃ;;;Adubação - Erro de Controle - Porta Direita
POINT (-49.97710166666667 -22.246979999999986);1756213644.8;26/08/2025 10:07:25;Trator John Deere Série 6J - 6166;2147483647;2025;ALUNO DA MANHÃ;;;Adubação - Erro do Sensor - Porta Direita
POINT (-49.977032709348975 -22.24694681189138);1756213644.8;26/08/2025 10:07:25;Trator John Deere Série 6J - 6166;2147483647;2025;ALUNO DA MANHÃ;;;Adubação - Erro do Sensor - Porta Esquerda
POINT (-49.977032709348975 -22.24694681189138);1756213644.8;26/08/2025 10:07:25;Trator John Deere Série 6J - 6166;2147483647;2025;ALUNO DA MANHÃ;;;Adubação - Erro do Sensor - Porta Direita
POINT (-49.977032709348975 -22.24694681189138);1756213644.8;26/08/2025 10:07:25;Trator John Deere Série 6J - 6166;2147483647;2025;ALUNO DA MANHÃ;;;Adubação - Erro de Controle - Porta Direita
POINT (-49.977032709348975 -22.24694681189138);1756213644.8;26/08/2025 10:07:25;Trator John Deere Série 6J - 6166;2147483647;2025;ALUNO DA MANHÃ;;;Adubação - Erro de Controle - Porta Esquerda
POINT (-49.97837166666665 -22.247649999999986);1756213201.3;26/08/2025 10:00:01;Trator John Deere Série 6J - 6166;1;2025;ALUNO DA MANHÃ;CALAGEM;UNIMAR ADUBAÇÃO;Adubação - Erro do Sensor - Porta Esquerda
POINT (-49.97837166666665 -22.247649999999986);1756213201.3;26/08/2025 10:00:01;Trator John Deere Série 6J - 6166;1;2025;ALUNO DA MANHÃ;CALAGEM;UNIMAR ADUBAÇÃO;Adubação - Erro de Controle - Porta Esquerda
POINT (-49.97837166666665 -22.247649999999986);1756213201.3;26/08/2025 10:00:01;Trator John Deere Série 6J - 6166;1;2025;ALUNO DA MANHÃ;CALAGEM;UNIMAR ADUBAÇÃO;Adubação - Erro de Controle - Porta Direita
POINT (-49.97837166666665 -22.247649999999986);1756213201.3;26/08/2025 10:00:01;Trator John Deere Série 6J - 6166;1;2025;ALUNO DA MANHÃ;CALAGEM;UNIMAR ADUBAÇÃO;Adubação - Erro do Sensor - Porta Direita
POINT (-49.97843248366113 -22.247694910449194);1756213201.3;26/08/2025 10:00:01;Trator John Deere Série 6J - 6166;1;2025;ALUNO DA MANHÃ;CALAGEM;UNIMAR ADUBAÇÃO;Adubação - Erro do Sensor - Porta Esquerda
POINT (-49.97843248366113 -22.247694910449194);1756213201.3;26/08/2025 10:00:01;Trator John Deere Série 6J - 6166;1;2025;ALUNO DA MANHÃ;CALAGEM;UNIMAR ADUBAÇÃO;Adubação - Erro do Sensor - Porta Direita
POINT (-49.97843248366113 -22.247694910449194);1756213201.3;26/08/2025 10:00:01;Trator John Deere Série 6J - 6166;1;2025;ALUNO DA MANHÃ;CALAGEM;UNIMAR ADUBAÇÃO;Adubação - Erro de Controle - Porta Direita
POINT (-49.97843248366113 -22.247694910449194);1756213201.3;26/08/2025 10:00:01;Trator John Deere Série 6J - 6166;1;2025;ALUNO DA MANHÃ;CALAGEM;UNIMAR ADUBAÇÃO;Adubação - Erro de Controle - Porta Esquerda
POINT (-49.97700166666665 -22.247069999999987);1756211539.6;26/08/2025 09:32:20;Trator John Deere Série 6J - 6166;1;2025;ALUNO DA MANHÃ;CALAGEM;UNIMAR ADUBAÇÃO;Adubação - Erro do Sensor - Porta Esquerda
POINT (-49.97700166666665 -22.247069999999987);1756211539.6;26/08/2025 09:32:20;Trator John Deere Série 6J - 6166;1;2025;ALUNO DA MANHÃ;CALAGEM;UNIMAR ADUBAÇÃO;Adubação - Erro de Controle - Porta Esquerda
POINT (-49.97700166666665 -22.247069999999987);1756211539.6;26/08/2025 09:32:20;Trator John Deere Série 6J - 6166;1;2025;ALUNO DA MANHÃ;CALAGEM;UNIMAR ADUBAÇÃO;Adubação - Erro de Controle - Porta Direita
POINT (-49.97700166666665 -22.247069999999987);1756211539.6;26/08/2025 09:32:20;Trator John Deere Série 6J - 6166;1;2025;ALUNO DA MANHÃ;CALAGEM;UNIMAR ADUBAÇÃO;Adubação - Erro do Sensor - Porta Direita
POINT (-49.97698473172532 -22.246999476109792);1756211539.6;26/08/2025 09:32:20;Trator John Deere Série 6J - 6166;1;2025;ALUNO DA MANHÃ;CALAGEM;UNIMAR ADUBAÇÃO;Adubação - Erro do Sensor - Porta Esquerda
POINT (-49.97698473172532 -22.246999476109792);1756211539.6;26/08/2025 09:32:20;Trator John Deere Série 6J - 6166;1;2025;ALUNO DA MANHÃ;CALAGEM;UNIMAR ADUBAÇÃO;Adubação - Erro do Sensor - Porta Direita
POINT (-49.97698473172532 -22.246999476109792);1756211539.6;26/08/2025 09:32:20;Trator John Deere Série 6J - 6166;1;2025;ALUNO DA MANHÃ;CALAGEM;UNIMAR ADUBAÇÃO;Adubação - Erro de Controle - Porta Direita
POINT (-49.97698473172532 -22.246999476109792);1756211539.6;26/08/2025 09:32:20;Trator John Deere Série 6J - 6166;1;2025;ALUNO DA MANHÃ;CALAGEM;UNIMAR ADUBAÇÃO;Adubação - Erro de Controle - Porta Esquerda
POINT (-49.97700166666665 -22.247069999999987);1756211429.3;26/08/2025 09:30:29;Trator John Deere Série 6J - 6166;202511111;2025;ALUNO DA MANHÃ;CALAGEM;UNIMAR ADUBAÇÃO;Adubação - Erro do Sensor - Porta Esquerda
POINT (-49.97700166666665 -22.247069999999987);1756211429.3;26/08/2025 09:30:29;Trator John Deere Série 6J - 6166;202511111;2025;ALUNO DA MANHÃ;CALAGEM;UNIMAR ADUBAÇÃO;Adubação - Erro de Controle - Porta Esquerda
POINT (-49.97700166666665 -22.247069999999987);1756211429.3;26/08/2025 09:30:29;Trator John Deere Série 6J - 6166;202511111;2025;ALUNO DA MANHÃ;CALAGEM;UNIMAR ADUBAÇÃO;Adubação - Erro de Controle - Porta Direita
POINT (-49.97700166666665 -22.247069999999987);1756211429.3;26/08/2025 09:30:29;Trator John Deere Série 6J - 6166;202511111;2025;ALUNO DA MANHÃ;CALAGEM;UNIMAR ADUBAÇÃO;Adubação - Erro do Sensor - Porta Direita
POINT (-49.97698473172532 -22.246999476109792);1756211429.3;26/08/2025 09:30:29;Trator John Deere Série 6J - 6166;202511111;2025;ALUNO DA MANHÃ;CALAGEM;UNIMAR ADUBAÇÃO;Adubação - Erro do Sensor - Porta Esquerda
POINT (-49.97698473172532 -22.246999476109792);1756211429.3;26/08/2025 09:30:29;Trator John Deere Série 6J - 6166;202511111;2025;ALUNO DA MANHÃ;CALAGEM;UNIMAR ADUBAÇÃO;Adubação - Erro do Sensor - Porta Direita
POINT (-49.97698473172532 -22.246999476109792);1756211429.3;26/08/2025 09:30:29;Trator John Deere Série 6J - 6166;202511111;2025;ALUNO DA MANHÃ;CALAGEM;UNIMAR ADUBAÇÃO;Adubação - Erro de Controle - Porta Direita
POINT (-49.97698473172532 -22.246999476109792);1756211429.3;26/08/2025 09:30:29;Trator John Deere Série 6J - 6166;202511111;2025;ALUNO DA MANHÃ;CALAGEM;UNIMAR ADUBAÇÃO;Adubação - Erro de Controle - Porta Esquerda
POINT (-49.975943333333326 -22.24788333333331);1756210206;26/08/2025 09:10:06;Trator John Deere Série 6J - 6166;202511111;2025;ALUNO DA MANHÃ;CALAGEM;UNIMAR ADUBAÇÃO;Adubação - Erro do Sensor - Porta Esquerda
POINT (-49.975943333333326 -22.24788333333331);1756210206;26/08/2025 09:10:06;Trator John Deere Série 6J - 6166;202511111;2025;ALUNO DA MANHÃ;CALAGEM;UNIMAR ADUBAÇÃO;Adubação - Erro de Controle - Porta Esquerda
POINT (-49.975943333333326 -22.24788333333331);1756210206;26/08/2025 09:10:06;Trator John Deere Série 6J - 6166;202511111;2025;ALUNO DA MANHÃ;CALAGEM;UNIMAR ADUBAÇÃO;Adubação - Erro de Controle - Porta Direita
POINT (-49.975943333333326 -22.24788333333331);1756210206;26/08/2025 09:10:06;Trator John Deere Série 6J - 6166;202511111;2025;ALUNO DA MANHÃ;CALAGEM;UNIMAR ADUBAÇÃO;Adubação - Erro do Sensor - Porta Direita
POINT (-49.9758791450723 -22.24792397513809);1756210206;26/08/2025 09:10:06;Trator John Deere Série 6J - 6166;202511111;2025;ALUNO DA MANHÃ;CALAGEM;UNIMAR ADUBAÇÃO;Adubação - Erro do Sensor - Porta Esquerda
POINT (-49.9758791450723 -22.24792397513809);1756210206;26/08/2025 09:10:06;Trator John Deere Série 6J - 6166;202511111;2025;ALUNO DA MANHÃ;CALAGEM;UNIMAR ADUBAÇÃO;Adubação - Erro do Sensor - Porta Direita
POINT (-49.9758791450723 -22.24792397513809);1756210206;26/08/2025 09:10:06;Trator John Deere Série 6J - 6166;202511111;2025;ALUNO DA MANHÃ;CALAGEM;UNIMAR ADUBAÇÃO;Adubação - Erro de Controle - Porta Direita
POINT (-49.9758791450723 -22.24792397513809);1756210206;26/08/2025 09:10:06;Trator John Deere Série 6J - 6166;202511111;2025;ALUNO DA MANHÃ;CALAGEM;UNIMAR ADUBAÇÃO;Adubação - Erro de Controle - Porta Esquerda
POINT (-49.97568166666666 -22.248211666666645);1756155426.2;25/08/2025 17:57:06;Trator John Deere Série 6J - 6166;202511111;2025;ALUNO DA MANHÃ;CALAGEM;UNIMAR ADUBAÇÃO;Adubação - Erro do Sensor - Porta Esquerda
POINT (-49.97568166666666 -22.248211666666645);1756155426.2;25/08/2025 17:57:06;Trator John Deere Série 6J - 6166;202511111;2025;ALUNO DA MANHÃ;CALAGEM;UNIMAR ADUBAÇÃO;Adubação - Erro de Controle - Porta Esquerda
POINT (-49.97568166666666 -22.248211666666645);1756155426.2;25/08/2025 17:57:06;Trator John Deere Série 6J - 6166;202511111;2025;ALUNO DA MANHÃ;CALAGEM;UNIMAR ADUBAÇÃO;Adubação - Erro de Controle - Porta Direita
POINT (-49.97568166666666 -22.248211666666645);1756155426.2;25/08/2025 17:57:06;Trator John Deere Série 6J - 6166;202511111;2025;ALUNO DA MANHÃ;CALAGEM;UNIMAR ADUBAÇÃO;Adubação - Erro do Sensor - Porta Direita
POINT (-49.97571253765225 -22.248145362151725);1756155426.2;25/08/2025 17:57:06;Trator John Deere Série 6J - 6166;202511111;2025;ALUNO DA MANHÃ;CALAGEM;UNIMAR ADUBAÇÃO;Adubação - Erro do Sensor - Porta Esquerda
POINT (-49.97571253765225 -22.248145362151725);1756155426.2;25/08/2025 17:57:06;Trator John Deere Série 6J - 6166;202511111;2025;ALUNO DA MANHÃ;CALAGEM;UNIMAR ADUBAÇÃO;Adubação - Erro do Sensor - Porta Direita
POINT (-49.97571253765225 -22.248145362151725);1756155426.2;25/08/2025 17:57:06;Trator John Deere Série 6J - 6166;202511111;2025;ALUNO DA MANHÃ;CALAGEM;UNIMAR ADUBAÇÃO;Adubação - Erro de Controle - Porta Direita
POINT (-49.97571253765225 -22.248145362151725);1756155426.2;25/08/2025 17:57:06;Trator John Deere Série 6J - 6166;202511111;2025;ALUNO DA MANHÃ;CALAGEM;UNIMAR ADUBAÇÃO;Adubação - Erro de Controle - Porta Esquerda
POINT (-49.97561999999999 -22.248256666666652);1756155408.1;25/08/2025 17:56:48;Trator John Deere Série 6J - 6166;202511111;2025;ALUNO DA MANHÃ;CALAGEM;UNIMAR ADUBAÇÃO;Adubação - Erro do Sensor - Porta Esquerda
POINT (-49.97561999999999 -22.248256666666652);1756155408.1;25/08/2025 17:56:48;Trator John Deere Série 6J - 6166;202511111;2025;ALUNO DA MANHÃ;CALAGEM;UNIMAR ADUBAÇÃO;Adubação - Erro de Controle - Porta Esquerda
POINT (-49.97561999999999 -22.248256666666652);1756155408.1;25/08/2025 17:56:48;Trator John Deere Série 6J - 6166;202511111;2025;ALUNO DA MANHÃ;CALAGEM;UNIMAR ADUBAÇÃO;Adubação - Erro de Controle - Porta Direita
POINT (-49.97561999999999 -22.248256666666652);1756155408.1;25/08/2025 17:56:48;Trator John Deere Série 6J - 6166;202511111;2025;ALUNO DA MANHÃ;CALAGEM;UNIMAR ADUBAÇÃO;Adubação - Erro do Sensor - Porta Direita
POINT (-49.97563252624865 -22.248185349260943);1756155408.1;25/08/2025 17:56:48;Trator John Deere Série 6J - 6166;202511111;2025;ALUNO DA MANHÃ;CALAGEM;UNIMAR ADUBAÇÃO;Adubação - Erro do Sensor - Porta Esquerda
POINT (-49.97563252624865 -22.248185349260943);1756155408.1;25/08/2025 17:56:48;Trator John Deere Série 6J - 6166;202511111;2025;ALUNO DA MANHÃ;CALAGEM;UNIMAR ADUBAÇÃO;Adubação - Erro do Sensor - Porta Direita
POINT (-49.97563252624865 -22.248185349260943);1756155408.1;25/08/2025 17:56:48;Trator John Deere Série 6J - 6166;202511111;2025;ALUNO DA MANHÃ;CALAGEM;UNIMAR ADUBAÇÃO;Adubação - Erro de Controle - Porta Direita
POINT (-49.97563252624865 -22.248185349260943);1756155408.1;25/08/2025 17:56:48;Trator John Deere Série 6J - 6166;202511111;2025;ALUNO DA MANHÃ;CALAGEM;UNIMAR ADUBAÇÃO;Adubação - Erro de Controle - Porta Esquerda
POINT (-49.97561833333333 -22.248258333333318);1756155406.1;25/08/2025 17:56:46;Trator John Deere Série 6J - 6166;202511111;2025;ALUNO DA MANHÃ;CALAGEM;UNIMAR ADUBAÇÃO;Adubação - Erro do Sensor - Porta Esquerda
POINT (-49.97561833333333 -22.248258333333318);1756155406.1;25/08/2025 17:56:46;Trator John Deere Série 6J - 6166;202511111;2025;ALUNO DA MANHÃ;CALAGEM;UNIMAR ADUBAÇÃO;Adubação - Erro de Controle - Porta Esquerda
POINT (-49.97561833333333 -22.248258333333318);1756155406.1;25/08/2025 17:56:46;Trator John Deere Série 6J - 6166;202511111;2025;ALUNO DA MANHÃ;CALAGEM;UNIMAR ADUBAÇÃO;Adubação - Erro de Controle - Porta Direita
POINT (-49.97561833333333 -22.248258333333318);1756155406.1;25/08/2025 17:56:46;Trator John Deere Série 6J - 6166;202511111;2025;ALUNO DA MANHÃ;CALAGEM;UNIMAR ADUBAÇÃO;Adubação - Erro do Sensor - Porta Direita
POINT (-49.97565975509285 -22.248319450607564);1756155406.1;25/08/2025 17:56:46;Trator John Deere Série 6J - 6166;202511111;2025;ALUNO DA MANHÃ;CALAGEM;UNIMAR ADUBAÇÃO;Adubação - Erro do Sensor - Porta Esquerda
POINT (-49.97565975509285 -22.248319450607564);1756155406.1;25/08/2025 17:56:46;Trator John Deere Série 6J - 6166;202511111;2025;ALUNO DA MANHÃ;CALAGEM;UNIMAR ADUBAÇÃO;Adubação - Erro do Sensor - Porta Direita
POINT (-49.97565975509285 -22.248319450607564);1756155406.1;25/08/2025 17:56:46;Trator John Deere Série 6J - 6166;202511111;2025;ALUNO DA MANHÃ;CALAGEM;UNIMAR ADUBAÇÃO;Adubação - Erro de Controle - Porta Direita
POINT (-49.97565975509285 -22.248319450607564);1756155406.1;25/08/2025 17:56:46;Trator John Deere Série 6J - 6166;202511111;2025;ALUNO DA MANHÃ;CALAGEM;UNIMAR ADUBAÇÃO;Adubação - Erro de Controle - Porta Esquerda
POINT (-49.97563999999999 -22.24825833333331);1756155394.1;25/08/2025 17:56:34;Trator John Deere Série 6J - 6166;202511111;2025;ALUNO DA MANHÃ;CALAGEM;UNIMAR ADUBAÇÃO;Adubação - Erro do Sensor - Porta Esquerda
POINT (-49.97563999999999 -22.24825833333331);1756155394.1;25/08/2025 17:56:34;Trator John Deere Série 6J - 6166;202511111;2025;ALUNO DA MANHÃ;CALAGEM;UNIMAR ADUBAÇÃO;Adubação - Erro de Controle - Porta Esquerda
POINT (-49.97563999999999 -22.24825833333331);1756155394.1;25/08/2025 17:56:34;Trator John Deere Série 6J - 6166;202511111;2025;ALUNO DA MANHÃ;CALAGEM;UNIMAR ADUBAÇÃO;Adubação - Erro de Controle - Porta Direita
POINT (-49.97563999999999 -22.24825833333331);1756155394.1;25/08/2025 17:56:34;Trator John Deere Série 6J - 6166;202511111;2025;ALUNO DA MANHÃ;CALAGEM;UNIMAR ADUBAÇÃO;Adubação - Erro do Sensor - Porta Direita
POINT (-49.97566497881444 -22.248326754502603);1756155394.1;25/08/2025 17:56:34;Trator John Deere Série 6J - 6166;202511111;2025;ALUNO DA MANHÃ;CALAGEM;UNIMAR ADUBAÇÃO;Adubação - Erro do Sensor - Porta Esquerda
POINT (-49.97566497881444 -22.248326754502603);1756155394.1;25/08/2025 17:56:34;Trator John Deere Série 6J - 6166;202511111;2025;ALUNO DA MANHÃ;CALAGEM;UNIMAR ADUBAÇÃO;Adubação - Erro do Sensor - Porta Direita
POINT (-49.97566497881444 -22.248326754502603);1756155394.1;25/08/2025 17:56:34;Trator John Deere Série 6J - 6166;202511111;2025;ALUNO DA MANHÃ;CALAGEM;UNIMAR ADUBAÇÃO;Adubação - Erro de Controle - Porta Direita
POINT (-49.97566497881444 -22.248326754502603);1756155394.1;25/08/2025 17:56:34;Trator John Deere Série 6J - 6166;202511111;2025;ALUNO DA MANHÃ;CALAGEM;UNIMAR ADUBAÇÃO;Adubação - Erro de Controle - Porta Esquerda
POINT (-49.97561833333333 -22.248184999999985);1756155180.5;25/08/2025 17:53:00;Trator John Deere Série 6J - 6166;202511111;2025;ALUNO DA MANHÃ;CALAGEM;UNIMAR ADUBAÇÃO;Adubação - Erro do Sensor - Porta Esquerda
POINT (-49.97561833333333 -22.248184999999985);1756155180.5;25/08/2025 17:53:00;Trator John Deere Série 6J - 6166;202511111;2025;ALUNO DA MANHÃ;CALAGEM;UNIMAR ADUBAÇÃO;Adubação - Erro de Controle - Porta Esquerda
POINT (-49.97561833333333 -22.248184999999985);1756155180.5;25/08/2025 17:53:00;Trator John Deere Série 6J - 6166;202511111;2025;ALUNO DA MANHÃ;CALAGEM;UNIMAR ADUBAÇÃO;Adubação - Erro de Controle - Porta Direita
POINT (-49.97561833333333 -22.248184999999985);1756155180.5;25/08/2025 17:53:00;Trator John Deere Série 6J - 6166;202511111;2025;ALUNO DA MANHÃ;CALAGEM;UNIMAR ADUBAÇÃO;Adubação - Erro do Sensor - Porta Direita
POINT (-49.97562716004912 -22.2481132042641);1756155180.5;25/08/2025 17:53:00;Trator John Deere Série 6J - 6166;202511111;2025;ALUNO DA MANHÃ;CALAGEM;UNIMAR ADUBAÇÃO;Adubação - Erro do Sensor - Porta Esquerda
POINT (-49.97562716004912 -22.2481132042641);1756155180.5;25/08/2025 17:53:00;Trator John Deere Série 6J - 6166;202511111;2025;ALUNO DA MANHÃ;CALAGEM;UNIMAR ADUBAÇÃO;Adubação - Erro do Sensor - Porta Direita
POINT (-49.97562716004912 -22.2481132042641);1756155180.5;25/08/2025 17:53:00;Trator John Deere Série 6J - 6166;202511111;2025;ALUNO DA MANHÃ;CALAGEM;UNIMAR ADUBAÇÃO;Adubação - Erro de Controle - Porta Direita
POINT (-49.97562716004912 -22.2481132042641);1756155180.5;25/08/2025 17:53:00;Trator John Deere Série 6J - 6166;202511111;2025;ALUNO DA MANHÃ;CALAGEM;UNIMAR ADUBAÇÃO;Adubação - Erro de Controle - Porta Esquerda
POINT (-49.97561333333333 -22.248199999999983);1756155142;25/08/2025 17:52:22;Trator John Deere Série 6J - 6166;202511111;2025;ALUNO DA MANHÃ;CALAGEM;UNIMAR ADUBAÇÃO;Adubação - Erro do Sensor - Porta Esquerda
POINT (-49.97561333333333 -22.248199999999983);1756155142;25/08/2025 17:52:22;Trator John Deere Série 6J - 6166;202511111;2025;ALUNO DA MANHÃ;CALAGEM;UNIMAR ADUBAÇÃO;Adubação - Erro de Controle - Porta Esquerda
POINT (-49.97561333333333 -22.248199999999983);1756155142;25/08/2025 17:52:22;Trator John Deere Série 6J - 6166;202511111;2025;ALUNO DA MANHÃ;CALAGEM;UNIMAR ADUBAÇÃO;Adubação - Erro de Controle - Porta Direita
POINT (-49.97561333333333 -22.248199999999983);1756155142;25/08/2025 17:52:22;Trator John Deere Série 6J - 6166;202511111;2025;ALUNO DA MANHÃ;CALAGEM;UNIMAR ADUBAÇÃO;Adubação - Erro do Sensor - Porta Direita
POINT (-49.9755962667834 -22.24812950361691);1756155142;25/08/2025 17:52:22;Trator John Deere Série 6J - 6166;202511111;2025;ALUNO DA MANHÃ;CALAGEM;UNIMAR ADUBAÇÃO;Adubação - Erro do Sensor - Porta Esquerda
POINT (-49.9755962667834 -22.24812950361691);1756155142;25/08/2025 17:52:22;Trator John Deere Série 6J - 6166;202511111;2025;ALUNO DA MANHÃ;CALAGEM;UNIMAR ADUBAÇÃO;Adubação - Erro do Sensor - Porta Direita
POINT (-49.9755962667834 -22.24812950361691);1756155142;25/08/2025 17:52:22;Trator John Deere Série 6J - 6166;202511111;2025;ALUNO DA MANHÃ;CALAGEM;UNIMAR ADUBAÇÃO;Adubação - Erro de Controle - Porta Direita
POINT (-49.9755962667834 -22.24812950361691);1756155142;25/08/2025 17:52:22;Trator John Deere Série 6J - 6166;202511111;2025;ALUNO DA MANHÃ;CALAGEM;UNIMAR ADUBAÇÃO;Adubação - Erro de Controle - Porta Esquerda
POINT (-49.97561333333333 -22.248199999999983);1756155138.9;25/08/2025 17:52:19;Trator John Deere Série 6J - 6166;202511111;2025;ALUNO DA MANHÃ;CALAGEM;UNIMAR ADUBAÇÃO;Adubação - Erro do Sensor - Porta Esquerda
POINT (-49.97561333333333 -22.248199999999983);1756155138.9;25/08/2025 17:52:19;Trator John Deere Série 6J - 6166;202511111;2025;ALUNO DA MANHÃ;CALAGEM;UNIMAR ADUBAÇÃO;Adubação - Erro de Controle - Porta Esquerda
POINT (-49.97561333333333 -22.248199999999983);1756155138.9;25/08/2025 17:52:19;Trator John Deere Série 6J - 6166;202511111;2025;ALUNO DA MANHÃ;CALAGEM;UNIMAR ADUBAÇÃO;Adubação - Erro de Controle - Porta Direita
POINT (-49.97561333333333 -22.248199999999983);1756155138.9;25/08/2025 17:52:19;Trator John Deere Série 6J - 6166;202511111;2025;ALUNO DA MANHÃ;CALAGEM;UNIMAR ADUBAÇÃO;Adubação - Erro do Sensor - Porta Direita
POINT (-49.9756040786837 -22.248271749024052);1756155138.9;25/08/2025 17:52:19;Trator John Deere Série 6J - 6166;202511111;2025;ALUNO DA MANHÃ;CALAGEM;UNIMAR ADUBAÇÃO;Adubação - Erro do Sensor - Porta Esquerda
POINT (-49.9756040786837 -22.248271749024052);1756155138.9;25/08/2025 17:52:19;Trator John Deere Série 6J - 6166;202511111;2025;ALUNO DA MANHÃ;CALAGEM;UNIMAR ADUBAÇÃO;Adubação - Erro do Sensor - Porta Direita
POINT (-49.9756040786837 -22.248271749024052);1756155138.9;25/08/2025 17:52:19;Trator John Deere Série 6J - 6166;202511111;2025;ALUNO DA MANHÃ;CALAGEM;UNIMAR ADUBAÇÃO;Adubação - Erro de Controle - Porta Direita
POINT (-49.9756040786837 -22.248271749024052);1756155138.9;25/08/2025 17:52:19;Trator John Deere Série 6J - 6166;202511111;2025;ALUNO DA MANHÃ;CALAGEM;UNIMAR ADUBAÇÃO;Adubação - Erro de Controle - Porta Esquerda
POINT (-49.97561333333333 -22.248199999999983);1756155110.4;25/08/2025 17:51:50;Trator John Deere Série 6J - 6166;202511111;2025;ALUNO DA MANHÃ;CALAGEM;UNIMAR ADUBAÇÃO;Adubação - Erro do Sensor - Porta Esquerda
POINT (-49.97561333333333 -22.248199999999983);1756155110.4;25/08/2025 17:51:50;Trator John Deere Série 6J - 6166;202511111;2025;ALUNO DA MANHÃ;CALAGEM;UNIMAR ADUBAÇÃO;Adubação - Erro de Controle - Porta Esquerda
POINT (-49.97561333333333 -22.248199999999983);1756155110.4;25/08/2025 17:51:50;Trator John Deere Série 6J - 6166;202511111;2025;ALUNO DA MANHÃ;CALAGEM;UNIMAR ADUBAÇÃO;Adubação - Erro de Controle - Porta Direita
POINT (-49.97561333333333 -22.248199999999983);1756155110.4;25/08/2025 17:51:50;Trator John Deere Série 6J - 6166;202511111;2025;ALUNO DA MANHÃ;CALAGEM;UNIMAR ADUBAÇÃO;Adubação - Erro do Sensor - Porta Direita
POINT (-49.975593202110396 -22.248130207792965);1756155110.4;25/08/2025 17:51:50;Trator John Deere Série 6J - 6166;202511111;2025;ALUNO DA MANHÃ;CALAGEM;UNIMAR ADUBAÇÃO;Adubação - Erro do Sensor - Porta Esquerda
POINT (-49.975593202110396 -22.248130207792965);1756155110.4;25/08/2025 17:51:50;Trator John Deere Série 6J - 6166;202511111;2025;ALUNO DA MANHÃ;CALAGEM;UNIMAR ADUBAÇÃO;Adubação - Erro do Sensor - Porta Direita
POINT (-49.975593202110396 -22.248130207792965);1756155110.4;25/08/2025 17:51:50;Trator John Deere Série 6J - 6166;202511111;2025;ALUNO DA MANHÃ;CALAGEM;UNIMAR ADUBAÇÃO;Adubação - Erro de Controle - Porta Direita
POINT (-49.975593202110396 -22.248130207792965);1756155110.4;25/08/2025 17:51:50;Trator John Deere Série 6J - 6166;202511111;2025;ALUNO DA MANHÃ;CALAGEM;UNIMAR ADUBAÇÃO;Adubação - Erro de Controle - Porta Esquerda
POINT (-49.97561333333333 -22.24819833333332);1756155100.1;25/08/2025 17:51:40;Trator John Deere Série 6J - 6166;202511111;2025;ALUNO DA MANHÃ;CALAGEM;UNIMAR ADUBAÇÃO;Adubação - Erro do Sensor - Porta Esquerda
POINT (-49.97561333333333 -22.24819833333332);1756155100.1;25/08/2025 17:51:40;Trator John Deere Série 6J - 6166;202511111;2025;ALUNO DA MANHÃ;CALAGEM;UNIMAR ADUBAÇÃO;Adubação - Erro de Controle - Porta Esquerda
POINT (-49.97561333333333 -22.24819833333332);1756155100.1;25/08/2025 17:51:40;Trator John Deere Série 6J - 6166;202511111;2025;ALUNO DA MANHÃ;CALAGEM;UNIMAR ADUBAÇÃO;Adubação - Erro de Controle - Porta Direita
POINT (-49.97561333333333 -22.24819833333332);1756155100.1;25/08/2025 17:51:40;Trator John Deere Série 6J - 6166;202511111;2025;ALUNO DA MANHÃ;CALAGEM;UNIMAR ADUBAÇÃO;Adubação - Erro do Sensor - Porta Direita
POINT (-49.97561387407589 -22.248270595974205);1756155100.1;25/08/2025 17:51:40;Trator John Deere Série 6J - 6166;202511111;2025;ALUNO DA MANHÃ;CALAGEM;UNIMAR ADUBAÇÃO;Adubação - Erro do Sensor - Porta Esquerda
POINT (-49.97561387407589 -22.248270595974205);1756155100.1;25/08/2025 17:51:40;Trator John Deere Série 6J - 6166;202511111;2025;ALUNO DA MANHÃ;CALAGEM;UNIMAR ADUBAÇÃO;Adubação - Erro do Sensor - Porta Direita
POINT (-49.97561387407589 -22.248270595974205);1756155100.1;25/08/2025 17:51:40;Trator John Deere Série 6J - 6166;202511111;2025;ALUNO DA MANHÃ;CALAGEM;UNIMAR ADUBAÇÃO;Adubação - Erro de Controle - Porta Direita
POINT (-49.97561387407589 -22.248270595974205);1756155100.1;25/08/2025 17:51:40;Trator John Deere Série 6J - 6166;202511111;2025;ALUNO DA MANHÃ;CALAGEM;UNIMAR ADUBAÇÃO;Adubação - Erro de Controle - Porta Esquerda
POINT (-49.97561333333333 -22.248199999999983);1756155090.1;25/08/2025 17:51:30;Trator John Deere Série 6J - 6166;202511111;2025;ALUNO DA MANHÃ;CALAGEM;UNIMAR ADUBAÇÃO;Adubação - Erro do Sensor - Porta Esquerda
POINT (-49.97561333333333 -22.248199999999983);1756155090.1;25/08/2025 17:51:30;Trator John Deere Série 6J - 6166;202511111;2025;ALUNO DA MANHÃ;CALAGEM;UNIMAR ADUBAÇÃO;Adubação - Erro de Controle - Porta Esquerda
POINT (-49.97561333333333 -22.248199999999983);1756155090.1;25/08/2025 17:51:30;Trator John Deere Série 6J - 6166;202511111;2025;ALUNO DA MANHÃ;CALAGEM;UNIMAR ADUBAÇÃO;Adubação - Erro de Controle - Porta Direita
POINT (-49.97561333333333 -22.248199999999983);1756155090.1;25/08/2025 17:51:30;Trator John Deere Série 6J - 6166;202511111;2025;ALUNO DA MANHÃ;CALAGEM;UNIMAR ADUBAÇÃO;Adubação - Erro do Sensor - Porta Direita
POINT (-49.975631762088916 -22.248129801425392);1756155090.1;25/08/2025 17:51:30;Trator John Deere Série 6J - 6166;202511111;2025;ALUNO DA MANHÃ;CALAGEM;UNIMAR ADUBAÇÃO;Adubação - Erro do Sensor - Porta Esquerda
POINT (-49.975631762088916 -22.248129801425392);1756155090.1;25/08/2025 17:51:30;Trator John Deere Série 6J - 6166;202511111;2025;ALUNO DA MANHÃ;CALAGEM;UNIMAR ADUBAÇÃO;Adubação - Erro do Sensor - Porta Direita
POINT (-49.975631762088916 -22.248129801425392);1756155090.1;25/08/2025 17:51:30;Trator John Deere Série 6J - 6166;202511111;2025;ALUNO DA MANHÃ;CALAGEM;UNIMAR ADUBAÇÃO;Adubação - Erro de Controle - Porta Direita
POINT (-49.975631762088916 -22.248129801425392);1756155090.1;25/08/2025 17:51:30;Trator John Deere Série 6J - 6166;202511111;2025;ALUNO DA MANHÃ;CALAGEM;UNIMAR ADUBAÇÃO;Adubação - Erro de Controle - Porta Esquerda
POINT (-49.97561333333333 -22.248199999999983);1756155081.4;25/08/2025 17:51:21;Trator John Deere Série 6J - 6166;202511111;2025;ALUNO DA MANHÃ;CALAGEM;UNIMAR ADUBAÇÃO;Adubação - Erro do Sensor - Porta Esquerda
POINT (-49.97561333333333 -22.248199999999983);1756155081.4;25/08/2025 17:51:21;Trator John Deere Série 6J - 6166;202511111;2025;ALUNO DA MANHÃ;CALAGEM;UNIMAR ADUBAÇÃO;Adubação - Erro de Controle - Porta Esquerda
POINT (-49.97561333333333 -22.248199999999983);1756155081.4;25/08/2025 17:51:21;Trator John Deere Série 6J - 6166;202511111;2025;ALUNO DA MANHÃ;CALAGEM;UNIMAR ADUBAÇÃO;Adubação - Erro de Controle - Porta Direita
POINT (-49.97561333333333 -22.248199999999983);1756155081.4;25/08/2025 17:51:21;Trator John Deere Série 6J - 6166;202511111;2025;ALUNO DA MANHÃ;CALAGEM;UNIMAR ADUBAÇÃO;Adubação - Erro do Sensor - Porta Direita
POINT (-49.975544517601456 -22.24816655719336);1756155081.4;25/08/2025 17:51:21;Trator John Deere Série 6J - 6166;202511111;2025;ALUNO DA MANHÃ;CALAGEM;UNIMAR ADUBAÇÃO;Adubação - Erro do Sensor - Porta Esquerda
POINT (-49.975544517601456 -22.24816655719336);1756155081.4;25/08/2025 17:51:21;Trator John Deere Série 6J - 6166;202511111;2025;ALUNO DA MANHÃ;CALAGEM;UNIMAR ADUBAÇÃO;Adubação - Erro do Sensor - Porta Direita
POINT (-49.975544517601456 -22.24816655719336);1756155081.4;25/08/2025 17:51:21;Trator John Deere Série 6J - 6166;202511111;2025;ALUNO DA MANHÃ;CALAGEM;UNIMAR ADUBAÇÃO;Adubação - Erro de Controle - Porta Direita
POINT (-49.975544517601456 -22.24816655719336);1756155081.4;25/08/2025 17:51:21;Trator John Deere Série 6J - 6166;202511111;2025;ALUNO DA MANHÃ;CALAGEM;UNIMAR ADUBAÇÃO;Adubação - Erro de Controle - Porta Esquerda
POINT (-49.97561333333333 -22.24819833333332);1756155073.3;25/08/2025 17:51:13;Trator John Deere Série 6J - 6166;202511111;2025;ALUNO DA MANHÃ;CALAGEM;UNIMAR ADUBAÇÃO;Adubação - Erro do Sensor - Porta Esquerda
POINT (-49.97561333333333 -22.24819833333332);1756155073.3;25/08/2025 17:51:13;Trator John Deere Série 6J - 6166;202511111;2025;ALUNO DA MANHÃ;CALAGEM;UNIMAR ADUBAÇÃO;Adubação - Erro de Controle - Porta Esquerda
POINT (-49.97561333333333 -22.24819833333332);1756155073.3;25/08/2025 17:51:13;Trator John Deere Série 6J - 6166;202511111;2025;ALUNO DA MANHÃ;CALAGEM;UNIMAR ADUBAÇÃO;Adubação - Erro de Controle - Porta Direita
POINT (-49.97561333333333 -22.24819833333332);1756155073.3;25/08/2025 17:51:13;Trator John Deere Série 6J - 6166;202511111;2025;ALUNO DA MANHÃ;CALAGEM;UNIMAR ADUBAÇÃO;Adubação - Erro do Sensor - Porta Direita
POINT (-49.975625182824466 -22.24826975089164);1756155073.3;25/08/2025 17:51:13;Trator John Deere Série 6J - 6166;202511111;2025;ALUNO DA MANHÃ;CALAGEM;UNIMAR ADUBAÇÃO;Adubação - Erro do Sensor - Porta Esquerda
POINT (-49.975625182824466 -22.24826975089164);1756155073.3;25/08/2025 17:51:13;Trator John Deere Série 6J - 6166;202511111;2025;ALUNO DA MANHÃ;CALAGEM;UNIMAR ADUBAÇÃO;Adubação - Erro do Sensor - Porta Direita
POINT (-49.975625182824466 -22.24826975089164);1756155073.3;25/08/2025 17:51:13;Trator John Deere Série 6J - 6166;202511111;2025;ALUNO DA MANHÃ;CALAGEM;UNIMAR ADUBAÇÃO;Adubação - Erro de Controle - Porta Direita
POINT (-49.975625182824466 -22.24826975089164);1756155073.3;25/08/2025 17:51:13;Trator John Deere Série 6J - 6166;202511111;2025;ALUNO DA MANHÃ;CALAGEM;UNIMAR ADUBAÇÃO;Adubação - Erro de Controle - Porta Esquerda
POINT (-49.97563333333333 -22.248209999999975);1756154814.2;25/08/2025 17:46:54;Trator John Deere Série 6J - 6166;202511111;2025;ALUNO DA MANHÃ;CALAGEM;UNIMAR ADUBAÇÃO;Adubação - Erro do Sensor - Porta Esquerda
POINT (-49.97563333333333 -22.248209999999975);1756154814.2;25/08/2025 17:46:54;Trator John Deere Série 6J - 6166;202511111;2025;ALUNO DA MANHÃ;CALAGEM;UNIMAR ADUBAÇÃO;Adubação - Erro de Controle - Porta Esquerda
POINT (-49.97563333333333 -22.248209999999975);1756154814.2;25/08/2025 17:46:54;Trator John Deere Série 6J - 6166;202511111;2025;ALUNO DA MANHÃ;CALAGEM;UNIMAR ADUBAÇÃO;Adubação - Erro de Controle - Porta Direita
POINT (-49.97563333333333 -22.248209999999975);1756154814.2;25/08/2025 17:46:54;Trator John Deere Série 6J - 6166;202511111;2025;ALUNO DA MANHÃ;CALAGEM;UNIMAR ADUBAÇÃO;Adubação - Erro do Sensor - Porta Direita
POINT (-49.975638268374404 -22.248137881778565);1756154814.2;25/08/2025 17:46:54;Trator John Deere Série 6J - 6166;202511111;2025;ALUNO DA MANHÃ;CALAGEM;UNIMAR ADUBAÇÃO;Adubação - Erro do Sensor - Porta Esquerda
POINT (-49.975638268374404 -22.248137881778565);1756154814.2;25/08/2025 17:46:54;Trator John Deere Série 6J - 6166;202511111;2025;ALUNO DA MANHÃ;CALAGEM;UNIMAR ADUBAÇÃO;Adubação - Erro do Sensor - Porta Direita
POINT (-49.975638268374404 -22.248137881778565);1756154814.2;25/08/2025 17:46:54;Trator John Deere Série 6J - 6166;202511111;2025;ALUNO DA MANHÃ;CALAGEM;UNIMAR ADUBAÇÃO;Adubação - Erro de Controle - Porta Direita
POINT (-49.975638268374404 -22.248137881778565);1756154814.2;25/08/2025 17:46:54;Trator John Deere Série 6J - 6166;202511111;2025;ALUNO DA MANHÃ;CALAGEM;UNIMAR ADUBAÇÃO;Adubação - Erro de Controle - Porta Esquerda
POINT (-49.975635 -22.248209999999986);1756154789.2;25/08/2025 17:46:29;Trator John Deere Série 6J - 6166;202511111;2025;ALUNO DA MANHÃ;CALAGEM;UNIMAR ADUBAÇÃO;Adubação - Erro do Sensor - Porta Esquerda
POINT (-49.975635 -22.248209999999986);1756154789.2;25/08/2025 17:46:29;Trator John Deere Série 6J - 6166;202511111;2025;ALUNO DA MANHÃ;CALAGEM;UNIMAR ADUBAÇÃO;Adubação - Erro de Controle - Porta Esquerda
POINT (-49.975635 -22.248209999999986);1756154789.2;25/08/2025 17:46:29;Trator John Deere Série 6J - 6166;202511111;2025;ALUNO DA MANHÃ;CALAGEM;UNIMAR ADUBAÇÃO;Adubação - Erro de Controle - Porta Direita
POINT (-49.975635 -22.248209999999986);1756154789.2;25/08/2025 17:46:29;Trator John Deere Série 6J - 6166;202511111;2025;ALUNO DA MANHÃ;CALAGEM;UNIMAR ADUBAÇÃO;Adubação - Erro do Sensor - Porta Direita
POINT (-49.97570909082424 -22.248231567714015);1756154789.2;25/08/2025 17:46:29;Trator John Deere Série 6J - 6166;202511111;2025;ALUNO DA MANHÃ;CALAGEM;UNIMAR ADUBAÇÃO;Adubação - Erro do Sensor - Porta Esquerda
POINT (-49.97570909082424 -22.248231567714015);1756154789.2;25/08/2025 17:46:29;Trator John Deere Série 6J - 6166;202511111;2025;ALUNO DA MANHÃ;CALAGEM;UNIMAR ADUBAÇÃO;Adubação - Erro do Sensor - Porta Direita
POINT (-49.97570909082424 -22.248231567714015);1756154789.2;25/08/2025 17:46:29;Trator John Deere Série 6J - 6166;202511111;2025;ALUNO DA MANHÃ;CALAGEM;UNIMAR ADUBAÇÃO;Adubação - Erro de Controle - Porta Direita
POINT (-49.97570909082424 -22.248231567714015);1756154789.2;25/08/2025 17:46:29;Trator John Deere Série 6J - 6166;202511111;2025;ALUNO DA MANHÃ;CALAGEM;UNIMAR ADUBAÇÃO;Adubação - Erro de Controle - Porta Esquerda
POINT (-49.97566333333332 -22.24820333333332);1756154764.1;25/08/2025 17:46:04;Trator John Deere Série 6J - 6166;202511111;2025;ALUNO DA MANHÃ;CALAGEM;UNIMAR ADUBAÇÃO;Adubação - Erro do Sensor - Porta Esquerda
POINT (-49.97566333333332 -22.24820333333332);1756154764.1;25/08/2025 17:46:04;Trator John Deere Série 6J - 6166;202511111;2025;ALUNO DA MANHÃ;CALAGEM;UNIMAR ADUBAÇÃO;Adubação - Erro de Controle - Porta Esquerda
POINT (-49.97566333333332 -22.24820333333332);1756154764.1;25/08/2025 17:46:04;Trator John Deere Série 6J - 6166;202511111;2025;ALUNO DA MANHÃ;CALAGEM;UNIMAR ADUBAÇÃO;Adubação - Erro de Controle - Porta Direita
POINT (-49.97566333333332 -22.24820333333332);1756154764.1;25/08/2025 17:46:04;Trator John Deere Série 6J - 6166;202511111;2025;ALUNO DA MANHÃ;CALAGEM;UNIMAR ADUBAÇÃO;Adubação - Erro do Sensor - Porta Direita
POINT (-49.975705554104586 -22.248263974955794);1756154764.1;25/08/2025 17:46:04;Trator John Deere Série 6J - 6166;202511111;2025;ALUNO DA MANHÃ;CALAGEM;UNIMAR ADUBAÇÃO;Adubação - Erro do Sensor - Porta Esquerda
POINT (-49.975705554104586 -22.248263974955794);1756154764.1;25/08/2025 17:46:04;Trator John Deere Série 6J - 6166;202511111;2025;ALUNO DA MANHÃ;CALAGEM;UNIMAR ADUBAÇÃO;Adubação - Erro do Sensor - Porta Direita
POINT (-49.975705554104586 -22.248263974955794);1756154764.1;25/08/2025 17:46:04;Trator John Deere Série 6J - 6166;202511111;2025;ALUNO DA MANHÃ;CALAGEM;UNIMAR ADUBAÇÃO;Adubação - Erro de Controle - Porta Direita
POINT (-49.975705554104586 -22.248263974955794);1756154764.1;25/08/2025 17:46:04;Trator John Deere Série 6J - 6166;202511111;2025;ALUNO DA MANHÃ;CALAGEM;UNIMAR ADUBAÇÃO;Adubação - Erro de Controle - Porta Esquerda
POINT (-49.97566333333332 -22.24820333333332);1756154760.4;25/08/2025 17:46:00;Trator John Deere Série 6J - 6166;202511111;2025;ALUNO DA MANHÃ;CALAGEM;UNIMAR ADUBAÇÃO;Adubação - Erro do Sensor - Porta Esquerda
POINT (-49.97566333333332 -22.24820333333332);1756154760.4;25/08/2025 17:46:00;Trator John Deere Série 6J - 6166;202511111;2025;ALUNO DA MANHÃ;CALAGEM;UNIMAR ADUBAÇÃO;Adubação - Erro de Controle - Porta Esquerda
POINT (-49.97566333333332 -22.24820333333332);1756154760.4;25/08/2025 17:46:00;Trator John Deere Série 6J - 6166;202511111;2025;ALUNO DA MANHÃ;CALAGEM;UNIMAR ADUBAÇÃO;Adubação - Erro de Controle - Porta Direita
POINT (-49.97566333333332 -22.24820333333332);1756154760.4;25/08/2025 17:46:00;Trator John Deere Série 6J - 6166;202511111;2025;ALUNO DA MANHÃ;CALAGEM;UNIMAR ADUBAÇÃO;Adubação - Erro do Sensor - Porta Direita
POINT (-49.97562380316595 -22.24826552670754);1756154760.4;25/08/2025 17:46:00;Trator John Deere Série 6J - 6166;202511111;2025;ALUNO DA MANHÃ;CALAGEM;UNIMAR ADUBAÇÃO;Adubação - Erro do Sensor - Porta Esquerda
POINT (-49.97562380316595 -22.24826552670754);1756154760.4;25/08/2025 17:46:00;Trator John Deere Série 6J - 6166;202511111;2025;ALUNO DA MANHÃ;CALAGEM;UNIMAR ADUBAÇÃO;Adubação - Erro do Sensor - Porta Direita
POINT (-49.97562380316595 -22.24826552670754);1756154760.4;25/08/2025 17:46:00;Trator John Deere Série 6J - 6166;202511111;2025;ALUNO DA MANHÃ;CALAGEM;UNIMAR ADUBAÇÃO;Adubação - Erro de Controle - Porta Direita
POINT (-49.97562380316595 -22.24826552670754);1756154760.4;25/08/2025 17:46:00;Trator John Deere Série 6J - 6166;202511111;2025;ALUNO DA MANHÃ;CALAGEM;UNIMAR ADUBAÇÃO;Adubação - Erro de Controle - Porta Esquerda
POINT (-49.97566333333332 -22.24820333333332);1756154754.1;25/08/2025 17:45:54;Trator John Deere Série 6J - 6166;202511111;2025;ALUNO DA MANHÃ;CALAGEM;UNIMAR ADUBAÇÃO;Adubação - Erro do Sensor - Porta Esquerda
POINT (-49.97566333333332 -22.24820333333332);1756154754.1;25/08/2025 17:45:54;Trator John Deere Série 6J - 6166;202511111;2025;ALUNO DA MANHÃ;CALAGEM;UNIMAR ADUBAÇÃO;Adubação - Erro de Controle - Porta Esquerda
POINT (-49.97566333333332 -22.24820333333332);1756154754.1;25/08/2025 17:45:54;Trator John Deere Série 6J - 6166;202511111;2025;ALUNO DA MANHÃ;CALAGEM;UNIMAR ADUBAÇÃO;Adubação - Erro de Controle - Porta Direita
POINT (-49.97566333333332 -22.24820333333332);1756154754.1;25/08/2025 17:45:54;Trator John Deere Série 6J - 6166;202511111;2025;ALUNO DA MANHÃ;CALAGEM;UNIMAR ADUBAÇÃO;Adubação - Erro do Sensor - Porta Direita
POINT (-49.97572569159975 -22.248246373442026);1756154754.1;25/08/2025 17:45:54;Trator John Deere Série 6J - 6166;202511111;2025;ALUNO DA MANHÃ;CALAGEM;UNIMAR ADUBAÇÃO;Adubação - Erro do Sensor - Porta Esquerda
POINT (-49.97572569159975 -22.248246373442026);1756154754.1;25/08/2025 17:45:54;Trator John Deere Série 6J - 6166;202511111;2025;ALUNO DA MANHÃ;CALAGEM;UNIMAR ADUBAÇÃO;Adubação - Erro do Sensor - Porta Direita
POINT (-49.97572569159975 -22.248246373442026);1756154754.1;25/08/2025 17:45:54;Trator John Deere Série 6J - 6166;202511111;2025;ALUNO DA MANHÃ;CALAGEM;UNIMAR ADUBAÇÃO;Adubação - Erro de Controle - Porta Direita
POINT (-49.97572569159975 -22.248246373442026);1756154754.1;25/08/2025 17:45:54;Trator John Deere Série 6J - 6166;202511111;2025;ALUNO DA MANHÃ;CALAGEM;UNIMAR ADUBAÇÃO;Adubação - Erro de Controle - Porta Esquerda
POINT (-49.97566666666666 -22.248211666666652);1756154734.1;25/08/2025 17:45:34;Trator John Deere Série 6J - 6166;202511111;2025;ALUNO DA MANHÃ;CALAGEM;UNIMAR ADUBAÇÃO;Adubação - Erro do Sensor - Porta Esquerda
POINT (-49.97566666666666 -22.248211666666652);1756154734.1;25/08/2025 17:45:34;Trator John Deere Série 6J - 6166;202511111;2025;ALUNO DA MANHÃ;CALAGEM;UNIMAR ADUBAÇÃO;Adubação - Erro de Controle - Porta Esquerda
POINT (-49.97566666666666 -22.248211666666652);1756154734.1;25/08/2025 17:45:34;Trator John Deere Série 6J - 6166;202511111;2025;ALUNO DA MANHÃ;CALAGEM;UNIMAR ADUBAÇÃO;Adubação - Erro de Controle - Porta Direita
POINT (-49.97566666666666 -22.248211666666652);1756154734.1;25/08/2025 17:45:34;Trator John Deere Série 6J - 6166;202511111;2025;ALUNO DA MANHÃ;CALAGEM;UNIMAR ADUBAÇÃO;Adubação - Erro do Sensor - Porta Direita
POINT (-49.97562850865862 -22.248148735025993);1756154734.1;25/08/2025 17:45:34;Trator John Deere Série 6J - 6166;202511111;2025;ALUNO DA MANHÃ;CALAGEM;UNIMAR ADUBAÇÃO;Adubação - Erro do Sensor - Porta Esquerda
POINT (-49.97562850865862 -22.248148735025993);1756154734.1;25/08/2025 17:45:34;Trator John Deere Série 6J - 6166;202511111;2025;ALUNO DA MANHÃ;CALAGEM;UNIMAR ADUBAÇÃO;Adubação - Erro do Sensor - Porta Direita
POINT (-49.97562850865862 -22.248148735025993);1756154734.1;25/08/2025 17:45:34;Trator John Deere Série 6J - 6166;202511111;2025;ALUNO DA MANHÃ;CALAGEM;UNIMAR ADUBAÇÃO;Adubação - Erro de Controle - Porta Direita
POINT (-49.97562850865862 -22.248148735025993);1756154734.1;25/08/2025 17:45:34;Trator John Deere Série 6J - 6166;202511111;2025;ALUNO DA MANHÃ;CALAGEM;UNIMAR ADUBAÇÃO;Adubação - Erro de Controle - Porta Esquerda
POINT (-49.975624999999994 -22.24821333333332);1756154706.1;25/08/2025 17:45:06;Trator John Deere Série 6J - 6166;202511111;2025;ALUNO DA MANHÃ;CALAGEM;UNIMAR ADUBAÇÃO;Adubação - Erro do Sensor - Porta Esquerda
POINT (-49.975624999999994 -22.24821333333332);1756154706.1;25/08/2025 17:45:06;Trator John Deere Série 6J - 6166;202511111;2025;ALUNO DA MANHÃ;CALAGEM;UNIMAR ADUBAÇÃO;Adubação - Erro de Controle - Porta Esquerda
POINT (-49.975624999999994 -22.24821333333332);1756154706.1;25/08/2025 17:45:06;Trator John Deere Série 6J - 6166;202511111;2025;ALUNO DA MANHÃ;CALAGEM;UNIMAR ADUBAÇÃO;Adubação - Erro de Controle - Porta Direita
POINT (-49.975624999999994 -22.24821333333332);1756154706.1;25/08/2025 17:45:06;Trator John Deere Série 6J - 6166;202511111;2025;ALUNO DA MANHÃ;CALAGEM;UNIMAR ADUBAÇÃO;Adubação - Erro do Sensor - Porta Direita
POINT (-49.9756789169046 -22.24826532376362);1756154706.1;25/08/2025 17:45:06;Trator John Deere Série 6J - 6166;202511111;2025;ALUNO DA MANHÃ;CALAGEM;UNIMAR ADUBAÇÃO;Adubação - Erro do Sensor - Porta Esquerda
POINT (-49.9756789169046 -22.24826532376362);1756154706.1;25/08/2025 17:45:06;Trator John Deere Série 6J - 6166;202511111;2025;ALUNO DA MANHÃ;CALAGEM;UNIMAR ADUBAÇÃO;Adubação - Erro do Sensor - Porta Direita
POINT (-49.9756789169046 -22.24826532376362);1756154706.1;25/08/2025 17:45:06;Trator John Deere Série 6J - 6166;202511111;2025;ALUNO DA MANHÃ;CALAGEM;UNIMAR ADUBAÇÃO;Adubação - Erro de Controle - Porta Direita
POINT (-49.9756789169046 -22.24826532376362);1756154706.1;25/08/2025 17:45:06;Trator John Deere Série 6J - 6166;202511111;2025;ALUNO DA MANHÃ;CALAGEM;UNIMAR ADUBAÇÃO;Adubação - Erro de Controle - Porta Esquerda
POINT (-49.97560499999999 -22.248199999999986);1756154686.1;25/08/2025 17:44:46;Trator John Deere Série 6J - 6166;202511111;2025;ALUNO DA MANHÃ;CALAGEM;UNIMAR ADUBAÇÃO;Adubação - Erro do Sensor - Porta Esquerda
POINT (-49.97560499999999 -22.248199999999986);1756154686.1;25/08/2025 17:44:46;Trator John Deere Série 6J - 6166;202511111;2025;ALUNO DA MANHÃ;CALAGEM;UNIMAR ADUBAÇÃO;Adubação - Erro de Controle - Porta Esquerda
POINT (-49.97560499999999 -22.248199999999986);1756154686.1;25/08/2025 17:44:46;Trator John Deere Série 6J - 6166;202511111;2025;ALUNO DA MANHÃ;CALAGEM;UNIMAR ADUBAÇÃO;Adubação - Erro de Controle - Porta Direita
POINT (-49.97560499999999 -22.248199999999986);1756154686.1;25/08/2025 17:44:46;Trator John Deere Série 6J - 6166;202511111;2025;ALUNO DA MANHÃ;CALAGEM;UNIMAR ADUBAÇÃO;Adubação - Erro do Sensor - Porta Direita
POINT (-49.97556851587206 -22.248136213937965);1756154686.1;25/08/2025 17:44:46;Trator John Deere Série 6J - 6166;202511111;2025;ALUNO DA MANHÃ;CALAGEM;UNIMAR ADUBAÇÃO;Adubação - Erro do Sensor - Porta Esquerda
POINT (-49.97556851587206 -22.248136213937965);1756154686.1;25/08/2025 17:44:46;Trator John Deere Série 6J - 6166;202511111;2025;ALUNO DA MANHÃ;CALAGEM;UNIMAR ADUBAÇÃO;Adubação - Erro do Sensor - Porta Direita
POINT (-49.97556851587206 -22.248136213937965);1756154686.1;25/08/2025 17:44:46;Trator John Deere Série 6J - 6166;202511111;2025;ALUNO DA MANHÃ;CALAGEM;UNIMAR ADUBAÇÃO;Adubação - Erro de Controle - Porta Direita
POINT (-49.97556851587206 -22.248136213937965);1756154686.1;25/08/2025 17:44:46;Trator John Deere Série 6J - 6166;202511111;2025;ALUNO DA MANHÃ;CALAGEM;UNIMAR ADUBAÇÃO;Adubação - Erro de Controle - Porta Esquerda
POINT (-49.97550333333333 -22.248283333333312);1755961586.6;23/08/2025 12:06:27;Trator John Deere Série 6J - 6166;202511111;2025;ALUNO DA MANHÃ;CALAGEM;UNIMAR ADUBAÇÃO;Adubação - Erro do Sensor - Porta Esquerda
POINT (-49.97550333333333 -22.248283333333312);1755961586.6;23/08/2025 12:06:27;Trator John Deere Série 6J - 6166;202511111;2025;ALUNO DA MANHÃ;CALAGEM;UNIMAR ADUBAÇÃO;Adubação - Erro de Controle - Porta Esquerda
POINT (-49.97550333333333 -22.248283333333312);1755961586.6;23/08/2025 12:06:27;Trator John Deere Série 6J - 6166;202511111;2025;ALUNO DA MANHÃ;CALAGEM;UNIMAR ADUBAÇÃO;Adubação - Erro de Controle - Porta Direita
POINT (-49.97550123226146 -22.24835557125117);1755961586.6;23/08/2025 12:06:27;Trator John Deere Série 6J - 6166;202511111;2025;ALUNO DA MANHÃ;CALAGEM;UNIMAR ADUBAÇÃO;Adubação - Erro do Sensor - Porta Esquerda
POINT (-49.97550123226146 -22.24835557125117);1755961586.6;23/08/2025 12:06:27;Trator John Deere Série 6J - 6166;202511111;2025;ALUNO DA MANHÃ;CALAGEM;UNIMAR ADUBAÇÃO;Adubação - Erro de Controle - Porta Direita
POINT (-49.97550123226146 -22.24835557125117);1755961586.6;23/08/2025 12:06:27;Trator John Deere Série 6J - 6166;202511111;2025;ALUNO DA MANHÃ;CALAGEM;UNIMAR ADUBAÇÃO;Adubação - Erro de Controle - Porta Esquerda
POINT (-49.97774999999999 -22.24656333333332);1755961275;23/08/2025 12:01:15;Trator John Deere Série 6J - 6166;202511111;2025;ALUNO DA MANHÃ;CALAGEM;UNIMAR ADUBAÇÃO;Adubação - Erro do Sensor - Porta Esquerda
POINT (-49.97774999999999 -22.24656333333332);1755961275;23/08/2025 12:01:15;Trator John Deere Série 6J - 6166;202511111;2025;ALUNO DA MANHÃ;CALAGEM;UNIMAR ADUBAÇÃO;Adubação - Erro de Controle - Porta Esquerda
POINT (-49.977816236120965 -22.24660101937127);1755961275;23/08/2025 12:01:15;Trator John Deere Série 6J - 6166;202511111;2025;ALUNO DA MANHÃ;CALAGEM;UNIMAR ADUBAÇÃO;Adubação - Erro do Sensor - Porta Esquerda
POINT (-49.977816236120965 -22.24660101937127);1755961275;23/08/2025 12:01:15;Trator John Deere Série 6J - 6166;202511111;2025;ALUNO DA MANHÃ;CALAGEM;UNIMAR ADUBAÇÃO;Adubação - Erro de Controle - Porta Esquerda
POINT (-49.97776666666666 -22.246618333333313);1755961204.9;23/08/2025 12:00:05;Trator John Deere Série 6J - 6166;202511111;2025;ALUNO DA MANHÃ;CALAGEM;UNIMAR ADUBAÇÃO;Adubação - Erro de Controle - Porta Direita
POINT (-49.977745136742755 -22.2465489038379);1755961204.9;23/08/2025 12:00:05;Trator John Deere Série 6J - 6166;202511111;2025;ALUNO DA MANHÃ;CALAGEM;UNIMAR ADUBAÇÃO;Adubação - Erro de Controle - Porta Direita
POINT (-49.97776666666666 -22.246618333333313);1755960742.7;23/08/2025 11:52:23;Trator John Deere Série 6J - 6166;202511111;2025;ALUNO DA MANHÃ;CALAGEM;UNIMAR ADUBAÇÃO;Adubação - Erro de Controle - Porta Direita
POINT (-49.977745136742755 -22.2465489038379);1755960742.7;23/08/2025 11:52:23;Trator John Deere Série 6J - 6166;202511111;2025;ALUNO DA MANHÃ;CALAGEM;UNIMAR ADUBAÇÃO;Adubação - Erro de Controle - Porta Direita
POINT (-49.97767833333332 -22.246728333333316);1755957905.4;23/08/2025 11:05:05;Trator John Deere Série 6J - 6166;202511111;2025;ALUNO DA MANHÃ;CALAGEM;UNIMAR ADUBAÇÃO;Adubação - Erro do Sensor - Porta Esquerda
POINT (-49.97767833333332 -22.246728333333316);1755957905.4;23/08/2025 11:05:05;Trator John Deere Série 6J - 6166;202511111;2025;ALUNO DA MANHÃ;CALAGEM;UNIMAR ADUBAÇÃO;Adubação - Erro de Controle - Porta Esquerda
POINT (-49.97767833333332 -22.246728333333316);1755957905.4;23/08/2025 11:05:05;Trator John Deere Série 6J - 6166;202511111;2025;ALUNO DA MANHÃ;CALAGEM;UNIMAR ADUBAÇÃO;Adubação - Erro de Controle - Porta Direita
POINT (-49.97767833333332 -22.246728333333316);1755957905.4;23/08/2025 11:05:05;Trator John Deere Série 6J - 6166;202511111;2025;ALUNO DA MANHÃ;CALAGEM;UNIMAR ADUBAÇÃO;Adubação - Erro do Sensor - Porta Direita
POINT (-49.977728640421624 -22.24678336962541);1755957905.4;23/08/2025 11:05:05;Trator John Deere Série 6J - 6166;202511111;2025;ALUNO DA MANHÃ;CALAGEM;UNIMAR ADUBAÇÃO;Adubação - Erro do Sensor - Porta Esquerda
POINT (-49.977728640421624 -22.24678336962541);1755957905.4;23/08/2025 11:05:05;Trator John Deere Série 6J - 6166;202511111;2025;ALUNO DA MANHÃ;CALAGEM;UNIMAR ADUBAÇÃO;Adubação - Erro do Sensor - Porta Direita
POINT (-49.977728640421624 -22.24678336962541);1755957905.4;23/08/2025 11:05:05;Trator John Deere Série 6J - 6166;202511111;2025;ALUNO DA MANHÃ;CALAGEM;UNIMAR ADUBAÇÃO;Adubação - Erro de Controle - Porta Direita
POINT (-49.977728640421624 -22.24678336962541);1755957905.4;23/08/2025 11:05:05;Trator John Deere Série 6J - 6166;202511111;2025;ALUNO DA MANHÃ;CALAGEM;UNIMAR ADUBAÇÃO;Adubação - Erro de Controle - Porta Esquerda
POINT (-49.977759999999996 -22.24670333333332);1755957600.7;23/08/2025 11:00:01;Trator John Deere Série 6J - 6166;202511111;2025;ALUNO DA MANHÃ;CALAGEM;UNIMAR ADUBAÇÃO;Adubação - Erro de Controle - Porta Direita
POINT (-49.977759999999996 -22.24670333333332);1755957600.7;23/08/2025 11:00:01;Trator John Deere Série 6J - 6166;202511111;2025;ALUNO DA MANHÃ;CALAGEM;UNIMAR ADUBAÇÃO;Adubação - Erro do Sensor - Porta Direita
POINT (-49.97777075403263 -22.24677490099807);1755957600.7;23/08/2025 11:00:01;Trator John Deere Série 6J - 6166;202511111;2025;ALUNO DA MANHÃ;CALAGEM;UNIMAR ADUBAÇÃO;Adubação - Erro do Sensor - Porta Direita
POINT (-49.97777075403263 -22.24677490099807);1755957600.7;23/08/2025 11:00:01;Trator John Deere Série 6J - 6166;202511111;2025;ALUNO DA MANHÃ;CALAGEM;UNIMAR ADUBAÇÃO;Adubação - Erro de Controle - Porta Direita
POINT (-49.977759999999996 -22.24670333333332);1755955135;23/08/2025 10:18:55;Trator John Deere Série 6J - 6166;202511111;2025;ALUNO DA MANHÃ;CALAGEM;UNIMAR ADUBAÇÃO;Adubação - Erro de Controle - Porta Direita
POINT (-49.977759999999996 -22.24670333333332);1755955135;23/08/2025 10:18:55;Trator John Deere Série 6J - 6166;202511111;2025;ALUNO DA MANHÃ;CALAGEM;UNIMAR ADUBAÇÃO;Adubação - Erro do Sensor - Porta Direita
POINT (-49.97777075403263 -22.24677490099807);1755955135;23/08/2025 10:18:55;Trator John Deere Série 6J - 6166;202511111;2025;ALUNO DA MANHÃ;CALAGEM;UNIMAR ADUBAÇÃO;Adubação - Erro do Sensor - Porta Direita
POINT (-49.97777075403263 -22.24677490099807);1755955135;23/08/2025 10:18:55;Trator John Deere Série 6J - 6166;202511111;2025;ALUNO DA MANHÃ;CALAGEM;UNIMAR ADUBAÇÃO;Adubação - Erro de Controle - Porta Direita
POINT (-49.9765 -22.247301666666658);1755895233.1;22/08/2025 17:40:33;Trator John Deere Série 6J - 6166;202511111;2025;ALUNO DA MANHÃ;CALAGEM;UNIMAR ADUBAÇÃO;Adubação - Erro de Controle - Porta Direita
POINT (-49.97655331535872 -22.247249141699026);1755895233.1;22/08/2025 17:40:33;Trator John Deere Série 6J - 6166;202511111;2025;ALUNO DA MANHÃ;CALAGEM;UNIMAR ADUBAÇÃO;Adubação - Erro de Controle - Porta Direita
POINT (-49.976566666666656 -22.245753333333315);1755893846.7;22/08/2025 17:17:27;Trator John Deere Série 6J - 6166;202511111;2025;ALUNO DA MANHÃ;CALAGEM;UNIMAR ADUBAÇÃO;Adubação - Erro de Controle - Discos
POINT (-49.97657093300854 -22.24582548854727);1755893846.7;22/08/2025 17:17:27;Trator John Deere Série 6J - 6166;202511111;2025;ALUNO DA MANHÃ;CALAGEM;UNIMAR ADUBAÇÃO;Adubação - Erro de Controle - Discos
POINT (-49.97640666666667 -22.246668333333318);1755893453.4;22/08/2025 17:10:53;Trator John Deere Série 6J - 6166;202511111;2025;ALUNO DA MANHÃ;CALAGEM;UNIMAR ADUBAÇÃO;Adubação - Erro de Controle - Discos
POINT (-49.97639287134832 -22.246597219157298);1755893453.4;22/08/2025 17:10:53;Trator John Deere Série 6J - 6166;202511111;2025;ALUNO DA MANHÃ;CALAGEM;UNIMAR ADUBAÇÃO;Adubação - Erro de Controle - Discos
POINT (-49.97640666666667 -22.246668333333318);1755893423.4;22/08/2025 17:10:23;Trator John Deere Série 6J - 6166;2147483647;2025;ALUNO DA MANHÃ;;;Adubação - Erro de Controle - Discos
POINT (-49.97639287134832 -22.246597219157298);1755893423.4;22/08/2025 17:10:23;Trator John Deere Série 6J - 6166;2147483647;2025;ALUNO DA MANHÃ;;;Adubação - Erro de Controle - Discos
POINT (-49.97655499999999 -22.24713833333332);1755892802.4;22/08/2025 17:00:02;Trator John Deere Série 6J - 6166;202511111;2025;ALUNO DA MANHÃ;CALAGEM;UNIMAR ADUBAÇÃO;Adubação - Erro de Controle - Porta Esquerda
POINT (-49.97655499999999 -22.24713833333332);1755892802.4;22/08/2025 17:00:02;Trator John Deere Série 6J - 6166;202511111;2025;ALUNO DA MANHÃ;CALAGEM;UNIMAR ADUBAÇÃO;Adubação - Erro de Controle - Porta Direita
POINT (-49.976544459957296 -22.2470667381096);1755892802.4;22/08/2025 17:00:02;Trator John Deere Série 6J - 6166;202511111;2025;ALUNO DA MANHÃ;CALAGEM;UNIMAR ADUBAÇÃO;Adubação - Erro de Controle - Porta Direita
POINT (-49.976544459957296 -22.2470667381096);1755892802.4;22/08/2025 17:00:02;Trator John Deere Série 6J - 6166;202511111;2025;ALUNO DA MANHÃ;CALAGEM;UNIMAR ADUBAÇÃO;Adubação - Erro de Controle - Porta Esquerda
POINT (-49.97597999999999 -22.247583333333324);1755891605.4;22/08/2025 16:40:05;Trator John Deere Série 6J - 6166;202511111;2025;ALUNO DA MANHÃ;CALAGEM;UNIMAR ADUBAÇÃO;Adubação - Erro de Controle - Porta Direita
POINT (-49.97591110251072 -22.247550037241325);1755891605.4;22/08/2025 16:40:05;Trator John Deere Série 6J - 6166;202511111;2025;ALUNO DA MANHÃ;CALAGEM;UNIMAR ADUBAÇÃO;Adubação - Erro de Controle - Porta Direita
POINT (-49.97597999999999 -22.247583333333324);1755891595.4;22/08/2025 16:39:55;Trator John Deere Série 6J - 6166;202511111;2025;ALUNO DA MANHÃ;CALAGEM;UNIMAR ADUBAÇÃO;Adubação - Erro de Controle - Porta Esquerda
POINT (-49.97591110251072 -22.247550037241325);1755891595.4;22/08/2025 16:39:55;Trator John Deere Série 6J - 6166;202511111;2025;ALUNO DA MANHÃ;CALAGEM;UNIMAR ADUBAÇÃO;Adubação - Erro de Controle - Porta Esquerda
POINT (-49.97597999999999 -22.247583333333324);1755890543.1;22/08/2025 16:22:23;Trator John Deere Série 6J - 6166;202511111;2025;ALUNO DA MANHÃ;CALAGEM;UNIMAR ADUBAÇÃO;Adubação - Erro de Memória - Constante da Esteira
POINT (-49.97591110251072 -22.247550037241325);1755890543.1;22/08/2025 16:22:23;Trator John Deere Série 6J - 6166;202511111;2025;ALUNO DA MANHÃ;CALAGEM;UNIMAR ADUBAÇÃO;Adubação - Erro de Memória - Constante da Esteira
POINT (-49.97565156178745 -22.248092503137276);1755888799.1;22/08/2025 15:53:19;Trator John Deere Série 6J - 6166;202511111;2025;ALUNO DA MANHÃ;CALAGEM;UNIMAR ADUBAÇÃO;Adubação - Erro do Sensor - Porta Esquerda
POINT (-49.97565156178745 -22.248092503137276);1755888799.1;22/08/2025 15:53:19;Trator John Deere Série 6J - 6166;202511111;2025;ALUNO DA MANHÃ;CALAGEM;UNIMAR ADUBAÇÃO;Adubação - Erro de Controle - Porta Esquerda
POINT (-49.97565156178745 -22.248092503137276);1755888799.1;22/08/2025 15:53:19;Trator John Deere Série 6J - 6166;202511111;2025;ALUNO DA MANHÃ;CALAGEM;UNIMAR ADUBAÇÃO;Adubação - Erro de Controle - Porta Direita
POINT (-49.97565156178745 -22.248092503137276);1755888799.1;22/08/2025 15:53:19;Trator John Deere Série 6J - 6166;202511111;2025;ALUNO DA MANHÃ;CALAGEM;UNIMAR ADUBAÇÃO;Adubação - Erro do Sensor - Porta Direita
POINT (-49.97566103867139 -22.248164227019405);1755888799.1;22/08/2025 15:53:19;Trator John Deere Série 6J - 6166;202511111;2025;ALUNO DA MANHÃ;CALAGEM;UNIMAR ADUBAÇÃO;Adubação - Erro do Sensor - Porta Esquerda
POINT (-49.97566103867139 -22.248164227019405);1755888799.1;22/08/2025 15:53:19;Trator John Deere Série 6J - 6166;202511111;2025;ALUNO DA MANHÃ;CALAGEM;UNIMAR ADUBAÇÃO;Adubação - Erro do Sensor - Porta Direita
POINT (-49.97566103867139 -22.248164227019405);1755888799.1;22/08/2025 15:53:19;Trator John Deere Série 6J - 6166;202511111;2025;ALUNO DA MANHÃ;CALAGEM;UNIMAR ADUBAÇÃO;Adubação - Erro de Controle - Porta Direita
POINT (-49.97566103867139 -22.248164227019405);1755888799.1;22/08/2025 15:53:19;Trator John Deere Série 6J - 6166;202511111;2025;ALUNO DA MANHÃ;CALAGEM;UNIMAR ADUBAÇÃO;Adubação - Erro de Controle - Porta Esquerda
POINT (-49.975853542126515 -22.248080304207416);1755887498;22/08/2025 15:31:38;Trator John Deere Série 6J - 6166;202511111;2025;ALUNO DA MANHÃ;CALAGEM;UNIMAR ADUBAÇÃO;Adubação - Erro do Sensor - Porta Esquerda
POINT (-49.975853542126515 -22.248080304207416);1755887498;22/08/2025 15:31:38;Trator John Deere Série 6J - 6166;202511111;2025;ALUNO DA MANHÃ;CALAGEM;UNIMAR ADUBAÇÃO;Adubação - Erro de Controle - Porta Esquerda
POINT (-49.975853542126515 -22.248080304207416);1755887498;22/08/2025 15:31:38;Trator John Deere Série 6J - 6166;202511111;2025;ALUNO DA MANHÃ;CALAGEM;UNIMAR ADUBAÇÃO;Adubação - Erro de Controle - Porta Direita
POINT (-49.975853542126515 -22.248080304207416);1755887498;22/08/2025 15:31:38;Trator John Deere Série 6J - 6166;202511111;2025;ALUNO DA MANHÃ;CALAGEM;UNIMAR ADUBAÇÃO;Adubação - Erro do Sensor - Porta Direita
POINT (-49.97585781162249 -22.248008149185186);1755887498;22/08/2025 15:31:38;Trator John Deere Série 6J - 6166;202511111;2025;ALUNO DA MANHÃ;CALAGEM;UNIMAR ADUBAÇÃO;Adubação - Erro do Sensor - Porta Esquerda
POINT (-49.97585781162249 -22.248008149185186);1755887498;22/08/2025 15:31:38;Trator John Deere Série 6J - 6166;202511111;2025;ALUNO DA MANHÃ;CALAGEM;UNIMAR ADUBAÇÃO;Adubação - Erro do Sensor - Porta Direita
POINT (-49.97585781162249 -22.248008149185186);1755887498;22/08/2025 15:31:38;Trator John Deere Série 6J - 6166;202511111;2025;ALUNO DA MANHÃ;CALAGEM;UNIMAR ADUBAÇÃO;Adubação - Erro de Controle - Porta Direita
POINT (-49.97585781162249 -22.248008149185186);1755887498;22/08/2025 15:31:38;Trator John Deere Série 6J - 6166;202511111;2025;ALUNO DA MANHÃ;CALAGEM;UNIMAR ADUBAÇÃO;Adubação - Erro de Controle - Porta Esquerda
POINT (-49.97565889635228 -22.24819278163527);1757018327.5;04/09/2025 17:38:48;Trator John Deere Série 6J - 6166;5;6842;ALAN TURING;CALAGEM;UNIMAR ADUBAÇÃO;Adubação - Erro de Comunicação com o Display
POINT (-49.98162906804867 -22.254056035425897);1757014724.4;04/09/2025 16:38:44;Trator John Deere Série 6J - 6166;5;6842;ALAN TURING;CALAGEM;UNIMAR ADUBAÇÃO;Adubação - Nível Mínimo da Caçamba de Adubo
POINT (-49.97990231492775 -22.254719110360757);1757014568.5;04/09/2025 16:36:08;Trator John Deere Série 6J - 6166;5;6842;ALAN TURING;CALAGEM;UNIMAR ADUBAÇÃO;Adubação - Nível Mínimo da Caçamba de Adubo
POINT (-49.980510662608374 -22.253556958604317);1757009341.5;04/09/2025 15:09:02;Trator John Deere Série 6J - 6166;5;6842;ALAN TURING;CALAGEM;UNIMAR ADUBAÇÃO;Adubação - Nível Mínimo da Caçamba de Adubo
POINT (-49.98155168869015 -22.252963806869293);1757009232.1;04/09/2025 15:07:12;Trator John Deere Série 6J - 6166;5;6842;ALAN TURING;CALAGEM;UNIMAR ADUBAÇÃO;Adubação - Nível Mínimo da Caçamba de Adubo
POINT (-49.977696796765294 -22.249801029492545);1756997892.7;04/09/2025 11:58:13;Trator John Deere Série 6J - 6166;5;6842;ALAN TURING;CALAGEM;UNIMAR ADUBAÇÃO;Adubação - Nível Mínimo da Caçamba de Adubo
POINT (-49.978687580229526 -22.25012897108395);1756997337;04/09/2025 11:48:57;Trator John Deere Série 6J - 6166;5;6842;ALAN TURING;CALAGEM;UNIMAR ADUBAÇÃO;Adubação - Nível Mínimo da Caçamba de Adubo
POINT (-49.978687580229526 -22.25012897108395);1756996998.5;04/09/2025 11:43:18;Trator John Deere Série 6J - 6166;5;6842;ALAN TURING;CALAGEM;UNIMAR ADUBAÇÃO;Adubação - Chave de Descarga Acionada
POINT (-49.97668028603539 -22.25560784563607);1756996515.7;04/09/2025 11:35:16;Trator John Deere Série 6J - 6166;5;6842;ALAN TURING;CALAGEM;UNIMAR ADUBAÇÃO;Adubação - Nível Mínimo da Caçamba de Adubo
POINT (-49.97778755991626 -22.255167739210897);1756996454;04/09/2025 11:34:14;Trator John Deere Série 6J - 6166;5;6842;ALAN TURING;CALAGEM;UNIMAR ADUBAÇÃO;Adubação - Nível Mínimo da Caçamba de Adubo
POINT (-49.97990305375925 -22.255292054416906);1756995872.4;04/09/2025 11:24:32;Trator John Deere Série 6J - 6166;5;6842;ALAN TURING;CALAGEM;UNIMAR ADUBAÇÃO;Adubação - Nível Mínimo da Caçamba de Adubo
POINT (-49.9650395310341 -22.24100328253879);1756984988.1;04/09/2025 08:23:08;Trator John Deere Série 6J - 6166;5;6842;ALAN TURING;CALAGEM;UNIMAR ADUBAÇÃO;Adubação - Erro de Controle - Porta Esquerda
POINT (-49.9650395310341 -22.24100328253879);1756984988.1;04/09/2025 08:23:08;Trator John Deere Série 6J - 6166;5;6842;ALAN TURING;CALAGEM;UNIMAR ADUBAÇÃO;Adubação - Erro de Controle - Porta Direita
POINT (-49.963379156661446 -22.24503530176333);1756983672.4;04/09/2025 08:01:12;Trator John Deere Série 6J - 6166;5;6842;ALAN TURING;CALAGEM;UNIMAR ADUBAÇÃO;Adubação - Erro de Controle - Porta Esquerda
POINT (-49.963379156661446 -22.24503530176333);1756983672.4;04/09/2025 08:01:12;Trator John Deere Série 6J - 6166;5;6842;ALAN TURING;CALAGEM;UNIMAR ADUBAÇÃO;Adubação - Erro de Controle - Porta Direita
POINT (-49.96406907251726 -22.244372804667215);1756983608.4;04/09/2025 08:00:08;Trator John Deere Série 6J - 6166;5;6842;ALAN TURING;CALAGEM;UNIMAR ADUBAÇÃO;Adubação - Nível Mínimo da Caçamba de Adubo
POINT (-49.964134665785345 -22.244300791469858);1756983603.8;04/09/2025 08:00:04;Trator John Deere Série 6J - 6166;5;6842;ALAN TURING;CALAGEM;UNIMAR ADUBAÇÃO;Adubação - Nível Mínimo da Caçamba de Adubo
POINT (-49.96274231916079 -22.245065382215305);1756983491.9;04/09/2025 07:58:12;Trator John Deere Série 6J - 6166;5;6842;ALAN TURING;CALAGEM;UNIMAR ADUBAÇÃO;Adubação - Nível Mínimo da Caçamba de Adubo
POINT (-49.975318447042504 -22.24826613112464);1756931720.8;03/09/2025 17:35:21;Trator John Deere Série 6J - 6166;5;6842;ALAN TURING;CALAGEM;UNIMAR ADUBAÇÃO;Adubação - Erro de Comunicação com o Display
POINT (-49.96282573458381 -22.244155260733745);1756929296.5;03/09/2025 16:54:56;Trator John Deere Série 6J - 6166;5;6842;ALAN TURING;CALAGEM;UNIMAR ADUBAÇÃO;Adubação - Erro de Controle - Discos
POINT (-49.97106044370781 -22.24395339441206);1756926254.5;03/09/2025 16:04:14;Trator John Deere Série 6J - 6166;5;6842;ALAN TURING;CALAGEM;UNIMAR ADUBAÇÃO;Adubação - Erro de Memória - Ponto de Queda
POINT (-49.97106044370781 -22.24395339441206);1756926004.5;03/09/2025 16:00:04;Trator John Deere Série 6J - 6166;5;6842;ALAN TURING;CALAGEM;UNIMAR ADUBAÇÃO;Adubação - Erro de Controle - Discos
POINT (-49.97106044370781 -22.24395339441206);1756925829.5;03/09/2025 15:57:10;Trator John Deere Série 6J - 6166;5;6842;ALAN TURING;CALAGEM;UNIMAR ADUBAÇÃO;Adubação - Erro de Controle - Discos
POINT (-49.97182108311135 -22.24166708216341);1756922622.5;03/09/2025 15:03:42;Trator John Deere Série 6J - 6166;2;6842;ALAN TURING;GESSAGEM;UNIMAR ADUBAÇÃO;Adubação - Nível Mínimo da Caçamba de Adubo
POINT (-49.983861695812976 -22.248437307977053);1756904989.2;03/09/2025 10:09:49;Trator John Deere Série 6J - 6166;2;6842;ALAN TURING;GESSAGEM;UNIMAR ADUBAÇÃO;Adubação - Nível Mínimo da Caçamba de Adubo
POINT (-49.97825013632092 -22.246670460081116);1756904126.6;03/09/2025 09:55:27;Trator John Deere Série 6J - 6166;2;6842;ALAN TURING;GESSAGEM;UNIMAR ADUBAÇÃO;Adubação - Nível Mínimo da Caçamba de Adubo
POINT (-49.978599151183076 -22.2461381338112);1756899036.3;03/09/2025 08:30:36;Trator John Deere Série 6J - 6166;2;6842;ALAN TURING;GESSAGEM;UNIMAR ADUBAÇÃO;Adubação - Erro de Controle - Porta Esquerda
POINT (-49.979184423422005 -22.246839331615288);1756898983.7;03/09/2025 08:29:44;Trator John Deere Série 6J - 6166;2;6842;ALAN TURING;GESSAGEM;UNIMAR ADUBAÇÃO;Adubação - Erro de Controle - Porta Esquerda
POINT (-49.97862908976032 -22.246454565213394);1756898642.7;03/09/2025 08:24:03;Trator John Deere Série 6J - 6166;2;6842;ALAN TURING;GESSAGEM;UNIMAR ADUBAÇÃO;Adubação - Erro do Sensor - Porta Esquerda
POINT (-49.97862908976032 -22.246454565213394);1756898642.7;03/09/2025 08:24:03;Trator John Deere Série 6J - 6166;2;6842;ALAN TURING;GESSAGEM;UNIMAR ADUBAÇÃO;Adubação - Erro de Controle - Porta Esquerda
POINT (-49.97862908976032 -22.246454565213394);1756898642.7;03/09/2025 08:24:03;Trator John Deere Série 6J - 6166;2;6842;ALAN TURING;GESSAGEM;UNIMAR ADUBAÇÃO;Adubação - Erro de Controle - Porta Direita
POINT (-49.97862908976032 -22.246454565213394);1756898642.7;03/09/2025 08:24:03;Trator John Deere Série 6J - 6166;2;6842;ALAN TURING;GESSAGEM;UNIMAR ADUBAÇÃO;Adubação - Erro do Sensor - Porta Direita
POINT (-49.978551187237336 -22.24638343403422);1756898637.7;03/09/2025 08:23:58;Trator John Deere Série 6J - 6166;2;6842;ALAN TURING;GESSAGEM;UNIMAR ADUBAÇÃO;Adubação - Limite Máximo dos Discos
POINT (-49.97848570649778 -22.246267623438666);1756898631.2;03/09/2025 08:23:51;Trator John Deere Série 6J - 6166;2;6842;ALAN TURING;GESSAGEM;UNIMAR ADUBAÇÃO;Adubação - Erro de Controle - Discos
POINT (-49.97848570649778 -22.246267623438666);1756898631.2;03/09/2025 08:23:51;Trator John Deere Série 6J - 6166;2;6842;ALAN TURING;GESSAGEM;UNIMAR ADUBAÇÃO;Adubação - Erro do Sensor - Porta Esquerda
POINT (-49.97848570649778 -22.246267623438666);1756898631.2;03/09/2025 08:23:51;Trator John Deere Série 6J - 6166;2;6842;ALAN TURING;GESSAGEM;UNIMAR ADUBAÇÃO;Adubação - Erro de Controle - Porta Esquerda
POINT (-49.97848570649778 -22.246267623438666);1756898631.2;03/09/2025 08:23:51;Trator John Deere Série 6J - 6166;2;6842;ALAN TURING;GESSAGEM;UNIMAR ADUBAÇÃO;Adubação - Erro de Controle - Porta Direita
POINT (-49.97848570649778 -22.246267623438666);1756898631.2;03/09/2025 08:23:51;Trator John Deere Série 6J - 6166;2;6842;ALAN TURING;GESSAGEM;UNIMAR ADUBAÇÃO;Adubação - Erro do Sensor - Porta Direita
POINT (-49.97772622817806 -22.246546769873618);1756898580.7;03/09/2025 08:23:01;Trator John Deere Série 6J - 6166;2;6842;ALAN TURING;GESSAGEM;UNIMAR ADUBAÇÃO;Adubação - Erro do Sensor - Discos
POINT (-49.97763821639185 -22.24658250859089);1756898575.7;03/09/2025 08:22:56;Trator John Deere Série 6J - 6166;2;6842;ALAN TURING;GESSAGEM;UNIMAR ADUBAÇÃO;Adubação - Erro do Sensor - Porta Esquerda
POINT (-49.97763821639185 -22.24658250859089);1756898575.7;03/09/2025 08:22:56;Trator John Deere Série 6J - 6166;2;6842;ALAN TURING;GESSAGEM;UNIMAR ADUBAÇÃO;Adubação - Erro de Controle - Porta Esquerda
POINT (-49.97763821639185 -22.24658250859089);1756898575.7;03/09/2025 08:22:56;Trator John Deere Série 6J - 6166;2;6842;ALAN TURING;GESSAGEM;UNIMAR ADUBAÇÃO;Adubação - Erro de Controle - Porta Direita
POINT (-49.97763821639185 -22.24658250859089);1756898575.7;03/09/2025 08:22:56;Trator John Deere Série 6J - 6166;2;6842;ALAN TURING;GESSAGEM;UNIMAR ADUBAÇÃO;Adubação - Erro do Sensor - Porta Direita
POINT (-49.9764525439441 -22.248958596978603);1756845567.9;02/09/2025 17:39:28;Trator John Deere Série 6J - 6166;2;6842;ALAN TURING;GESSAGEM;UNIMAR ADUBAÇÃO;Adubação - Erro de Comunicação com o Display
POINT (-49.98198406181485 -22.24665411102875);1756836562.3;02/09/2025 15:09:22;Trator John Deere Série 6J - 6166;2;6842;ALAN TURING;GESSAGEM;UNIMAR ADUBAÇÃO;Adubação - Dose Mínima
POINT (-49.98192001536906 -22.246651332172863);1756836420.1;02/09/2025 15:07:00;Trator John Deere Série 6J - 6166;2;6842;ALAN TURING;GESSAGEM;UNIMAR ADUBAÇÃO;Adubação - Erro de Memória - Faixa de Aplicação
POINT (-49.98192001536906 -22.246651332172863);1756836420.1;02/09/2025 15:07:00;Trator John Deere Série 6J - 6166;2;6842;ALAN TURING;GESSAGEM;UNIMAR ADUBAÇÃO;Adubação - Erro de Memória - Constante da Esteira
POINT (-49.98192001536906 -22.246651332172863);1756836420.1;02/09/2025 15:07:00;Trator John Deere Série 6J - 6166;2;6842;ALAN TURING;GESSAGEM;UNIMAR ADUBAÇÃO;Adubação - Erro de Memória - Densidade
POINT (-49.98203572883703 -22.246610573876474);1756836410.1;02/09/2025 15:06:50;Trator John Deere Série 6J - 6166;2;6842;ALAN TURING;GESSAGEM;UNIMAR ADUBAÇÃO;Adubação - Erro de Memória - Ponto de Queda
POINT (-49.98203572883703 -22.246610573876474);1756836180.1;02/09/2025 15:03:00;Trator John Deere Série 6J - 6166;2;6842;ALAN TURING;GESSAGEM;UNIMAR ADUBAÇÃO;Adubação - Erro de Memória - Ponto de Queda
POINT (-49.98203572883703 -22.246610573876474);1756836020.1;02/09/2025 15:00:20;Trator John Deere Série 6J - 6166;2;6842;ALAN TURING;GESSAGEM;UNIMAR ADUBAÇÃO;Adubação - Erro de Controle - Discos
POINT (-49.98203572883703 -22.246610573876474);1756836005.1;02/09/2025 15:00:05;Trator John Deere Série 6J - 6166;2147483647;6842;ALAN TURING;;;Adubação - Erro de Controle - Discos
POINT (-49.98203572883703 -22.246610573876474);1756836000.1;02/09/2025 15:00:00;Trator John Deere Série 6J - 6166;2;6842;ALAN TURING;GESSAGEM;UNIMAR ADUBAÇÃO;Adubação - Erro de Controle - Discos
POINT (-49.98192001536906 -22.246651332172863);1756835565.1;02/09/2025 14:52:45;Trator John Deere Série 6J - 6166;2;6842;ALAN TURING;GESSAGEM;UNIMAR ADUBAÇÃO;Adubação - Erro de Controle - Discos
POINT (-49.974548914701224 -22.241006279827253);1756817105.6;02/09/2025 09:45:06;Trator John Deere Série 6J - 6166;1;6842;ALAN TURING;CALAGEM;UNIMAR ADUBAÇÃO;Adubação - Erro de Controle - Porta Esquerda
POINT (-49.97866540854118 -22.250322244632645);1756815367.2;02/09/2025 09:16:07;Trator John Deere Série 6J - 6166;1;6842;ALAN TURING;CALAGEM;UNIMAR ADUBAÇÃO;Adubação - Erro do Sensor - Porta Esquerda
POINT (-49.97866540854118 -22.250322244632645);1756815367.2;02/09/2025 09:16:07;Trator John Deere Série 6J - 6166;1;6842;ALAN TURING;CALAGEM;UNIMAR ADUBAÇÃO;Adubação - Erro de Controle - Porta Esquerda
POINT (-49.97866540854118 -22.250322244632645);1756815367.2;02/09/2025 09:16:07;Trator John Deere Série 6J - 6166;1;6842;ALAN TURING;CALAGEM;UNIMAR ADUBAÇÃO;Adubação - Erro de Controle - Porta Direita
POINT (-49.97866540854118 -22.250322244632645);1756815367.2;02/09/2025 09:16:07;Trator John Deere Série 6J - 6166;1;6842;ALAN TURING;CALAGEM;UNIMAR ADUBAÇÃO;Adubação - Erro do Sensor - Porta Direita
POINT (-49.97866540854118 -22.250322244632645);1756815212;02/09/2025 09:13:32;Trator John Deere Série 6J - 6166;2147483647;6842;ALAN TURING;;;Adubação - Erro do Sensor - Porta Esquerda
POINT (-49.97866540854118 -22.250322244632645);1756815212;02/09/2025 09:13:32;Trator John Deere Série 6J - 6166;2147483647;6842;ALAN TURING;;;Adubação - Erro de Controle - Porta Esquerda
POINT (-49.97866540854118 -22.250322244632645);1756815212;02/09/2025 09:13:32;Trator John Deere Série 6J - 6166;2147483647;6842;ALAN TURING;;;Adubação - Erro de Controle - Porta Direita
POINT (-49.97866540854118 -22.250322244632645);1756815212;02/09/2025 09:13:32;Trator John Deere Série 6J - 6166;2147483647;6842;ALAN TURING;;;Adubação - Erro do Sensor - Porta Direita
POINT (-49.975975066248594 -22.248317602530303);1756814867;02/09/2025 09:07:47;Trator John Deere Série 6J - 6166;2147483647;6842;ALAN TURING;;;Telemetria - Sinal GPS Inválido
POINT (-49.975531666666654 -22.248193333333315);1756759779.2;01/09/2025 17:49:39;Trator John Deere Série 6J - 6166;2147483647;6842;ALAN TURING;;;Adubação - Erro de Comunicação com o Display
POINT (-49.97560024961346 -22.248227188014546);1756759779.2;01/09/2025 17:49:39;Trator John Deere Série 6J - 6166;2147483647;6842;ALAN TURING;;;Adubação - Erro de Comunicação com o Display
POINT (-49.975531666666654 -22.248193333333315);1756759765.1;01/09/2025 17:49:25;Trator John Deere Série 6J - 6166;2147483647;6842;ALAN TURING;;;Adubação - Erro do Sensor - Porta Esquerda
POINT (-49.975531666666654 -22.248193333333315);1756759765.1;01/09/2025 17:49:25;Trator John Deere Série 6J - 6166;2147483647;6842;ALAN TURING;;;Adubação - Erro de Controle - Porta Esquerda
POINT (-49.975531666666654 -22.248193333333315);1756759765.1;01/09/2025 17:49:25;Trator John Deere Série 6J - 6166;2147483647;6842;ALAN TURING;;;Adubação - Erro de Controle - Porta Direita
POINT (-49.975531666666654 -22.248193333333315);1756759765.1;01/09/2025 17:49:25;Trator John Deere Série 6J - 6166;2147483647;6842;ALAN TURING;;;Adubação - Erro do Sensor - Porta Direita
POINT (-49.97560024961346 -22.248227188014546);1756759765.1;01/09/2025 17:49:25;Trator John Deere Série 6J - 6166;2147483647;6842;ALAN TURING;;;Adubação - Erro do Sensor - Porta Esquerda
POINT (-49.97560024961346 -22.248227188014546);1756759765.1;01/09/2025 17:49:25;Trator John Deere Série 6J - 6166;2147483647;6842;ALAN TURING;;;Adubação - Erro de Controle - Porta Esquerda
POINT (-49.97560024961346 -22.248227188014546);1756759765.1;01/09/2025 17:49:25;Trator John Deere Série 6J - 6166;2147483647;6842;ALAN TURING;;;Adubação - Erro de Controle - Porta Direita
POINT (-49.97560024961346 -22.248227188014546);1756759765.1;01/09/2025 17:49:25;Trator John Deere Série 6J - 6166;2147483647;6842;ALAN TURING;;;Adubação - Erro do Sensor - Porta Direita
POINT (-49.976786666666655 -22.247621666666657);1756759061.9;01/09/2025 17:37:42;Trator John Deere Série 6J - 6166;2147483647;6842;ALAN TURING;;;Adubação - Erro do Sensor - Porta Esquerda
POINT (-49.976786666666655 -22.247621666666657);1756759061.9;01/09/2025 17:37:42;Trator John Deere Série 6J - 6166;2147483647;6842;ALAN TURING;;;Adubação - Erro de Controle - Porta Esquerda
POINT (-49.976786666666655 -22.247621666666657);1756759061.9;01/09/2025 17:37:42;Trator John Deere Série 6J - 6166;2147483647;6842;ALAN TURING;;;Adubação - Erro de Controle - Porta Direita
POINT (-49.976786666666655 -22.247621666666657);1756759061.9;01/09/2025 17:37:42;Trator John Deere Série 6J - 6166;2147483647;6842;ALAN TURING;;;Adubação - Erro do Sensor - Porta Direita
POINT (-49.97683557946254 -22.247677781738865);1756759061.9;01/09/2025 17:37:42;Trator John Deere Série 6J - 6166;2147483647;6842;ALAN TURING;;;Adubação - Erro do Sensor - Porta Esquerda
POINT (-49.97683557946254 -22.247677781738865);1756759061.9;01/09/2025 17:37:42;Trator John Deere Série 6J - 6166;2147483647;6842;ALAN TURING;;;Adubação - Erro de Controle - Porta Esquerda
POINT (-49.97683557946254 -22.247677781738865);1756759061.9;01/09/2025 17:37:42;Trator John Deere Série 6J - 6166;2147483647;6842;ALAN TURING;;;Adubação - Erro de Controle - Porta Direita
POINT (-49.97683557946254 -22.247677781738865);1756759061.9;01/09/2025 17:37:42;Trator John Deere Série 6J - 6166;2147483647;6842;ALAN TURING;;;Adubação - Erro do Sensor - Porta Direita
POINT (-49.98343 -22.24895666666665);1756758301.4;01/09/2025 17:25:01;Trator John Deere Série 6J - 6166;3;6842;ALAN TURING;CALAGEM;UNIMAR ADUBAÇÃO;Adubação - Erro do Sensor - Porta Esquerda
POINT (-49.98343 -22.24895666666665);1756758301.4;01/09/2025 17:25:01;Trator John Deere Série 6J - 6166;3;6842;ALAN TURING;CALAGEM;UNIMAR ADUBAÇÃO;Adubação - Erro de Controle - Porta Esquerda
POINT (-49.98343 -22.24895666666665);1756758301.4;01/09/2025 17:25:01;Trator John Deere Série 6J - 6166;3;6842;ALAN TURING;CALAGEM;UNIMAR ADUBAÇÃO;Adubação - Erro de Controle - Porta Direita
POINT (-49.98343 -22.24895666666665);1756758301.4;01/09/2025 17:25:01;Trator John Deere Série 6J - 6166;3;6842;ALAN TURING;CALAGEM;UNIMAR ADUBAÇÃO;Adubação - Erro do Sensor - Porta Direita
POINT (-49.98347591186224 -22.249014937997295);1756758301.4;01/09/2025 17:25:01;Trator John Deere Série 6J - 6166;3;6842;ALAN TURING;CALAGEM;UNIMAR ADUBAÇÃO;Adubação - Erro do Sensor - Porta Esquerda
POINT (-49.98347591186224 -22.249014937997295);1756758301.4;01/09/2025 17:25:01;Trator John Deere Série 6J - 6166;3;6842;ALAN TURING;CALAGEM;UNIMAR ADUBAÇÃO;Adubação - Erro de Controle - Porta Esquerda
POINT (-49.98347591186224 -22.249014937997295);1756758301.4;01/09/2025 17:25:01;Trator John Deere Série 6J - 6166;3;6842;ALAN TURING;CALAGEM;UNIMAR ADUBAÇÃO;Adubação - Erro de Controle - Porta Direita
POINT (-49.98347591186224 -22.249014937997295);1756758301.4;01/09/2025 17:25:01;Trator John Deere Série 6J - 6166;3;6842;ALAN TURING;CALAGEM;UNIMAR ADUBAÇÃO;Adubação - Erro do Sensor - Porta Direita
POINT (-49.97840333333333 -22.248276666666644);1756757216.4;01/09/2025 17:06:56;Trator John Deere Série 6J - 6166;3;6842;ALAN TURING;CALAGEM;UNIMAR ADUBAÇÃO;Adubação - Erro de Controle - Discos
POINT (-49.97844777862533 -22.248335914872932);1756757216.4;01/09/2025 17:06:56;Trator John Deere Série 6J - 6166;3;6842;ALAN TURING;CALAGEM;UNIMAR ADUBAÇÃO;Adubação - Erro de Controle - Discos
POINT (-49.98020333333333 -22.248121666666652);1756748528.7;01/09/2025 14:42:09;Trator John Deere Série 6J - 6166;1;6842;ALAN TURING;CALAGEM;UNIMAR ADUBAÇÃO;Adubação - Erro de Controle - Discos
POINT (-49.98026155098228 -22.248169469402395);1756748528.7;01/09/2025 14:42:09;Trator John Deere Série 6J - 6166;1;6842;ALAN TURING;CALAGEM;UNIMAR ADUBAÇÃO;Adubação - Erro de Controle - Discos
POINT (-49.97823999999999 -22.246413333333315);1756746658.7;01/09/2025 14:10:59;Trator John Deere Série 6J - 6166;1;6842;ALAN TURING;CALAGEM;UNIMAR ADUBAÇÃO;Adubação - Nível Mínimo da Caçamba de Adubo
POINT (-49.978202144878345 -22.246350243556705);1756746658.7;01/09/2025 14:10:59;Trator John Deere Série 6J - 6166;1;6842;ALAN TURING;CALAGEM;UNIMAR ADUBAÇÃO;Adubação - Nível Mínimo da Caçamba de Adubo
POINT (-49.98085333333333 -22.248711666666654);1756740578.3;01/09/2025 12:29:38;Trator John Deere Série 6J - 6166;1;6842;ALAN TURING;CALAGEM;UNIMAR ADUBAÇÃO;Adubação - Erro de Controle - Discos
POINT (-49.98077586747205 -22.248716352807367);1756740578.3;01/09/2025 12:29:38;Trator John Deere Série 6J - 6166;1;6842;ALAN TURING;CALAGEM;UNIMAR ADUBAÇÃO;Adubação - Erro de Controle - Discos
POINT (-49.982568333333326 -22.247094999999984);1756739497.6;01/09/2025 12:11:38;Trator John Deere Série 6J - 6166;1;6842;ALAN TURING;CALAGEM;UNIMAR ADUBAÇÃO;Adubação - Erro de Controle - Porta Esquerda
POINT (-49.98264560002139 -22.24710196795655);1756739497.6;01/09/2025 12:11:38;Trator John Deere Série 6J - 6166;1;6842;ALAN TURING;CALAGEM;UNIMAR ADUBAÇÃO;Adubação - Erro de Controle - Porta Esquerda
POINT (-49.98010166666666 -22.24756499999998);1756738343.8;01/09/2025 11:52:24;Trator John Deere Série 6J - 6166;1;6842;ALAN TURING;CALAGEM;UNIMAR ADUBAÇÃO;Adubação - Erro de Comunicação com o Display
POINT (-49.9800267120963 -22.247546196460597);1756738343.8;01/09/2025 11:52:24;Trator John Deere Série 6J - 6166;1;6842;ALAN TURING;CALAGEM;UNIMAR ADUBAÇÃO;Adubação - Erro de Comunicação com o Display
POINT (-49.98032166666666 -22.24798499999998);1756737580.6;01/09/2025 11:39:41;Trator John Deere Série 6J - 6166;1;6842;ALAN TURING;CALAGEM;UNIMAR ADUBAÇÃO;Adubação - Erro de Controle - Discos
POINT (-49.98039580292654 -22.248006431940464);1756737580.6;01/09/2025 11:39:41;Trator John Deere Série 6J - 6166;1;6842;ALAN TURING;CALAGEM;UNIMAR ADUBAÇÃO;Adubação - Erro de Controle - Discos
POINT (-49.98211499999999 -22.246583333333323);1756735950.4;01/09/2025 11:12:30;Trator John Deere Série 6J - 6166;1;6842;ALAN TURING;CALAGEM;UNIMAR ADUBAÇÃO;Adubação - Erro de Controle - Discos
POINT (-49.982087566006136 -22.246515731942452);1756735950.4;01/09/2025 11:12:30;Trator John Deere Série 6J - 6166;1;6842;ALAN TURING;CALAGEM;UNIMAR ADUBAÇÃO;Adubação - Erro de Controle - Discos
POINT (-49.98050666666665 -22.245539999999984);1756734933.5;01/09/2025 10:55:34;Trator John Deere Série 6J - 6166;1;6842;ALAN TURING;CALAGEM;UNIMAR ADUBAÇÃO;Adubação - Dose Mínima
POINT (-49.98058353625418 -22.245550073484523);1756734933.5;01/09/2025 10:55:34;Trator John Deere Série 6J - 6166;1;6842;ALAN TURING;CALAGEM;UNIMAR ADUBAÇÃO;Adubação - Dose Mínima
POINT (-49.98036166666666 -22.246754999999975);1756734448.2;01/09/2025 10:47:28;Trator John Deere Série 6J - 6166;1;6842;ALAN TURING;CALAGEM;UNIMAR ADUBAÇÃO;Adubação - Dose Mínima
POINT (-49.980292703029356 -22.246721823332702);1756734448.2;01/09/2025 10:47:28;Trator John Deere Série 6J - 6166;1;6842;ALAN TURING;CALAGEM;UNIMAR ADUBAÇÃO;Adubação - Dose Mínima
POINT (-49.980326666666656 -22.246661666666657);1756734217.6;01/09/2025 10:43:38;Trator John Deere Série 6J - 6166;1;6842;ALAN TURING;CALAGEM;UNIMAR ADUBAÇÃO;Adubação - Dose Mínima
POINT (-49.980260052605466 -22.246624562260923);1756734217.6;01/09/2025 10:43:38;Trator John Deere Série 6J - 6166;1;6842;ALAN TURING;CALAGEM;UNIMAR ADUBAÇÃO;Adubação - Dose Mínima
POINT (-49.980079999999994 -22.24653666666665);1756734205;01/09/2025 10:43:25;Trator John Deere Série 6J - 6166;1;6842;ALAN TURING;CALAGEM;UNIMAR ADUBAÇÃO;Adubação - Dose Mínima
POINT (-49.9800077314789 -22.246510281201385);1756734205;01/09/2025 10:43:25;Trator John Deere Série 6J - 6166;1;6842;ALAN TURING;CALAGEM;UNIMAR ADUBAÇÃO;Adubação - Dose Mínima
POINT (-49.98016333333332 -22.245903333333317);1756733982.4;01/09/2025 10:39:42;Trator John Deere Série 6J - 6166;1;6842;ALAN TURING;CALAGEM;UNIMAR ADUBAÇÃO;Adubação - Dose Mínima
POINT (-49.98021164698724 -22.245959896066868);1756733982.4;01/09/2025 10:39:42;Trator John Deere Série 6J - 6166;1;6842;ALAN TURING;CALAGEM;UNIMAR ADUBAÇÃO;Adubação - Dose Mínima
POINT (-49.97997333333332 -22.245911666666654);1756733852.9;01/09/2025 10:37:33;Trator John Deere Série 6J - 6166;1;6842;ALAN TURING;CALAGEM;UNIMAR ADUBAÇÃO;Adubação - Dose Mínima
POINT (-49.98003422500248 -22.24595648852017);1756733852.9;01/09/2025 10:37:33;Trator John Deere Série 6J - 6166;1;6842;ALAN TURING;CALAGEM;UNIMAR ADUBAÇÃO;Adubação - Dose Mínima
POINT (-49.98046666666666 -22.24640166666665);1756733777.4;01/09/2025 10:36:17;Trator John Deere Série 6J - 6166;1;6842;ALAN TURING;CALAGEM;UNIMAR ADUBAÇÃO;Adubação - Erro de Controle - Esteira
POINT (-49.98039685598254 -22.246370062793712);1756733777.4;01/09/2025 10:36:17;Trator John Deere Série 6J - 6166;1;6842;ALAN TURING;CALAGEM;UNIMAR ADUBAÇÃO;Adubação - Erro de Controle - Esteira
POINT (-49.97997333333332 -22.246146666666657);1756733701.4;01/09/2025 10:35:01;Trator John Deere Série 6J - 6166;1;6842;ALAN TURING;CALAGEM;UNIMAR ADUBAÇÃO;Adubação - Dose Mínima
POINT (-49.98002295160276 -22.24620224211241);1756733701.4;01/09/2025 10:35:01;Trator John Deere Série 6J - 6166;1;6842;ALAN TURING;CALAGEM;UNIMAR ADUBAÇÃO;Adubação - Dose Mínima
POINT (-49.980798333333325 -22.246688333333324);1756733636;01/09/2025 10:33:56;Trator John Deere Série 6J - 6166;1;6842;ALAN TURING;CALAGEM;UNIMAR ADUBAÇÃO;Adubação - Dose Mínima
POINT (-49.98073104040534 -22.24665230608429);1756733636;01/09/2025 10:33:56;Trator John Deere Série 6J - 6166;1;6842;ALAN TURING;CALAGEM;UNIMAR ADUBAÇÃO;Adubação - Dose Mínima
POINT (-49.98055999999999 -22.246594999999985);1756733624.5;01/09/2025 10:33:44;Trator John Deere Série 6J - 6166;1;6842;ALAN TURING;CALAGEM;UNIMAR ADUBAÇÃO;Adubação - Erro de Controle - Esteira
POINT (-49.98048601548383 -22.246573120535277);1756733624.5;01/09/2025 10:33:44;Trator John Deere Série 6J - 6166;1;6842;ALAN TURING;CALAGEM;UNIMAR ADUBAÇÃO;Adubação - Erro de Controle - Esteira
POINT (-49.98004666666667 -22.24633666666665);1756733598.5;01/09/2025 10:33:18;Trator John Deere Série 6J - 6166;1;6842;ALAN TURING;CALAGEM;UNIMAR ADUBAÇÃO;Adubação - Dose Mínima
POINT (-49.979991899349535 -22.24628545286517);1756733598.5;01/09/2025 10:33:18;Trator John Deere Série 6J - 6166;1;6842;ALAN TURING;CALAGEM;UNIMAR ADUBAÇÃO;Adubação - Dose Mínima
POINT (-49.97993499999999 -22.246338333333327);1756733509.2;01/09/2025 10:31:49;Trator John Deere Série 6J - 6166;1;6842;ALAN TURING;CALAGEM;UNIMAR ADUBAÇÃO;Adubação - Dose Mínima
POINT (-49.97998590988721 -22.246392887106882);1756733509.2;01/09/2025 10:31:49;Trator John Deere Série 6J - 6166;1;6842;ALAN TURING;CALAGEM;UNIMAR ADUBAÇÃO;Adubação - Dose Mínima
POINT (-49.98008666666666 -22.24645333333331);1756733500.5;01/09/2025 10:31:40;Trator John Deere Série 6J - 6166;1;6842;ALAN TURING;CALAGEM;UNIMAR ADUBAÇÃO;Adubação - Erro de Controle - Esteira
POINT (-49.98014503660654 -22.246500974135863);1756733500.5;01/09/2025 10:31:40;Trator John Deere Série 6J - 6166;1;6842;ALAN TURING;CALAGEM;UNIMAR ADUBAÇÃO;Adubação - Erro de Controle - Esteira
POINT (-49.980633333333316 -22.24668999999998);1756733473.6;01/09/2025 10:31:14;Trator John Deere Série 6J - 6166;1;6842;ALAN TURING;CALAGEM;UNIMAR ADUBAÇÃO;Adubação - Dose Mínima
POINT (-49.98070481952622 -22.246718172065602);1756733473.6;01/09/2025 10:31:14;Trator John Deere Série 6J - 6166;1;6842;ALAN TURING;CALAGEM;UNIMAR ADUBAÇÃO;Adubação - Dose Mínima
POINT (-49.98084833333333 -22.246679999999987);1756733332.5;01/09/2025 10:28:52;Trator John Deere Série 6J - 6166;1;6842;ALAN TURING;CALAGEM;UNIMAR ADUBAÇÃO;Adubação - Dose Mínima
POINT (-49.980813587829125 -22.246615378235756);1756733332.5;01/09/2025 10:28:52;Trator John Deere Série 6J - 6166;1;6842;ALAN TURING;CALAGEM;UNIMAR ADUBAÇÃO;Adubação - Dose Mínima
POINT (-49.980166666666655 -22.245909999999984);1756733278.5;01/09/2025 10:27:58;Trator John Deere Série 6J - 6166;1;6842;ALAN TURING;CALAGEM;UNIMAR ADUBAÇÃO;Adubação - Dose Mínima
POINT (-49.98009106596688 -22.245893593958883);1756733278.5;01/09/2025 10:27:58;Trator John Deere Série 6J - 6166;1;6842;ALAN TURING;CALAGEM;UNIMAR ADUBAÇÃO;Adubação - Dose Mínima
POINT (-49.980679999999985 -22.246011666666654);1756733174.5;01/09/2025 10:26:14;Trator John Deere Série 6J - 6166;1;6842;ALAN TURING;CALAGEM;UNIMAR ADUBAÇÃO;Adubação - Dose Mínima
POINT (-49.98073257037692 -22.246064838096878);1756733174.5;01/09/2025 10:26:14;Trator John Deere Série 6J - 6166;1;6842;ALAN TURING;CALAGEM;UNIMAR ADUBAÇÃO;Adubação - Dose Mínima
POINT (-49.98083999999999 -22.246411666666656);1756733153.1;01/09/2025 10:25:53;Trator John Deere Série 6J - 6166;1;6842;ALAN TURING;CALAGEM;UNIMAR ADUBAÇÃO;Adubação - Dose Mínima
POINT (-49.98086754867025 -22.24647922759978);1756733153.1;01/09/2025 10:25:53;Trator John Deere Série 6J - 6166;1;6842;ALAN TURING;CALAGEM;UNIMAR ADUBAÇÃO;Adubação - Dose Mínima
POINT (-49.98020833333332 -22.24576999999999);1756733016.6;01/09/2025 10:23:37;Trator John Deere Série 6J - 6166;1;6842;ALAN TURING;CALAGEM;UNIMAR ADUBAÇÃO;Adubação - Dose Mínima
POINT (-49.980131898060556 -22.245757382938613);1756733016.6;01/09/2025 10:23:37;Trator John Deere Série 6J - 6166;1;6842;ALAN TURING;CALAGEM;UNIMAR ADUBAÇÃO;Adubação - Dose Mínima
POINT (-49.98079166666666 -22.245811666666654);1756732913;01/09/2025 10:21:53;Trator John Deere Série 6J - 6166;1;6842;ALAN TURING;CALAGEM;UNIMAR ADUBAÇÃO;Adubação - Erro de Controle - Esteira
POINT (-49.98084421009411 -22.245864861116576);1756732913;01/09/2025 10:21:53;Trator John Deere Série 6J - 6166;1;6842;ALAN TURING;CALAGEM;UNIMAR ADUBAÇÃO;Adubação - Erro de Controle - Esteira
POINT (-49.98095333333332 -22.24598499999999);1756732902;01/09/2025 10:21:42;Trator John Deere Série 6J - 6166;1;6842;ALAN TURING;CALAGEM;UNIMAR ADUBAÇÃO;Adubação - Dose Mínima
POINT (-49.98097192142416 -22.24605516222041);1756732902;01/09/2025 10:21:42;Trator John Deere Série 6J - 6166;1;6842;ALAN TURING;CALAGEM;UNIMAR ADUBAÇÃO;Adubação - Dose Mínima
POINT (-49.98041666666666 -22.245743333333316);1756732675.3;01/09/2025 10:17:55;Trator John Deere Série 6J - 6166;1;6842;ALAN TURING;CALAGEM;UNIMAR ADUBAÇÃO;Adubação - Dose Mínima
POINT (-49.98034179934708 -22.245724234212524);1756732675.3;01/09/2025 10:17:55;Trator John Deere Série 6J - 6166;1;6842;ALAN TURING;CALAGEM;UNIMAR ADUBAÇÃO;Adubação - Dose Mínima
POINT (-49.979914999999984 -22.24567666666665);1756732325.9;01/09/2025 10:12:06;Trator John Deere Série 6J - 6166;1;6842;ALAN TURING;CALAGEM;UNIMAR ADUBAÇÃO;Adubação - Erro de Controle - Discos
POINT (-49.979838653192814 -22.245663593961925);1756732325.9;01/09/2025 10:12:06;Trator John Deere Série 6J - 6166;1;6842;ALAN TURING;CALAGEM;UNIMAR ADUBAÇÃO;Adubação - Erro de Controle - Discos
POINT (-49.97972833333333 -22.245504999999987);1756729120.1;01/09/2025 09:18:40;Trator John Deere Série 6J - 6166;1;6842;ALAN TURING;CALAGEM;UNIMAR ADUBAÇÃO;Adubação - Erro de Controle - Discos
POINT (-49.97980348503774 -22.24552310490685);1756729120.1;01/09/2025 09:18:40;Trator John Deere Série 6J - 6166;1;6842;ALAN TURING;CALAGEM;UNIMAR ADUBAÇÃO;Adubação - Erro de Controle - Discos
POINT (-49.97961999999999 -22.245489999999982);1756729023.9;01/09/2025 09:17:04;Trator John Deere Série 6J - 6166;1;6842;ALAN TURING;CALAGEM;UNIMAR ADUBAÇÃO;Adubação - Erro de Controle - Discos
POINT (-49.979643071105876 -22.245558999178325);1756729023.9;01/09/2025 09:17:04;Trator John Deere Série 6J - 6166;1;6842;ALAN TURING;CALAGEM;UNIMAR ADUBAÇÃO;Adubação - Erro de Controle - Discos
POINT (-49.97858999999999 -22.25027166666665);1756728107;01/09/2025 09:01:47;Trator John Deere Série 6J - 6166;1;6842;ALAN TURING;CALAGEM;UNIMAR ADUBAÇÃO;Adubação - Erro do Sensor - Porta Esquerda
POINT (-49.97858999999999 -22.25027166666665);1756728107;01/09/2025 09:01:47;Trator John Deere Série 6J - 6166;1;6842;ALAN TURING;CALAGEM;UNIMAR ADUBAÇÃO;Adubação - Erro de Controle - Porta Esquerda
POINT (-49.97858999999999 -22.25027166666665);1756728107;01/09/2025 09:01:47;Trator John Deere Série 6J - 6166;1;6842;ALAN TURING;CALAGEM;UNIMAR ADUBAÇÃO;Adubação - Erro de Controle - Porta Direita
POINT (-49.97858999999999 -22.25027166666665);1756728107;01/09/2025 09:01:47;Trator John Deere Série 6J - 6166;1;6842;ALAN TURING;CALAGEM;UNIMAR ADUBAÇÃO;Adubação - Erro do Sensor - Porta Direita
POINT (-49.97852031458962 -22.250239820572922);1756728107;01/09/2025 09:01:47;Trator John Deere Série 6J - 6166;1;6842;ALAN TURING;CALAGEM;UNIMAR ADUBAÇÃO;Adubação - Erro do Sensor - Porta Esquerda
POINT (-49.97852031458962 -22.250239820572922);1756728107;01/09/2025 09:01:47;Trator John Deere Série 6J - 6166;1;6842;ALAN TURING;CALAGEM;UNIMAR ADUBAÇÃO;Adubação - Erro de Controle - Porta Esquerda
POINT (-49.97852031458962 -22.250239820572922);1756728107;01/09/2025 09:01:47;Trator John Deere Série 6J - 6166;1;6842;ALAN TURING;CALAGEM;UNIMAR ADUBAÇÃO;Adubação - Erro de Controle - Porta Direita
POINT (-49.97852031458962 -22.250239820572922);1756728107;01/09/2025 09:01:47;Trator John Deere Série 6J - 6166;1;6842;ALAN TURING;CALAGEM;UNIMAR ADUBAÇÃO;Adubação - Erro do Sensor - Porta Direita
POINT (-49.97861499999999 -22.25029166666665);1756728000.1;01/09/2025 09:00:00;Trator John Deere Série 6J - 6166;1;2025;ALUNO DA MANHÃ;CALAGEM;UNIMAR ADUBAÇÃO;Adubação - Erro do Sensor - Porta Esquerda
POINT (-49.97861499999999 -22.25029166666665);1756728000.1;01/09/2025 09:00:00;Trator John Deere Série 6J - 6166;1;2025;ALUNO DA MANHÃ;CALAGEM;UNIMAR ADUBAÇÃO;Adubação - Erro de Controle - Porta Esquerda
POINT (-49.97861499999999 -22.25029166666665);1756728000.1;01/09/2025 09:00:00;Trator John Deere Série 6J - 6166;1;2025;ALUNO DA MANHÃ;CALAGEM;UNIMAR ADUBAÇÃO;Adubação - Erro de Controle - Porta Direita
POINT (-49.97861499999999 -22.25029166666665);1756728000.1;01/09/2025 09:00:00;Trator John Deere Série 6J - 6166;1;2025;ALUNO DA MANHÃ;CALAGEM;UNIMAR ADUBAÇÃO;Adubação - Erro do Sensor - Porta Direita
POINT (-49.9786787244026 -22.250332937720906);1756728000.1;01/09/2025 09:00:00;Trator John Deere Série 6J - 6166;1;2025;ALUNO DA MANHÃ;CALAGEM;UNIMAR ADUBAÇÃO;Adubação - Erro do Sensor - Porta Esquerda
POINT (-49.9786787244026 -22.250332937720906);1756728000.1;01/09/2025 09:00:00;Trator John Deere Série 6J - 6166;1;2025;ALUNO DA MANHÃ;CALAGEM;UNIMAR ADUBAÇÃO;Adubação - Erro de Controle - Porta Esquerda
POINT (-49.9786787244026 -22.250332937720906);1756728000.1;01/09/2025 09:00:00;Trator John Deere Série 6J - 6166;1;2025;ALUNO DA MANHÃ;CALAGEM;UNIMAR ADUBAÇÃO;Adubação - Erro de Controle - Porta Direita
POINT (-49.9786787244026 -22.250332937720906);1756728000.1;01/09/2025 09:00:00;Trator John Deere Série 6J - 6166;1;2025;ALUNO DA MANHÃ;CALAGEM;UNIMAR ADUBAÇÃO;Adubação - Erro do Sensor - Porta Direita
POINT (-49.97369499999999 -22.249714999999988);1756727814.1;01/09/2025 08:56:54;Trator John Deere Série 6J - 6166;1;2025;ALUNO DA MANHÃ;CALAGEM;UNIMAR ADUBAÇÃO;Adubação - Erro do Sensor - Porta Esquerda
POINT (-49.97369499999999 -22.249714999999988);1756727814.1;01/09/2025 08:56:54;Trator John Deere Série 6J - 6166;1;2025;ALUNO DA MANHÃ;CALAGEM;UNIMAR ADUBAÇÃO;Adubação - Erro de Controle - Porta Esquerda
POINT (-49.97369499999999 -22.249714999999988);1756727814.1;01/09/2025 08:56:54;Trator John Deere Série 6J - 6166;1;2025;ALUNO DA MANHÃ;CALAGEM;UNIMAR ADUBAÇÃO;Adubação - Erro de Controle - Porta Direita
POINT (-49.97369499999999 -22.249714999999988);1756727814.1;01/09/2025 08:56:54;Trator John Deere Série 6J - 6166;1;2025;ALUNO DA MANHÃ;CALAGEM;UNIMAR ADUBAÇÃO;Adubação - Erro do Sensor - Porta Direita
POINT (-49.973699059626945 -22.249642834535784);1756727814.1;01/09/2025 08:56:54;Trator John Deere Série 6J - 6166;1;2025;ALUNO DA MANHÃ;CALAGEM;UNIMAR ADUBAÇÃO;Adubação - Erro do Sensor - Porta Esquerda
POINT (-49.973699059626945 -22.249642834535784);1756727814.1;01/09/2025 08:56:54;Trator John Deere Série 6J - 6166;1;2025;ALUNO DA MANHÃ;CALAGEM;UNIMAR ADUBAÇÃO;Adubação - Erro de Controle - Porta Esquerda
POINT (-49.973699059626945 -22.249642834535784);1756727814.1;01/09/2025 08:56:54;Trator John Deere Série 6J - 6166;1;2025;ALUNO DA MANHÃ;CALAGEM;UNIMAR ADUBAÇÃO;Adubação - Erro de Controle - Porta Direita
POINT (-49.973699059626945 -22.249642834535784);1756727814.1;01/09/2025 08:56:54;Trator John Deere Série 6J - 6166;1;2025;ALUNO DA MANHÃ;CALAGEM;UNIMAR ADUBAÇÃO;Adubação - Erro do Sensor - Porta Direita
POINT (-49.96790833333332 -22.24295333333331);1756723122.1;01/09/2025 07:38:42;Trator John Deere Série 6J - 6166;1;2025;ALUNO DA MANHÃ;CALAGEM;UNIMAR ADUBAÇÃO;Adubação - Erro do Sensor - Porta Esquerda
POINT (-49.96790833333332 -22.24295333333331);1756723122.1;01/09/2025 07:38:42;Trator John Deere Série 6J - 6166;1;2025;ALUNO DA MANHÃ;CALAGEM;UNIMAR ADUBAÇÃO;Adubação - Erro de Controle - Porta Esquerda
POINT (-49.96790833333332 -22.24295333333331);1756723122.1;01/09/2025 07:38:42;Trator John Deere Série 6J - 6166;1;2025;ALUNO DA MANHÃ;CALAGEM;UNIMAR ADUBAÇÃO;Adubação - Erro de Controle - Porta Direita
POINT (-49.96790833333332 -22.24295333333331);1756723122.1;01/09/2025 07:38:42;Trator John Deere Série 6J - 6166;1;2025;ALUNO DA MANHÃ;CALAGEM;UNIMAR ADUBAÇÃO;Adubação - Erro do Sensor - Porta Direita
POINT (-49.967832115368665 -22.242939632900633);1756723122.1;01/09/2025 07:38:42;Trator John Deere Série 6J - 6166;1;2025;ALUNO DA MANHÃ;CALAGEM;UNIMAR ADUBAÇÃO;Adubação - Erro do Sensor - Porta Esquerda
POINT (-49.967832115368665 -22.242939632900633);1756723122.1;01/09/2025 07:38:42;Trator John Deere Série 6J - 6166;1;2025;ALUNO DA MANHÃ;CALAGEM;UNIMAR ADUBAÇÃO;Adubação - Erro de Controle - Porta Esquerda
POINT (-49.967832115368665 -22.242939632900633);1756723122.1;01/09/2025 07:38:42;Trator John Deere Série 6J - 6166;1;2025;ALUNO DA MANHÃ;CALAGEM;UNIMAR ADUBAÇÃO;Adubação - Erro de Controle - Porta Direita
POINT (-49.967832115368665 -22.242939632900633);1756723122.1;01/09/2025 07:38:42;Trator John Deere Série 6J - 6166;1;2025;ALUNO DA MANHÃ;CALAGEM;UNIMAR ADUBAÇÃO;Adubação - Erro do Sensor - Porta Direita
POINT (-49.96528166666666 -22.240859999999977);1756722710.1;01/09/2025 07:31:50;Trator John Deere Série 6J - 6166;1;2025;ALUNO DA MANHÃ;CALAGEM;UNIMAR ADUBAÇÃO;Adubação - Erro do Sensor - Porta Esquerda
POINT (-49.96528166666666 -22.240859999999977);1756722710.1;01/09/2025 07:31:50;Trator John Deere Série 6J - 6166;1;2025;ALUNO DA MANHÃ;CALAGEM;UNIMAR ADUBAÇÃO;Adubação - Erro de Controle - Porta Esquerda
POINT (-49.96528166666666 -22.240859999999977);1756722710.1;01/09/2025 07:31:50;Trator John Deere Série 6J - 6166;1;2025;ALUNO DA MANHÃ;CALAGEM;UNIMAR ADUBAÇÃO;Adubação - Erro de Controle - Porta Direita
POINT (-49.96528166666666 -22.240859999999977);1756722710.1;01/09/2025 07:31:50;Trator John Deere Série 6J - 6166;1;2025;ALUNO DA MANHÃ;CALAGEM;UNIMAR ADUBAÇÃO;Adubação - Erro do Sensor - Porta Direita
POINT (-49.96522694789975 -22.24091125643246);1756722710.1;01/09/2025 07:31:50;Trator John Deere Série 6J - 6166;1;2025;ALUNO DA MANHÃ;CALAGEM;UNIMAR ADUBAÇÃO;Adubação - Erro do Sensor - Porta Esquerda
POINT (-49.96522694789975 -22.24091125643246);1756722710.1;01/09/2025 07:31:50;Trator John Deere Série 6J - 6166;1;2025;ALUNO DA MANHÃ;CALAGEM;UNIMAR ADUBAÇÃO;Adubação - Erro de Controle - Porta Esquerda
POINT (-49.96522694789975 -22.24091125643246);1756722710.1;01/09/2025 07:31:50;Trator John Deere Série 6J - 6166;1;2025;ALUNO DA MANHÃ;CALAGEM;UNIMAR ADUBAÇÃO;Adubação - Erro de Controle - Porta Direita
POINT (-49.96522694789975 -22.24091125643246);1756722710.1;01/09/2025 07:31:50;Trator John Deere Série 6J - 6166;1;2025;ALUNO DA MANHÃ;CALAGEM;UNIMAR ADUBAÇÃO;Adubação - Erro do Sensor - Porta Direita
POINT (-49.97570333333332 -22.247601666666654);1756490622.3;29/08/2025 15:03:42;Trator John Deere Série 6J - 6166;1;2025;ALUNO DA MANHÃ;CALAGEM;UNIMAR ADUBAÇÃO;Adubação - Erro de Comunicação com o Display
POINT (-49.97576821570074 -22.24756199168407);1756490622.3;29/08/2025 15:03:42;Trator John Deere Série 6J - 6166;1;2025;ALUNO DA MANHÃ;CALAGEM;UNIMAR ADUBAÇÃO;Adubação - Erro de Comunicação com o Display
POINT (-49.975734999999986 -22.24760666666665);1756490516.7;29/08/2025 15:01:57;Trator John Deere Série 6J - 6166;1;2025;ALUNO DA MANHÃ;CALAGEM;UNIMAR ADUBAÇÃO;Adubação - Erro do Sensor - Porta Esquerda
POINT (-49.975734999999986 -22.24760666666665);1756490516.7;29/08/2025 15:01:57;Trator John Deere Série 6J - 6166;1;2025;ALUNO DA MANHÃ;CALAGEM;UNIMAR ADUBAÇÃO;Adubação - Erro de Controle - Porta Esquerda
POINT (-49.975734999999986 -22.24760666666665);1756490516.7;29/08/2025 15:01:57;Trator John Deere Série 6J - 6166;1;2025;ALUNO DA MANHÃ;CALAGEM;UNIMAR ADUBAÇÃO;Adubação - Erro de Controle - Porta Direita
POINT (-49.975734999999986 -22.24760666666665);1756490516.7;29/08/2025 15:01:57;Trator John Deere Série 6J - 6166;1;2025;ALUNO DA MANHÃ;CALAGEM;UNIMAR ADUBAÇÃO;Adubação - Erro do Sensor - Porta Direita
POINT (-49.975812477914914 -22.247611166193803);1756490516.7;29/08/2025 15:01:57;Trator John Deere Série 6J - 6166;1;2025;ALUNO DA MANHÃ;CALAGEM;UNIMAR ADUBAÇÃO;Adubação - Erro do Sensor - Porta Esquerda
POINT (-49.975812477914914 -22.247611166193803);1756490516.7;29/08/2025 15:01:57;Trator John Deere Série 6J - 6166;1;2025;ALUNO DA MANHÃ;CALAGEM;UNIMAR ADUBAÇÃO;Adubação - Erro de Controle - Porta Esquerda
POINT (-49.975812477914914 -22.247611166193803);1756490516.7;29/08/2025 15:01:57;Trator John Deere Série 6J - 6166;1;2025;ALUNO DA MANHÃ;CALAGEM;UNIMAR ADUBAÇÃO;Adubação - Erro de Controle - Porta Direita
POINT (-49.975812477914914 -22.247611166193803);1756490516.7;29/08/2025 15:01:57;Trator John Deere Série 6J - 6166;1;2025;ALUNO DA MANHÃ;CALAGEM;UNIMAR ADUBAÇÃO;Adubação - Erro do Sensor - Porta Direita
POINT (-49.975734999999986 -22.24760666666665);1756489986.7;29/08/2025 14:53:07;Trator John Deere Série 6J - 6166;1;2025;ALUNO DA MANHÃ;CALAGEM;UNIMAR ADUBAÇÃO;Adubação - Erro do Sensor - Porta Esquerda
POINT (-49.975734999999986 -22.24760666666665);1756489986.7;29/08/2025 14:53:07;Trator John Deere Série 6J - 6166;1;2025;ALUNO DA MANHÃ;CALAGEM;UNIMAR ADUBAÇÃO;Adubação - Erro de Controle - Porta Esquerda
POINT (-49.975734999999986 -22.24760666666665);1756489986.7;29/08/2025 14:53:07;Trator John Deere Série 6J - 6166;1;2025;ALUNO DA MANHÃ;CALAGEM;UNIMAR ADUBAÇÃO;Adubação - Erro de Controle - Porta Direita
POINT (-49.975734999999986 -22.24760666666665);1756489986.7;29/08/2025 14:53:07;Trator John Deere Série 6J - 6166;1;2025;ALUNO DA MANHÃ;CALAGEM;UNIMAR ADUBAÇÃO;Adubação - Erro do Sensor - Porta Direita
POINT (-49.975812477914914 -22.247611166193803);1756489986.7;29/08/2025 14:53:07;Trator John Deere Série 6J - 6166;1;2025;ALUNO DA MANHÃ;CALAGEM;UNIMAR ADUBAÇÃO;Adubação - Erro do Sensor - Porta Esquerda
POINT (-49.975812477914914 -22.247611166193803);1756489986.7;29/08/2025 14:53:07;Trator John Deere Série 6J - 6166;1;2025;ALUNO DA MANHÃ;CALAGEM;UNIMAR ADUBAÇÃO;Adubação - Erro de Controle - Porta Esquerda
POINT (-49.975812477914914 -22.247611166193803);1756489986.7;29/08/2025 14:53:07;Trator John Deere Série 6J - 6166;1;2025;ALUNO DA MANHÃ;CALAGEM;UNIMAR ADUBAÇÃO;Adubação - Erro de Controle - Porta Direita
POINT (-49.975812477914914 -22.247611166193803);1756489986.7;29/08/2025 14:53:07;Trator John Deere Série 6J - 6166;1;2025;ALUNO DA MANHÃ;CALAGEM;UNIMAR ADUBAÇÃO;Adubação - Erro do Sensor - Porta Direita
POINT (-49.97563828672456 -22.24822648184952);1757525046.2;10/09/2025 14:24:06;Trator John Deere Série 6J - 6166;5;2025;ALUNO DA MANHÃ;CALAGEM;UNIMAR ADUBAÇÃO;Adubação - Erro de Comunicação com o Display
POINT (-49.97002907521746 -22.253922216227373);1757510215.3;10/09/2025 10:16:55;Trator John Deere Série 6J - 6166;5;6842;ALAN TURING;CALAGEM;UNIMAR ADUBAÇÃO;Adubação - Nível Mínimo da Caçamba de Adubo
POINT (-49.96987317526147 -22.2534475350532);1757510091.1;10/09/2025 10:14:51;Trator John Deere Série 6J - 6166;5;6842;ALAN TURING;CALAGEM;UNIMAR ADUBAÇÃO;Adubação - Nível Mínimo da Caçamba de Adubo
POINT (-49.97002427157157 -22.253951587389462);1757510046.6;10/09/2025 10:14:07;Trator John Deere Série 6J - 6166;5;6842;ALAN TURING;CALAGEM;UNIMAR ADUBAÇÃO;Adubação - Nível Mínimo da Caçamba de Adubo
POINT (-49.970028589297975 -22.25319808243491);1757510002;10/09/2025 10:13:22;Trator John Deere Série 6J - 6166;5;6842;ALAN TURING;CALAGEM;UNIMAR ADUBAÇÃO;Adubação - Nível Mínimo da Caçamba de Adubo
POINT (-49.97010365955053 -22.253887755272626);1757509949.5;10/09/2025 10:12:30;Trator John Deere Série 6J - 6166;5;6842;ALAN TURING;CALAGEM;UNIMAR ADUBAÇÃO;Adubação - Nível Mínimo da Caçamba de Adubo
POINT (-49.97026954020236 -22.253783492747676);1757509778.4;10/09/2025 10:09:38;Trator John Deere Série 6J - 6166;5;6842;ALAN TURING;CALAGEM;UNIMAR ADUBAÇÃO;Adubação - Nível Mínimo da Caçamba de Adubo
POINT (-49.970938567973135 -22.2528480729667);1757509706.5;10/09/2025 10:08:26;Trator John Deere Série 6J - 6166;5;6842;ALAN TURING;CALAGEM;UNIMAR ADUBAÇÃO;Adubação - Nível Mínimo da Caçamba de Adubo
POINT (-49.97244954000708 -22.24947987843068);1757509515.3;10/09/2025 10:05:15;Trator John Deere Série 6J - 6166;5;6842;ALAN TURING;CALAGEM;UNIMAR ADUBAÇÃO;Adubação - Nível Mínimo da Caçamba de Adubo
POINT (-49.971821774710655 -22.249346835804065);1757509428.3;10/09/2025 10:03:48;Trator John Deere Série 6J - 6166;5;6842;ALAN TURING;CALAGEM;UNIMAR ADUBAÇÃO;Adubação - Nível Mínimo da Caçamba de Adubo
POINT (-49.97191434956402 -22.24870680034713);1757509321.8;10/09/2025 10:02:02;Trator John Deere Série 6J - 6166;5;6842;ALAN TURING;CALAGEM;UNIMAR ADUBAÇÃO;Adubação - Nível Mínimo da Caçamba de Adubo
POINT (-49.97197936337617 -22.24870411575786);1757509226.7;10/09/2025 10:00:27;Trator John Deere Série 6J - 6166;5;6842;ALAN TURING;CALAGEM;UNIMAR ADUBAÇÃO;Adubação - Nível Mínimo da Caçamba de Adubo
POINT (-49.97211993833662 -22.249039533746608);1757509202.3;10/09/2025 10:00:02;Trator John Deere Série 6J - 6166;5;6842;ALAN TURING;CALAGEM;UNIMAR ADUBAÇÃO;Adubação - Nível Mínimo da Caçamba de Adubo
POINT (-49.97212805654217 -22.24866889460446);1757509134.4;10/09/2025 09:58:54;Trator John Deere Série 6J - 6166;5;6842;ALAN TURING;CALAGEM;UNIMAR ADUBAÇÃO;Adubação - Nível Mínimo da Caçamba de Adubo
POINT (-49.97245918139077 -22.248791408389966);1757509035.1;10/09/2025 09:57:15;Trator John Deere Série 6J - 6166;5;6842;ALAN TURING;CALAGEM;UNIMAR ADUBAÇÃO;Adubação - Nível Mínimo da Caçamba de Adubo
POINT (-49.9727068918252 -22.249458394780817);1757508983.4;10/09/2025 09:56:23;Trator John Deere Série 6J - 6166;5;6842;ALAN TURING;CALAGEM;UNIMAR ADUBAÇÃO;Adubação - Nível Mínimo da Caçamba de Adubo
POINT (-49.975573966577656 -22.24034238216707);1757508515.5;10/09/2025 09:48:36;Trator John Deere Série 6J - 6166;4;6842;ALAN TURING;GESSAGEM;UNIMAR ADUBAÇÃO;Adubação - Nível Mínimo da Caçamba de Adubo
POINT (-49.97605856445227 -22.240409865648566);1757508473.2;10/09/2025 09:47:53;Trator John Deere Série 6J - 6166;4;6842;ALAN TURING;GESSAGEM;UNIMAR ADUBAÇÃO;Adubação - Nível Mínimo da Caçamba de Adubo
POINT (-49.975446160059334 -22.240466895902372);1757508430.3;10/09/2025 09:47:10;Trator John Deere Série 6J - 6166;4;6842;ALAN TURING;GESSAGEM;UNIMAR ADUBAÇÃO;Adubação - Nível Mínimo da Caçamba de Adubo
POINT (-49.97620112369778 -22.24048290049921);1757508373.9;10/09/2025 09:46:14;Trator John Deere Série 6J - 6166;4;6842;ALAN TURING;GESSAGEM;UNIMAR ADUBAÇÃO;Adubação - Nível Mínimo da Caçamba de Adubo
POINT (-49.975262009855086 -22.240612548279238);1757508317.2;10/09/2025 09:45:17;Trator John Deere Série 6J - 6166;4;6842;ALAN TURING;GESSAGEM;UNIMAR ADUBAÇÃO;Adubação - Nível Mínimo da Caçamba de Adubo
POINT (-49.976345769755426 -22.240634969780988);1757508248.8;10/09/2025 09:44:09;Trator John Deere Série 6J - 6166;4;6842;ALAN TURING;GESSAGEM;UNIMAR ADUBAÇÃO;Adubação - Nível Mínimo da Caçamba de Adubo
POINT (-49.97507050715005 -22.240806464830317);1757508170.6;10/09/2025 09:42:51;Trator John Deere Série 6J - 6166;4;6842;ALAN TURING;GESSAGEM;UNIMAR ADUBAÇÃO;Adubação - Nível Mínimo da Caçamba de Adubo
POINT (-49.97649301365086 -22.24080639141522);1757508083.3;10/09/2025 09:41:23;Trator John Deere Série 6J - 6166;4;6842;ALAN TURING;GESSAGEM;UNIMAR ADUBAÇÃO;Adubação - Nível Mínimo da Caçamba de Adubo
POINT (-49.9748739556657 -22.240948329003945);1757507988.8;10/09/2025 09:39:49;Trator John Deere Série 6J - 6166;4;6842;ALAN TURING;GESSAGEM;UNIMAR ADUBAÇÃO;Adubação - Nível Mínimo da Caçamba de Adubo
POINT (-49.97661582671394 -22.24094912867872);1757507882.6;10/09/2025 09:38:03;Trator John Deere Série 6J - 6166;4;6842;ALAN TURING;GESSAGEM;UNIMAR ADUBAÇÃO;Adubação - Nível Mínimo da Caçamba de Adubo
POINT (-49.97468606294992 -22.241025231818927);1757507773.5;10/09/2025 09:36:14;Trator John Deere Série 6J - 6166;4;6842;ALAN TURING;GESSAGEM;UNIMAR ADUBAÇÃO;Adubação - Nível Mínimo da Caçamba de Adubo
POINT (-49.97682804531675 -22.241208401133523);1757507649.6;10/09/2025 09:34:10;Trator John Deere Série 6J - 6166;4;6842;ALAN TURING;GESSAGEM;UNIMAR ADUBAÇÃO;Adubação - Nível Mínimo da Caçamba de Adubo
POINT (-49.97757049897394 -22.24224825442824);1757507589.9;10/09/2025 09:33:10;Trator John Deere Série 6J - 6166;4;6842;ALAN TURING;GESSAGEM;UNIMAR ADUBAÇÃO;Adubação - Nível Mínimo da Caçamba de Adubo
POINT (-49.97729748371262 -22.241763681077124);1757507554.8;10/09/2025 09:32:35;Trator John Deere Série 6J - 6166;4;6842;ALAN TURING;GESSAGEM;UNIMAR ADUBAÇÃO;Adubação - Nível Mínimo da Caçamba de Adubo
POINT (-49.97747611678099 -22.242362218010005);1757507504.6;10/09/2025 09:31:45;Trator John Deere Série 6J - 6166;4;6842;ALAN TURING;GESSAGEM;UNIMAR ADUBAÇÃO;Adubação - Nível Mínimo da Caçamba de Adubo
POINT (-49.97434932348028 -22.241316089715948);1757507296.6;10/09/2025 09:28:17;Trator John Deere Série 6J - 6166;4;6842;ALAN TURING;GESSAGEM;UNIMAR ADUBAÇÃO;Adubação - Nível Mínimo da Caçamba de Adubo
POINT (-49.97728810779034 -22.242572943058324);1757507084.4;10/09/2025 09:24:44;Trator John Deere Série 6J - 6166;4;6842;ALAN TURING;GESSAGEM;UNIMAR ADUBAÇÃO;Adubação - Nível Mínimo da Caçamba de Adubo
POINT (-49.9762213471494 -22.2433058563096);1757505150.4;10/09/2025 08:52:30;Trator John Deere Série 6J - 6166;4;6842;ALAN TURING;GESSAGEM;UNIMAR ADUBAÇÃO;Adubação - Nível Mínimo da Caçamba de Adubo
POINT (-49.97636713939204 -22.242451191880452);1757505089.7;10/09/2025 08:51:30;Trator John Deere Série 6J - 6166;4;6842;ALAN TURING;GESSAGEM;UNIMAR ADUBAÇÃO;Adubação - Nível Mínimo da Caçamba de Adubo
POINT (-49.97639186372258 -22.24333887211458);1757505000;10/09/2025 08:50:00;Trator John Deere Série 6J - 6166;4;6842;ALAN TURING;GESSAGEM;UNIMAR ADUBAÇÃO;Adubação - Nível Mínimo da Caçamba de Adubo
POINT (-49.976243696621154 -22.242010481016344);1757504915.4;10/09/2025 08:48:35;Trator John Deere Série 6J - 6166;4;6842;ALAN TURING;GESSAGEM;UNIMAR ADUBAÇÃO;Adubação - Nível Mínimo da Caçamba de Adubo
POINT (-49.975627563892665 -22.24184995686762);1757504881.8;10/09/2025 08:48:02;Trator John Deere Série 6J - 6166;4;6842;ALAN TURING;GESSAGEM;UNIMAR ADUBAÇÃO;Adubação - Nível Mínimo da Caçamba de Adubo
POINT (-49.97433143639815 -22.242162432318054);1757504811.8;10/09/2025 08:46:52;Trator John Deere Série 6J - 6166;4;6842;ALAN TURING;GESSAGEM;UNIMAR ADUBAÇÃO;Adubação - Nível Mínimo da Caçamba de Adubo
POINT (-49.97294178854769 -22.242651176591266);1757504734.5;10/09/2025 08:45:34;Trator John Deere Série 6J - 6166;4;6842;ALAN TURING;GESSAGEM;UNIMAR ADUBAÇÃO;Adubação - Nível Mínimo da Caçamba de Adubo
POINT (-49.97545262532884 -22.241860069191596);1757504590.1;10/09/2025 08:43:10;Trator John Deere Série 6J - 6166;4;6842;ALAN TURING;GESSAGEM;UNIMAR ADUBAÇÃO;Adubação - Nível Mínimo da Caçamba de Adubo
POINT (-49.97290212296007 -22.242582622265278);1757504422.5;10/09/2025 08:40:22;Trator John Deere Série 6J - 6166;4;6842;ALAN TURING;GESSAGEM;UNIMAR ADUBAÇÃO;Adubação - Nível Mínimo da Caçamba de Adubo
POINT (-49.97637057683443 -22.243354956767284);1757504148.2;10/09/2025 08:35:48;Trator John Deere Série 6J - 6166;4;6842;ALAN TURING;GESSAGEM;UNIMAR ADUBAÇÃO;Adubação - Nível Mínimo da Caçamba de Adubo
POINT (-49.97287948929698 -22.24263644361262);1757503875.8;10/09/2025 08:31:16;Trator John Deere Série 6J - 6166;4;6842;ALAN TURING;GESSAGEM;UNIMAR ADUBAÇÃO;Adubação - Nível Mínimo da Caçamba de Adubo
POINT (-49.973735444455585 -22.24260964335063);1757503793.8;10/09/2025 08:29:54;Trator John Deere Série 6J - 6166;4;6842;ALAN TURING;GESSAGEM;UNIMAR ADUBAÇÃO;Adubação - Nível Mínimo da Caçamba de Adubo
POINT (-49.97260404198096 -22.243057081706297);1757503622.1;10/09/2025 08:27:02;Trator John Deere Série 6J - 6166;4;6842;ALAN TURING;GESSAGEM;UNIMAR ADUBAÇÃO;Adubação - Nível Mínimo da Caçamba de Adubo
POINT (-49.975964432139506 -22.243159898771697);1757503361.6;10/09/2025 08:22:42;Trator John Deere Série 6J - 6166;4;6842;ALAN TURING;GESSAGEM;UNIMAR ADUBAÇÃO;Adubação - Nível Mínimo da Caçamba de Adubo
POINT (-49.97617463912415 -22.242403347602927);1757502181.7;10/09/2025 08:03:02;Trator John Deere Série 6J - 6166;4;6842;ALAN TURING;GESSAGEM;UNIMAR ADUBAÇÃO;Adubação - Nível Mínimo da Caçamba de Adubo
POINT (-49.97575741285443 -22.242016925128862);1757502140;10/09/2025 08:02:20;Trator John Deere Série 6J - 6166;4;6842;ALAN TURING;GESSAGEM;UNIMAR ADUBAÇÃO;Adubação - Nível Mínimo da Caçamba de Adubo
POINT (-49.975946504524295 -22.24308393095491);1757502070.9;10/09/2025 08:01:11;Trator John Deere Série 6J - 6166;4;6842;ALAN TURING;GESSAGEM;UNIMAR ADUBAÇÃO;Adubação - Nível Mínimo da Caçamba de Adubo
POINT (-49.97560742014467 -22.2420522909612);1757502002.8;10/09/2025 08:00:03;Trator John Deere Série 6J - 6166;4;6842;ALAN TURING;GESSAGEM;UNIMAR ADUBAÇÃO;Adubação - Nível Mínimo da Caçamba de Adubo
POINT (-49.9757914036526 -22.243007654157907);1757501936.5;10/09/2025 07:58:56;Trator John Deere Série 6J - 6166;4;6842;ALAN TURING;GESSAGEM;UNIMAR ADUBAÇÃO;Adubação - Nível Mínimo da Caçamba de Adubo
POINT (-49.9753458690476 -22.242157968989073);1757501869.4;10/09/2025 07:57:49;Trator John Deere Série 6J - 6166;4;6842;ALAN TURING;GESSAGEM;UNIMAR ADUBAÇÃO;Adubação - Nível Mínimo da Caçamba de Adubo
POINT (-49.9746613982835 -22.242364041373754);1757501831.8;10/09/2025 07:57:12;Trator John Deere Série 6J - 6166;4;6842;ALAN TURING;GESSAGEM;UNIMAR ADUBAÇÃO;Adubação - Nível Mínimo da Caçamba de Adubo
POINT (-49.9725048598195 -22.24312547053983);1757501638.1;10/09/2025 07:53:58;Trator John Deere Série 6J - 6166;4;6842;ALAN TURING;GESSAGEM;UNIMAR ADUBAÇÃO;Adubação - Nível Mínimo da Caçamba de Adubo
POINT (-49.974377702516854 -22.242602980799457);1757501507.9;10/09/2025 07:51:48;Trator John Deere Série 6J - 6166;4;6842;ALAN TURING;GESSAGEM;UNIMAR ADUBAÇÃO;Adubação - Nível Mínimo da Caçamba de Adubo
POINT (-49.97240691153664 -22.2434576802046);1757501389;10/09/2025 07:49:49;Trator John Deere Série 6J - 6166;4;6842;ALAN TURING;GESSAGEM;UNIMAR ADUBAÇÃO;Adubação - Nível Mínimo da Caçamba de Adubo
POINT (-49.97240505651603 -22.243456166267414);1757501153.1;10/09/2025 07:45:53;Trator John Deere Série 6J - 6166;4;6842;ALAN TURING;GESSAGEM;UNIMAR ADUBAÇÃO;Adubação - Nível Mínimo da Caçamba de Adubo
POINT (-49.97245531046821 -22.243909638289068);1757501102.6;10/09/2025 07:45:03;Trator John Deere Série 6J - 6166;4;6842;ALAN TURING;GESSAGEM;UNIMAR ADUBAÇÃO;Adubação - Nível Mínimo da Caçamba de Adubo
POINT (-49.97332840961771 -22.243362403523417);1757501039.7;10/09/2025 07:44:00;Trator John Deere Série 6J - 6166;4;6842;ALAN TURING;GESSAGEM;UNIMAR ADUBAÇÃO;Adubação - Nível Mínimo da Caçamba de Adubo
POINT (-49.972354520267565 -22.243906260954187);1757500913.2;10/09/2025 07:41:53;Trator John Deere Série 6J - 6166;4;6842;ALAN TURING;GESSAGEM;UNIMAR ADUBAÇÃO;Adubação - Nível Mínimo da Caçamba de Adubo
POINT (-49.97393413844524 -22.243190378830292);1757500800.3;10/09/2025 07:40:00;Trator John Deere Série 6J - 6166;4;6842;ALAN TURING;GESSAGEM;UNIMAR ADUBAÇÃO;Adubação - Nível Mínimo da Caçamba de Adubo
POINT (-49.972412844749776 -22.243619615339252);1757500690.1;10/09/2025 07:38:10;Trator John Deere Série 6J - 6166;4;6842;ALAN TURING;GESSAGEM;UNIMAR ADUBAÇÃO;Adubação - Nível Mínimo da Caçamba de Adubo
POINT (-49.975502249431585 -22.24131266168373);1757448269.4;09/09/2025 17:04:29;Trator John Deere Série 6J - 6166;4;6842;ALAN TURING;GESSAGEM;UNIMAR ADUBAÇÃO;Adubação - Nível Mínimo da Caçamba de Adubo
POINT (-49.97372332615723 -22.24171260471813);1757448177.4;09/09/2025 17:02:57;Trator John Deere Série 6J - 6166;4;6842;ALAN TURING;GESSAGEM;UNIMAR ADUBAÇÃO;Adubação - Nível Mínimo da Caçamba de Adubo
POINT (-49.97684094029732 -22.24170935813946);1757448004.9;09/09/2025 17:00:05;Trator John Deere Série 6J - 6166;4;6842;ALAN TURING;GESSAGEM;UNIMAR ADUBAÇÃO;Adubação - Nível Mínimo da Caçamba de Adubo
POINT (-49.97713260160418 -22.24255704887517);1757447956.6;09/09/2025 16:59:17;Trator John Deere Série 6J - 6166;4;6842;ALAN TURING;GESSAGEM;UNIMAR ADUBAÇÃO;Adubação - Nível Mínimo da Caçamba de Adubo
POINT (-49.97335519805 -22.241819095216155);1757447695.6;09/09/2025 16:54:56;Trator John Deere Série 6J - 6166;4;6842;ALAN TURING;GESSAGEM;UNIMAR ADUBAÇÃO;Adubação - Nível Mínimo da Caçamba de Adubo
POINT (-49.97366326213852 -22.242036118226558);1757447646.3;09/09/2025 16:54:06;Trator John Deere Série 6J - 6166;4;6842;ALAN TURING;GESSAGEM;UNIMAR ADUBAÇÃO;Adubação - Nível Mínimo da Caçamba de Adubo
POINT (-49.97638474195762 -22.24181297419948);1757447501;09/09/2025 16:51:41;Trator John Deere Série 6J - 6166;4;6842;ALAN TURING;GESSAGEM;UNIMAR ADUBAÇÃO;Adubação - Nível Mínimo da Caçamba de Adubo
POINT (-49.9766840862749 -22.242322074292392);1757447375.1;09/09/2025 16:49:35;Trator John Deere Série 6J - 6166;4;6842;ALAN TURING;GESSAGEM;UNIMAR ADUBAÇÃO;Adubação - Nível Mínimo da Caçamba de Adubo
POINT (-49.976480851378156 -22.241702972655762);1757447329.5;09/09/2025 16:48:50;Trator John Deere Série 6J - 6166;4;6842;ALAN TURING;GESSAGEM;UNIMAR ADUBAÇÃO;Adubação - Nível Mínimo da Caçamba de Adubo
POINT (-49.97691049561964 -22.24284581004019);1757447264.7;09/09/2025 16:47:45;Trator John Deere Série 6J - 6166;4;6842;ALAN TURING;GESSAGEM;UNIMAR ADUBAÇÃO;Adubação - Nível Mínimo da Caçamba de Adubo
POINT (-49.97316240532043 -22.242056299580625);1757446928.1;09/09/2025 16:42:08;Trator John Deere Série 6J - 6166;4;6842;ALAN TURING;GESSAGEM;UNIMAR ADUBAÇÃO;Adubação - Nível Mínimo da Caçamba de Adubo
POINT (-49.97670845371673 -22.24266283751271);1757446677.9;09/09/2025 16:37:58;Trator John Deere Série 6J - 6166;4;6842;ALAN TURING;GESSAGEM;UNIMAR ADUBAÇÃO;Adubação - Nível Mínimo da Caçamba de Adubo
POINT (-49.97679397916705 -22.243079873419564);1757446590.2;09/09/2025 16:36:30;Trator John Deere Série 6J - 6166;4;6842;ALAN TURING;GESSAGEM;UNIMAR ADUBAÇÃO;Adubação - Nível Mínimo da Caçamba de Adubo
POINT (-49.97305643957452 -22.24220417125662);1757446305.8;09/09/2025 16:31:46;Trator John Deere Série 6J - 6166;4;6842;ALAN TURING;GESSAGEM;UNIMAR ADUBAÇÃO;Adubação - Nível Mínimo da Caçamba de Adubo
POINT (-49.977060762387666 -22.24283004382995);1757445987.4;09/09/2025 16:26:27;Trator John Deere Série 6J - 6166;4;6842;ALAN TURING;GESSAGEM;UNIMAR ADUBAÇÃO;Adubação - Nível Mínimo da Caçamba de Adubo
POINT (-49.98113386610145 -22.251973177632056);1757444400.6;09/09/2025 16:00:01;Trator John Deere Série 6J - 6166;4;6842;ALAN TURING;GESSAGEM;UNIMAR ADUBAÇÃO;Adubação - Nível Mínimo da Caçamba de Adubo
POINT (-49.980667650010936 -22.251980522934094);1757444328.1;09/09/2025 15:58:48;Trator John Deere Série 6J - 6166;4;6842;ALAN TURING;GESSAGEM;UNIMAR ADUBAÇÃO;Adubação - Nível Mínimo da Caçamba de Adubo
POINT (-49.98111120686654 -22.25115118271544);1757444257.3;09/09/2025 15:57:37;Trator John Deere Série 6J - 6166;4;6842;ALAN TURING;GESSAGEM;UNIMAR ADUBAÇÃO;Adubação - Nível Mínimo da Caçamba de Adubo
POINT (-49.981335523739894 -22.250564621581088);1757444220.4;09/09/2025 15:57:00;Trator John Deere Série 6J - 6166;4;6842;ALAN TURING;GESSAGEM;UNIMAR ADUBAÇÃO;Adubação - Nível Mínimo da Caçamba de Adubo
POINT (-49.98103171724876 -22.25086205428244);1757444196.3;09/09/2025 15:56:36;Trator John Deere Série 6J - 6166;4;6842;ALAN TURING;GESSAGEM;UNIMAR ADUBAÇÃO;Adubação - Nível Mínimo da Caçamba de Adubo
POINT (-49.98132356974701 -22.25055483346387);1757444160.7;09/09/2025 15:56:01;Trator John Deere Série 6J - 6166;4;6842;ALAN TURING;GESSAGEM;UNIMAR ADUBAÇÃO;Adubação - Nível Mínimo da Caçamba de Adubo
POINT (-49.98055062796413 -22.251827984541258);1757444056.9;09/09/2025 15:54:17;Trator John Deere Série 6J - 6166;4;6842;ALAN TURING;GESSAGEM;UNIMAR ADUBAÇÃO;Adubação - Nível Mínimo da Caçamba de Adubo
POINT (-49.980479178790866 -22.25180253202978);1757443849.2;09/09/2025 15:50:49;Trator John Deere Série 6J - 6166;4;6842;ALAN TURING;GESSAGEM;UNIMAR ADUBAÇÃO;Adubação - Nível Mínimo da Caçamba de Adubo
POINT (-49.980125373368715 -22.251458725166675);1757443522.1;09/09/2025 15:45:22;Trator John Deere Série 6J - 6166;4;6842;ALAN TURING;GESSAGEM;UNIMAR ADUBAÇÃO;Adubação - Nível Mínimo da Caçamba de Adubo
POINT (-49.97892987350217 -22.250581083036696);1757442928.4;09/09/2025 15:35:28;Trator John Deere Série 6J - 6166;4;6842;ALAN TURING;GESSAGEM;UNIMAR ADUBAÇÃO;Adubação - Nível Mínimo da Caçamba de Adubo
POINT (-49.97924283054295 -22.250378978781477);1757442411.4;09/09/2025 15:26:51;Trator John Deere Série 6J - 6166;4;6842;ALAN TURING;GESSAGEM;UNIMAR ADUBAÇÃO;Adubação - Nível Mínimo da Caçamba de Adubo
POINT (-49.980857492220785 -22.249982480746343);1757441858.3;09/09/2025 15:17:38;Trator John Deere Série 6J - 6166;4;6842;ALAN TURING;GESSAGEM;UNIMAR ADUBAÇÃO;Adubação - Nível Mínimo da Caçamba de Adubo
POINT (-49.97941495809195 -22.250453838734412);1757441460.9;09/09/2025 15:11:01;Trator John Deere Série 6J - 6166;4;6842;ALAN TURING;GESSAGEM;UNIMAR ADUBAÇÃO;Adubação - Nível Mínimo da Caçamba de Adubo
POINT (-49.97872440232206 -22.25038867358654);1757441423.9;09/09/2025 15:10:24;Trator John Deere Série 6J - 6166;4;6842;ALAN TURING;GESSAGEM;UNIMAR ADUBAÇÃO;Adubação - Nível Mínimo da Caçamba de Adubo
POINT (-49.97863332385028 -22.250121007433513);1757440669.7;09/09/2025 14:57:50;Trator John Deere Série 6J - 6166;4;6842;ALAN TURING;GESSAGEM;UNIMAR ADUBAÇÃO;Adubação - Erro de Controle - Discos
POINT (-49.98262044035127 -22.250274627010747);1757440368.5;09/09/2025 14:52:48;Trator John Deere Série 6J - 6166;4;6842;ALAN TURING;GESSAGEM;UNIMAR ADUBAÇÃO;Adubação - Nível Mínimo da Caçamba de Adubo
POINT (-49.978686125145636 -22.250303185610466);1757439653.1;09/09/2025 14:40:53;Trator John Deere Série 6J - 6166;4;6842;ALAN TURING;GESSAGEM;UNIMAR ADUBAÇÃO;Adubação - Nível Mínimo da Caçamba de Adubo
POINT (-49.97825999605978 -22.249407233939717);1757439491.1;09/09/2025 14:38:11;Trator John Deere Série 6J - 6166;4;6842;ALAN TURING;GESSAGEM;UNIMAR ADUBAÇÃO;Adubação - Nível Mínimo da Caçamba de Adubo
POINT (-49.97989625498809 -22.25003067349836);1757439390.4;09/09/2025 14:36:30;Trator John Deere Série 6J - 6166;4;6842;ALAN TURING;GESSAGEM;UNIMAR ADUBAÇÃO;Adubação - Nível Mínimo da Caçamba de Adubo
POINT (-49.98244081621449 -22.249744775761883);1757439249.3;09/09/2025 14:34:09;Trator John Deere Série 6J - 6166;4;6842;ALAN TURING;GESSAGEM;UNIMAR ADUBAÇÃO;Adubação - Nível Mínimo da Caçamba de Adubo
POINT (-49.981805872207815 -22.249768539790924);1757439176.8;09/09/2025 14:32:57;Trator John Deere Série 6J - 6166;4;6842;ALAN TURING;GESSAGEM;UNIMAR ADUBAÇÃO;Adubação - Nível Mínimo da Caçamba de Adubo
POINT (-49.98266601236287 -22.249175310297286);1757439071.4;09/09/2025 14:31:11;Trator John Deere Série 6J - 6166;4;6842;ALAN TURING;GESSAGEM;UNIMAR ADUBAÇÃO;Adubação - Nível Mínimo da Caçamba de Adubo
POINT (-49.98262902716647 -22.249025072685043);1757439031.5;09/09/2025 14:30:32;Trator John Deere Série 6J - 6166;4;6842;ALAN TURING;GESSAGEM;UNIMAR ADUBAÇÃO;Adubação - Nível Mínimo da Caçamba de Adubo
POINT (-49.982918535635555 -22.248991262212698);1757439001.1;09/09/2025 14:30:01;Trator John Deere Série 6J - 6166;4;6842;ALAN TURING;GESSAGEM;UNIMAR ADUBAÇÃO;Adubação - Nível Mínimo da Caçamba de Adubo
POINT (-49.98107133811649 -22.249630779172122);1757438847.7;09/09/2025 14:27:28;Trator John Deere Série 6J - 6166;4;6842;ALAN TURING;GESSAGEM;UNIMAR ADUBAÇÃO;Adubação - Nível Mínimo da Caçamba de Adubo
POINT (-49.97929328664895 -22.25001808420401);1757438459.7;09/09/2025 14:21:00;Trator John Deere Série 6J - 6166;4;6842;ALAN TURING;GESSAGEM;UNIMAR ADUBAÇÃO;Adubação - Nível Mínimo da Caçamba de Adubo
POINT (-49.977875229385674 -22.249067384305906);1757438365.1;09/09/2025 14:19:25;Trator John Deere Série 6J - 6166;4;6842;ALAN TURING;GESSAGEM;UNIMAR ADUBAÇÃO;Adubação - Nível Mínimo da Caçamba de Adubo
POINT (-49.98085996409299 -22.24972511037259);1757438172.8;09/09/2025 14:16:13;Trator John Deere Série 6J - 6166;4;6842;ALAN TURING;GESSAGEM;UNIMAR ADUBAÇÃO;Adubação - Nível Mínimo da Caçamba de Adubo
POINT (-49.9829345923404 -22.249016651065286);1757437691.9;09/09/2025 14:08:12;Trator John Deere Série 6J - 6166;4;6842;ALAN TURING;GESSAGEM;UNIMAR ADUBAÇÃO;Adubação - Nível Mínimo da Caçamba de Adubo
POINT (-49.978100208089 -22.24910897438965);1757437204.4;09/09/2025 14:00:04;Trator John Deere Série 6J - 6166;4;6842;ALAN TURING;GESSAGEM;UNIMAR ADUBAÇÃO;Adubação - Nível Mínimo da Caçamba de Adubo
POINT (-49.98440727338145 -22.250349725217625);1757436741.5;09/09/2025 13:52:22;Trator John Deere Série 6J - 6166;4;6842;ALAN TURING;GESSAGEM;UNIMAR ADUBAÇÃO;Adubação - Nível Mínimo da Caçamba de Adubo
POINT (-49.98537453849759 -22.25062657834667);1757436687.2;09/09/2025 13:51:27;Trator John Deere Série 6J - 6166;4;6842;ALAN TURING;GESSAGEM;UNIMAR ADUBAÇÃO;Adubação - Nível Mínimo da Caçamba de Adubo
POINT (-49.985305337592756 -22.25066445090064);1757436496.9;09/09/2025 13:48:17;Trator John Deere Série 6J - 6166;4;6842;ALAN TURING;GESSAGEM;UNIMAR ADUBAÇÃO;Adubação - Nível Mínimo da Caçamba de Adubo
POINT (-49.97794337509318 -22.248972011110027);1757435994.2;09/09/2025 13:39:54;Trator John Deere Série 6J - 6166;4;6842;ALAN TURING;GESSAGEM;UNIMAR ADUBAÇÃO;Adubação - Nível Mínimo da Caçamba de Adubo
POINT (-49.97789211980109 -22.24962894406177);1757429259;09/09/2025 11:47:39;Trator John Deere Série 6J - 6166;4;6842;ALAN TURING;GESSAGEM;UNIMAR ADUBAÇÃO;Adubação - Nível Mínimo da Caçamba de Adubo
POINT (-49.97722624066267 -22.249166627845177);1757429109.7;09/09/2025 11:45:10;Trator John Deere Série 6J - 6166;4;6842;ALAN TURING;GESSAGEM;UNIMAR ADUBAÇÃO;Adubação - Nível Mínimo da Caçamba de Adubo
POINT (-49.97863315887783 -22.25005200710928);1757429016;09/09/2025 11:43:36;Trator John Deere Série 6J - 6166;4;6842;ALAN TURING;GESSAGEM;UNIMAR ADUBAÇÃO;Adubação - Nível Mínimo da Caçamba de Adubo
POINT (-49.97714187864793 -22.249027013045527);1757428900.8;09/09/2025 11:41:41;Trator John Deere Série 6J - 6166;4;6842;ALAN TURING;GESSAGEM;UNIMAR ADUBAÇÃO;Adubação - Nível Mínimo da Caçamba de Adubo
POINT (-49.97652515657542 -22.2474007356033);1757428513.2;09/09/2025 11:35:13;Trator John Deere Série 6J - 6166;4;6842;ALAN TURING;GESSAGEM;UNIMAR ADUBAÇÃO;Adubação - Nível Mínimo da Caçamba de Adubo
POINT (-49.9778603622456 -22.24835543929628);1757428414.3;09/09/2025 11:33:34;Trator John Deere Série 6J - 6166;4;6842;ALAN TURING;GESSAGEM;UNIMAR ADUBAÇÃO;Adubação - Nível Mínimo da Caçamba de Adubo
POINT (-49.97866690057371 -22.24905842817104);1757428120.5;09/09/2025 11:28:40;Trator John Deere Série 6J - 6166;4;6842;ALAN TURING;GESSAGEM;UNIMAR ADUBAÇÃO;Adubação - Nível Mínimo da Caçamba de Adubo
POINT (-49.982269907481516 -22.249029889461294);1757427915.4;09/09/2025 11:25:15;Trator John Deere Série 6J - 6166;4;6842;ALAN TURING;GESSAGEM;UNIMAR ADUBAÇÃO;Adubação - Nível Mínimo da Caçamba de Adubo
POINT (-49.98280754012843 -22.248570127717514);1757427875;09/09/2025 11:24:35;Trator John Deere Série 6J - 6166;4;6842;ALAN TURING;GESSAGEM;UNIMAR ADUBAÇÃO;Adubação - Nível Mínimo da Caçamba de Adubo
POINT (-49.98163896298937 -22.249369280414694);1757427762.1;09/09/2025 11:22:42;Trator John Deere Série 6J - 6166;4;6842;ALAN TURING;GESSAGEM;UNIMAR ADUBAÇÃO;Adubação - Nível Mínimo da Caçamba de Adubo
POINT (-49.98328341496486 -22.24890092185932);1757427625.1;09/09/2025 11:20:25;Trator John Deere Série 6J - 6166;4;6842;ALAN TURING;GESSAGEM;UNIMAR ADUBAÇÃO;Adubação - Nível Mínimo da Caçamba de Adubo
POINT (-49.98446803433492 -22.250005101749405);1757427542.3;09/09/2025 11:19:02;Trator John Deere Série 6J - 6166;4;6842;ALAN TURING;GESSAGEM;UNIMAR ADUBAÇÃO;Adubação - Nível Mínimo da Caçamba de Adubo
POINT (-49.98571684363451 -22.250172410275574);1757427478.3;09/09/2025 11:17:58;Trator John Deere Série 6J - 6166;4;6842;ALAN TURING;GESSAGEM;UNIMAR ADUBAÇÃO;Adubação - Nível Mínimo da Caçamba de Adubo
POINT (-49.9810183359399 -22.24936802881442);1757427174.2;09/09/2025 11:12:54;Trator John Deere Série 6J - 6166;4;6842;ALAN TURING;GESSAGEM;UNIMAR ADUBAÇÃO;Adubação - Nível Mínimo da Caçamba de Adubo
POINT (-49.97969324064159 -22.24968354629104);1757427107;09/09/2025 11:11:47;Trator John Deere Série 6J - 6166;4;6842;ALAN TURING;GESSAGEM;UNIMAR ADUBAÇÃO;Adubação - Nível Mínimo da Caçamba de Adubo
POINT (-49.979182465333615 -22.24965042819392);1757427082.4;09/09/2025 11:11:22;Trator John Deere Série 6J - 6166;4;6842;ALAN TURING;GESSAGEM;UNIMAR ADUBAÇÃO;Adubação - Nível Mínimo da Caçamba de Adubo
POINT (-49.97970213569629 -22.24960468551843);1757427025.3;09/09/2025 11:10:25;Trator John Deere Série 6J - 6166;4;6842;ALAN TURING;GESSAGEM;UNIMAR ADUBAÇÃO;Adubação - Nível Mínimo da Caçamba de Adubo
POINT (-49.978848460722986 -22.249253968439582);1757426959.7;09/09/2025 11:09:20;Trator John Deere Série 6J - 6166;4;6842;ALAN TURING;GESSAGEM;UNIMAR ADUBAÇÃO;Adubação - Nível Mínimo da Caçamba de Adubo
POINT (-49.98576250513982 -22.25027589946044);1757426521.8;09/09/2025 11:02:02;Trator John Deere Série 6J - 6166;4;6842;ALAN TURING;GESSAGEM;UNIMAR ADUBAÇÃO;Adubação - Nível Mínimo da Caçamba de Adubo
POINT (-49.98371914036863 -22.249290077661165);1757426404.4;09/09/2025 11:00:04;Trator John Deere Série 6J - 6166;4;6842;ALAN TURING;GESSAGEM;UNIMAR ADUBAÇÃO;Adubação - Nível Mínimo da Caçamba de Adubo
POINT (-49.97664477286272 -22.24715856516773);1757424806.5;09/09/2025 10:33:26;Trator John Deere Série 6J - 6166;4;6842;ALAN TURING;GESSAGEM;UNIMAR ADUBAÇÃO;Adubação - Nível Mínimo da Caçamba de Adubo
POINT (-49.97806258279836 -22.248023170136523);1757424721.6;09/09/2025 10:32:02;Trator John Deere Série 6J - 6166;4;6842;ALAN TURING;GESSAGEM;UNIMAR ADUBAÇÃO;Adubação - Nível Mínimo da Caçamba de Adubo
POINT (-49.97687862419998 -22.247242492540312);1757424546;09/09/2025 10:29:06;Trator John Deere Série 6J - 6166;4;6842;ALAN TURING;GESSAGEM;UNIMAR ADUBAÇÃO;Adubação - Nível Mínimo da Caçamba de Adubo
POINT (-49.97679901784576 -22.247140597254702);1757424519.9;09/09/2025 10:28:40;Trator John Deere Série 6J - 6166;4;6842;ALAN TURING;GESSAGEM;UNIMAR ADUBAÇÃO;Adubação - Nível Mínimo da Caçamba de Adubo
POINT (-49.97883837883123 -22.248772741661476);1757424386.3;09/09/2025 10:26:26;Trator John Deere Série 6J - 6166;4;6842;ALAN TURING;GESSAGEM;UNIMAR ADUBAÇÃO;Adubação - Nível Mínimo da Caçamba de Adubo
POINT (-49.978898111346766 -22.249138987632392);1757424367.8;09/09/2025 10:26:08;Trator John Deere Série 6J - 6166;4;6842;ALAN TURING;GESSAGEM;UNIMAR ADUBAÇÃO;Adubação - Nível Mínimo da Caçamba de Adubo
POINT (-49.97675863387951 -22.247073838703542);1757424191;09/09/2025 10:23:11;Trator John Deere Série 6J - 6166;4;6842;ALAN TURING;GESSAGEM;UNIMAR ADUBAÇÃO;Adubação - Nível Mínimo da Caçamba de Adubo
POINT (-49.977196003895735 -22.25015449806584);1757422597.7;09/09/2025 09:56:38;Trator John Deere Série 6J - 6166;5;6842;ALAN TURING;CALAGEM;UNIMAR ADUBAÇÃO;Adubação - Nível Mínimo da Caçamba de Adubo
POINT (-49.97734564799197 -22.249939593768275);1757422457.3;09/09/2025 09:54:17;Trator John Deere Série 6J - 6166;5;6842;ALAN TURING;CALAGEM;UNIMAR ADUBAÇÃO;Adubação - Nível Mínimo da Caçamba de Adubo
POINT (-49.977472293210354 -22.24978112911279);1757422300.9;09/09/2025 09:51:41;Trator John Deere Série 6J - 6166;5;6842;ALAN TURING;CALAGEM;UNIMAR ADUBAÇÃO;Adubação - Nível Mínimo da Caçamba de Adubo
POINT (-49.980102083965384 -22.251651153271904);1757422021.2;09/09/2025 09:47:01;Trator John Deere Série 6J - 6166;5;6842;ALAN TURING;CALAGEM;UNIMAR ADUBAÇÃO;Adubação - Nível Mínimo da Caçamba de Adubo
POINT (-49.981286991808915 -22.2520319128853);1757421931.4;09/09/2025 09:45:31;Trator John Deere Série 6J - 6166;5;6842;ALAN TURING;CALAGEM;UNIMAR ADUBAÇÃO;Adubação - Nível Mínimo da Caçamba de Adubo
POINT (-49.98116613287319 -22.25224725677189);1757421869.3;09/09/2025 09:44:29;Trator John Deere Série 6J - 6166;5;6842;ALAN TURING;CALAGEM;UNIMAR ADUBAÇÃO;Adubação - Nível Mínimo da Caçamba de Adubo
POINT (-49.98135315823017 -22.251691885227284);1757421832.1;09/09/2025 09:43:52;Trator John Deere Série 6J - 6166;5;6842;ALAN TURING;CALAGEM;UNIMAR ADUBAÇÃO;Adubação - Nível Mínimo da Caçamba de Adubo
POINT (-49.98144869936059 -22.251620536529188);1757421655.3;09/09/2025 09:40:55;Trator John Deere Série 6J - 6166;3;6842;ALAN TURING;CALAGEM;UNIMAR ADUBAÇÃO;Adubação - Nível Mínimo da Caçamba de Adubo
POINT (-49.98083749560224 -22.25209956307897);1757421617.4;09/09/2025 09:40:17;Trator John Deere Série 6J - 6166;3;6842;ALAN TURING;CALAGEM;UNIMAR ADUBAÇÃO;Adubação - Nível Mínimo da Caçamba de Adubo
POINT (-49.98142491833239 -22.251594513414965);1757421566.4;09/09/2025 09:39:26;Trator John Deere Série 6J - 6166;3;6842;ALAN TURING;CALAGEM;UNIMAR ADUBAÇÃO;Adubação - Nível Mínimo da Caçamba de Adubo
POINT (-49.98070377077985 -22.252005337728047);1757421522.4;09/09/2025 09:38:42;Trator John Deere Série 6J - 6166;3;6842;ALAN TURING;CALAGEM;UNIMAR ADUBAÇÃO;Adubação - Nível Mínimo da Caçamba de Adubo
POINT (-49.98111749622131 -22.251111574837402);1757421458.7;09/09/2025 09:37:39;Trator John Deere Série 6J - 6166;3;6842;ALAN TURING;CALAGEM;UNIMAR ADUBAÇÃO;Adubação - Nível Mínimo da Caçamba de Adubo
POINT (-49.98122679981141 -22.250532769315523);1757421425.5;09/09/2025 09:37:06;Trator John Deere Série 6J - 6166;3;6842;ALAN TURING;CALAGEM;UNIMAR ADUBAÇÃO;Adubação - Nível Mínimo da Caçamba de Adubo
POINT (-49.98105489563956 -22.250911874523496);1757421396.6;09/09/2025 09:36:37;Trator John Deere Série 6J - 6166;3;6842;ALAN TURING;CALAGEM;UNIMAR ADUBAÇÃO;Adubação - Nível Mínimo da Caçamba de Adubo
POINT (-49.98050736908723 -22.251799929269023);1757421271.5;09/09/2025 09:34:32;Trator John Deere Série 6J - 6166;3;6842;ALAN TURING;CALAGEM;UNIMAR ADUBAÇÃO;Adubação - Nível Mínimo da Caçamba de Adubo
POINT (-49.980425985866425 -22.251789503288638);1757421065.4;09/09/2025 09:31:05;Trator John Deere Série 6J - 6166;3;6842;ALAN TURING;CALAGEM;UNIMAR ADUBAÇÃO;Adubação - Nível Mínimo da Caçamba de Adubo
POINT (-49.98083304242485 -22.250557826587922);1757420969;09/09/2025 09:29:29;Trator John Deere Série 6J - 6166;3;6842;ALAN TURING;CALAGEM;UNIMAR ADUBAÇÃO;Adubação - Nível Mínimo da Caçamba de Adubo
POINT (-49.98069667099311 -22.2506427300153);1757420927.2;09/09/2025 09:28:47;Trator John Deere Série 6J - 6166;3;6842;ALAN TURING;CALAGEM;UNIMAR ADUBAÇÃO;Adubação - Nível Mínimo da Caçamba de Adubo
POINT (-49.981881255471066 -22.25066702913389);1757420848.5;09/09/2025 09:27:28;Trator John Deere Série 6J - 6166;3;6842;ALAN TURING;CALAGEM;UNIMAR ADUBAÇÃO;Adubação - Nível Mínimo da Caçamba de Adubo
POINT (-49.980886619592376 -22.251213913526698);1757420724.1;09/09/2025 09:25:24;Trator John Deere Série 6J - 6166;3;6842;ALAN TURING;CALAGEM;UNIMAR ADUBAÇÃO;Adubação - Nível Mínimo da Caçamba de Adubo
POINT (-49.98087980389287 -22.251253493628518);1757420711.1;09/09/2025 09:25:11;Trator John Deere Série 6J - 6166;3;6842;ALAN TURING;CALAGEM;UNIMAR ADUBAÇÃO;Adubação - Erro de Controle - Esteira
POINT (-49.98065912712785 -22.251553782296124);1757420691.1;09/09/2025 09:24:51;Trator John Deere Série 6J - 6166;3;6842;ALAN TURING;CALAGEM;UNIMAR ADUBAÇÃO;Adubação - Limite Máximo da Esteira
POINT (-49.98065912712785 -22.251553782296124);1757420691.1;09/09/2025 09:24:51;Trator John Deere Série 6J - 6166;3;6842;ALAN TURING;CALAGEM;UNIMAR ADUBAÇÃO;Adubação - Erro do Sensor - Esteira
POINT (-49.980139386515276 -22.251467914013894);1757420660.6;09/09/2025 09:24:21;Trator John Deere Série 6J - 6166;3;6842;ALAN TURING;CALAGEM;UNIMAR ADUBAÇÃO;Adubação - Nível Mínimo da Caçamba de Adubo
POINT (-49.979091291038685 -22.25058003862838);1757420588.9;09/09/2025 09:23:09;Trator John Deere Série 6J - 6166;3;6842;ALAN TURING;CALAGEM;UNIMAR ADUBAÇÃO;Adubação - Nível Mínimo da Caçamba de Adubo
POINT (-49.98080625185261 -22.25101863661978);1757420461.7;09/09/2025 09:21:02;Trator John Deere Série 6J - 6166;3;6842;ALAN TURING;CALAGEM;UNIMAR ADUBAÇÃO;Adubação - Nível Mínimo da Caçamba de Adubo
POINT (-49.98065910235167 -22.251228778376397);1757418425.9;09/09/2025 08:47:06;Trator John Deere Série 6J - 6166;3;6842;ALAN TURING;CALAGEM;UNIMAR ADUBAÇÃO;Adubação - Nível Mínimo da Caçamba de Adubo
POINT (-49.97890231149972 -22.250546986671637);1757417928.3;09/09/2025 08:38:48;Trator John Deere Série 6J - 6166;3;6842;ALAN TURING;CALAGEM;UNIMAR ADUBAÇÃO;Adubação - Nível Mínimo da Caçamba de Adubo
POINT (-49.97910627061388 -22.25044043753962);1757417464.9;09/09/2025 08:31:05;Trator John Deere Série 6J - 6166;3;6842;ALAN TURING;CALAGEM;UNIMAR ADUBAÇÃO;Adubação - Nível Mínimo da Caçamba de Adubo
POINT (-49.97875517861181 -22.25018849489546);1757417436.3;09/09/2025 08:30:36;Trator John Deere Série 6J - 6166;3;6842;ALAN TURING;CALAGEM;UNIMAR ADUBAÇÃO;Adubação - Nível Mínimo da Caçamba de Adubo
POINT (-49.97820569003977 -22.249778364693857);1757417401.8;09/09/2025 08:30:02;Trator John Deere Série 6J - 6166;3;6842;ALAN TURING;CALAGEM;UNIMAR ADUBAÇÃO;Adubação - Nível Mínimo da Caçamba de Adubo
POINT (-49.978531578395426 -22.250125315518115);1757417323.5;09/09/2025 08:28:44;Trator John Deere Série 6J - 6166;3;6842;ALAN TURING;CALAGEM;UNIMAR ADUBAÇÃO;Adubação - Nível Mínimo da Caçamba de Adubo
POINT (-49.977586876377934 -22.24937390957249);1757417251.6;09/09/2025 08:27:32;Trator John Deere Série 6J - 6166;3;6842;ALAN TURING;CALAGEM;UNIMAR ADUBAÇÃO;Adubação - Nível Mínimo da Caçamba de Adubo
POINT (-49.97851796482398 -22.250177232900487);1757417158.9;09/09/2025 08:25:59;Trator John Deere Série 6J - 6166;3;6842;ALAN TURING;CALAGEM;UNIMAR ADUBAÇÃO;Adubação - Nível Mínimo da Caçamba de Adubo
POINT (-49.97946168485032 -22.250449402016937);1757417106.1;09/09/2025 08:25:06;Trator John Deere Série 6J - 6166;3;6842;ALAN TURING;CALAGEM;UNIMAR ADUBAÇÃO;Adubação - Nível Mínimo da Caçamba de Adubo
POINT (-49.98046259462831 -22.25060374849746);1757417024.7;09/09/2025 08:23:45;Trator John Deere Série 6J - 6166;3;6842;ALAN TURING;CALAGEM;UNIMAR ADUBAÇÃO;Adubação - Nível Mínimo da Caçamba de Adubo
POINT (-49.98033566049683 -22.250334558596645);1757416992.5;09/09/2025 08:23:12;Trator John Deere Série 6J - 6166;3;6842;ALAN TURING;CALAGEM;UNIMAR ADUBAÇÃO;Adubação - Nível Mínimo da Caçamba de Adubo
POINT (-49.980558548177115 -22.250859130657965);1757416956.6;09/09/2025 08:22:37;Trator John Deere Série 6J - 6166;3;6842;ALAN TURING;CALAGEM;UNIMAR ADUBAÇÃO;Adubação - Nível Mínimo da Caçamba de Adubo
POINT (-49.980161556374625 -22.250410238615807);1757416916.4;09/09/2025 08:21:56;Trator John Deere Série 6J - 6166;3;6842;ALAN TURING;CALAGEM;UNIMAR ADUBAÇÃO;Adubação - Nível Mínimo da Caçamba de Adubo
POINT (-49.98053431242445 -22.251088717321725);1757416869.3;09/09/2025 08:21:09;Trator John Deere Série 6J - 6166;3;6842;ALAN TURING;CALAGEM;UNIMAR ADUBAÇÃO;Adubação - Nível Mínimo da Caçamba de Adubo
POINT (-49.98003442244955 -22.25055426399583);1757416825;09/09/2025 08:20:25;Trator John Deere Série 6J - 6166;3;6842;ALAN TURING;CALAGEM;UNIMAR ADUBAÇÃO;Adubação - Nível Mínimo da Caçamba de Adubo
POINT (-49.980395450462055 -22.25120287994976);1757416776.3;09/09/2025 08:19:36;Trator John Deere Série 6J - 6166;3;6842;ALAN TURING;CALAGEM;UNIMAR ADUBAÇÃO;Adubação - Nível Mínimo da Caçamba de Adubo
POINT (-49.97982586494726 -22.250602819327074);1757416726.8;09/09/2025 08:18:47;Trator John Deere Série 6J - 6166;3;6842;ALAN TURING;CALAGEM;UNIMAR ADUBAÇÃO;Adubação - Nível Mínimo da Caçamba de Adubo
POINT (-49.980571233662666 -22.250304900705842);1757416671;09/09/2025 08:17:51;Trator John Deere Série 6J - 6166;3;6842;ALAN TURING;CALAGEM;UNIMAR ADUBAÇÃO;Adubação - Nível Mínimo da Caçamba de Adubo
POINT (-49.979734793376586 -22.250658183647737);1757416610.5;09/09/2025 08:16:50;Trator John Deere Série 6J - 6166;3;6842;ALAN TURING;CALAGEM;UNIMAR ADUBAÇÃO;Adubação - Nível Mínimo da Caçamba de Adubo
POINT (-49.980932449448254 -22.250039329452925);1757416532.8;09/09/2025 08:15:33;Trator John Deere Série 6J - 6166;3;6842;ALAN TURING;CALAGEM;UNIMAR ADUBAÇÃO;Adubação - Nível Mínimo da Caçamba de Adubo
POINT (-49.98256364426727 -22.250302183296487);1757416434.9;09/09/2025 08:13:55;Trator John Deere Série 6J - 6166;3;6842;ALAN TURING;CALAGEM;UNIMAR ADUBAÇÃO;Adubação - Nível Mínimo da Caçamba de Adubo
POINT (-49.97945827877197 -22.25045234622567);1757416266.3;09/09/2025 08:11:06;Trator John Deere Série 6J - 6166;3;6842;ALAN TURING;CALAGEM;UNIMAR ADUBAÇÃO;Adubação - Nível Mínimo da Caçamba de Adubo
POINT (-49.97881058469547 -22.250142618176096);1757415803.1;09/09/2025 08:03:23;Trator John Deere Série 6J - 6166;3;6842;ALAN TURING;CALAGEM;UNIMAR ADUBAÇÃO;Adubação - Nível Mínimo da Caçamba de Adubo
POINT (-49.97863577749596 -22.24994565060759);1757415604.6;09/09/2025 08:00:05;Trator John Deere Série 6J - 6166;3;6842;ALAN TURING;CALAGEM;UNIMAR ADUBAÇÃO;Adubação - Nível Mínimo da Caçamba de Adubo
POINT (-49.97878756227256 -22.25041590865647);1757415081.9;09/09/2025 07:51:22;Trator John Deere Série 6J - 6166;3;6842;ALAN TURING;CALAGEM;UNIMAR ADUBAÇÃO;Adubação - Nível Mínimo da Caçamba de Adubo
POINT (-49.97571933298265 -22.248350712882083);1757347305.6;08/09/2025 13:01:46;Trator John Deere Série 6J - 6166;3;6842;ALAN TURING;CALAGEM;UNIMAR ADUBAÇÃO;Adubação - Erro de Comunicação com o Display
POINT (-49.97837352326086 -22.249524008865436);1757339483.7;08/09/2025 10:51:24;Trator John Deere Série 6J - 6166;3;6842;ALAN TURING;CALAGEM;UNIMAR ADUBAÇÃO;Adubação - Nível Mínimo da Caçamba de Adubo
POINT (-49.97903318501474 -22.25001392196443);1757339439.4;08/09/2025 10:50:39;Trator John Deere Série 6J - 6166;3;6842;ALAN TURING;CALAGEM;UNIMAR ADUBAÇÃO;Adubação - Nível Mínimo da Caçamba de Adubo
POINT (-49.979635589308764 -22.2501032618209);1757339406.8;08/09/2025 10:50:07;Trator John Deere Série 6J - 6166;3;6842;ALAN TURING;CALAGEM;UNIMAR ADUBAÇÃO;Adubação - Nível Mínimo da Caçamba de Adubo
POINT (-49.98145147683529 -22.249704299347304);1757339266;08/09/2025 10:47:46;Trator John Deere Série 6J - 6166;3;6842;ALAN TURING;CALAGEM;UNIMAR ADUBAÇÃO;Adubação - Nível Mínimo da Caçamba de Adubo
POINT (-49.98245266703166 -22.24989416230662);1757339210.1;08/09/2025 10:46:50;Trator John Deere Série 6J - 6166;3;6842;ALAN TURING;CALAGEM;UNIMAR ADUBAÇÃO;Adubação - Nível Mínimo da Caçamba de Adubo
POINT (-49.98194520470314 -22.249942488347152);1757339175.7;08/09/2025 10:46:16;Trator John Deere Série 6J - 6166;3;6842;ALAN TURING;CALAGEM;UNIMAR ADUBAÇÃO;Adubação - Nível Mínimo da Caçamba de Adubo
POINT (-49.982588922039476 -22.249487335839195);1757339119.1;08/09/2025 10:45:19;Trator John Deere Série 6J - 6166;3;6842;ALAN TURING;CALAGEM;UNIMAR ADUBAÇÃO;Adubação - Nível Mínimo da Caçamba de Adubo
POINT (-49.98285321378024 -22.248947170797024);1757339083.8;08/09/2025 10:44:44;Trator John Deere Série 6J - 6166;3;6842;ALAN TURING;CALAGEM;UNIMAR ADUBAÇÃO;Adubação - Nível Mínimo da Caçamba de Adubo
POINT (-49.98169404124275 -22.249749104453205);1757338975.5;08/09/2025 10:42:56;Trator John Deere Série 6J - 6166;3;6842;ALAN TURING;CALAGEM;UNIMAR ADUBAÇÃO;Adubação - Nível Mínimo da Caçamba de Adubo
POINT (-49.98296566143253 -22.24897311713751);1757338833.5;08/09/2025 10:40:34;Trator John Deere Série 6J - 6166;3;6842;ALAN TURING;CALAGEM;UNIMAR ADUBAÇÃO;Adubação - Nível Mínimo da Caçamba de Adubo
POINT (-49.98401661138358 -22.250128963590857);1757338086.2;08/09/2025 10:28:06;Trator John Deere Série 6J - 6166;3;6842;ALAN TURING;CALAGEM;UNIMAR ADUBAÇÃO;Adubação - Nível Mínimo da Caçamba de Adubo
POINT (-49.9839175435345 -22.250170191745703);1757338045.6;08/09/2025 10:27:26;Trator John Deere Série 6J - 6166;3;6842;ALAN TURING;CALAGEM;UNIMAR ADUBAÇÃO;Adubação - Nível Mínimo da Caçamba de Adubo
POINT (-49.98457365494386 -22.25036427426643);1757337994.6;08/09/2025 10:26:35;Trator John Deere Série 6J - 6166;3;6842;ALAN TURING;CALAGEM;UNIMAR ADUBAÇÃO;Adubação - Nível Mínimo da Caçamba de Adubo
POINT (-49.985441022328125 -22.250617434123228);1757337946.8;08/09/2025 10:25:47;Trator John Deere Série 6J - 6166;3;6842;ALAN TURING;CALAGEM;UNIMAR ADUBAÇÃO;Adubação - Nível Mínimo da Caçamba de Adubo
POINT (-49.984823221101344 -22.250414927466895);1757336944.4;08/09/2025 10:09:04;Trator John Deere Série 6J - 6166;3;6842;ALAN TURING;CALAGEM;UNIMAR ADUBAÇÃO;Adubação - Nível Mínimo da Caçamba de Adubo
POINT (-49.98496770445754 -22.25046366500865);1757336923.8;08/09/2025 10:08:44;Trator John Deere Série 6J - 6166;3;6842;ALAN TURING;CALAGEM;UNIMAR ADUBAÇÃO;Adubação - Erro de Controle - Esteira
POINT (-49.98520158957204 -22.250547948183033);1757336907.1;08/09/2025 10:08:27;Trator John Deere Série 6J - 6166;3;6842;ALAN TURING;CALAGEM;UNIMAR ADUBAÇÃO;Adubação - Erro do Sensor - Discos
POINT (-49.98520158957204 -22.250547948183033);1757336907.1;08/09/2025 10:08:27;Trator John Deere Série 6J - 6166;3;6842;ALAN TURING;CALAGEM;UNIMAR ADUBAÇÃO;Adubação - Limite Máximo da Esteira
POINT (-49.98520158957204 -22.250547948183033);1757336907.1;08/09/2025 10:08:27;Trator John Deere Série 6J - 6166;3;6842;ALAN TURING;CALAGEM;UNIMAR ADUBAÇÃO;Adubação - Erro do Sensor - Esteira
POINT (-49.98529229238166 -22.250566960332627);1757336902.1;08/09/2025 10:08:22;Trator John Deere Série 6J - 6166;3;6842;ALAN TURING;CALAGEM;UNIMAR ADUBAÇÃO;Adubação - Dose Máxima
POINT (-49.98529229238166 -22.250566960332627);1757336902.1;08/09/2025 10:08:22;Trator John Deere Série 6J - 6166;3;6842;ALAN TURING;CALAGEM;UNIMAR ADUBAÇÃO;Adubação - Erro de Controle - Porta Direita
POINT (-49.98529229238166 -22.250566960332627);1757336902.1;08/09/2025 10:08:22;Trator John Deere Série 6J - 6166;3;6842;ALAN TURING;CALAGEM;UNIMAR ADUBAÇÃO;Adubação - Erro do Sensor - Porta Direita
POINT (-49.98546135094975 -22.250635182205144);1757336892.1;08/09/2025 10:08:12;Trator John Deere Série 6J - 6166;3;6842;ALAN TURING;CALAGEM;UNIMAR ADUBAÇÃO;Adubação - Nível Mínimo da Caçamba de Adubo
POINT (-49.98328322614676 -22.248917584641923);1757336698;08/09/2025 10:04:58;Trator John Deere Série 6J - 6166;3;6842;ALAN TURING;CALAGEM;UNIMAR ADUBAÇÃO;Adubação - Nível Mínimo da Caçamba de Adubo
POINT (-49.981864118811714 -22.24939831652868);1757336590.2;08/09/2025 10:03:10;Trator John Deere Série 6J - 6166;3;6842;ALAN TURING;CALAGEM;UNIMAR ADUBAÇÃO;Adubação - Nível Mínimo da Caçamba de Adubo
POINT (-49.98168403805317 -22.249391293848575);1757336522.2;08/09/2025 10:02:02;Trator John Deere Série 6J - 6166;3;6842;ALAN TURING;CALAGEM;UNIMAR ADUBAÇÃO;Adubação - Nível Mínimo da Caçamba de Adubo
POINT (-49.9825207551413 -22.24851428538549);1757336402.3;08/09/2025 10:00:02;Trator John Deere Série 6J - 6166;3;6842;ALAN TURING;CALAGEM;UNIMAR ADUBAÇÃO;Adubação - Nível Mínimo da Caçamba de Adubo
POINT (-49.98322382958704 -22.248845530223665);1757336334.8;08/09/2025 09:58:55;Trator John Deere Série 6J - 6166;3;6842;ALAN TURING;CALAGEM;UNIMAR ADUBAÇÃO;Adubação - Nível Mínimo da Caçamba de Adubo
POINT (-49.97973414837301 -22.24961537809075);1757336075.2;08/09/2025 09:54:35;Trator John Deere Série 6J - 6166;3;6842;ALAN TURING;CALAGEM;UNIMAR ADUBAÇÃO;Adubação - Nível Mínimo da Caçamba de Adubo
POINT (-49.97886261787138 -22.249285000176585);1757335907.4;08/09/2025 09:51:47;Trator John Deere Série 6J - 6166;3;6842;ALAN TURING;CALAGEM;UNIMAR ADUBAÇÃO;Adubação - Nível Mínimo da Caçamba de Adubo
POINT (-49.976508257247815 -22.247532444804065);1757334144.1;08/09/2025 09:22:24;Trator John Deere Série 6J - 6166;3;6842;ALAN TURING;CALAGEM;UNIMAR ADUBAÇÃO;Adubação - Nível Mínimo da Caçamba de Adubo
POINT (-49.97747844517536 -22.24816242879532);1757334062.4;08/09/2025 09:21:02;Trator John Deere Série 6J - 6166;3;6842;ALAN TURING;CALAGEM;UNIMAR ADUBAÇÃO;Adubação - Nível Mínimo da Caçamba de Adubo
POINT (-49.985723999714 -22.25027034968375);1757333339.5;08/09/2025 09:09:00;Trator John Deere Série 6J - 6166;3;6842;ALAN TURING;CALAGEM;UNIMAR ADUBAÇÃO;Adubação - Nível Mínimo da Caçamba de Adubo
POINT (-49.976893943405074 -22.247628438465895);1757332801.9;08/09/2025 09:00:02;Trator John Deere Série 6J - 6166;3;6842;ALAN TURING;CALAGEM;UNIMAR ADUBAÇÃO;Adubação - Nível Mínimo da Caçamba de Adubo
POINT (-49.9766256223655 -22.247158765706295);1757331609.4;08/09/2025 08:40:09;Trator John Deere Série 6J - 6166;3;6842;ALAN TURING;CALAGEM;UNIMAR ADUBAÇÃO;Adubação - Nível Mínimo da Caçamba de Adubo
POINT (-49.977045552089564 -22.247478836337056);1757331580.4;08/09/2025 08:39:40;Trator John Deere Série 6J - 6166;3;6842;ALAN TURING;CALAGEM;UNIMAR ADUBAÇÃO;Adubação - Erro de Controle - Porta Esquerda
POINT (-49.9771525336849 -22.247578514689096);1757331572.9;08/09/2025 08:39:33;Trator John Deere Série 6J - 6166;3;6842;ALAN TURING;CALAGEM;UNIMAR ADUBAÇÃO;Adubação - Nível Mínimo da Caçamba de Adubo
POINT (-49.977186174245226 -22.247514265431743);1757331474.4;08/09/2025 08:37:54;Trator John Deere Série 6J - 6166;3;6842;ALAN TURING;CALAGEM;UNIMAR ADUBAÇÃO;Adubação - Nível Mínimo da Caçamba de Adubo
POINT (-49.978843814860404 -22.248783813499063);1757331353.3;08/09/2025 08:35:53;Trator John Deere Série 6J - 6166;3;6842;ALAN TURING;CALAGEM;UNIMAR ADUBAÇÃO;Adubação - Nível Mínimo da Caçamba de Adubo
POINT (-49.97881312023671 -22.249087556365726);1757331336.5;08/09/2025 08:35:36;Trator John Deere Série 6J - 6166;3;6842;ALAN TURING;CALAGEM;UNIMAR ADUBAÇÃO;Adubação - Nível Mínimo da Caçamba de Adubo
POINT (-49.97673938914691 -22.247061968739512);1757331167.1;08/09/2025 08:32:47;Trator John Deere Série 6J - 6166;3;6842;ALAN TURING;CALAGEM;UNIMAR ADUBAÇÃO;Adubação - Nível Mínimo da Caçamba de Adubo
POINT (-49.97565134690936 -22.248110020854615);1757100273.1;05/09/2025 16:24:33;Trator John Deere Série 6J - 6166;3;6842;ALAN TURING;CALAGEM;UNIMAR ADUBAÇÃO;Adubação - Erro de Comunicação com o Display
POINT (-49.97580855173527 -22.24832946574968);1757099583.3;05/09/2025 16:13:03;Trator John Deere Série 6J - 6166;3;6842;ALAN TURING;CALAGEM;UNIMAR ADUBAÇÃO;Adubação - Erro de Comunicação com o Display
POINT (-49.97551905950887 -22.240416769386727);1757099264.7;05/09/2025 16:07:45;Trator John Deere Série 6J - 6166;3;6842;ALAN TURING;CALAGEM;UNIMAR ADUBAÇÃO;Adubação - Nível Mínimo da Caçamba de Adubo
POINT (-49.97611474893912 -22.240415628992483);1757099215.3;05/09/2025 16:06:55;Trator John Deere Série 6J - 6166;3;6842;ALAN TURING;CALAGEM;UNIMAR ADUBAÇÃO;Adubação - Nível Mínimo da Caçamba de Adubo
POINT (-49.97538198179289 -22.240509171884067);1757099167.2;05/09/2025 16:06:07;Trator John Deere Série 6J - 6166;3;6842;ALAN TURING;CALAGEM;UNIMAR ADUBAÇÃO;Adubação - Nível Mínimo da Caçamba de Adubo
POINT (-49.97631511922216 -22.240572261348067);1757099121.8;05/09/2025 16:05:22;Trator John Deere Série 6J - 6166;3;6842;ALAN TURING;CALAGEM;UNIMAR ADUBAÇÃO;Adubação - Nível Mínimo da Caçamba de Adubo
POINT (-49.97632182654208 -22.24064200301945);1757099096.9;05/09/2025 16:04:57;Trator John Deere Série 6J - 6166;3;6842;ALAN TURING;CALAGEM;UNIMAR ADUBAÇÃO;Adubação - Nível Mínimo da Caçamba de Adubo
POINT (-49.97757811136015 -22.24224962203969);1757099008.5;05/09/2025 16:03:28;Trator John Deere Série 6J - 6166;3;6842;ALAN TURING;CALAGEM;UNIMAR ADUBAÇÃO;Adubação - Nível Mínimo da Caçamba de Adubo
POINT (-49.97729700201915 -22.241743120113433);1757098969.6;05/09/2025 16:02:50;Trator John Deere Série 6J - 6166;3;6842;ALAN TURING;CALAGEM;UNIMAR ADUBAÇÃO;Adubação - Nível Mínimo da Caçamba de Adubo
POINT (-49.97751575770686 -22.242328168692953);1757098916.4;05/09/2025 16:01:56;Trator John Deere Série 6J - 6166;3;6842;ALAN TURING;CALAGEM;UNIMAR ADUBAÇÃO;Adubação - Nível Mínimo da Caçamba de Adubo
POINT (-49.975240675753476 -22.240659701934728);1757097275.2;05/09/2025 15:34:35;Trator John Deere Série 6J - 6166;3;6842;ALAN TURING;CALAGEM;UNIMAR ADUBAÇÃO;Adubação - Nível Mínimo da Caçamba de Adubo
POINT (-49.976335903681566 -22.24061653411249);1757097201.2;05/09/2025 15:33:21;Trator John Deere Série 6J - 6166;3;6842;ALAN TURING;CALAGEM;UNIMAR ADUBAÇÃO;Adubação - Nível Mínimo da Caçamba de Adubo
POINT (-49.97505388446822 -22.240851320795848);1757097123.9;05/09/2025 15:32:04;Trator John Deere Série 6J - 6166;3;6842;ALAN TURING;CALAGEM;UNIMAR ADUBAÇÃO;Adubação - Nível Mínimo da Caçamba de Adubo
POINT (-49.97649553644436 -22.240816649519395);1757097035.5;05/09/2025 15:30:36;Trator John Deere Série 6J - 6166;3;6842;ALAN TURING;CALAGEM;UNIMAR ADUBAÇÃO;Adubação - Nível Mínimo da Caçamba de Adubo
POINT (-49.97484721571237 -22.241005283111242);1757096936.4;05/09/2025 15:28:56;Trator John Deere Série 6J - 6166;3;6842;ALAN TURING;CALAGEM;UNIMAR ADUBAÇÃO;Adubação - Nível Mínimo da Caçamba de Adubo
POINT (-49.97668499804567 -22.241082904058764);1757096823;05/09/2025 15:27:03;Trator John Deere Série 6J - 6166;3;6842;ALAN TURING;CALAGEM;UNIMAR ADUBAÇÃO;Adubação - Nível Mínimo da Caçamba de Adubo
POINT (-49.974569147193165 -22.241095432129846);1757096699;05/09/2025 15:24:59;Trator John Deere Série 6J - 6166;3;6842;ALAN TURING;CALAGEM;UNIMAR ADUBAÇÃO;Adubação - Nível Mínimo da Caçamba de Adubo
POINT (-49.97284575912551 -22.243632579041424);1757096010.6;05/09/2025 15:13:31;Trator John Deere Série 6J - 6166;3;6842;ALAN TURING;CALAGEM;UNIMAR ADUBAÇÃO;Adubação - Nível Mínimo da Caçamba de Adubo
POINT (-49.97315399976864 -22.243428426338916);1757095940.7;05/09/2025 15:12:21;Trator John Deere Série 6J - 6166;3;6842;ALAN TURING;CALAGEM;UNIMAR ADUBAÇÃO;Adubação - Nível Mínimo da Caçamba de Adubo
POINT (-49.972383703333236 -22.243931819833936);1757095799.8;05/09/2025 15:10:00;Trator John Deere Série 6J - 6166;3;6842;ALAN TURING;CALAGEM;UNIMAR ADUBAÇÃO;Adubação - Nível Mínimo da Caçamba de Adubo
POINT (-49.97243340108435 -22.243630051356526);1757095621.6;05/09/2025 15:07:02;Trator John Deere Série 6J - 6166;3;6842;ALAN TURING;CALAGEM;UNIMAR ADUBAÇÃO;Adubação - Nível Mínimo da Caçamba de Adubo
POINT (-49.97318012162844 -22.24319400182962);1757095571;05/09/2025 15:06:11;Trator John Deere Série 6J - 6166;3;6842;ALAN TURING;CALAGEM;UNIMAR ADUBAÇÃO;Adubação - Nível Mínimo da Caçamba de Adubo
POINT (-49.97437259396532 -22.242672930923717);1757095502.7;05/09/2025 15:05:03;Trator John Deere Série 6J - 6166;3;6842;ALAN TURING;CALAGEM;UNIMAR ADUBAÇÃO;Adubação - Nível Mínimo da Caçamba de Adubo
POINT (-49.972390288111896 -22.243421123969796);1757095381;05/09/2025 15:03:01;Trator John Deere Série 6J - 6166;3;6842;ALAN TURING;CALAGEM;UNIMAR ADUBAÇÃO;Adubação - Nível Mínimo da Caçamba de Adubo
POINT (-49.9734484619932 -22.242991483948735);1757095202.1;05/09/2025 15:00:02;Trator John Deere Série 6J - 6166;3;6842;ALAN TURING;CALAGEM;UNIMAR ADUBAÇÃO;Adubação - Nível Mínimo da Caçamba de Adubo
POINT (-49.97239808329707 -22.243333080737134);1757095144.7;05/09/2025 14:59:05;Trator John Deere Série 6J - 6166;3;6842;ALAN TURING;CALAGEM;UNIMAR ADUBAÇÃO;Adubação - Nível Mínimo da Caçamba de Adubo
POINT (-49.97347935660279 -22.24273699451063);1757095077.1;05/09/2025 14:57:57;Trator John Deere Série 6J - 6166;3;6842;ALAN TURING;CALAGEM;UNIMAR ADUBAÇÃO;Adubação - Nível Mínimo da Caçamba de Adubo
POINT (-49.97263169903256 -22.24304818064141);1757094953.2;05/09/2025 14:55:53;Trator John Deere Série 6J - 6166;3;6842;ALAN TURING;CALAGEM;UNIMAR ADUBAÇÃO;Adubação - Nível Mínimo da Caçamba de Adubo
POINT (-49.974260329921236 -22.24244220694461);1757094850.2;05/09/2025 14:54:10;Trator John Deere Série 6J - 6166;3;6842;ALAN TURING;CALAGEM;UNIMAR ADUBAÇÃO;Adubação - Nível Mínimo da Caçamba de Adubo
POINT (-49.97501291821545 -22.242255217786834);1757094811.1;05/09/2025 14:53:31;Trator John Deere Série 6J - 6166;3;6842;ALAN TURING;CALAGEM;UNIMAR ADUBAÇÃO;Adubação - Nível Mínimo da Caçamba de Adubo
POINT (-49.97447896418357 -22.242382377989085);1757094760.9;05/09/2025 14:52:41;Trator John Deere Série 6J - 6166;3;6842;ALAN TURING;CALAGEM;UNIMAR ADUBAÇÃO;Adubação - Nível Mínimo da Caçamba de Adubo
POINT (-49.97525974163812 -22.242227252650032);1757094685.3;05/09/2025 14:51:25;Trator John Deere Série 6J - 6166;3;6842;ALAN TURING;CALAGEM;UNIMAR ADUBAÇÃO;Adubação - Nível Mínimo da Caçamba de Adubo
POINT (-49.97562718947019 -22.242074961001045);1757094665;05/09/2025 14:51:05;Trator John Deere Série 6J - 6166;3;6842;ALAN TURING;CALAGEM;UNIMAR ADUBAÇÃO;Adubação - Nível Mínimo da Caçamba de Adubo
POINT (-49.97610964249375 -22.24223351249142);1757094635.3;05/09/2025 14:50:35;Trator John Deere Série 6J - 6166;3;6842;ALAN TURING;CALAGEM;UNIMAR ADUBAÇÃO;Adubação - Nível Mínimo da Caçamba de Adubo
POINT (-49.975762142427264 -22.242095222032628);1757094599.5;05/09/2025 14:50:00;Trator John Deere Série 6J - 6166;3;6842;ALAN TURING;CALAGEM;UNIMAR ADUBAÇÃO;Adubação - Nível Mínimo da Caçamba de Adubo
POINT (-49.97604942003598 -22.242872172565075);1757094527.2;05/09/2025 14:48:47;Trator John Deere Série 6J - 6166;3;6842;ALAN TURING;CALAGEM;UNIMAR ADUBAÇÃO;Adubação - Nível Mínimo da Caçamba de Adubo
POINT (-49.97564700975689 -22.241981478013965);1757094440.9;05/09/2025 14:47:21;Trator John Deere Série 6J - 6166;3;6842;ALAN TURING;CALAGEM;UNIMAR ADUBAÇÃO;Adubação - Nível Mínimo da Caçamba de Adubo
POINT (-49.97592246057466 -22.243033892434248);1757094372.4;05/09/2025 14:46:12;Trator John Deere Série 6J - 6166;3;6842;ALAN TURING;CALAGEM;UNIMAR ADUBAÇÃO;Adubação - Nível Mínimo da Caçamba de Adubo
POINT (-49.97610513504407 -22.242726875552464);1757094217.5;05/09/2025 14:43:38;Trator John Deere Série 6J - 6166;3;6842;ALAN TURING;CALAGEM;UNIMAR ADUBAÇÃO;Adubação - Nível Mínimo da Caçamba de Adubo
POINT (-49.97595983960673 -22.248203742859864);1757084471.4;05/09/2025 12:01:11;Trator John Deere Série 6J - 6166;5;6842;ALAN TURING;CALAGEM;UNIMAR ADUBAÇÃO;Adubação - Erro do Sensor - Porta Esquerda
POINT (-49.97595983960673 -22.248203742859864);1757084471.4;05/09/2025 12:01:11;Trator John Deere Série 6J - 6166;5;6842;ALAN TURING;CALAGEM;UNIMAR ADUBAÇÃO;Adubação - Erro de Controle - Porta Esquerda
POINT (-49.97595983960673 -22.248203742859864);1757084471.4;05/09/2025 12:01:11;Trator John Deere Série 6J - 6166;5;6842;ALAN TURING;CALAGEM;UNIMAR ADUBAÇÃO;Adubação - Erro de Controle - Porta Direita
POINT (-49.97595983960673 -22.248203742859864);1757084471.4;05/09/2025 12:01:11;Trator John Deere Série 6J - 6166;5;6842;ALAN TURING;CALAGEM;UNIMAR ADUBAÇÃO;Adubação - Erro do Sensor - Porta Direita
POINT (-49.975886399237574 -22.24818845477866);1757083646.1;05/09/2025 11:47:26;Trator John Deere Série 6J - 6166;5;6842;ALAN TURING;CALAGEM;UNIMAR ADUBAÇÃO;Adubação - Erro do Sensor - Discos
POINT (-49.975886399237574 -22.24818845477866);1757083641.1;05/09/2025 11:47:21;Trator John Deere Série 6J - 6166;5;6842;ALAN TURING;CALAGEM;UNIMAR ADUBAÇÃO;Adubação - Erro do Sensor - Porta Esquerda
POINT (-49.975886399237574 -22.24818845477866);1757083641.1;05/09/2025 11:47:21;Trator John Deere Série 6J - 6166;5;6842;ALAN TURING;CALAGEM;UNIMAR ADUBAÇÃO;Adubação - Erro de Controle - Porta Esquerda
POINT (-49.975886399237574 -22.24818845477866);1757083641.1;05/09/2025 11:47:21;Trator John Deere Série 6J - 6166;5;6842;ALAN TURING;CALAGEM;UNIMAR ADUBAÇÃO;Adubação - Erro de Controle - Porta Direita
POINT (-49.975886399237574 -22.24818845477866);1757083641.1;05/09/2025 11:47:21;Trator John Deere Série 6J - 6166;5;6842;ALAN TURING;CALAGEM;UNIMAR ADUBAÇÃO;Adubação - Erro do Sensor - Porta Direita
POINT (-49.975886399237574 -22.24818845477866);1757083641.1;05/09/2025 11:47:21;Trator John Deere Série 6J - 6166;5;6842;ALAN TURING;CALAGEM;UNIMAR ADUBAÇÃO;Adubação - Nível Mínimo da Caçamba de Adubo
POINT (-49.975886399237574 -22.24818845477866);1757083626.1;05/09/2025 11:47:06;Trator John Deere Série 6J - 6166;5;6842;ALAN TURING;CALAGEM;UNIMAR ADUBAÇÃO;Adubação - Erro do Sensor - Porta Esquerda
POINT (-49.975886399237574 -22.24818845477866);1757083626.1;05/09/2025 11:47:06;Trator John Deere Série 6J - 6166;5;6842;ALAN TURING;CALAGEM;UNIMAR ADUBAÇÃO;Adubação - Erro de Controle - Porta Esquerda
POINT (-49.975886399237574 -22.24818845477866);1757083626.1;05/09/2025 11:47:06;Trator John Deere Série 6J - 6166;5;6842;ALAN TURING;CALAGEM;UNIMAR ADUBAÇÃO;Adubação - Erro de Controle - Porta Direita
POINT (-49.975886399237574 -22.24818845477866);1757083626.1;05/09/2025 11:47:06;Trator John Deere Série 6J - 6166;5;6842;ALAN TURING;CALAGEM;UNIMAR ADUBAÇÃO;Adubação - Erro do Sensor - Porta Direita
POINT (-49.975886399237574 -22.24818845477866);1757083541.1;05/09/2025 11:45:41;Trator John Deere Série 6J - 6166;5;6842;ALAN TURING;CALAGEM;UNIMAR ADUBAÇÃO;Adubação - Limite Máximo dos Discos
POINT (-49.975886399237574 -22.24818845477866);1757083536.1;05/09/2025 11:45:36;Trator John Deere Série 6J - 6166;5;6842;ALAN TURING;CALAGEM;UNIMAR ADUBAÇÃO;Adubação - Erro de Controle - Discos
POINT (-49.975886399237574 -22.24818845477866);1757083481.1;05/09/2025 11:44:41;Trator John Deere Série 6J - 6166;5;6842;ALAN TURING;CALAGEM;UNIMAR ADUBAÇÃO;Adubação - Erro do Sensor - Discos
POINT (-49.975886399237574 -22.24818845477866);1757083476.1;05/09/2025 11:44:36;Trator John Deere Série 6J - 6166;5;6842;ALAN TURING;CALAGEM;UNIMAR ADUBAÇÃO;Adubação - Erro do Sensor - Porta Esquerda
POINT (-49.975886399237574 -22.24818845477866);1757083476.1;05/09/2025 11:44:36;Trator John Deere Série 6J - 6166;5;6842;ALAN TURING;CALAGEM;UNIMAR ADUBAÇÃO;Adubação - Erro de Controle - Porta Esquerda
POINT (-49.975886399237574 -22.24818845477866);1757083476.1;05/09/2025 11:44:36;Trator John Deere Série 6J - 6166;5;6842;ALAN TURING;CALAGEM;UNIMAR ADUBAÇÃO;Adubação - Erro de Controle - Porta Direita
POINT (-49.975886399237574 -22.24818845477866);1757083476.1;05/09/2025 11:44:36;Trator John Deere Série 6J - 6166;5;6842;ALAN TURING;CALAGEM;UNIMAR ADUBAÇÃO;Adubação - Erro do Sensor - Porta Direita
POINT (-49.975886399237574 -22.24818845477866);1757083334.8;05/09/2025 11:42:15;Trator John Deere Série 6J - 6166;5;6842;ALAN TURING;CALAGEM;UNIMAR ADUBAÇÃO;Adubação - Limite Máximo dos Discos
POINT (-49.975886399237574 -22.24818845477866);1757083329.8;05/09/2025 11:42:10;Trator John Deere Série 6J - 6166;5;6842;ALAN TURING;CALAGEM;UNIMAR ADUBAÇÃO;Adubação - Erro de Controle - Discos
POINT (-49.975886399237574 -22.24818845477866);1757083289.1;05/09/2025 11:41:29;Trator John Deere Série 6J - 6166;5;6842;ALAN TURING;CALAGEM;UNIMAR ADUBAÇÃO;Adubação - Erro do Sensor - Discos
POINT (-49.975886399237574 -22.24818845477866);1757083289.1;05/09/2025 11:41:29;Trator John Deere Série 6J - 6166;5;6842;ALAN TURING;CALAGEM;UNIMAR ADUBAÇÃO;Adubação - Erro do Sensor - Porta Esquerda
POINT (-49.975886399237574 -22.24818845477866);1757083289.1;05/09/2025 11:41:29;Trator John Deere Série 6J - 6166;5;6842;ALAN TURING;CALAGEM;UNIMAR ADUBAÇÃO;Adubação - Erro de Controle - Porta Esquerda
POINT (-49.975886399237574 -22.24818845477866);1757083289.1;05/09/2025 11:41:29;Trator John Deere Série 6J - 6166;5;6842;ALAN TURING;CALAGEM;UNIMAR ADUBAÇÃO;Adubação - Erro de Controle - Porta Direita
POINT (-49.975886399237574 -22.24818845477866);1757083289.1;05/09/2025 11:41:29;Trator John Deere Série 6J - 6166;5;6842;ALAN TURING;CALAGEM;UNIMAR ADUBAÇÃO;Adubação - Erro do Sensor - Porta Direita
POINT (-49.97592126950872 -22.248327137259665);1757082280.1;05/09/2025 11:24:40;Trator John Deere Série 6J - 6166;5;6842;ALAN TURING;CALAGEM;UNIMAR ADUBAÇÃO;Adubação - Erro do Sensor - Porta Esquerda
POINT (-49.97592126950872 -22.248327137259665);1757082280.1;05/09/2025 11:24:40;Trator John Deere Série 6J - 6166;5;6842;ALAN TURING;CALAGEM;UNIMAR ADUBAÇÃO;Adubação - Erro de Controle - Porta Esquerda
POINT (-49.97592126950872 -22.248327137259665);1757082280.1;05/09/2025 11:24:40;Trator John Deere Série 6J - 6166;5;6842;ALAN TURING;CALAGEM;UNIMAR ADUBAÇÃO;Adubação - Erro de Controle - Porta Direita
POINT (-49.97592126950872 -22.248327137259665);1757082280.1;05/09/2025 11:24:40;Trator John Deere Série 6J - 6166;5;6842;ALAN TURING;CALAGEM;UNIMAR ADUBAÇÃO;Adubação - Erro do Sensor - Porta Direita
POINT (-49.97592126950872 -22.248327137259665);1757082235.1;05/09/2025 11:23:55;Trator John Deere Série 6J - 6166;5;6842;ALAN TURING;CALAGEM;UNIMAR ADUBAÇÃO;Adubação - Erro do Sensor - Discos
POINT (-49.97592126950872 -22.248327137259665);1757082230.1;05/09/2025 11:23:50;Trator John Deere Série 6J - 6166;5;6842;ALAN TURING;CALAGEM;UNIMAR ADUBAÇÃO;Adubação - Erro do Sensor - Porta Esquerda
POINT (-49.97592126950872 -22.248327137259665);1757082230.1;05/09/2025 11:23:50;Trator John Deere Série 6J - 6166;5;6842;ALAN TURING;CALAGEM;UNIMAR ADUBAÇÃO;Adubação - Erro de Controle - Porta Esquerda
POINT (-49.97592126950872 -22.248327137259665);1757082230.1;05/09/2025 11:23:50;Trator John Deere Série 6J - 6166;5;6842;ALAN TURING;CALAGEM;UNIMAR ADUBAÇÃO;Adubação - Erro de Controle - Porta Direita
POINT (-49.97592126950872 -22.248327137259665);1757082230.1;05/09/2025 11:23:50;Trator John Deere Série 6J - 6166;5;6842;ALAN TURING;CALAGEM;UNIMAR ADUBAÇÃO;Adubação - Erro do Sensor - Porta Direita
POINT (-49.97592126950872 -22.248327137259665);1757082170.1;05/09/2025 11:22:50;Trator John Deere Série 6J - 6166;5;6842;ALAN TURING;CALAGEM;UNIMAR ADUBAÇÃO;Adubação - Limite Máximo dos Discos
POINT (-49.97592126950872 -22.248327137259665);1757082165.1;05/09/2025 11:22:45;Trator John Deere Série 6J - 6166;5;6842;ALAN TURING;CALAGEM;UNIMAR ADUBAÇÃO;Adubação - Erro de Controle - Discos
POINT (-49.97592126950872 -22.248327137259665);1757082115.1;05/09/2025 11:21:55;Trator John Deere Série 6J - 6166;5;6842;ALAN TURING;CALAGEM;UNIMAR ADUBAÇÃO;Adubação - Erro do Sensor - Discos
POINT (-49.97592126950872 -22.248327137259665);1757082115.1;05/09/2025 11:21:55;Trator John Deere Série 6J - 6166;5;6842;ALAN TURING;CALAGEM;UNIMAR ADUBAÇÃO;Adubação - Nível Mínimo da Caçamba de Adubo
POINT (-49.97592126950872 -22.248327137259665);1757082110.1;05/09/2025 11:21:50;Trator John Deere Série 6J - 6166;5;6842;ALAN TURING;CALAGEM;UNIMAR ADUBAÇÃO;Adubação - Erro do Sensor - Porta Esquerda
POINT (-49.97592126950872 -22.248327137259665);1757082110.1;05/09/2025 11:21:50;Trator John Deere Série 6J - 6166;5;6842;ALAN TURING;CALAGEM;UNIMAR ADUBAÇÃO;Adubação - Erro de Controle - Porta Esquerda
POINT (-49.97592126950872 -22.248327137259665);1757082110.1;05/09/2025 11:21:50;Trator John Deere Série 6J - 6166;5;6842;ALAN TURING;CALAGEM;UNIMAR ADUBAÇÃO;Adubação - Erro de Controle - Porta Direita
POINT (-49.97592126950872 -22.248327137259665);1757082110.1;05/09/2025 11:21:50;Trator John Deere Série 6J - 6166;5;6842;ALAN TURING;CALAGEM;UNIMAR ADUBAÇÃO;Adubação - Erro do Sensor - Porta Direita
POINT (-49.97592126950872 -22.248327137259665);1757082095.1;05/09/2025 11:21:35;Trator John Deere Série 6J - 6166;5;6842;ALAN TURING;CALAGEM;UNIMAR ADUBAÇÃO;Adubação - Erro do Sensor - Discos
POINT (-49.97592126950872 -22.248327137259665);1757082090.1;05/09/2025 11:21:30;Trator John Deere Série 6J - 6166;5;6842;ALAN TURING;CALAGEM;UNIMAR ADUBAÇÃO;Adubação - Erro do Sensor - Porta Esquerda
POINT (-49.97592126950872 -22.248327137259665);1757082090.1;05/09/2025 11:21:30;Trator John Deere Série 6J - 6166;5;6842;ALAN TURING;CALAGEM;UNIMAR ADUBAÇÃO;Adubação - Erro de Controle - Porta Esquerda
POINT (-49.97592126950872 -22.248327137259665);1757082090.1;05/09/2025 11:21:30;Trator John Deere Série 6J - 6166;5;6842;ALAN TURING;CALAGEM;UNIMAR ADUBAÇÃO;Adubação - Erro de Controle - Porta Direita
POINT (-49.97592126950872 -22.248327137259665);1757082090.1;05/09/2025 11:21:30;Trator John Deere Série 6J - 6166;5;6842;ALAN TURING;CALAGEM;UNIMAR ADUBAÇÃO;Adubação - Erro do Sensor - Porta Direita
POINT (-49.97592126950872 -22.248327137259665);1757082090.1;05/09/2025 11:21:30;Trator John Deere Série 6J - 6166;5;6842;ALAN TURING;CALAGEM;UNIMAR ADUBAÇÃO;Adubação - Nível Mínimo da Caçamba de Adubo
POINT (-49.97592126950872 -22.248327137259665);1757081980.1;05/09/2025 11:19:40;Trator John Deere Série 6J - 6166;5;6842;ALAN TURING;CALAGEM;UNIMAR ADUBAÇÃO;Adubação - Erro do Sensor - Porta Esquerda
POINT (-49.97592126950872 -22.248327137259665);1757081980.1;05/09/2025 11:19:40;Trator John Deere Série 6J - 6166;5;6842;ALAN TURING;CALAGEM;UNIMAR ADUBAÇÃO;Adubação - Erro de Controle - Porta Esquerda
POINT (-49.97592126950872 -22.248327137259665);1757081980.1;05/09/2025 11:19:40;Trator John Deere Série 6J - 6166;5;6842;ALAN TURING;CALAGEM;UNIMAR ADUBAÇÃO;Adubação - Erro de Controle - Porta Direita
POINT (-49.97592126950872 -22.248327137259665);1757081980.1;05/09/2025 11:19:40;Trator John Deere Série 6J - 6166;5;6842;ALAN TURING;CALAGEM;UNIMAR ADUBAÇÃO;Adubação - Erro do Sensor - Porta Direita
POINT (-49.97592126950872 -22.248327137259665);1757081925.1;05/09/2025 11:18:45;Trator John Deere Série 6J - 6166;5;6842;ALAN TURING;CALAGEM;UNIMAR ADUBAÇÃO;Adubação - Erro do Sensor - Discos
POINT (-49.97592126950872 -22.248327137259665);1757081920.1;05/09/2025 11:18:40;Trator John Deere Série 6J - 6166;5;6842;ALAN TURING;CALAGEM;UNIMAR ADUBAÇÃO;Adubação - Erro do Sensor - Porta Esquerda
POINT (-49.97592126950872 -22.248327137259665);1757081920.1;05/09/2025 11:18:40;Trator John Deere Série 6J - 6166;5;6842;ALAN TURING;CALAGEM;UNIMAR ADUBAÇÃO;Adubação - Erro de Controle - Porta Esquerda
POINT (-49.97592126950872 -22.248327137259665);1757081920.1;05/09/2025 11:18:40;Trator John Deere Série 6J - 6166;5;6842;ALAN TURING;CALAGEM;UNIMAR ADUBAÇÃO;Adubação - Erro de Controle - Porta Direita
POINT (-49.97592126950872 -22.248327137259665);1757081920.1;05/09/2025 11:18:40;Trator John Deere Série 6J - 6166;5;6842;ALAN TURING;CALAGEM;UNIMAR ADUBAÇÃO;Adubação - Erro do Sensor - Porta Direita
POINT (-49.97592126950872 -22.248327137259665);1757081915.1;05/09/2025 11:18:35;Trator John Deere Série 6J - 6166;5;6842;ALAN TURING;CALAGEM;UNIMAR ADUBAÇÃO;Adubação - Nível Mínimo da Caçamba de Adubo
POINT (-49.97592126950872 -22.248327137259665);1757081895.4;05/09/2025 11:18:15;Trator John Deere Série 6J - 6166;5;6842;ALAN TURING;CALAGEM;UNIMAR ADUBAÇÃO;Adubação - Erro do Sensor - Porta Esquerda
POINT (-49.97592126950872 -22.248327137259665);1757081895.4;05/09/2025 11:18:15;Trator John Deere Série 6J - 6166;5;6842;ALAN TURING;CALAGEM;UNIMAR ADUBAÇÃO;Adubação - Erro de Controle - Porta Esquerda
POINT (-49.97592126950872 -22.248327137259665);1757081895.4;05/09/2025 11:18:15;Trator John Deere Série 6J - 6166;5;6842;ALAN TURING;CALAGEM;UNIMAR ADUBAÇÃO;Adubação - Erro de Controle - Porta Direita
POINT (-49.97592126950872 -22.248327137259665);1757081895.4;05/09/2025 11:18:15;Trator John Deere Série 6J - 6166;5;6842;ALAN TURING;CALAGEM;UNIMAR ADUBAÇÃO;Adubação - Erro do Sensor - Porta Direita
POINT (-49.97751727595697 -22.241875017345254);1757080454.4;05/09/2025 10:54:14;Trator John Deere Série 6J - 6166;5;6842;ALAN TURING;CALAGEM;UNIMAR ADUBAÇÃO;Adubação - Nível Mínimo da Caçamba de Adubo
POINT (-49.97704203847755 -22.24139866033221);1757080409.8;05/09/2025 10:53:30;Trator John Deere Série 6J - 6166;5;6842;ALAN TURING;CALAGEM;UNIMAR ADUBAÇÃO;Adubação - Nível Mínimo da Caçamba de Adubo
POINT (-49.97676374532242 -22.241097395000946);1757080383.3;05/09/2025 10:53:03;Trator John Deere Série 6J - 6166;5;6842;ALAN TURING;CALAGEM;UNIMAR ADUBAÇÃO;Adubação - Nível Mínimo da Caçamba de Adubo
POINT (-49.97607888379056 -22.240922488693368);1757080330.9;05/09/2025 10:52:11;Trator John Deere Série 6J - 6166;5;6842;ALAN TURING;CALAGEM;UNIMAR ADUBAÇÃO;Adubação - Nível Mínimo da Caçamba de Adubo
POINT (-49.97554405268705 -22.240934543095484);1757080271.1;05/09/2025 10:51:11;Trator John Deere Série 6J - 6166;5;6842;ALAN TURING;CALAGEM;UNIMAR ADUBAÇÃO;Adubação - Nível Mínimo da Caçamba de Adubo
POINT (-49.97554405268705 -22.240934543095484);1757080261.1;05/09/2025 10:51:01;Trator John Deere Série 6J - 6166;2147483647;6842;ALAN TURING;;;Adubação - Nível Mínimo da Caçamba de Adubo
POINT (-49.97554405268705 -22.240934543095484);1757080231.1;05/09/2025 10:50:31;Trator John Deere Série 6J - 6166;3;6842;ALAN TURING;CALAGEM;UNIMAR ADUBAÇÃO;Adubação - Nível Mínimo da Caçamba de Adubo
POINT (-49.975375732895195 -22.240938479093522);1757079956.9;05/09/2025 10:45:57;Trator John Deere Série 6J - 6166;3;6842;ALAN TURING;CALAGEM;UNIMAR ADUBAÇÃO;Adubação - Nível Mínimo da Caçamba de Adubo
POINT (-49.975166726624046 -22.240959999192814);1757079861.9;05/09/2025 10:44:22;Trator John Deere Série 6J - 6166;3;6842;ALAN TURING;CALAGEM;UNIMAR ADUBAÇÃO;Adubação - Nível Mínimo da Caçamba de Adubo
POINT (-49.97507922957559 -22.240966690019608);1757079696.5;05/09/2025 10:41:36;Trator John Deere Série 6J - 6166;3;6842;ALAN TURING;CALAGEM;UNIMAR ADUBAÇÃO;Adubação - Nível Mínimo da Caçamba de Adubo
POINT (-49.97493790698955 -22.240995111578247);1757079641;05/09/2025 10:40:41;Trator John Deere Série 6J - 6166;3;6842;ALAN TURING;CALAGEM;UNIMAR ADUBAÇÃO;Adubação - Nível Mínimo da Caçamba de Adubo
POINT (-49.97505571231281 -22.241042585572238);1757079519.1;05/09/2025 10:38:39;Trator John Deere Série 6J - 6166;3;6842;ALAN TURING;CALAGEM;UNIMAR ADUBAÇÃO;Adubação - Controle Utilizando Velocidade Mínima
POINT (-49.975154173992784 -22.24103897592986);1757079499;05/09/2025 10:38:19;Trator John Deere Série 6J - 6166;3;6842;ALAN TURING;CALAGEM;UNIMAR ADUBAÇÃO;Adubação - Nível Mínimo da Caçamba de Adubo
POINT (-49.975154173992784 -22.24103897592986);1757078871;05/09/2025 10:27:51;Trator John Deere Série 6J - 6166;3;6842;ALAN TURING;CALAGEM;UNIMAR ADUBAÇÃO;Adubação - Nível Mínimo da Caçamba de Adubo
POINT (-49.975154173992784 -22.24103897592986);1757078551;05/09/2025 10:22:31;Trator John Deere Série 6J - 6166;3;6842;ALAN TURING;CALAGEM;UNIMAR ADUBAÇÃO;Adubação - Nível Mínimo da Caçamba de Adubo
POINT (-49.975303392219914 -22.241004031696672);1757078278.2;05/09/2025 10:17:58;Trator John Deere Série 6J - 6166;3;6842;ALAN TURING;CALAGEM;UNIMAR ADUBAÇÃO;Adubação - Nível Mínimo da Caçamba de Adubo
POINT (-49.975303392219914 -22.241004031696672);1757078218.2;05/09/2025 10:16:58;Trator John Deere Série 6J - 6166;3;6842;ALAN TURING;CALAGEM;UNIMAR ADUBAÇÃO;Adubação - Nível Mínimo da Caçamba de Adubo
POINT (-49.975303392219914 -22.241004031696672);1757078173.4;05/09/2025 10:16:13;Trator John Deere Série 6J - 6166;3;6842;ALAN TURING;CALAGEM;UNIMAR ADUBAÇÃO;Adubação - Nível Mínimo da Caçamba de Adubo
POINT (-49.97616351265065 -22.24100187825674);1757078118;05/09/2025 10:15:18;Trator John Deere Série 6J - 6166;3;6842;ALAN TURING;CALAGEM;UNIMAR ADUBAÇÃO;Adubação - Nível Mínimo da Caçamba de Adubo
POINT (-49.9768226079439 -22.241172224886597);1757078041.4;05/09/2025 10:14:01;Trator John Deere Série 6J - 6166;3;6842;ALAN TURING;CALAGEM;UNIMAR ADUBAÇÃO;Adubação - Nível Mínimo da Caçamba de Adubo
POINT (-49.975849290159736 -22.248239452573877);1757076473.4;05/09/2025 09:47:53;Trator John Deere Série 6J - 6166;5;6842;ALAN TURING;CALAGEM;UNIMAR ADUBAÇÃO;Adubação - Nível Mínimo da Caçamba de Adubo
POINT (-49.97747059711738 -22.24667526989865);1757075498.4;05/09/2025 09:31:38;Trator John Deere Série 6J - 6166;5;6842;ALAN TURING;CALAGEM;UNIMAR ADUBAÇÃO;Adubação - Nível Mínimo da Caçamba de Adubo
POINT (-49.97781745728695 -22.246502114029514);1757075481.2;05/09/2025 09:31:21;Trator John Deere Série 6J - 6166;5;6842;ALAN TURING;CALAGEM;UNIMAR ADUBAÇÃO;Adubação - Nível Mínimo da Caçamba de Adubo
POINT (-49.97834978679531 -22.24626034651672);1757075455.4;05/09/2025 09:30:55;Trator John Deere Série 6J - 6166;5;6842;ALAN TURING;CALAGEM;UNIMAR ADUBAÇÃO;Adubação - Nível Mínimo da Caçamba de Adubo
POINT (-49.978987429584116 -22.24593586215139);1757075423.9;05/09/2025 09:30:24;Trator John Deere Série 6J - 6166;5;6842;ALAN TURING;CALAGEM;UNIMAR ADUBAÇÃO;Adubação - Nível Mínimo da Caçamba de Adubo
POINT (-49.97896612597795 -22.245340782915388);1757075314.7;05/09/2025 09:28:35;Trator John Deere Série 6J - 6166;5;6842;ALAN TURING;CALAGEM;UNIMAR ADUBAÇÃO;Adubação - Nível Mínimo da Caçamba de Adubo
POINT (-49.97886670360839 -22.244678948690062);1757075059.7;05/09/2025 09:24:20;Trator John Deere Série 6J - 6166;5;6842;ALAN TURING;CALAGEM;UNIMAR ADUBAÇÃO;Adubação - Nível Mínimo da Caçamba de Adubo
POINT (-49.97936972756603 -22.24517239656071);1757074874.7;05/09/2025 09:21:15;Trator John Deere Série 6J - 6166;5;6842;ALAN TURING;CALAGEM;UNIMAR ADUBAÇÃO;Adubação - Nível Mínimo da Caçamba de Adubo
POINT (-49.97875479294975 -22.24469876064058);1757073408.5;05/09/2025 08:56:48;Trator John Deere Série 6J - 6166;5;6842;ALAN TURING;CALAGEM;UNIMAR ADUBAÇÃO;Adubação - Erro de Controle - Esteira
POINT (-49.97743013828645 -22.245244501276918);1757068957.8;05/09/2025 07:42:38;Trator John Deere Série 6J - 6166;5;6842;ALAN TURING;CALAGEM;UNIMAR ADUBAÇÃO;Adubação - Nível Mínimo da Caçamba de Adubo
POINT (-49.97753151039345 -22.246690584098673);1757068864.3;05/09/2025 07:41:04;Trator John Deere Série 6J - 6166;5;6842;ALAN TURING;CALAGEM;UNIMAR ADUBAÇÃO;Adubação - Nível Mínimo da Caçamba de Adubo
POINT (-49.978620175857905 -22.25007343539179);1757068675.7;05/09/2025 07:37:56;Trator John Deere Série 6J - 6166;5;6842;ALAN TURING;CALAGEM;UNIMAR ADUBAÇÃO;Adubação - Nível Mínimo da Caçamba de Adubo
POINT (-49.97867675656743 -22.25010247621394);1757068382.6;05/09/2025 07:33:03;Trator John Deere Série 6J - 6166;5;6842;ALAN TURING;CALAGEM;UNIMAR ADUBAÇÃO;Adubação - Nível Mínimo da Caçamba de Adubo
POINT (-49.9764535276511 -22.245798993596747);1757067891.6;05/09/2025 07:24:52;Trator John Deere Série 6J - 6166;5;6842;ALAN TURING;CALAGEM;UNIMAR ADUBAÇÃO;Adubação - Nível Mínimo da Caçamba de Adubo
POINT (-49.97622219625137 -22.245198565020587);1757067616;05/09/2025 07:20:16;Trator John Deere Série 6J - 6166;5;6842;ALAN TURING;CALAGEM;UNIMAR ADUBAÇÃO;Adubação - Nível Mínimo da Caçamba de Adubo
POINT (-49.97656232449931 -22.24554038095092);1757066877;05/09/2025 07:07:57;Trator John Deere Série 6J - 6166;5;6842;ALAN TURING;CALAGEM;UNIMAR ADUBAÇÃO;Adubação - Erro do Sensor - Porta Esquerda
POINT (-49.97656232449931 -22.24554038095092);1757066877;05/09/2025 07:07:57;Trator John Deere Série 6J - 6166;5;6842;ALAN TURING;CALAGEM;UNIMAR ADUBAÇÃO;Adubação - Erro de Controle - Porta Esquerda
POINT (-49.97656232449931 -22.24554038095092);1757066877;05/09/2025 07:07:57;Trator John Deere Série 6J - 6166;5;6842;ALAN TURING;CALAGEM;UNIMAR ADUBAÇÃO;Adubação - Erro de Controle - Porta Direita
POINT (-49.97656232449931 -22.24554038095092);1757066877;05/09/2025 07:07:57;Trator John Deere Série 6J - 6166;5;6842;ALAN TURING;CALAGEM;UNIMAR ADUBAÇÃO;Adubação - Erro do Sensor - Porta Direita
POINT (-49.97656232449931 -22.24554038095092);1757066872;05/09/2025 07:07:52;Trator John Deere Série 6J - 6166;5;6842;ALAN TURING;CALAGEM;UNIMAR ADUBAÇÃO;Adubação - Erro do Sensor - Discos
POINT (-49.97656232449931 -22.24554038095092);1757066866.8;05/09/2025 07:07:47;Trator John Deere Série 6J - 6166;5;6842;ALAN TURING;CALAGEM;UNIMAR ADUBAÇÃO;Adubação - Erro do Sensor - Porta Esquerda
POINT (-49.97656232449931 -22.24554038095092);1757066866.8;05/09/2025 07:07:47;Trator John Deere Série 6J - 6166;5;6842;ALAN TURING;CALAGEM;UNIMAR ADUBAÇÃO;Adubação - Erro de Controle - Porta Esquerda
POINT (-49.97656232449931 -22.24554038095092);1757066866.8;05/09/2025 07:07:47;Trator John Deere Série 6J - 6166;5;6842;ALAN TURING;CALAGEM;UNIMAR ADUBAÇÃO;Adubação - Erro de Controle - Porta Direita
POINT (-49.97656232449931 -22.24554038095092);1757066866.8;05/09/2025 07:07:47;Trator John Deere Série 6J - 6166;5;6842;ALAN TURING;CALAGEM;UNIMAR ADUBAÇÃO;Adubação - Erro do Sensor - Porta Direita
POINT (-49.97640498944952 -22.246646884485187);1757066777.7;05/09/2025 07:06:18;Trator John Deere Série 6J - 6166;5;6842;ALAN TURING;CALAGEM;UNIMAR ADUBAÇÃO;Adubação - Limite Máximo dos Discos
POINT (-49.97640498944952 -22.246646884485187);1757066772.7;05/09/2025 07:06:13;Trator John Deere Série 6J - 6166;5;6842;ALAN TURING;CALAGEM;UNIMAR ADUBAÇÃO;Adubação - Erro de Controle - Discos
POINT (-49.97648688776909 -22.247168909716724);1757066742.7;05/09/2025 07:05:43;Trator John Deere Série 6J - 6166;5;6842;ALAN TURING;CALAGEM;UNIMAR ADUBAÇÃO;Adubação - Erro do Sensor - Porta Direita
POINT (-49.97648688776909 -22.247168909716724);1757066742.7;05/09/2025 07:05:43;Trator John Deere Série 6J - 6166;5;6842;ALAN TURING;CALAGEM;UNIMAR ADUBAÇÃO;Adubação - Erro do Sensor - Porta Esquerda
POINT (-49.97648688776909 -22.247168909716724);1757066742.7;05/09/2025 07:05:43;Trator John Deere Série 6J - 6166;5;6842;ALAN TURING;CALAGEM;UNIMAR ADUBAÇÃO;Adubação - Erro de Controle - Porta Esquerda
POINT (-49.97648688776909 -22.247168909716724);1757066742.7;05/09/2025 07:05:43;Trator John Deere Série 6J - 6166;5;6842;ALAN TURING;CALAGEM;UNIMAR ADUBAÇÃO;Adubação - Erro de Controle - Porta Direita
POINT (-49.97647862323648 -22.24734883909547);1757066722.7;05/09/2025 07:05:23;Trator John Deere Série 6J - 6166;5;6842;ALAN TURING;CALAGEM;UNIMAR ADUBAÇÃO;Adubação - Erro do Sensor - Discos
POINT (-49.976602738499324 -22.24722744195116);1757066712.7;05/09/2025 07:05:13;Trator John Deere Série 6J - 6166;5;6842;ALAN TURING;CALAGEM;UNIMAR ADUBAÇÃO;Adubação - Erro do Sensor - Porta Esquerda
POINT (-49.976602738499324 -22.24722744195116);1757066712.7;05/09/2025 07:05:13;Trator John Deere Série 6J - 6166;5;6842;ALAN TURING;CALAGEM;UNIMAR ADUBAÇÃO;Adubação - Erro de Controle - Porta Esquerda
POINT (-49.976602738499324 -22.24722744195116);1757066712.7;05/09/2025 07:05:13;Trator John Deere Série 6J - 6166;5;6842;ALAN TURING;CALAGEM;UNIMAR ADUBAÇÃO;Adubação - Erro de Controle - Porta Direita
POINT (-49.976602738499324 -22.24722744195116);1757066712.7;05/09/2025 07:05:13;Trator John Deere Série 6J - 6166;5;6842;ALAN TURING;CALAGEM;UNIMAR ADUBAÇÃO;Adubação - Erro do Sensor - Porta Direita
POINT (-49.97577922126235 -22.24759315317556);1758215880.5;18/09/2025 14:18:00;Trator John Deere Série 6J - 6166;6;6842;ALAN TURING;MEDIÇÃO DE ÁREA;UNIMAR SERVIÇOS GERAIS;Adubação - Nível Mínimo da Caçamba de Adubo
POINT (-49.97562545752791 -22.24724864553355);1758216209.5;18/09/2025 14:23:30;Trator John Deere Série 6J - 6166;6;6842;ALAN TURING;MEDIÇÃO DE ÁREA;UNIMAR SERVIÇOS GERAIS;Adubação - Nível Mínimo da Caçamba de Adubo
POINT (-49.97564771282477 -22.247692201371144);1758216271.6;18/09/2025 14:24:32;Trator John Deere Série 6J - 6166;6;6842;ALAN TURING;MEDIÇÃO DE ÁREA;UNIMAR SERVIÇOS GERAIS;Adubação - Nível Mínimo da Caçamba de Adubo
POINT (-49.97563013080061 -22.2474330836428);1758216318.1;18/09/2025 14:25:18;Trator John Deere Série 6J - 6166;6;6842;ALAN TURING;MEDIÇÃO DE ÁREA;UNIMAR SERVIÇOS GERAIS;Adubação - Nível Mínimo da Caçamba de Adubo
POINT (-49.97542159819197 -22.248186607260468);1758222974.1;18/09/2025 16:16:14;Trator John Deere Série 6J - 6166;6;6842;ALAN TURING;MEDIÇÃO DE ÁREA;UNIMAR SERVIÇOS GERAIS;Adubação - Erro de Comunicação com o Display
POINT (-50.03258048322977 -22.247708592490582);1758544838.7;22/09/2025 09:40:39;Trator John Deere Série 6J - 6166;7;6842;ALAN TURING;GESSAGEM;UNIMAR ADUBAÇÃO;Adubação - Nível Mínimo da Caçamba de Adubo
POINT (-50.03492179022762 -22.246537834327082);1758545143.5;22/09/2025 09:45:44;Trator John Deere Série 6J - 6166;7;6842;ALAN TURING;GESSAGEM;UNIMAR ADUBAÇÃO;Adubação - Nível Mínimo da Caçamba de Adubo
POINT (-50.034637181633734 -22.246573404704183);1758545301.1;22/09/2025 09:48:21;Trator John Deere Série 6J - 6166;7;6842;ALAN TURING;GESSAGEM;UNIMAR ADUBAÇÃO;Adubação - Nível Mínimo da Caçamba de Adubo
POINT (-50.03356076325405 -22.247506847236263);1758545388.6;22/09/2025 09:49:49;Trator John Deere Série 6J - 6166;7;6842;ALAN TURING;GESSAGEM;UNIMAR ADUBAÇÃO;Adubação - Nível Mínimo da Caçamba de Adubo
POINT (-50.03230991764707 -22.24760889786795);1758545873.1;22/09/2025 09:57:53;Trator John Deere Série 6J - 6166;7;6842;ALAN TURING;GESSAGEM;UNIMAR ADUBAÇÃO;Adubação - Nível Mínimo da Caçamba de Adubo
POINT (-50.03195231158987 -22.247654550539416);1758545899.3;22/09/2025 09:58:19;Trator John Deere Série 6J - 6166;7;6842;ALAN TURING;GESSAGEM;UNIMAR ADUBAÇÃO;Adubação - Nível Mínimo da Caçamba de Adubo
POINT (-50.03208755348956 -22.24609473443114);1758546004.8;22/09/2025 10:00:05;Trator John Deere Série 6J - 6166;7;6842;ALAN TURING;GESSAGEM;UNIMAR ADUBAÇÃO;Adubação - Nível Mínimo da Caçamba de Adubo
POINT (-50.03531936296112 -22.24599514199982);1758546328.9;22/09/2025 10:05:29;Trator John Deere Série 6J - 6166;7;6842;ALAN TURING;GESSAGEM;UNIMAR ADUBAÇÃO;Adubação - Nível Mínimo da Caçamba de Adubo
POINT (-50.035360026596905 -22.24596582355273);1758546873.8;22/09/2025 10:14:34;Trator John Deere Série 6J - 6166;7;6842;ALAN TURING;GESSAGEM;UNIMAR ADUBAÇÃO;Adubação - Nível Mínimo da Caçamba de Adubo
POINT (-50.03202533606109 -22.246053377953093);1758547208.1;22/09/2025 10:20:08;Trator John Deere Série 6J - 6166;7;6842;ALAN TURING;GESSAGEM;UNIMAR ADUBAÇÃO;Adubação - Nível Mínimo da Caçamba de Adubo
POINT (-50.03535601702593 -22.24582701737052);1758547604.5;22/09/2025 10:26:44;Trator John Deere Série 6J - 6166;7;6842;ALAN TURING;GESSAGEM;UNIMAR ADUBAÇÃO;Adubação - Nível Mínimo da Caçamba de Adubo
POINT (-50.03277369964121 -22.247135632025607);1758547959.7;22/09/2025 10:32:40;Trator John Deere Série 6J - 6166;7;6842;ALAN TURING;GESSAGEM;UNIMAR ADUBAÇÃO;Adubação - Nível Mínimo da Caçamba de Adubo
POINT (-50.032121081493706 -22.247320409584336);1758548048.8;22/09/2025 10:34:09;Trator John Deere Série 6J - 6166;7;6842;ALAN TURING;GESSAGEM;UNIMAR ADUBAÇÃO;Adubação - Erro de Controle - Porta Esquerda
POINT (-50.03430656551725 -22.24601073878283);1758548396.4;22/09/2025 10:39:56;Trator John Deere Série 6J - 6166;7;6842;ALAN TURING;GESSAGEM;UNIMAR ADUBAÇÃO;Adubação - Nível Mínimo da Caçamba de Adubo
POINT (-50.03544898645756 -22.2455163930606);1758548470.8;22/09/2025 10:41:11;Trator John Deere Série 6J - 6166;7;6842;ALAN TURING;GESSAGEM;UNIMAR ADUBAÇÃO;Adubação - Nível Mínimo da Caçamba de Adubo
POINT (-50.03210954906037 -22.245467120595958);1758548829.5;22/09/2025 10:47:10;Trator John Deere Série 6J - 6166;7;6842;ALAN TURING;GESSAGEM;UNIMAR ADUBAÇÃO;Adubação - Nível Mínimo da Caçamba de Adubo
POINT (-50.0356249465435 -22.249148325983295);1758549610.2;22/09/2025 11:00:10;Trator John Deere Série 6J - 6166;7;6842;ALAN TURING;GESSAGEM;UNIMAR ADUBAÇÃO;Adubação - Erro de Comunicação com o Display
POINT (-50.03403787277182 -22.243499784561156);1758559210.4;22/09/2025 13:40:10;Trator John Deere Série 6J - 6166;7;6842;ALAN TURING;GESSAGEM;UNIMAR ADUBAÇÃO;Adubação - Nível Mínimo da Caçamba de Adubo
POINT (-50.03530641766725 -22.249240005618095);1758559868.8;22/09/2025 13:51:09;Trator John Deere Série 6J - 6166;7;6842;ALAN TURING;GESSAGEM;UNIMAR ADUBAÇÃO;Adubação - Nível Mínimo da Caçamba de Adubo
POINT (-50.03514591591852 -22.24400420172674);1758560266.5;22/09/2025 13:57:46;Trator John Deere Série 6J - 6166;7;6842;ALAN TURING;GESSAGEM;UNIMAR ADUBAÇÃO;Adubação - Nível Mínimo da Caçamba de Adubo
POINT (-50.03353841426381 -22.244116082155962);1758560393.5;22/09/2025 13:59:54;Trator John Deere Série 6J - 6166;7;6842;ALAN TURING;GESSAGEM;UNIMAR ADUBAÇÃO;Adubação - Nível Mínimo da Caçamba de Adubo
POINT (-50.03355800325169 -22.243994331094296);1758560401.5;22/09/2025 14:00:02;Trator John Deere Série 6J - 6166;7;6842;ALAN TURING;GESSAGEM;UNIMAR ADUBAÇÃO;Adubação - Nível Mínimo da Caçamba de Adubo
POINT (-50.034635100343365 -22.24393828974247);1758560974.3;22/09/2025 14:09:34;Trator John Deere Série 6J - 6166;7;6842;ALAN TURING;GESSAGEM;UNIMAR ADUBAÇÃO;Adubação - Nível Mínimo da Caçamba de Adubo
POINT (-50.03485968646221 -22.24352750710821);1758561515.6;22/09/2025 14:18:36;Trator John Deere Série 6J - 6166;7;6842;ALAN TURING;GESSAGEM;UNIMAR ADUBAÇÃO;Adubação - Nível Mínimo da Caçamba de Adubo
POINT (-50.03483039637545 -22.243457841946498);1758561675.1;22/09/2025 14:21:15;Trator John Deere Série 6J - 6166;7;6842;ALAN TURING;GESSAGEM;UNIMAR ADUBAÇÃO;Adubação - Nível Mínimo da Caçamba de Adubo
POINT (-50.033443910347536 -22.244315901916774);1758561984.2;22/09/2025 14:26:24;Trator John Deere Série 6J - 6166;7;6842;ALAN TURING;GESSAGEM;UNIMAR ADUBAÇÃO;Adubação - Nível Mínimo da Caçamba de Adubo
POINT (-50.03406259854707 -22.24274310782634);1758562681.7;22/09/2025 14:38:02;Trator John Deere Série 6J - 6166;7;6842;ALAN TURING;GESSAGEM;UNIMAR ADUBAÇÃO;Adubação - Nível Mínimo da Caçamba de Adubo
POINT (-50.03523082128648 -22.246536556451705);1758563072.4;22/09/2025 14:44:32;Trator John Deere Série 6J - 6166;7;6842;ALAN TURING;GESSAGEM;UNIMAR ADUBAÇÃO;Adubação - Nível Mínimo da Caçamba de Adubo
POINT (-50.03512367540869 -22.247085563900917);1758563107.6;22/09/2025 14:45:08;Trator John Deere Série 6J - 6166;7;6842;ALAN TURING;GESSAGEM;UNIMAR ADUBAÇÃO;Adubação - Nível Mínimo da Caçamba de Adubo
POINT (-50.03312738544715 -22.247944769714383);1758564003.3;22/09/2025 15:00:03;Trator John Deere Série 6J - 6166;7;6842;ALAN TURING;GESSAGEM;UNIMAR ADUBAÇÃO;Adubação - Nível Mínimo da Caçamba de Adubo
POINT (-50.034870172365345 -22.248231574814735);1758564918.3;22/09/2025 15:15:18;Trator John Deere Série 6J - 6166;7;6842;ALAN TURING;GESSAGEM;UNIMAR ADUBAÇÃO;Adubação - Nível Mínimo da Caçamba de Adubo
POINT (-50.0349280060547 -22.247997216428608);1758565230.7;22/09/2025 15:20:31;Trator John Deere Série 6J - 6166;7;6842;ALAN TURING;GESSAGEM;UNIMAR ADUBAÇÃO;Adubação - Nível Mínimo da Caçamba de Adubo
POINT (-50.032730728569675 -22.248900190660137);1758565992.9;22/09/2025 15:33:13;Trator John Deere Série 6J - 6166;7;6842;ALAN TURING;GESSAGEM;UNIMAR ADUBAÇÃO;Adubação - Nível Mínimo da Caçamba de Adubo
POINT (-50.03564878521768 -22.24913200469659);1758566640;22/09/2025 15:44:00;Trator John Deere Série 6J - 6166;7;6842;ALAN TURING;GESSAGEM;UNIMAR ADUBAÇÃO;Adubação - Erro de Controle - Discos
POINT (-50.034616000871296 -22.249090988389998);1758567048.3;22/09/2025 15:50:48;Trator John Deere Série 6J - 6166;7;6842;ALAN TURING;GESSAGEM;UNIMAR ADUBAÇÃO;Adubação - Nível Mínimo da Caçamba de Adubo
POINT (-50.034767722639835 -22.248442657464878);1758567604.1;22/09/2025 16:00:04;Trator John Deere Série 6J - 6166;7;6842;ALAN TURING;GESSAGEM;UNIMAR ADUBAÇÃO;Adubação - Nível Mínimo da Caçamba de Adubo
POINT (-50.03575769120447 -22.244849223985568);1758568309.1;22/09/2025 16:11:49;Trator John Deere Série 6J - 6166;7;6842;ALAN TURING;GESSAGEM;UNIMAR ADUBAÇÃO;Adubação - Nível Mínimo da Caçamba de Adubo
POINT (-50.03560513948729 -22.247422595763584);1758568926.5;22/09/2025 16:22:06;Trator John Deere Série 6J - 6166;7;6842;ALAN TURING;GESSAGEM;UNIMAR ADUBAÇÃO;Adubação - Nível Mínimo da Caçamba de Adubo
POINT (-50.035217492157926 -22.24646389448151);1758570648.4;22/09/2025 16:50:48;Trator John Deere Série 6J - 6166;7;6842;ALAN TURING;GESSAGEM;UNIMAR ADUBAÇÃO;Adubação - Nível Mínimo da Caçamba de Adubo
POINT (-50.03540021568719 -22.245584879218377);1758570742.9;22/09/2025 16:52:23;Trator John Deere Série 6J - 6166;7;6842;ALAN TURING;GESSAGEM;UNIMAR ADUBAÇÃO;Adubação - Erro de Controle - Discos
POINT (-50.035458966980805 -22.244480684110822);1758570979.5;22/09/2025 16:56:20;Trator John Deere Série 6J - 6166;7;6842;ALAN TURING;GESSAGEM;UNIMAR ADUBAÇÃO;Adubação - Nível Mínimo da Caçamba de Adubo
POINT (-50.035112681059005 -22.247234633841117);1758571106.9;22/09/2025 16:58:27;Trator John Deere Série 6J - 6166;7;6842;ALAN TURING;GESSAGEM;UNIMAR ADUBAÇÃO;Adubação - Alterar Redução para Atingir Dose Desejada
POINT (-50.0345927198659 -22.249137558619612);1758630887.4;23/09/2025 09:34:47;Trator John Deere Série 6J - 6166;7;6842;ALAN TURING;GESSAGEM;UNIMAR ADUBAÇÃO;Adubação - Erro de Controle - Porta Esquerda
POINT (-50.034599855524405 -22.249111021256915);1758630889.3;23/09/2025 09:34:49;Trator John Deere Série 6J - 6166;7;6842;ALAN TURING;GESSAGEM;UNIMAR ADUBAÇÃO;Adubação - Nível Mínimo da Caçamba de Adubo
POINT (-50.03465658712262 -22.24890687001367);1758630901.9;23/09/2025 09:35:02;Trator John Deere Série 6J - 6166;7;6842;ALAN TURING;GESSAGEM;UNIMAR ADUBAÇÃO;Adubação - Erro de Controle - Porta Esquerda
POINT (-50.03491793749826 -22.24788884875384);1758630967;23/09/2025 09:36:07;Trator John Deere Série 6J - 6166;7;6842;ALAN TURING;GESSAGEM;UNIMAR ADUBAÇÃO;Adubação - Nível Mínimo da Caçamba de Adubo
POINT (-50.03491793749826 -22.24788884875384);1758630967;23/09/2025 09:36:07;Trator John Deere Série 6J - 6166;7;6842;ALAN TURING;GESSAGEM;UNIMAR ADUBAÇÃO;Adubação - Erro de Controle - Porta Esquerda
POINT (-50.03196051340236 -22.24901769152193);1758631624.1;23/09/2025 09:47:04;Trator John Deere Série 6J - 6166;7;6842;ALAN TURING;GESSAGEM;UNIMAR ADUBAÇÃO;Adubação - Nível Mínimo da Caçamba de Adubo
POINT (-50.033729299211466 -22.2482476057609);1758631748.8;23/09/2025 09:49:09;Trator John Deere Série 6J - 6166;7;6842;ALAN TURING;GESSAGEM;UNIMAR ADUBAÇÃO;Adubação - Nível Mínimo da Caçamba de Adubo
POINT (-50.03442689210912 -22.247764303836313);1758631872.4;23/09/2025 09:51:12;Trator John Deere Série 6J - 6166;7;6842;ALAN TURING;GESSAGEM;UNIMAR ADUBAÇÃO;Adubação - Nível Mínimo da Caçamba de Adubo
POINT (-50.034987308942895 -22.24760744993494);1758631910.6;23/09/2025 09:51:51;Trator John Deere Série 6J - 6166;7;6842;ALAN TURING;GESSAGEM;UNIMAR ADUBAÇÃO;Adubação - Nível Mínimo da Caçamba de Adubo
POINT (-50.03388870689254 -22.247970037534582);1758632076.6;23/09/2025 09:54:37;Trator John Deere Série 6J - 6166;7;6842;ALAN TURING;GESSAGEM;UNIMAR ADUBAÇÃO;Adubação - Erro de Controle - Discos
POINT (-50.03388870689254 -22.247970037534582);1758632258.9;23/09/2025 09:57:39;Trator John Deere Série 6J - 6166;7;6842;ALAN TURING;GESSAGEM;UNIMAR ADUBAÇÃO;Adubação - Nível Mínimo da Caçamba de Adubo
POINT (-50.03208959661221 -22.248686671212248);1758632400.5;23/09/2025 10:00:00;Trator John Deere Série 6J - 6166;7;6842;ALAN TURING;GESSAGEM;UNIMAR ADUBAÇÃO;Adubação - Nível Mínimo da Caçamba de Adubo
POINT (-50.03405225763882 -22.247546640358003);1758633322.3;23/09/2025 10:15:22;Trator John Deere Série 6J - 6166;7;6842;ALAN TURING;GESSAGEM;UNIMAR ADUBAÇÃO;Adubação - Nível Mínimo da Caçamba de Adubo
POINT (-50.03507740422715 -22.247045387772904);1758633473;23/09/2025 10:17:53;Trator John Deere Série 6J - 6166;7;6842;ALAN TURING;GESSAGEM;UNIMAR ADUBAÇÃO;Adubação - Nível Mínimo da Caçamba de Adubo
POINT (-50.03261343563085 -22.247153377896858);1758639054.1;23/09/2025 11:50:54;Trator John Deere Série 6J - 6166;7;6842;ALAN TURING;GESSAGEM;UNIMAR ADUBAÇÃO;Adubação - Nível Mínimo da Caçamba de Adubo
POINT (-50.03194761163249 -22.247088001699264);1758639108.4;23/09/2025 11:51:48;Trator John Deere Série 6J - 6166;7;6842;ALAN TURING;GESSAGEM;UNIMAR ADUBAÇÃO;Adubação - Nível Mínimo da Caçamba de Adubo
POINT (-50.03288819974049 -22.24712167912433);1758639167.5;23/09/2025 11:52:48;Trator John Deere Série 6J - 6166;7;6842;ALAN TURING;GESSAGEM;UNIMAR ADUBAÇÃO;Adubação - Nível Mínimo da Caçamba de Adubo
POINT (-50.03532782979557 -22.245939934323655);1758649513.3;23/09/2025 14:45:13;Trator John Deere Série 6J - 6166;7;6842;ALAN TURING;GESSAGEM;UNIMAR ADUBAÇÃO;Adubação - Nível Mínimo da Caçamba de Adubo
POINT (-50.033897119344154 -22.246340159288366);1758649627.3;23/09/2025 14:47:07;Trator John Deere Série 6J - 6166;7;6842;ALAN TURING;GESSAGEM;UNIMAR ADUBAÇÃO;Adubação - Nível Mínimo da Caçamba de Adubo
POINT (-50.03536889383567 -22.245568865295017);1758649735.6;23/09/2025 14:48:56;Trator John Deere Série 6J - 6166;7;6842;ALAN TURING;GESSAGEM;UNIMAR ADUBAÇÃO;Adubação - Nível Mínimo da Caçamba de Adubo
POINT (-50.0354739566602 -22.245486452166656);1758649938.2;23/09/2025 14:52:18;Trator John Deere Série 6J - 6166;7;6842;ALAN TURING;GESSAGEM;UNIMAR ADUBAÇÃO;Adubação - Nível Mínimo da Caçamba de Adubo
POINT (-50.03520622880618 -22.244195043771327);1758656808.1;23/09/2025 16:46:48;Trator John Deere Série 6J - 6166;7;6842;ALAN TURING;GESSAGEM;UNIMAR ADUBAÇÃO;Adubação - Erro de Controle - Porta Direita
POINT (-50.03517744785027 -22.244138476367198);1758657159.9;23/09/2025 16:52:40;Trator John Deere Série 6J - 6166;7;6842;ALAN TURING;GESSAGEM;UNIMAR ADUBAÇÃO;Adubação - Erro de Comunicação com o Display
POINT (-50.03546039946646 -22.244095597936013);1758711423;24/09/2025 07:57:03;Trator John Deere Série 6J - 6166;7;6842;ALAN TURING;GESSAGEM;UNIMAR ADUBAÇÃO;Adubação - Erro de Controle - Porta Direita
POINT (-50.03546039946646 -22.244095597936013);1758711423;24/09/2025 07:57:03;Trator John Deere Série 6J - 6166;7;6842;ALAN TURING;GESSAGEM;UNIMAR ADUBAÇÃO;Adubação - Erro do Sensor - Porta Direita
POINT (-50.03546039946646 -22.244095597936013);1758711601.1;24/09/2025 08:00:01;Trator John Deere Série 6J - 6166;7;6842;ALAN TURING;GESSAGEM;UNIMAR ADUBAÇÃO;Adubação - Erro de Controle - Porta Direita
POINT (-50.03546039946646 -22.244095597936013);1758711601.1;24/09/2025 08:00:01;Trator John Deere Série 6J - 6166;7;6842;ALAN TURING;GESSAGEM;UNIMAR ADUBAÇÃO;Adubação - Erro do Sensor - Porta Direita
POINT (-50.03519101591936 -22.24428795250083);1758711899.7;24/09/2025 08:05:00;Trator John Deere Série 6J - 6166;7;6842;ALAN TURING;GESSAGEM;UNIMAR ADUBAÇÃO;Adubação - Erro de Controle - Porta Esquerda
POINT (-50.033801329574445 -22.24452255991653);1758712547.2;24/09/2025 08:15:47;Trator John Deere Série 6J - 6166;7;6842;ALAN TURING;GESSAGEM;UNIMAR ADUBAÇÃO;Adubação - Erro de Controle - Porta Esquerda
POINT (-50.03553432287485 -22.24574223260114);1758717107.6;24/09/2025 09:31:48;Trator John Deere Série 6J - 6166;7;6842;ALAN TURING;GESSAGEM;UNIMAR ADUBAÇÃO;Adubação - Nível Mínimo da Caçamba de Adubo
POINT (-50.0347084481148 -22.24382751313195);1758717250.5;24/09/2025 09:34:10;Trator John Deere Série 6J - 6166;7;6842;ALAN TURING;GESSAGEM;UNIMAR ADUBAÇÃO;Adubação - Nível Mínimo da Caçamba de Adubo
POINT (-50.03431861930411 -22.24304913642678);1758717662.4;24/09/2025 09:41:02;Trator John Deere Série 6J - 6166;7;6842;ALAN TURING;GESSAGEM;UNIMAR ADUBAÇÃO;Adubação - Nível Mínimo da Caçamba de Adubo
POINT (-50.03357691965736 -22.242352027127453);1758717755.2;24/09/2025 09:42:35;Trator John Deere Série 6J - 6166;7;6842;ALAN TURING;GESSAGEM;UNIMAR ADUBAÇÃO;Adubação - Nível Mínimo da Caçamba de Adubo
POINT (-50.033915414566664 -22.242754123492727);1758717802.9;24/09/2025 09:43:23;Trator John Deere Série 6J - 6166;7;6842;ALAN TURING;GESSAGEM;UNIMAR ADUBAÇÃO;Adubação - Nível Mínimo da Caçamba de Adubo
POINT (-50.03362166168295 -22.242632986307438);1758717835.7;24/09/2025 09:43:56;Trator John Deere Série 6J - 6166;7;6842;ALAN TURING;GESSAGEM;UNIMAR ADUBAÇÃO;Adubação - Nível Mínimo da Caçamba de Adubo
POINT (-50.0341269815519 -22.242636955147187);1758717865.8;24/09/2025 09:44:26;Trator John Deere Série 6J - 6166;7;6842;ALAN TURING;GESSAGEM;UNIMAR ADUBAÇÃO;Adubação - Nível Mínimo da Caçamba de Adubo
POINT (-50.03510716022572 -22.24387273590628);1758717966.6;24/09/2025 09:46:07;Trator John Deere Série 6J - 6166;7;6842;ALAN TURING;GESSAGEM;UNIMAR ADUBAÇÃO;Adubação - Nível Mínimo da Caçamba de Adubo
POINT (-50.03573283718211 -22.244793248868486);1758718080.6;24/09/2025 09:48:01;Trator John Deere Série 6J - 6166;7;6842;ALAN TURING;GESSAGEM;UNIMAR ADUBAÇÃO;Adubação - Nível Mínimo da Caçamba de Adubo
POINT (-50.03554164954178 -22.24598547782208);1758718720.1;24/09/2025 09:58:40;Trator John Deere Série 6J - 6166;7;6842;ALAN TURING;GESSAGEM;UNIMAR ADUBAÇÃO;Adubação - Nível Mínimo da Caçamba de Adubo
POINT (-50.035339910955585 -22.24728724885079);1758718802.7;24/09/2025 10:00:03;Trator John Deere Série 6J - 6166;7;6842;ALAN TURING;GESSAGEM;UNIMAR ADUBAÇÃO;Adubação - Nível Mínimo da Caçamba de Adubo
POINT (-50.03459590465652 -22.249130491067458);1758719849.9;24/09/2025 10:17:30;Trator John Deere Série 6J - 6166;7;6842;ALAN TURING;GESSAGEM;UNIMAR ADUBAÇÃO;Adubação - Nível Mínimo da Caçamba de Adubo
POINT (-50.035426215582774 -22.2454344504626);1758720379.2;24/09/2025 10:26:19;Trator John Deere Série 6J - 6166;7;6842;ALAN TURING;GESSAGEM;UNIMAR ADUBAÇÃO;Adubação - Nível Mínimo da Caçamba de Adubo
POINT (-50.03493095691003 -22.24806243698829);1758571697.1;22/09/2025 17:08:17;Trator John Deere Série 6J - 6166;2147483647;6842;ALAN TURING;;;Adubação - Erro de Comunicação com o Display
POINT (-49.97224111690185 -22.250608485292602);1759170250;29/09/2025 15:24:10;Trator John Deere Série 6J - 6166;7;6842;ALAN TURING;GESSAGEM;UNIMAR ADUBAÇÃO;Telemetria - Sinal GPS Inválido
POINT (-49.97638283137188 -22.2482595243589);1761311177;24/10/2025 10:06:17;Trator John Deere Série 6J - 6166;2147483647;2025;ALUNO DA MANHÃ;;;Telemetria - Sinal GPS Inválido
POINT (-49.97644845234181 -22.24831427275538);1761311256;24/10/2025 10:07:36;Trator John Deere Série 6J - 6166;2147483647;2025;ALUNO DA MANHÃ;;;Telemetria - Sinal GPS Inválido
POINT (-49.97644845234181 -22.24831427275538);1761311406.22;24/10/2025 10:10:06;Trator John Deere Série 6J - 6166;2147483647;2025;ALUNO DA MANHÃ;;;Telemetria - Sinal GPS Inválido
POINT (-49.97613935871132 -22.248923705586677);1761311448;24/10/2025 10:10:48;Trator John Deere Série 6J - 6166;2147483647;2025;ALUNO DA MANHÃ;;;Telemetria - Sinal GPS Inválido
POINT (-49.97621732168593 -22.251582742115065);1762195562;03/11/2025 15:46:02;Trator John Deere Série 6J - 6166;6;6842;ALAN TURING;MEDIÇÃO DE ÁREA;UNIMAR SERVIÇOS GERAIS;Telemetria - Sinal GPS Inválido
POINT (-49.97621732168593 -22.251582742115065);1762195613;03/11/2025 15:46:53;Trator John Deere Série 6J - 6166;6;6842;ALAN TURING;MEDIÇÃO DE ÁREA;UNIMAR SERVIÇOS GERAIS;Telemetria - Sinal GPS Inválido
POINT (-49.975658729657255 -22.24820827457408);1763055760;13/11/2025 14:42:40;Trator Valtra série T - 05;10;6842;ALAN TURING;PLANTIO MILHO GRÃO;UNIMAR PLANTIO;Plantio - Erro de Comunicação com o Display
POINT (-49.975658729657255 -22.24820827457408);1763055760;13/11/2025 14:42:40;Trator Valtra série T - 05;10;6842;ALAN TURING;PLANTIO MILHO GRÃO;UNIMAR PLANTIO;Plantio - Erro de Comunicação com o Display
POINT (-49.975658729657255 -22.24820827457408);1763055760;13/11/2025 14:42:40;Trator Valtra série T - 05;10;6842;ALAN TURING;PLANTIO MILHO GRÃO;UNIMAR PLANTIO;Plantio - Erro de Comunicação com o Display
POINT (-49.975691619483136 -22.247663757491374);1763037248;13/11/2025 09:34:08;Trator Valtra série T - 05;11;6842;ALAN TURING;PLANTIO MILHO GRÃO;UNIMAR PLANTIO;Plantio - Erro de Comunicação com o Display
POINT (-49.975691619483136 -22.247663757491374);1763037248;13/11/2025 09:34:08;Trator Valtra série T - 05;11;6842;ALAN TURING;PLANTIO MILHO GRÃO;UNIMAR PLANTIO;Plantio - Erro de Comunicação com o Display
POINT (-49.975691619483136 -22.247663757491374);1763037248;13/11/2025 09:34:08;Trator Valtra série T - 05;11;6842;ALAN TURING;PLANTIO MILHO GRÃO;UNIMAR PLANTIO;Plantio - Erro de Comunicação com o Display
POINT (-49.975691619483136 -22.247663757491374);1763037074;13/11/2025 09:31:14;Trator Valtra série T - 05;11;6842;ALAN TURING;PLANTIO MILHO GRÃO;UNIMAR PLANTIO;Plantio - Erro de Comunicação com o Display
POINT (-49.975691619483136 -22.247663757491374);1763037074;13/11/2025 09:31:14;Trator Valtra série T - 05;11;6842;ALAN TURING;PLANTIO MILHO GRÃO;UNIMAR PLANTIO;Plantio - Erro de Comunicação com o Display
POINT (-49.975691619483136 -22.247663757491374);1763037074;13/11/2025 09:31:14;Trator Valtra série T - 05;11;6842;ALAN TURING;PLANTIO MILHO GRÃO;UNIMAR PLANTIO;Plantio - Erro de Comunicação com o Display
POINT (-49.97556175001405 -22.24819306374116);1762967307;12/11/2025 14:08:27;Trator Valtra série T - 05;11;6842;ALAN TURING;PLANTIO MILHO GRÃO;UNIMAR PLANTIO;Telemetria - Sinal GPS Inválido
POINT (-49.97556175001405 -22.24819306374116);1762967307;12/11/2025 14:08:27;Trator Valtra série T - 05;11;6842;ALAN TURING;PLANTIO MILHO GRÃO;UNIMAR PLANTIO;Telemetria - Sinal GPS Inválido
POINT (-49.97556175001405 -22.24819306374116);1762967307;12/11/2025 14:08:27;Trator Valtra série T - 05;11;6842;ALAN TURING;PLANTIO MILHO GRÃO;UNIMAR PLANTIO;Telemetria - Sinal GPS Inválido
POINT (-49.97556235418535 -22.248165529231116);1762967021.5;12/11/2025 14:03:42;Trator Valtra série T - 05;11;6842;ALAN TURING;PLANTIO MILHO GRÃO;UNIMAR PLANTIO;Plantio - Erro de Comunicação com o Display
POINT (-49.97556235418535 -22.248165529231116);1762967021.5;12/11/2025 14:03:42;Trator Valtra série T - 05;11;6842;ALAN TURING;PLANTIO MILHO GRÃO;UNIMAR PLANTIO;Plantio - Erro de Comunicação com o Display
POINT (-49.97556235418535 -22.248165529231116);1762967021.5;12/11/2025 14:03:42;Trator Valtra série T - 05;11;6842;ALAN TURING;PLANTIO MILHO GRÃO;UNIMAR PLANTIO;Plantio - Erro de Comunicação com o Display
POINT (-49.975694325420285 -22.24826471284651);1762948968;12/11/2025 09:02:48;Trator Valtra série T - 05;11;6842;ALAN TURING;PLANTIO MILHO GRÃO;UNIMAR PLANTIO;Plantio - Erro de Comunicação com o Display
POINT (-49.975694325420285 -22.24826471284651);1762948968;12/11/2025 09:02:48;Trator Valtra série T - 05;11;6842;ALAN TURING;PLANTIO MILHO GRÃO;UNIMAR PLANTIO;Plantio - Erro de Comunicação com o Display
POINT (-49.975694325420285 -22.24826471284651);1762948968;12/11/2025 09:02:48;Trator Valtra série T - 05;11;6842;ALAN TURING;PLANTIO MILHO GRÃO;UNIMAR PLANTIO;Plantio - Erro de Comunicação com o Display
POINT (-49.97577437811325 -22.248364434555363);1762895591;11/11/2025 18:13:11;Trator Valtra série T - 05;11;6842;ALAN TURING;PLANTIO MILHO GRÃO;UNIMAR PLANTIO;Plantio - Erro de Comunicação com o Display
POINT (-49.97577437811325 -22.248364434555363);1762895591;11/11/2025 18:13:11;Trator Valtra série T - 05;11;6842;ALAN TURING;PLANTIO MILHO GRÃO;UNIMAR PLANTIO;Plantio - Erro de Comunicação com o Display
POINT (-49.97577437811325 -22.248364434555363);1762895591;11/11/2025 18:13:11;Trator Valtra série T - 05;11;6842;ALAN TURING;PLANTIO MILHO GRÃO;UNIMAR PLANTIO;Plantio - Erro de Comunicação com o Display
POINT (-49.975573418162114 -22.24864867021061);1762886937;11/11/2025 15:48:57;Trator John Deere Série 6J - 6166;6;2025;ALUNO DA MANHÃ;MEDIÇÃO DE ÁREA;UNIMAR SERVIÇOS GERAIS;Telemetria - Sinal GPS Inválido
POINT (-49.9772514391153 -22.247888141727564);1762881537.8;11/11/2025 14:18:58;Trator Valtra série T - 05;11;6842;ALAN TURING;PLANTIO MILHO GRÃO;UNIMAR PLANTIO;Plantio - Erro de Comunicação com o Display
POINT (-49.9772514391153 -22.247888141727564);1762881537.8;11/11/2025 14:18:58;Trator Valtra série T - 05;11;6842;ALAN TURING;PLANTIO MILHO GRÃO;UNIMAR PLANTIO;Plantio - Erro de Comunicação com o Display
POINT (-49.9772514391153 -22.247888141727564);1762881537.8;11/11/2025 14:18:58;Trator Valtra série T - 05;11;6842;ALAN TURING;PLANTIO MILHO GRÃO;UNIMAR PLANTIO;Plantio - Erro de Comunicação com o Display
POINT (-49.9757853638779 -22.248070822743973);1762879289.9;11/11/2025 13:41:30;Trator Valtra série T - 05;11;6842;ALAN TURING;PLANTIO MILHO GRÃO;UNIMAR PLANTIO;Plantio - Erro de Comunicação com o Display
POINT (-49.9757853638779 -22.248070822743973);1762879289.9;11/11/2025 13:41:30;Trator Valtra série T - 05;11;6842;ALAN TURING;PLANTIO MILHO GRÃO;UNIMAR PLANTIO;Plantio - Erro de Comunicação com o Display
POINT (-49.9757853638779 -22.248070822743973);1762879289.9;11/11/2025 13:41:30;Trator Valtra série T - 05;11;6842;ALAN TURING;PLANTIO MILHO GRÃO;UNIMAR PLANTIO;Plantio - Erro de Comunicação com o Display
POINT (-49.9762325975793 -22.24735875589374);1762869175.7;11/11/2025 10:52:56;Trator Valtra série T - 05;10;6842;ALAN TURING;PLANTIO MILHO GRÃO;UNIMAR PLANTIO;Telemetria - Sinal GPS Inválido
POINT (-49.9762325975793 -22.24735875589374);1762869175.7;11/11/2025 10:52:56;Trator Valtra série T - 05;10;6842;ALAN TURING;PLANTIO MILHO GRÃO;UNIMAR PLANTIO;Telemetria - Sinal GPS Inválido
POINT (-49.9762325975793 -22.24735875589374);1762869175.7;11/11/2025 10:52:56;Trator Valtra série T - 05;10;6842;ALAN TURING;PLANTIO MILHO GRÃO;UNIMAR PLANTIO;Telemetria - Sinal GPS Inválido
POINT (-49.97660291582569 -22.247365315459277);1762804831;10/11/2025 17:00:31;Trator Valtra série T - 05;8;6842;ALAN TURING;PLANTIO MILHO SILAGEM;UNIMAR PLANTIO;Plantio - Erro de Comunicação com o Display
POINT (-49.975849767268684 -22.24803289952892);1763382947.5;17/11/2025 09:35:48;Trator Valtra série T - 05;12;6842;ALAN TURING;Plantio;UNIMAR PLANTIO;Plantio - Erro de Comunicação com o Display
POINT (-49.97284127832014 -22.249004084157587);1763373600.1;17/11/2025 07:00:00;Trator Valtra série T - 05;12;6842;ALAN TURING;Plantio;UNIMAR PLANTIO;Plantio - Erro de Comunicação com o Display
POINT (-49.97285596512017 -22.249088389039365);1763373592.4;17/11/2025 06:59:52;Trator Valtra série T - 05;12;6842;ALAN TURING;Plantio;UNIMAR PLANTIO;Plantio - Erro de Comunicação com o Display
POINT (-49.97276159285826 -22.24900607516159);1763203139.8;15/11/2025 07:39:00;Trator Valtra série T - 05;12;6842;ALAN TURING;Plantio;UNIMAR PLANTIO;Plantio - Erro de Comunicação com o Display
POINT (-49.97276159285826 -22.24900607516159);1763203139.8;15/11/2025 07:39:00;Trator Valtra série T - 05;12;6842;ALAN TURING;Plantio;UNIMAR PLANTIO;Plantio - Erro de Comunicação com o Display
POINT (-49.97276159285826 -22.24900607516159);1763203139.8;15/11/2025 07:39:00;Trator Valtra série T - 05;12;6842;ALAN TURING;Plantio;UNIMAR PLANTIO;Plantio - Erro de Comunicação com o Display
POINT (-49.97390424485623 -22.249584543822287);1763147273;14/11/2025 16:07:53;Trator John Deere Série 6J - 6166;6;2025;ALUNO DA MANHÃ;MEDIÇÃO DE ÁREA;UNIMAR SERVIÇOS GERAIS;Telemetria - Sinal GPS Inválido
POINT (-49.97580038369784 -22.247553775294925);1763147075.9;14/11/2025 16:04:36;Trator Valtra série T - 05;10;6842;ALAN TURING;PLANTIO MILHO GRÃO;UNIMAR PLANTIO;Plantio - Erro de Comunicação com o Display
POINT (-49.97580038369784 -22.247553775294925);1763147075.9;14/11/2025 16:04:36;Trator Valtra série T - 05;10;6842;ALAN TURING;PLANTIO MILHO GRÃO;UNIMAR PLANTIO;Plantio - Erro de Comunicação com o Display
POINT (-49.97580038369784 -22.247553775294925);1763147075.9;14/11/2025 16:04:36;Trator Valtra série T - 05;10;6842;ALAN TURING;PLANTIO MILHO GRÃO;UNIMAR PLANTIO;Plantio - Erro de Comunicação com o Display
POINT (-49.97574681568472 -22.24758167214119);1763124725.8;14/11/2025 09:52:06;Trator Valtra série T - 05;10;6842;ALAN TURING;PLANTIO MILHO GRÃO;UNIMAR PLANTIO;Plantio - Erro de Comunicação com o Display
POINT (-49.97574681568472 -22.24758167214119);1763124725.8;14/11/2025 09:52:06;Trator Valtra série T - 05;10;6842;ALAN TURING;PLANTIO MILHO GRÃO;UNIMAR PLANTIO;Plantio - Erro de Comunicação com o Display
POINT (-49.97574681568472 -22.24758167214119);1763124725.8;14/11/2025 09:52:06;Trator Valtra série T - 05;10;6842;ALAN TURING;PLANTIO MILHO GRÃO;UNIMAR PLANTIO;Plantio - Erro de Comunicação com o Display
POINT (-49.97562657575125 -22.248107488223972);1764759409.4;03/12/2025 07:56:49;Trator John Deere Série 6J - 6166;18;6842;ALAN TURING;PULVERIZAÇÃO GERAL;UNIMAR PULVERIZAÇÃO;Telemetria - Sinal GPS Inválido
POINT (-49.97515763779996 -22.24698754335153);1766080922;18/12/2025 15:02:02;Trator John Deere Série 6J - 6166;20;7616;LINUS TORVALDS;ADUBAÇÃO DE COBERTURA (20-00-20);UNIMAR ADUBAÇÃO;Telemetria - Sinal GPS Inválido
POINT (-49.97277202918831 -22.249180641492504);1765990206;17/12/2025 13:50:06;Trator John Deere Série 6J - 6166;21;6842;ALAN TURING;ADUBAÇÃO DE COBERTURA (20-00-20);UNIMAR ADUBAÇÃO;Telemetria - Sinal GPS Inválido
POINT (-49.972866302162664 -22.248878450881083);1765971992;17/12/2025 08:46:32;Trator John Deere Série 6J - 6166;21;6842;ALAN TURING;ADUBAÇÃO DE COBERTURA (20-00-20);UNIMAR ADUBAÇÃO;Telemetria - Sinal GPS Inválido
POINT (-49.97327036800468 -22.249244110086096);1768910892;20/01/2026 09:08:12;Trator John Deere Série 6J - 6166;18;6842;ALAN TURING;PULVERIZAÇÃO GERAL;UNIMAR PULVERIZAÇÃO;Telemetria - Sinal GPS Inválido
POINT (-49.973395596235186 -22.249045116033226);1768910915;20/01/2026 09:08:35;Trator John Deere Série 6J - 6166;18;6842;ALAN TURING;PULVERIZAÇÃO GERAL;UNIMAR PULVERIZAÇÃO;Telemetria - Sinal GPS Inválido
POINT (-49.97380538538337 -22.24902617572882);1768911109;20/01/2026 09:11:49;Trator John Deere Série 6J - 6166;18;6842;ALAN TURING;PULVERIZAÇÃO GERAL;UNIMAR PULVERIZAÇÃO;Telemetria - Sinal GPS Inválido
POINT (-49.97425810949733 -22.248870238448816);1768911195;20/01/2026 09:13:15;Trator John Deere Série 6J - 6166;18;6842;ALAN TURING;PULVERIZAÇÃO GERAL;UNIMAR PULVERIZAÇÃO;Telemetria - Sinal GPS Inválido
POINT (-49.96872518674603 -22.253313059463878);1769461390;26/01/2026 18:03:10;Trator John Deere Série 6J - 6166;18;6842;ALAN TURING;PULVERIZAÇÃO GERAL;UNIMAR PULVERIZAÇÃO;Telemetria - Sinal GPS Inválido
POINT (-49.96649809999999 -22.24412429999999);1770330168.5;05/02/2026 19:22:48;Forage Cruiser FFR500 New Holland;1;2;;CALAGEM;UNIMAR ADUBAÇÃO;Telemetria - Sinal GPS Inválido
POINT (-49.97601209817961 -22.250253191477313);1770137627;03/02/2026 13:53:47;Trator John Deere Série 6J - 6166;18;6842;;PULVERIZAÇÃO GERAL;UNIMAR PULVERIZAÇÃO;Telemetria - Sinal GPS Inválido
POINT (-50.08051170000001 -22.325555900000005);1770851473.25;11/02/2026 20:11:13;Forage Cruiser FFR500 New Holland;55;2;;COLHEITA SILAGEM;UNIMAR COLHEITA;Telemetria - Sinal GPS Inválido
POINT (-50.08028430000001 -22.32563939999999);1770924872;12/02/2026 16:34:32;Forage Cruiser FFR500 New Holland;55;2;;COLHEITA SILAGEM;UNIMAR COLHEITA;Telemetria - Sinal GPS Inválido
POINT (-50.69753510000001 -21.326739800000016);1770999079;13/02/2026 13:11:19;Forage Cruiser FFR500 New Holland;55;2;;COLHEITA SILAGEM;UNIMAR COLHEITA;Telemetria - Sinal GPS Inválido
POINT (-50.698811500000005 -21.326883300000013);1771160655.5;15/02/2026 10:04:16;Forage Cruiser FFR500 New Holland;55;2;;COLHEITA SILAGEM;UNIMAR COLHEITA;Telemetria - Sinal GPS Inválido
POINT (-50.69880760000001 -21.326824200000008);1771322471;17/02/2026 07:01:11;Forage Cruiser FFR500 New Holland;55;2;;COLHEITA SILAGEM;UNIMAR COLHEITA;Telemetria - Sinal GPS Inválido
POINT (-48.94779849999913 -21.964904799998887);1772025738.5;25/02/2026 10:22:18;Forage Cruiser FFR500 New Holland;55;2;;COLHEITA SILAGEM;UNIMAR COLHEITA;Telemetria - Sinal GPS Inválido
POINT (-50.10504020000002 -21.8183534);1771757256.001;22/02/2026 07:47:36;Forage Cruiser FFR500 New Holland;55;2;;COLHEITA SILAGEM;UNIMAR COLHEITA;Telemetria - Sinal GPS Inválido
POINT (-50.10654730000002 -21.818319899999995);1771705328;21/02/2026 17:22:08;Forage Cruiser FFR500 New Holland;55;2;;COLHEITA SILAGEM;UNIMAR COLHEITA;Telemetria - Sinal GPS Inválido
POINT (-50.10652210000001 -21.81855499999999);1771705303;21/02/2026 17:21:43;Forage Cruiser FFR500 New Holland;55;2;;COLHEITA SILAGEM;UNIMAR COLHEITA;Telemetria - Sinal GPS Inválido
