geometry;Timestamp;Date Time;Machine Name;Service Order;Operator Number;Operator Name;Operation;Team;Alert;Duration;Reason for stopping;Valor
POINT (-49.976471903059796 -22.245662264098474);1755893740.9;22/08/2025 17:15:41;Trator John Deere Série 6J - 6166;202511111;2025;ALUNO DA MANHÃ;CALAGEM;UNIMAR ADUBAÇÃO;Rotação do Motor em Deslocamento;;;1714.0
POINT (-49.97642911113212 -22.245980558594237);1755893714.9;22/08/2025 17:15:15;Trator John Deere Série 6J - 6166;202511111;2025;ALUNO DA MANHÃ;CALAGEM;UNIMAR ADUBAÇÃO;Velocidade na Operação;;;1.849268
POINT (-49.97650206801523 -22.24618805251803);1755893697.6;22/08/2025 17:14:58;Trator John Deere Série 6J - 6166;202511111;2025;ALUNO DA MANHÃ;CALAGEM;UNIMAR ADUBAÇÃO;Rotação do Motor em Deslocamento;;;1719.0
POINT (-49.97647375850207 -22.246244929193043);1755893692.8;22/08/2025 17:14:53;Trator John Deere Série 6J - 6166;202511111;2025;ALUNO DA MANHÃ;CALAGEM;UNIMAR ADUBAÇÃO;Rotação do Motor em Deslocamento;;;1704.0
POINT (-49.976482339201816 -22.246263578343296);1755893691.4;22/08/2025 17:14:51;Trator John Deere Série 6J - 6166;202511111;2025;ALUNO DA MANHÃ;CALAGEM;UNIMAR ADUBAÇÃO;Rotação do Motor em Deslocamento;;;1728.0
POINT (-49.9764282775055 -22.24628937615899);1755893688;22/08/2025 17:14:48;Trator John Deere Série 6J - 6166;202511111;2025;ALUNO DA MANHÃ;CALAGEM;UNIMAR ADUBAÇÃO;Rotação do Motor em Deslocamento;;;1728.0
POINT (-49.97644699495614 -22.246314018255546);1755893686.8;22/08/2025 17:14:47;Trator John Deere Série 6J - 6166;202511111;2025;ALUNO DA MANHÃ;CALAGEM;UNIMAR ADUBAÇÃO;Rotação do Motor em Deslocamento;;;1705.0
POINT (-49.976476254224934 -22.246321887252943);1755893686.4;22/08/2025 17:14:46;Trator John Deere Série 6J - 6166;202511111;2025;ALUNO DA MANHÃ;CALAGEM;UNIMAR ADUBAÇÃO;Rotação do Motor em Deslocamento;;;1709.0
POINT (-49.97642911547051 -22.246321580261018);1755893685.7;22/08/2025 17:14:46;Trator John Deere Série 6J - 6166;202511111;2025;ALUNO DA MANHÃ;CALAGEM;UNIMAR ADUBAÇÃO;Rotação do Motor em Deslocamento;;;1719.0
POINT (-49.97641249777652 -22.24677559361422);1755893343.7;22/08/2025 17:09:04;Trator John Deere Série 6J - 6166;202511111;2025;ALUNO DA MANHÃ;CALAGEM;UNIMAR ADUBAÇÃO;Rotação do Motor em Deslocamento;;;2108.0
POINT (-49.97641166666666 -22.24670333333332);1755893343.7;22/08/2025 17:09:04;Trator John Deere Série 6J - 6166;202511111;2025;ALUNO DA MANHÃ;CALAGEM;UNIMAR ADUBAÇÃO;Rotação do Motor em Deslocamento;;;2108.0
POINT (-49.97641104267312 -22.246778928754612);1755893343.4;22/08/2025 17:09:03;Trator John Deere Série 6J - 6166;202511111;2025;ALUNO DA MANHÃ;CALAGEM;UNIMAR ADUBAÇÃO;Velocidade na Operação;;;1.7967992
POINT (-49.97641166666666 -22.246706666666647);1755893343.4;22/08/2025 17:09:03;Trator John Deere Série 6J - 6166;202511111;2025;ALUNO DA MANHÃ;CALAGEM;UNIMAR ADUBAÇÃO;Velocidade na Operação;;;1.7967992
POINT (-49.97640817829948 -22.246793858089493);1755893342.5;22/08/2025 17:09:02;Trator John Deere Série 6J - 6166;202511111;2025;ALUNO DA MANHÃ;CALAGEM;UNIMAR ADUBAÇÃO;Velocidade na Operação;;;1.7407296
POINT (-49.97641166666666 -22.246721666666648);1755893342.5;22/08/2025 17:09:02;Trator John Deere Série 6J - 6166;202511111;2025;ALUNO DA MANHÃ;CALAGEM;UNIMAR ADUBAÇÃO;Velocidade na Operação;;;1.7407296
POINT (-49.97642008717805 -22.24682210908442);1755893340.6;22/08/2025 17:09:01;Trator John Deere Série 6J - 6166;202511111;2025;ALUNO DA MANHÃ;CALAGEM;UNIMAR ADUBAÇÃO;Velocidade na Operação;;;1.7458736
POINT (-49.976414999999996 -22.246749999999988);1755893340.6;22/08/2025 17:09:01;Trator John Deere Série 6J - 6166;202511111;2025;ALUNO DA MANHÃ;CALAGEM;UNIMAR ADUBAÇÃO;Velocidade na Operação;;;1.7458736
POINT (-49.97644359667111 -22.246894187119807);1755893335.7;22/08/2025 17:08:56;Trator John Deere Série 6J - 6166;202511111;2025;ALUNO DA MANHÃ;CALAGEM;UNIMAR ADUBAÇÃO;Velocidade na Operação;;;1.7103801
POINT (-49.976428333333324 -22.246823333333317);1755893335.7;22/08/2025 17:08:56;Trator John Deere Série 6J - 6166;202511111;2025;ALUNO DA MANHÃ;CALAGEM;UNIMAR ADUBAÇÃO;Velocidade na Operação;;;1.7103801
POINT (-49.97644935184696 -22.24690164963758);1755893335.1;22/08/2025 17:08:55;Trator John Deere Série 6J - 6166;202511111;2025;ALUNO DA MANHÃ;CALAGEM;UNIMAR ADUBAÇÃO;Velocidade na Operação;;;1.7263265
POINT (-49.976429999999986 -22.246831666666655);1755893335.1;22/08/2025 17:08:55;Trator John Deere Série 6J - 6166;202511111;2025;ALUNO DA MANHÃ;CALAGEM;UNIMAR ADUBAÇÃO;Velocidade na Operação;;;1.7263265
POINT (-49.976432508073486 -22.24693722717921);1755893332.8;22/08/2025 17:08:53;Trator John Deere Série 6J - 6166;202511111;2025;ALUNO DA MANHÃ;CALAGEM;UNIMAR ADUBAÇÃO;Velocidade na Operação;;;1.9259136
POINT (-49.976434999999995 -22.24686499999999);1755893332.8;22/08/2025 17:08:53;Trator John Deere Série 6J - 6166;202511111;2025;ALUNO DA MANHÃ;CALAGEM;UNIMAR ADUBAÇÃO;Velocidade na Operação;;;1.9259136
POINT (-49.97643261128702 -22.246953832411307);1755893331.8;22/08/2025 17:08:52;Trator John Deere Série 6J - 6166;202511111;2025;ALUNO DA MANHÃ;CALAGEM;UNIMAR ADUBAÇÃO;Velocidade na Operação;;;1.674372
POINT (-49.97643666666665 -22.246881666666646);1755893331.8;22/08/2025 17:08:52;Trator John Deere Série 6J - 6166;202511111;2025;ALUNO DA MANHÃ;CALAGEM;UNIMAR ADUBAÇÃO;Velocidade na Operação;;;1.674372
POINT (-49.97644095324293 -22.24695882083069);1755893331.4;22/08/2025 17:08:51;Trator John Deere Série 6J - 6166;202511111;2025;ALUNO DA MANHÃ;CALAGEM;UNIMAR ADUBAÇÃO;Velocidade na Operação;;;1.7962848
POINT (-49.97643666666665 -22.246886666666647);1755893331.4;22/08/2025 17:08:51;Trator John Deere Série 6J - 6166;202511111;2025;ALUNO DA MANHÃ;CALAGEM;UNIMAR ADUBAÇÃO;Velocidade na Operação;;;1.7962848
POINT (-49.976443126791736 -22.247000539109766);1755893328.6;22/08/2025 17:08:49;Trator John Deere Série 6J - 6166;202511111;2025;ALUNO DA MANHÃ;CALAGEM;UNIMAR ADUBAÇÃO;Velocidade na Operação;;;1.9320865
POINT (-49.97643999999998 -22.246928333333308);1755893328.6;22/08/2025 17:08:49;Trator John Deere Série 6J - 6166;202511111;2025;ALUNO DA MANHÃ;CALAGEM;UNIMAR ADUBAÇÃO;Velocidade na Operação;;;1.9320865
POINT (-49.97646757375764 -22.24702580824792);1755893326.7;22/08/2025 17:08:47;Trator John Deere Série 6J - 6166;202511111;2025;ALUNO DA MANHÃ;CALAGEM;UNIMAR ADUBAÇÃO;Velocidade na Operação;;;1.7782809
POINT (-49.976444999999984 -22.24695666666664);1755893326.7;22/08/2025 17:08:47;Trator John Deere Série 6J - 6166;202511111;2025;ALUNO DA MANHÃ;CALAGEM;UNIMAR ADUBAÇÃO;Velocidade na Operação;;;1.7782809
POINT (-49.97646886161011 -22.24703758111097);1755893325.9;22/08/2025 17:08:46;Trator John Deere Série 6J - 6166;202511111;2025;ALUNO DA MANHÃ;CALAGEM;UNIMAR ADUBAÇÃO;Velocidade na Operação;;;1.6934048
POINT (-49.976446666666654 -22.246968333333307);1755893325.9;22/08/2025 17:08:46;Trator John Deere Série 6J - 6166;202511111;2025;ALUNO DA MANHÃ;CALAGEM;UNIMAR ADUBAÇÃO;Velocidade na Operação;;;1.6934048
POINT (-49.97647662548971 -22.247080601452396);1755893322.9;22/08/2025 17:08:43;Trator John Deere Série 6J - 6166;202511111;2025;ALUNO DA MANHÃ;CALAGEM;UNIMAR ADUBAÇÃO;Velocidade na Operação;;;1.8333216
POINT (-49.97645333333333 -22.247011666666648);1755893322.9;22/08/2025 17:08:43;Trator John Deere Série 6J - 6166;202511111;2025;ALUNO DA MANHÃ;CALAGEM;UNIMAR ADUBAÇÃO;Velocidade na Operação;;;1.8333216
POINT (-49.97647116650578 -22.247113179544822);1755893320.8;22/08/2025 17:08:41;Trator John Deere Série 6J - 6166;202511111;2025;ALUNO DA MANHÃ;CALAGEM;UNIMAR ADUBAÇÃO;Velocidade na Operação;;;1.7165529
POINT (-49.976459999999996 -22.247041666666657);1755893320.8;22/08/2025 17:08:41;Trator John Deere Série 6J - 6166;202511111;2025;ALUNO DA MANHÃ;CALAGEM;UNIMAR ADUBAÇÃO;Velocidade na Operação;;;1.7165529
POINT (-49.97649041073547 -22.247124392449);1755893319.8;22/08/2025 17:08:40;Trator John Deere Série 6J - 6166;202511111;2025;ALUNO DA MANHÃ;CALAGEM;UNIMAR ADUBAÇÃO;Velocidade na Operação;;;1.7679929
POINT (-49.97649041073547 -22.247124392449);1755893319.8;22/08/2025 17:08:40;Trator John Deere Série 6J - 6166;202511111;2025;ALUNO DA MANHÃ;CALAGEM;UNIMAR ADUBAÇÃO;Rotação do Motor;;;2071.0
POINT (-49.97646333333333 -22.247056666666644);1755893319.8;22/08/2025 17:08:40;Trator John Deere Série 6J - 6166;202511111;2025;ALUNO DA MANHÃ;CALAGEM;UNIMAR ADUBAÇÃO;Velocidade na Operação;;;1.7679929
POINT (-49.97646333333333 -22.247056666666644);1755893319.8;22/08/2025 17:08:40;Trator John Deere Série 6J - 6166;202511111;2025;ALUNO DA MANHÃ;CALAGEM;UNIMAR ADUBAÇÃO;Rotação do Motor;;;2071.0
POINT (-49.97653207862457 -22.24698130386095);1755893289.4;22/08/2025 17:08:09;Trator John Deere Série 6J - 6166;202511111;2025;ALUNO DA MANHÃ;CALAGEM;UNIMAR ADUBAÇÃO;Rotação do Motor em Deslocamento;;;2096.0
POINT (-49.97653833333332 -22.247053333333312);1755893289.4;22/08/2025 17:08:09;Trator John Deere Série 6J - 6166;202511111;2025;ALUNO DA MANHÃ;CALAGEM;UNIMAR ADUBAÇÃO;Rotação do Motor em Deslocamento;;;2096.0
POINT (-49.97650967148891 -22.246848186844964);1755893280.6;22/08/2025 17:08:01;Trator John Deere Série 6J - 6166;202511111;2025;ALUNO DA MANHÃ;CALAGEM;UNIMAR ADUBAÇÃO;Velocidade na Operação;;;1.7381576
POINT (-49.976518333333324 -22.24691999999998);1755893280.6;22/08/2025 17:08:01;Trator John Deere Série 6J - 6166;202511111;2025;ALUNO DA MANHÃ;CALAGEM;UNIMAR ADUBAÇÃO;Velocidade na Operação;;;1.7381576
POINT (-49.976496856722875 -22.246776467617252);1755893275.8;22/08/2025 17:07:56;Trator John Deere Série 6J - 6166;202511111;2025;ALUNO DA MANHÃ;CALAGEM;UNIMAR ADUBAÇÃO;Velocidade na Operação;;;1.7628489
POINT (-49.976504999999996 -22.24684833333332);1755893275.8;22/08/2025 17:07:56;Trator John Deere Série 6J - 6166;202511111;2025;ALUNO DA MANHÃ;CALAGEM;UNIMAR ADUBAÇÃO;Velocidade na Operação;;;1.7628489
POINT (-49.97648116451238 -22.246686538512726);1755893269.7;22/08/2025 17:07:50;Trator John Deere Série 6J - 6166;202511111;2025;ALUNO DA MANHÃ;CALAGEM;UNIMAR ADUBAÇÃO;Velocidade na Operação;;;1.6877464
POINT (-49.97648999999999 -22.246758333333315);1755893269.7;22/08/2025 17:07:50;Trator John Deere Série 6J - 6166;202511111;2025;ALUNO DA MANHÃ;CALAGEM;UNIMAR ADUBAÇÃO;Velocidade na Operação;;;1.6877464
POINT (-49.976451516728496 -22.2466081471961);1755893263.4;22/08/2025 17:07:43;Trator John Deere Série 6J - 6166;202511111;2025;ALUNO DA MANHÃ;CALAGEM;UNIMAR ADUBAÇÃO;Rotação do Motor;;;2069.0
POINT (-49.97646999999999 -22.246678333333314);1755893263.4;22/08/2025 17:07:43;Trator John Deere Série 6J - 6166;202511111;2025;ALUNO DA MANHÃ;CALAGEM;UNIMAR ADUBAÇÃO;Rotação do Motor;;;2069.0
POINT (-49.9764597913644 -22.24660484106991);1755893262.8;22/08/2025 17:07:43;Trator John Deere Série 6J - 6166;202511111;2025;ALUNO DA MANHÃ;CALAGEM;UNIMAR ADUBAÇÃO;Rotação do Motor em Deslocamento;;;2002.0
POINT (-49.97646833333333 -22.24667666666665);1755893262.8;22/08/2025 17:07:43;Trator John Deere Série 6J - 6166;202511111;2025;ALUNO DA MANHÃ;CALAGEM;UNIMAR ADUBAÇÃO;Rotação do Motor em Deslocamento;;;2002.0
POINT (-49.976469504622095 -22.246602743801734);1755893255.2;22/08/2025 17:07:35;Trator John Deere Série 6J - 6166;202511111;2025;ALUNO DA MANHÃ;CALAGEM;UNIMAR ADUBAÇÃO;Rotação do Motor em Deslocamento;;;2097.0
POINT (-49.97646833333332 -22.24667499999999);1755893255.2;22/08/2025 17:07:35;Trator John Deere Série 6J - 6166;202511111;2025;ALUNO DA MANHÃ;CALAGEM;UNIMAR ADUBAÇÃO;Rotação do Motor em Deslocamento;;;2097.0
POINT (-49.97644166785537 -22.246607132758484);1755893254.7;22/08/2025 17:07:35;Trator John Deere Série 6J - 6166;202511111;2025;ALUNO DA MANHÃ;CALAGEM;UNIMAR ADUBAÇÃO;Rotação do Motor em Deslocamento;;;2078.0
POINT (-49.97646833333332 -22.24667499999999);1755893254.7;22/08/2025 17:07:35;Trator John Deere Série 6J - 6166;202511111;2025;ALUNO DA MANHÃ;CALAGEM;UNIMAR ADUBAÇÃO;Rotação do Motor em Deslocamento;;;2078.0
POINT (-49.97648704024197 -22.24674513477466);1755893254.2;22/08/2025 17:07:34;Trator John Deere Série 6J - 6166;202511111;2025;ALUNO DA MANHÃ;CALAGEM;UNIMAR ADUBAÇÃO;Rotação do Motor;;;2108.0
POINT (-49.97646833333332 -22.24667499999999);1755893254.2;22/08/2025 17:07:34;Trator John Deere Série 6J - 6166;202511111;2025;ALUNO DA MANHÃ;CALAGEM;UNIMAR ADUBAÇÃO;Rotação do Motor;;;2108.0
POINT (-49.97653514705729 -22.247019756039922);1755893230.7;22/08/2025 17:07:11;Trator John Deere Série 6J - 6166;202511111;2025;ALUNO DA MANHÃ;CALAGEM;UNIMAR ADUBAÇÃO;Rotação do Motor em Deslocamento;;;2098.0
POINT (-49.976523333333326 -22.246948333333318);1755893230.7;22/08/2025 17:07:11;Trator John Deere Série 6J - 6166;202511111;2025;ALUNO DA MANHÃ;CALAGEM;UNIMAR ADUBAÇÃO;Rotação do Motor em Deslocamento;;;2098.0
POINT (-49.97651306587358 -22.246873370459923);1755893194.8;22/08/2025 17:06:35;Trator John Deere Série 6J - 6166;202511111;2025;ALUNO DA MANHÃ;CALAGEM;UNIMAR ADUBAÇÃO;Rotação do Motor em Deslocamento;;;2087.0
POINT (-49.97652333333332 -22.246944999999986);1755893194.8;22/08/2025 17:06:35;Trator John Deere Série 6J - 6166;202511111;2025;ALUNO DA MANHÃ;CALAGEM;UNIMAR ADUBAÇÃO;Rotação do Motor em Deslocamento;;;2087.0
POINT (-49.97646334181457 -22.246657752361624);1755893174.1;22/08/2025 17:06:14;Trator John Deere Série 6J - 6166;202511111;2025;ALUNO DA MANHÃ;CALAGEM;UNIMAR ADUBAÇÃO;Rotação do Motor em Deslocamento;;;2137.0
POINT (-49.976479999999995 -22.24672833333332);1755893174.1;22/08/2025 17:06:14;Trator John Deere Série 6J - 6166;202511111;2025;ALUNO DA MANHÃ;CALAGEM;UNIMAR ADUBAÇÃO;Rotação do Motor em Deslocamento;;;2137.0
POINT (-49.976476104905196 -22.24663774289582);1755893072.8;22/08/2025 17:04:33;Trator John Deere Série 6J - 6166;202511111;2025;ALUNO DA MANHÃ;CALAGEM;UNIMAR ADUBAÇÃO;Rotação do Motor em Deslocamento;;;1801.0
POINT (-49.976474999999986 -22.246709999999982);1755893072.8;22/08/2025 17:04:33;Trator John Deere Série 6J - 6166;202511111;2025;ALUNO DA MANHÃ;CALAGEM;UNIMAR ADUBAÇÃO;Rotação do Motor em Deslocamento;;;1801.0
POINT (-49.97647959159609 -22.246568021812575);1755893065.4;22/08/2025 17:04:25;Trator John Deere Série 6J - 6166;202511111;2025;ALUNO DA MANHÃ;CALAGEM;UNIMAR ADUBAÇÃO;Rotação do Motor em Deslocamento;;;1795.0
POINT (-49.97646166666666 -22.24663833333332);1755893065.4;22/08/2025 17:04:25;Trator John Deere Série 6J - 6166;202511111;2025;ALUNO DA MANHÃ;CALAGEM;UNIMAR ADUBAÇÃO;Rotação do Motor em Deslocamento;;;1795.0
POINT (-49.976515835309705 -22.246565745971694);1755893064;22/08/2025 17:04:24;Trator John Deere Série 6J - 6166;202511111;2025;ALUNO DA MANHÃ;CALAGEM;UNIMAR ADUBAÇÃO;Rotação do Motor em Deslocamento;;;1718.0
POINT (-49.97646666666666 -22.24662166666665);1755893064;22/08/2025 17:04:24;Trator John Deere Série 6J - 6166;202511111;2025;ALUNO DA MANHÃ;CALAGEM;UNIMAR ADUBAÇÃO;Rotação do Motor em Deslocamento;;;1718.0
POINT (-49.97651931282996 -22.246542332929206);1755893062.3;22/08/2025 17:04:22;Trator John Deere Série 6J - 6166;202511111;2025;ALUNO DA MANHÃ;CALAGEM;UNIMAR ADUBAÇÃO;Rotação do Motor em Deslocamento;;;1701.0
POINT (-49.97647499999999 -22.24660166666665);1755893062.3;22/08/2025 17:04:22;Trator John Deere Série 6J - 6166;202511111;2025;ALUNO DA MANHÃ;CALAGEM;UNIMAR ADUBAÇÃO;Rotação do Motor em Deslocamento;;;1701.0
POINT (-49.97637546110003 -22.246608656475548);1755893041;22/08/2025 17:04:01;Trator John Deere Série 6J - 6166;202511111;2025;ALUNO DA MANHÃ;CALAGEM;UNIMAR ADUBAÇÃO;Rotação do Motor em Deslocamento;;;1722.0
POINT (-49.97639333333332 -22.246538333333323);1755893041;22/08/2025 17:04:01;Trator John Deere Série 6J - 6166;202511111;2025;ALUNO DA MANHÃ;CALAGEM;UNIMAR ADUBAÇÃO;Rotação do Motor em Deslocamento;;;1722.0
POINT (-49.976476323402586 -22.246677987717174);1755893033.7;22/08/2025 17:03:54;Trator John Deere Série 6J - 6166;202511111;2025;ALUNO DA MANHÃ;CALAGEM;UNIMAR ADUBAÇÃO;Rotação do Motor em Deslocamento;;;1753.0
POINT (-49.976429999999986 -22.246619999999982);1755893033.7;22/08/2025 17:03:54;Trator John Deere Série 6J - 6166;202511111;2025;ALUNO DA MANHÃ;CALAGEM;UNIMAR ADUBAÇÃO;Rotação do Motor em Deslocamento;;;1753.0
POINT (-49.976485867289504 -22.246755738715866);1755893027.5;22/08/2025 17:03:48;Trator John Deere Série 6J - 6166;202511111;2025;ALUNO DA MANHÃ;CALAGEM;UNIMAR ADUBAÇÃO;Rotação do Motor em Deslocamento;;;1709.0
POINT (-49.97646999999999 -22.246684999999978);1755893027.5;22/08/2025 17:03:48;Trator John Deere Série 6J - 6166;202511111;2025;ALUNO DA MANHÃ;CALAGEM;UNIMAR ADUBAÇÃO;Rotação do Motor em Deslocamento;;;1709.0
POINT (-49.97656863445536 -22.247190517041293);1755892975.7;22/08/2025 17:02:56;Trator John Deere Série 6J - 6166;202511111;2025;ALUNO DA MANHÃ;CALAGEM;UNIMAR ADUBAÇÃO;Rotação do Motor em Deslocamento;;;2208.0
POINT (-49.97655166666665 -22.247119999999978);1755892975.7;22/08/2025 17:02:56;Trator John Deere Série 6J - 6166;202511111;2025;ALUNO DA MANHÃ;CALAGEM;UNIMAR ADUBAÇÃO;Rotação do Motor em Deslocamento;;;2208.0
POINT (-49.97633333028498 -22.247417018088413);1755892504.6;22/08/2025 16:55:05;Trator John Deere Série 6J - 6166;202511111;2025;ALUNO DA MANHÃ;CALAGEM;UNIMAR ADUBAÇÃO;Velocidade no Deslocamento;;;2.4619184
POINT (-49.97639999999999 -22.24737999999998);1755892504.6;22/08/2025 16:55:05;Trator John Deere Série 6J - 6166;202511111;2025;ALUNO DA MANHÃ;CALAGEM;UNIMAR ADUBAÇÃO;Velocidade no Deslocamento;;;2.4619184
POINT (-49.97617193224115 -22.247515767546005);1755892495.4;22/08/2025 16:54:55;Trator John Deere Série 6J - 6166;202511111;2025;ALUNO DA MANHÃ;CALAGEM;UNIMAR ADUBAÇÃO;Velocidade no Deslocamento;;;2.7062585
POINT (-49.976238333333335 -22.24747833333331);1755892495.4;22/08/2025 16:54:55;Trator John Deere Série 6J - 6166;202511111;2025;ALUNO DA MANHÃ;CALAGEM;UNIMAR ADUBAÇÃO;Velocidade no Deslocamento;;;2.7062585
POINT (-49.97619779791365 -22.24751420886234);1755892483.1;22/08/2025 16:54:43;Trator John Deere Série 6J - 6166;202511111;2025;ALUNO DA MANHÃ;CALAGEM;UNIMAR ADUBAÇÃO;Rotação do Motor em Deslocamento;;;2303.0
POINT (-49.97612166666666 -22.24752833333331);1755892483.1;22/08/2025 16:54:43;Trator John Deere Série 6J - 6166;202511111;2025;ALUNO DA MANHÃ;CALAGEM;UNIMAR ADUBAÇÃO;Rotação do Motor em Deslocamento;;;2303.0
POINT (-49.975947504219256 -22.24760448330402);1755892471.9;22/08/2025 16:54:32;Trator John Deere Série 6J - 6166;202511111;2025;ALUNO DA MANHÃ;CALAGEM;UNIMAR ADUBAÇÃO;Rotação do Motor em Deslocamento;;;2122.0
POINT (-49.97601666666666 -22.24757166666664);1755892471.9;22/08/2025 16:54:32;Trator John Deere Série 6J - 6166;202511111;2025;ALUNO DA MANHÃ;CALAGEM;UNIMAR ADUBAÇÃO;Rotação do Motor em Deslocamento;;;2122.0
POINT (-49.977131611231215 -22.249309406142885);1755885601;22/08/2025 15:00:01;Trator John Deere Série 6J - 6166;202511111;2025;ALUNO DA MANHÃ;CALAGEM;UNIMAR ADUBAÇÃO;Velocidade no Deslocamento;;;4.259232
POINT (-49.97707333333333 -22.24926166666665);1755885601;22/08/2025 15:00:01;Trator John Deere Série 6J - 6166;202511111;2025;ALUNO DA MANHÃ;CALAGEM;UNIMAR ADUBAÇÃO;Velocidade no Deslocamento;;;4.259232
POINT (-49.97807367482006 -22.25003738369874);1755885566;22/08/2025 14:59:26;Trator John Deere Série 6J - 6166;202511111;2025;ALUNO DA MANHÃ;CALAGEM;UNIMAR ADUBAÇÃO;Rotação do Motor em Deslocamento;;;1702.0
POINT (-49.97801666666666 -22.249988333333317);1755885566;22/08/2025 14:59:26;Trator John Deere Série 6J - 6166;202511111;2025;ALUNO DA MANHÃ;CALAGEM;UNIMAR ADUBAÇÃO;Rotação do Motor em Deslocamento;;;1702.0
POINT (-49.97818072627461 -22.250113660006942);1755885561;22/08/2025 14:59:21;Trator John Deere Série 6J - 6166;202511111;2025;ALUNO DA MANHÃ;CALAGEM;UNIMAR ADUBAÇÃO;Velocidade no Deslocamento;;;4.408408
POINT (-49.97812333333333 -22.250064999999985);1755885561;22/08/2025 14:59:21;Trator John Deere Série 6J - 6166;202511111;2025;ALUNO DA MANHÃ;CALAGEM;UNIMAR ADUBAÇÃO;Velocidade no Deslocamento;;;4.408408
POINT (-49.978423035857055 -22.25014065813615);1755885360;22/08/2025 14:56:00;Trator John Deere Série 6J - 6166;202511111;2025;ALUNO DA MANHÃ;CALAGEM;UNIMAR ADUBAÇÃO;Velocidade no Deslocamento;;;3.693392
POINT (-49.978493333333326 -22.250109999999978);1755885360;22/08/2025 14:56:00;Trator John Deere Série 6J - 6166;202511111;2025;ALUNO DA MANHÃ;CALAGEM;UNIMAR ADUBAÇÃO;Velocidade no Deslocamento;;;3.693392
POINT (-49.975467735346825 -22.248208951785823);1755880474;22/08/2025 13:34:34;Trator John Deere Série 6J - 6166;202511111;2025;ALUNO DA MANHÃ;CALAGEM;UNIMAR ADUBAÇÃO;Velocidade no Deslocamento;;;6.0184803
POINT (-49.97539333333332 -22.24818833333332);1755880474;22/08/2025 13:34:34;Trator John Deere Série 6J - 6166;202511111;2025;ALUNO DA MANHÃ;CALAGEM;UNIMAR ADUBAÇÃO;Velocidade no Deslocamento;;;6.0184803
POINT (-49.97608415409432 -22.24841518353359);1761301333;24/10/2025 07:22:13;Trator John Deere Série 6J - 6166;2147483647;2025;ALUNO DA MANHÃ;;;Tempo Máximo de Motor Ocioso;00:02:34;Sem evento;
POINT (-49.965176841173346 -22.240970077279727);1761302004;24/10/2025 07:33:24;Trator John Deere Série 6J - 6166;2147483647;2025;ALUNO DA MANHÃ;;;Tempo Máximo de Motor Ocioso;00:01:49;Sem evento;
POINT (-49.97044439247515 -22.239048549136534);1761304448;24/10/2025 08:14:08;Trator John Deere Série 6J - 6166;2147483647;2025;ALUNO DA MANHÃ;;;Tempo Máximo de Motor Ocioso;00:00:08;Sem evento;
POINT (-49.97257910176711 -22.239224346607646);1761306422;24/10/2025 08:47:02;Trator John Deere Série 6J - 6166;2147483647;2025;ALUNO DA MANHÃ;;;Tempo Máximo de Motor Ocioso;00:08:27;Sem evento;
POINT (-49.97119885063997 -22.23935303531347);1761307335;24/10/2025 09:02:15;Trator John Deere Série 6J - 6166;2147483647;2025;ALUNO DA MANHÃ;;;Tempo Máximo de Motor Ocioso;00:00:13;Sem evento;
POINT (-49.97644845234181 -22.24831427275538);1761311222;24/10/2025 10:07:02;Trator John Deere Série 6J - 6166;2147483647;2025;ALUNO DA MANHÃ;;;Tempo Máximo de Motor Ocioso;00:00:19;Sem evento;
POINT (-49.97644845234181 -22.24831427275538);1761311288;24/10/2025 10:08:08;Trator John Deere Série 6J - 6166;2147483647;2025;ALUNO DA MANHÃ;;;Tempo Máximo de Motor Ocioso;00:01:07;Sem evento;
POINT (-49.97613935871132 -22.248923705586677);1761311520;24/10/2025 10:12:00;Trator John Deere Série 6J - 6166;2147483647;2025;ALUNO DA MANHÃ;;;Tempo Máximo de Motor Ocioso;00:02:45;Sem evento;
POINT (-49.97567231246545 -22.248200022996272);1761311737;24/10/2025 10:15:37;Trator John Deere Série 6J - 6166;2147483647;2025;ALUNO DA MANHÃ;;;Tempo Máximo de Motor Ocioso;00:01:28;Sem evento;
POINT (-49.98020569430474 -22.251621397698003);1761314008;24/10/2025 10:53:28;Trator John Deere Série 6J - 6166;2147483647;2025;ALUNO DA MANHÃ;;;Tempo Máximo de Motor Ocioso;00:00:24;Sem evento;
POINT (-49.97748647735866 -22.249800451738544);1761314374;24/10/2025 10:59:34;Trator John Deere Série 6J - 6166;2147483647;2025;ALUNO DA MANHÃ;;;Tempo Máximo de Motor Ocioso;00:00:34;Sem evento;
POINT (-49.98009421130727 -22.251602833104446);1761314816;24/10/2025 11:06:56;Trator John Deere Série 6J - 6166;2147483647;2025;ALUNO DA MANHÃ;;;Tempo Máximo de Motor Ocioso;00:01:58;Sem evento;
POINT (-49.98031140360444 -22.25179378604763);1761315662;24/10/2025 11:21:02;Trator John Deere Série 6J - 6166;2147483647;2025;ALUNO DA MANHÃ;;;Tempo Máximo de Motor Ocioso;00:00:49;Sem evento;
POINT (-49.97529980305813 -22.24843392354612);1761407843;25/10/2025 12:57:23;Trator John Deere Série 6J - 6166;2147483647;2025;ALUNO DA MANHÃ;;;Tempo Máximo de Motor Ocioso;00:01:00;Sem evento;
POINT (-49.975604894790564 -22.248083912235614);1761408071;25/10/2025 13:01:11;Trator John Deere Série 6J - 6166;2147483647;2025;ALUNO DA MANHÃ;;;Tempo Máximo de Motor Ocioso;00:00:29;Sem evento;
POINT (-49.975529350766244 -22.248054947005805);1761408136;25/10/2025 13:02:16;Trator John Deere Série 6J - 6166;2147483647;2025;ALUNO DA MANHÃ;;;Tempo Máximo de Motor Ocioso;00:01:58;Sem evento;
POINT (-49.97884138648073 -22.245093000590888);1761409131;25/10/2025 13:18:51;Trator John Deere Série 6J - 6166;2147483647;2025;ALUNO DA MANHÃ;;;Tempo Máximo de Motor Ocioso;00:08:15;Sem evento;
POINT (-49.97373712375833 -22.249660722085675);1761423721;25/10/2025 17:22:01;Trator John Deere Série 6J - 6166;2147483647;2025;ALUNO DA MANHÃ;;;Tempo Máximo de Motor Ocioso;00:00:40;Sem evento;
POINT (-49.97784730136204 -22.248043415797568);1761560298;27/10/2025 07:18:18;Trator John Deere Série 6J - 6166;2147483647;2025;ALUNO DA MANHÃ;;;Tempo Máximo de Motor Ocioso;00:06:17;Sem evento;
POINT (-49.9759198880532 -22.24832663140018);1761560731;27/10/2025 07:25:31;Trator John Deere Série 6J - 6166;2147483647;2025;ALUNO DA MANHÃ;;;Tempo Máximo de Motor Ocioso;00:00:54;Sem evento;
POINT (-49.965447892318736 -22.24066339881237);1761564397;27/10/2025 08:26:37;Trator John Deere Série 6J - 6166;2147483647;2025;ALUNO DA MANHÃ;;;Tempo Máximo de Motor Ocioso;00:08:10;Sem evento;
POINT (-49.97389529160309 -22.250021237068776);1761573089;27/10/2025 10:51:29;Trator John Deere Série 6J - 6166;2147483647;2025;ALUNO DA MANHÃ;;;Tempo Máximo de Motor Ocioso;00:06:21;Sem evento;
POINT (-49.97373866588814 -22.24977930238943);1761573544;27/10/2025 10:59:04;Trator John Deere Série 6J - 6166;2147483647;2025;ALUNO DA MANHÃ;;;Tempo Máximo de Motor Ocioso;00:01:04;Sem evento;
POINT (-49.97373866588814 -22.24977930238943);1761573604;27/10/2025 11:00:04;Trator John Deere Série 6J - 6166;2147483647;2025;ALUNO DA MANHÃ;;;Tempo Máximo de Motor Ocioso;00:03:48;Sem evento;
POINT (-49.97582487791481 -22.24752603528439);1761573921;27/10/2025 11:05:21;Trator John Deere Série 6J - 6166;2147483647;2025;ALUNO DA MANHÃ;;;Tempo Máximo de Motor Ocioso;00:54:42;Sem evento;
POINT (-49.97582487791481 -22.24752603528439);1761577201;27/10/2025 12:00:01;Trator John Deere Série 6J - 6166;2147483647;2025;ALUNO DA MANHÃ;;;Tempo Máximo de Motor Ocioso;00:55:27;Sem evento;
POINT (-49.97550030687746 -22.247747154857027);1761646171;28/10/2025 07:09:31;Trator John Deere Série 6J - 6166;2147483647;2025;ALUNO DA MANHÃ;;;Tempo Máximo de Motor Ocioso;00:03:11;Sem evento;
POINT (-49.97573596299973 -22.24744415671833);1761646400;28/10/2025 07:13:20;Trator John Deere Série 6J - 6166;2147483647;2025;ALUNO DA MANHÃ;;;Tempo Máximo de Motor Ocioso;00:09:26;Sem evento;
POINT (-49.97568166386775 -22.24765380996328);1761647040;28/10/2025 07:24:00;Trator John Deere Série 6J - 6166;2147483647;2025;ALUNO DA MANHÃ;;;Tempo Máximo de Motor Ocioso;00:06:03;Sem evento;
POINT (-49.975677252415686 -22.247476903598784);1761647470;28/10/2025 07:31:10;Trator John Deere Série 6J - 6166;2147483647;2025;ALUNO DA MANHÃ;;;Tempo Máximo de Motor Ocioso;00:07:26;Sem evento;
POINT (-49.975677252415686 -22.247476903598784);1761647950.1;28/10/2025 07:39:10;Trator John Deere Série 6J - 6166;2147483647;2025;ALUNO DA MANHÃ;;;Tempo Máximo de Motor Ocioso;00:00:38;Sem evento;
POINT (-49.97568389815513 -22.247336604685138);1761648024.8;28/10/2025 07:40:25;Trator John Deere Série 6J - 6166;2147483647;2025;ALUNO DA MANHÃ;;;Tempo Máximo de Motor Ocioso;00:01:10;Sem evento;
POINT (-49.97568816932869 -22.247654032904666);1761648188.5;28/10/2025 07:43:08;Trator John Deere Série 6J - 6166;2147483647;2025;ALUNO DA MANHÃ;;;Tempo Máximo de Motor Ocioso;00:01:09;Sem evento;
POINT (-49.97577171905466 -22.2476479975858);1761648289.1;28/10/2025 07:44:49;Trator John Deere Série 6J - 6166;2147483647;2025;ALUNO DA MANHÃ;;;Tempo Máximo de Motor Ocioso;00:02:24;Sem evento;
POINT (-49.97570514235067 -22.24755240486546);1761648527.7;28/10/2025 07:48:48;Trator John Deere Série 6J - 6166;2147483647;2025;ALUNO DA MANHÃ;;;Tempo Máximo de Motor Ocioso;00:00:59;Sem evento;
POINT (-49.97576213947381 -22.24756264283769);1761648622.7;28/10/2025 07:50:23;Trator John Deere Série 6J - 6166;2147483647;2025;ALUNO DA MANHÃ;;;Tempo Máximo de Motor Ocioso;00:00:19;Sem evento;
POINT (-49.97575928736908 -22.247400647400948);1761648746.1;28/10/2025 07:52:26;Trator John Deere Série 6J - 6166;2147483647;2025;ALUNO DA MANHÃ;;;Tempo Máximo de Motor Ocioso;00:07:39;Sem evento;
POINT (-49.97575928736908 -22.247400647400948);1761649201.1;28/10/2025 08:00:01;Trator John Deere Série 6J - 6166;2147483647;2025;ALUNO DA MANHÃ;;;Tempo Máximo de Motor Ocioso;00:50:59;Sem evento;
POINT (-49.97548473208299 -22.248203445787325);1761651915.3;28/10/2025 08:45:15;Trator John Deere Série 6J - 6166;2147483647;2025;ALUNO DA MANHÃ;;;Tempo Máximo de Motor Ocioso;00:00:29;Sem evento;
POINT (-49.9640448613961 -22.259055453958126);1761652677.4;28/10/2025 08:57:57;Trator John Deere Série 6J - 6166;2147483647;2025;ALUNO DA MANHÃ;;;Tempo Máximo de Motor Ocioso;00:02:09;Sem evento;
POINT (-49.9640448613961 -22.259055453958126);1761652802.4;28/10/2025 09:00:02;Trator John Deere Série 6J - 6166;2147483647;2025;ALUNO DA MANHÃ;;;Tempo Máximo de Motor Ocioso;00:07:09;Sem evento;
POINT (-49.963772676351056 -22.259659985142225);1761653912;28/10/2025 09:18:32;Trator John Deere Série 6J - 6166;6;6842;ALAN TURING;;;Tempo Máximo de Motor Ocioso;00:11:50;Sem evento;
POINT (-49.962842748980215 -22.259376230022706);1761654742.1;28/10/2025 09:32:22;Trator John Deere Série 6J - 6166;6;6842;ALAN TURING;;;Tempo Máximo de Motor Ocioso;00:00:09;Sem evento;
POINT (-49.96375078610854 -22.25700994780776);1761656263.1;28/10/2025 09:57:43;Trator John Deere Série 6J - 6166;6;6842;ALAN TURING;;;Tempo Máximo de Motor Ocioso;00:02:24;Sem evento;
POINT (-49.96375078610854 -22.25700994780776);1761656403.1;28/10/2025 10:00:03;Trator John Deere Série 6J - 6166;6;6842;ALAN TURING;;;Tempo Máximo de Motor Ocioso;00:07:29;Sem evento;
POINT (-49.96372848140574 -22.25708762817753);1761656800.1;28/10/2025 10:06:40;Trator John Deere Série 6J - 6166;6;6842;ALAN TURING;;;Tempo Máximo de Motor Ocioso;00:00:50;Sem evento;
POINT (-49.963702244126154 -22.259743452531332);1761657179.9;28/10/2025 10:13:00;Trator John Deere Série 6J - 6166;6;6842;ALAN TURING;;;Tempo Máximo de Motor Ocioso;00:01:19;Sem evento;
POINT (-49.96386672592438 -22.259114570196264);1761657379.1;28/10/2025 10:16:19;Trator John Deere Série 6J - 6166;6;6842;ALAN TURING;;;Tempo Máximo de Motor Ocioso;00:04:49;Sem evento;
POINT (-49.96383446233086 -22.259149306390082);1761657701.5;28/10/2025 10:21:42;Trator John Deere Série 6J - 6166;6;6842;ALAN TURING;;;Tempo Máximo de Motor Ocioso;00:02:54;Sem evento;
POINT (-49.96381946614026 -22.25915048883864);1761657909.9;28/10/2025 10:25:10;Trator John Deere Série 6J - 6166;6;6842;ALAN TURING;;;Tempo Máximo de Motor Ocioso;00:02:04;Sem evento;
POINT (-49.9638014243969 -22.259217954136062);1761658120.7;28/10/2025 10:28:41;Trator John Deere Série 6J - 6166;6;6842;ALAN TURING;;;Tempo Máximo de Motor Ocioso;00:06:54;Sem evento;
POINT (-49.96378445569767 -22.259218423867782);1761658568.8;28/10/2025 10:36:09;Trator John Deere Série 6J - 6166;6;6842;ALAN TURING;;;Tempo Máximo de Motor Ocioso;00:03:50;Sem evento;
POINT (-49.963723257739595 -22.259179599727894);1761659162;28/10/2025 10:46:02;Trator John Deere Série 6J - 6166;6;6842;ALAN TURING;;;Tempo Máximo de Motor Ocioso;00:11:44;Sem evento;
POINT (-49.96407647862875 -22.259155976777475);1761661767.6;28/10/2025 11:29:28;Trator John Deere Série 6J - 6166;6;6842;ALAN TURING;;;Tempo Máximo de Motor Ocioso;00:11:19;Sem evento;
POINT (-49.96406286470084 -22.259095880182787);1761667714.2;28/10/2025 13:08:34;Trator John Deere Série 6J - 6166;6;6842;ALAN TURING;;;Tempo Máximo de Motor Ocioso;00:02:59;Sem evento;
POINT (-49.964472093216074 -22.25466421733171);1761669923.2;28/10/2025 13:45:23;Trator John Deere Série 6J - 6166;6;6842;ALAN TURING;;;Tempo Máximo de Motor Ocioso;00:00:29;Sem evento;
POINT (-49.96409536730719 -22.259141020303137);1761673343.1;28/10/2025 14:42:23;Trator John Deere Série 6J - 6166;6;6842;ALAN TURING;;;Tempo Máximo de Motor Ocioso;00:08:19;Sem evento;
POINT (-49.96330225553571 -22.2549153707401);1761675727.5;28/10/2025 15:22:08;Trator John Deere Série 6J - 6166;6;6842;ALAN TURING;;;Tempo Máximo de Motor Ocioso;00:01:04;Sem evento;
POINT (-49.9635849760202 -22.255781225517453);1761677181.3;28/10/2025 15:46:21;Trator John Deere Série 6J - 6166;6;6842;ALAN TURING;;;Tempo Máximo de Motor Ocioso;00:00:15;Sem evento;
POINT (-49.96402517017522 -22.25909851032535);1761680138.5;28/10/2025 16:35:38;Trator John Deere Série 6J - 6166;6;6842;ALAN TURING;;;Tempo Máximo de Motor Ocioso;00:01:14;Sem evento;
POINT (-49.9640807049928 -22.259159527174557);1761680244.5;28/10/2025 16:37:24;Trator John Deere Série 6J - 6166;6;6842;ALAN TURING;;;Tempo Máximo de Motor Ocioso;00:00:29;Sem evento;
POINT (-49.96408030456363 -22.259160845400192);1761680326.1;28/10/2025 16:38:46;Trator John Deere Série 6J - 6166;6;6842;ALAN TURING;;;Tempo Máximo de Motor Ocioso;00:00:19;Sem evento;
POINT (-49.964017540311104 -22.259147559351238);1761680377.9;28/10/2025 16:39:38;Trator John Deere Série 6J - 6166;6;6842;ALAN TURING;;;Tempo Máximo de Motor Ocioso;00:01:24;Sem evento;
POINT (-49.964015212501444 -22.25910991240717);1761680494.8;28/10/2025 16:41:35;Trator John Deere Série 6J - 6166;6;6842;ALAN TURING;;;Tempo Máximo de Motor Ocioso;00:00:45;Sem evento;
POINT (-49.964012157086316 -22.25911879536483);1761680664.1;28/10/2025 16:44:24;Trator John Deere Série 6J - 6166;6;6842;ALAN TURING;;;Tempo Máximo de Motor Ocioso;00:01:39;Sem evento;
POINT (-49.96401257321231 -22.259117038537266);1761680824.9;28/10/2025 16:47:05;Trator John Deere Série 6J - 6166;6;6842;ALAN TURING;;;Tempo Máximo de Motor Ocioso;00:04:29;Sem evento;
POINT (-49.964087629411395 -22.259153682109826);1761681129.9;28/10/2025 16:52:10;Trator John Deere Série 6J - 6166;6;6842;ALAN TURING;;;Tempo Máximo de Motor Ocioso;00:07:59;Sem evento;
POINT (-49.964087629411395 -22.259153682109826);1761681604.9;28/10/2025 17:00:05;Trator John Deere Série 6J - 6166;6;6842;ALAN TURING;;;Tempo Máximo de Motor Ocioso;00:31:34;Sem evento;
POINT (-49.96282924092109 -22.257396026910698);1761685248.2;28/10/2025 18:00:48;Trator John Deere Série 6J - 6166;6;6842;ALAN TURING;;;Tempo Máximo de Motor Ocioso;00:00:49;Sem evento;
POINT (-49.963836111426914 -22.260137737448122);1761688321.2;28/10/2025 18:52:01;Trator John Deere Série 6J - 6166;6;6842;ALAN TURING;;;Tempo Máximo de Motor Ocioso;00:00:44;Sem evento;
POINT (-49.96386374309157 -22.26014527435911);1761688400.8;28/10/2025 18:53:21;Trator John Deere Série 6J - 6166;6;6842;ALAN TURING;;;Tempo Máximo de Motor Ocioso;00:00:40;Sem evento;
POINT (-49.962731468531345 -22.257613519695877);1761689368.7;28/10/2025 19:09:29;Trator John Deere Série 6J - 6166;6;6842;ALAN TURING;;;Tempo Máximo de Motor Ocioso;00:00:54;Sem evento;
POINT (-49.96406176657724 -22.25922841379821);1761690550;28/10/2025 19:29:10;Trator John Deere Série 6J - 6166;6;6842;ALAN TURING;;;Tempo Máximo de Motor Ocioso;00:02:19;Sem evento;
POINT (-49.97523952084988 -22.248376557405734);1761691377;28/10/2025 19:42:57;Trator John Deere Série 6J - 6166;6;6842;ALAN TURING;;;Tempo Máximo de Motor Ocioso;00:00:09;Sem evento;
POINT (-49.97551865294786 -22.24832075398053);1761691432;28/10/2025 19:43:52;Trator John Deere Série 6J - 6166;6;6842;ALAN TURING;;;Tempo Máximo de Motor Ocioso;00:01:02;Sem evento;
POINT (-49.96411615880785 -22.25916848002365);1761734988.6;29/10/2025 07:49:49;Trator John Deere Série 6J - 6166;6;6842;ALAN TURING;;;Tempo Máximo de Motor Ocioso;00:10:19;Sem evento;
POINT (-49.96411615880785 -22.25916848002365);1761735603.6;29/10/2025 08:00:04;Trator John Deere Série 6J - 6166;6;6842;ALAN TURING;;;Tempo Máximo de Motor Ocioso;00:20:54;Sem evento;
POINT (-49.96196814959904 -22.257918277861876);1761738459.8;29/10/2025 08:47:40;Trator John Deere Série 6J - 6166;6;6842;ALAN TURING;;;Tempo Máximo de Motor Ocioso;00:00:09;Sem evento;
POINT (-49.96166720005364 -22.257911930525516);1761738526.9;29/10/2025 08:48:47;Trator John Deere Série 6J - 6166;6;6842;ALAN TURING;;;Tempo Máximo de Motor Ocioso;00:03:59;Sem evento;
POINT (-49.960971201422026 -22.25648366225425);1761740079.7;29/10/2025 09:14:40;Trator John Deere Série 6J - 6166;6;6842;ALAN TURING;;;Tempo Máximo de Motor Ocioso;00:01:04;Sem evento;
POINT (-49.961720348203066 -22.25960367585456);1761740496.6;29/10/2025 09:21:37;Trator John Deere Série 6J - 6166;6;6842;ALAN TURING;;;Tempo Máximo de Motor Ocioso;00:03:44;Sem evento;
POINT (-49.96166034774911 -22.25936077003752);1761741172.5;29/10/2025 09:32:52;Trator John Deere Série 6J - 6166;6;6842;ALAN TURING;;;Tempo Máximo de Motor Ocioso;00:01:00;Sem evento;
POINT (-49.963339964479296 -22.26063803801366);1761741434;29/10/2025 09:37:14;Trator John Deere Série 6J - 6166;6;6842;ALAN TURING;;;Tempo Máximo de Motor Ocioso;00:01:05;Sem evento;
POINT (-49.963054140919006 -22.260836113696218);1761741827.4;29/10/2025 09:43:47;Trator John Deere Série 6J - 6166;6;6842;ALAN TURING;;;Tempo Máximo de Motor Ocioso;00:01:19;Sem evento;
POINT (-49.960823641500916 -22.256978289548552);1761742486.7;29/10/2025 09:54:47;Trator John Deere Série 6J - 6166;6;6842;ALAN TURING;;;Tempo Máximo de Motor Ocioso;00:01:09;Sem evento;
POINT (-49.96078244500676 -22.257488968641496);1761743277.2;29/10/2025 10:07:57;Trator John Deere Série 6J - 6166;6;6842;ALAN TURING;;;Tempo Máximo de Motor Ocioso;00:00:24;Sem evento;
POINT (-49.96405490478234 -22.259110436491053);1761744264.5;29/10/2025 10:24:24;Trator John Deere Série 6J - 6166;6;6842;ALAN TURING;;;Tempo Máximo de Motor Ocioso;00:11:20;Sem evento;
POINT (-49.96261068749998 -22.260591065324622);1761745443.1;29/10/2025 10:44:03;Trator John Deere Série 6J - 6166;6;6842;ALAN TURING;;;Tempo Máximo de Motor Ocioso;00:00:29;Sem evento;
POINT (-49.9619598555205 -22.260372858781054);1761745552.4;29/10/2025 10:45:52;Trator John Deere Série 6J - 6166;6;6842;ALAN TURING;;;Tempo Máximo de Motor Ocioso;00:00:59;Sem evento;
POINT (-49.96129489178242 -22.260690845452775);1761746142.4;29/10/2025 10:55:42;Trator John Deere Série 6J - 6166;6;6842;ALAN TURING;;;Tempo Máximo de Motor Ocioso;00:01:24;Sem evento;
POINT (-49.96099456370254 -22.26044039337639);1761746792.4;29/10/2025 11:06:32;Trator John Deere Série 6J - 6166;6;6842;ALAN TURING;;;Tempo Máximo de Motor Ocioso;00:00:39;Sem evento;
POINT (-49.96118385617839 -22.260144262590494);1761746985.3;29/10/2025 11:09:45;Trator John Deere Série 6J - 6166;6;6842;ALAN TURING;;;Tempo Máximo de Motor Ocioso;00:01:24;Sem evento;
POINT (-49.96143703258087 -22.25991679077701);1761747149.9;29/10/2025 11:12:30;Trator John Deere Série 6J - 6166;6;6842;ALAN TURING;;;Tempo Máximo de Motor Ocioso;00:01:04;Sem evento;
POINT (-49.96154631313543 -22.260692559059645);1761747697.5;29/10/2025 11:21:38;Trator John Deere Série 6J - 6166;6;6842;ALAN TURING;;;Tempo Máximo de Motor Ocioso;00:00:15;Sem evento;
POINT (-49.963594310935704 -22.260862614599183);1761747985.9;29/10/2025 11:26:26;Trator John Deere Série 6J - 6166;6;6842;ALAN TURING;;;Tempo Máximo de Motor Ocioso;00:05:19;Sem evento;
POINT (-49.96267136359975 -22.260802720669396);1761748393.7;29/10/2025 11:33:14;Trator John Deere Série 6J - 6166;6;6842;ALAN TURING;;;Tempo Máximo de Motor Ocioso;00:02:23;Sem evento;
POINT (-49.962670941899006 -22.260808658310697);1761748574.7;29/10/2025 11:36:15;Trator John Deere Série 6J - 6166;6;6842;ALAN TURING;;;Tempo Máximo de Motor Ocioso;00:02:09;Sem evento;
POINT (-49.96127351031429 -22.259643719499717);1761748973.1;29/10/2025 11:42:53;Trator John Deere Série 6J - 6166;6;6842;ALAN TURING;;;Tempo Máximo de Motor Ocioso;00:00:35;Sem evento;
POINT (-49.96229175988424 -22.25843034189882);1761749143.6;29/10/2025 11:45:44;Trator John Deere Série 6J - 6166;6;6842;ALAN TURING;;;Tempo Máximo de Motor Ocioso;00:00:45;Sem evento;
POINT (-49.96258056098686 -22.25443111617611);1761749735.6;29/10/2025 11:55:36;Trator John Deere Série 6J - 6166;6;6842;ALAN TURING;;;Tempo Máximo de Motor Ocioso;00:03:35;Sem evento;
POINT (-49.96098787357309 -22.259854735437788);1761750695;29/10/2025 12:11:35;Trator John Deere Série 6J - 6166;6;6842;ALAN TURING;;;Tempo Máximo de Motor Ocioso;00:00:34;Sem evento;
POINT (-49.964062232758785 -22.25909620122405);1761756324.8;29/10/2025 13:45:25;Trator John Deere Série 6J - 6166;6;6842;ALAN TURING;;;Tempo Máximo de Motor Ocioso;00:14:42;Sem evento;
POINT (-49.964062232758785 -22.25909620122405);1761757204.8;29/10/2025 14:00:05;Trator John Deere Série 6J - 6166;6;6842;ALAN TURING;;;Tempo Máximo de Motor Ocioso;00:22:27;Sem evento;
POINT (-49.96117355744351 -22.259612554048715);1761758144.8;29/10/2025 14:15:45;Trator John Deere Série 6J - 6166;6;6842;ALAN TURING;;;Tempo Máximo de Motor Ocioso;00:00:14;Sem evento;
POINT (-49.960829082905846 -22.25611113782337);1761758536.2;29/10/2025 14:22:16;Trator John Deere Série 6J - 6166;6;6842;ALAN TURING;;;Tempo Máximo de Motor Ocioso;00:00:19;Sem evento;
POINT (-49.962504811347685 -22.255345128642293);1761758756;29/10/2025 14:25:56;Trator John Deere Série 6J - 6166;6;6842;ALAN TURING;;;Tempo Máximo de Motor Ocioso;00:00:29;Sem evento;
POINT (-49.96230248131209 -22.255065286574855);1761758972.1;29/10/2025 14:29:32;Trator John Deere Série 6J - 6166;6;6842;ALAN TURING;;;Tempo Máximo de Motor Ocioso;00:00:24;Sem evento;
POINT (-49.96200482185578 -22.255713442977328);1761759098.6;29/10/2025 14:31:39;Trator John Deere Série 6J - 6166;6;6842;ALAN TURING;;;Tempo Máximo de Motor Ocioso;00:02:54;Sem evento;
POINT (-49.960504220569696 -22.255345538446672);1761759415.8;29/10/2025 14:36:56;Trator John Deere Série 6J - 6166;6;6842;ALAN TURING;;;Tempo Máximo de Motor Ocioso;00:00:29;Sem evento;
POINT (-49.9598315793251 -22.256306176447175);1761759558.4;29/10/2025 14:39:18;Trator John Deere Série 6J - 6166;6;6842;ALAN TURING;;;Tempo Máximo de Motor Ocioso;00:00:15;Sem evento;
POINT (-49.96000004263449 -22.255779103042382);1761759730.9;29/10/2025 14:42:11;Trator John Deere Série 6J - 6166;6;6842;ALAN TURING;;;Tempo Máximo de Motor Ocioso;00:00:49;Sem evento;
POINT (-49.95964625806079 -22.256539254491738);1761760235;29/10/2025 14:50:35;Trator John Deere Série 6J - 6166;6;6842;ALAN TURING;;;Tempo Máximo de Motor Ocioso;00:00:19;Sem evento;
POINT (-49.96049699352106 -22.258406152265874);1761760880;29/10/2025 15:01:20;Trator John Deere Série 6J - 6166;6;6842;ALAN TURING;;;Tempo Máximo de Motor Ocioso;00:00:10;Sem evento;
POINT (-49.959775847721716 -22.259052801012217);1761761472.8;29/10/2025 15:11:13;Trator John Deere Série 6J - 6166;6;6842;ALAN TURING;;;Tempo Máximo de Motor Ocioso;00:00:19;Sem evento;
POINT (-49.95904143769676 -22.258889325542455);1761762310.1;29/10/2025 15:25:10;Trator John Deere Série 6J - 6166;6;6842;ALAN TURING;;;Tempo Máximo de Motor Ocioso;00:00:59;Sem evento;
POINT (-49.96107684591856 -22.258596877334224);1761762773.5;29/10/2025 15:32:54;Trator John Deere Série 6J - 6166;6;6842;ALAN TURING;;;Tempo Máximo de Motor Ocioso;00:00:09;Sem evento;
POINT (-49.96072814309565 -22.258570899162592);1761763526.4;29/10/2025 15:45:26;Trator John Deere Série 6J - 6166;6;6842;ALAN TURING;;;Tempo Máximo de Motor Ocioso;00:11:50;Sem evento;
POINT (-49.962669960915655 -22.261228071597323);1761764881.7;29/10/2025 16:08:02;Trator John Deere Série 6J - 6166;6;6842;ALAN TURING;;;Tempo Máximo de Motor Ocioso;00:00:09;Sem evento;
POINT (-49.96461311667124 -22.26062130919342);1761765051.7;29/10/2025 16:10:52;Trator John Deere Série 6J - 6166;6;6842;ALAN TURING;;;Tempo Máximo de Motor Ocioso;00:00:24;Sem evento;
POINT (-49.96408480445485 -22.259092685199363);1761765224.3;29/10/2025 16:13:44;Trator John Deere Série 6J - 6166;6;6842;ALAN TURING;;;Tempo Máximo de Motor Ocioso;00:10:59;Sem evento;
POINT (-49.96405816863704 -22.259070611152374);1761765924;29/10/2025 16:25:24;Trator John Deere Série 6J - 6166;6;6842;ALAN TURING;;;Tempo Máximo de Motor Ocioso;00:19:55;Sem evento;
POINT (-49.96230157034945 -22.258232549693265);1761767755.4;29/10/2025 16:55:55;Trator John Deere Série 6J - 6166;6;6842;ALAN TURING;;;Tempo Máximo de Motor Ocioso;00:01:00;Sem evento;
POINT (-49.96032485200556 -22.25740296826618);1761769060.3;29/10/2025 17:17:40;Trator John Deere Série 6J - 6166;6;6842;ALAN TURING;;;Tempo Máximo de Motor Ocioso;00:00:29;Sem evento;
POINT (-49.96159117997724 -22.255472719336467);1761769576.4;29/10/2025 17:26:16;Trator John Deere Série 6J - 6166;6;6842;ALAN TURING;;;Tempo Máximo de Motor Ocioso;00:00:09;Sem evento;
POINT (-49.96102642404026 -22.255506743754413);1761769662.2;29/10/2025 17:27:42;Trator John Deere Série 6J - 6166;6;6842;ALAN TURING;;;Tempo Máximo de Motor Ocioso;00:00:19;Sem evento;
POINT (-49.96022058097518 -22.258273773178942);1761769902.6;29/10/2025 17:31:43;Trator John Deere Série 6J - 6166;6;6842;ALAN TURING;;;Tempo Máximo de Motor Ocioso;00:00:39;Sem evento;
POINT (-49.960246233421444 -22.25781116556156);1761770243.5;29/10/2025 17:37:24;Trator John Deere Série 6J - 6166;6;6842;ALAN TURING;;;Tempo Máximo de Motor Ocioso;00:00:10;Sem evento;
POINT (-49.96195718798671 -22.254439302285633);1761770724;29/10/2025 17:45:24;Trator John Deere Série 6J - 6166;6;6842;ALAN TURING;;;Tempo Máximo de Motor Ocioso;00:00:09;Sem evento;
POINT (-49.96195569106195 -22.25480730506002);1761770938;29/10/2025 17:48:58;Trator John Deere Série 6J - 6166;6;6842;ALAN TURING;;;Tempo Máximo de Motor Ocioso;00:00:50;Sem evento;
POINT (-49.962152689599094 -22.2553697803495);1761771579.4;29/10/2025 17:59:39;Trator John Deere Série 6J - 6166;6;6842;ALAN TURING;;;Tempo Máximo de Motor Ocioso;00:00:30;Sem evento;
POINT (-49.962152689599094 -22.2553697803495);1761771604.4;29/10/2025 18:00:04;Trator John Deere Série 6J - 6166;6;6842;ALAN TURING;;;Tempo Máximo de Motor Ocioso;00:01:50;Sem evento;
POINT (-49.96019966401967 -22.25603477413783);1761771949.7;29/10/2025 18:05:50;Trator John Deere Série 6J - 6166;6;6842;ALAN TURING;;;Tempo Máximo de Motor Ocioso;00:00:19;Sem evento;
POINT (-49.96025299057116 -22.25717063164685);1761772675.1;29/10/2025 18:17:55;Trator John Deere Série 6J - 6166;6;6842;ALAN TURING;;;Tempo Máximo de Motor Ocioso;00:00:09;Sem evento;
POINT (-49.96062756042686 -22.26099343085196);1761773004.8;29/10/2025 18:23:25;Trator John Deere Série 6J - 6166;6;6842;ALAN TURING;;;Tempo Máximo de Motor Ocioso;00:00:09;Sem evento;
POINT (-49.96409107804411 -22.259173586230244);1761773465;29/10/2025 18:31:05;Trator John Deere Série 6J - 6166;6;6842;ALAN TURING;;;Tempo Máximo de Motor Ocioso;00:28:59;Sem evento;
POINT (-49.96409107804411 -22.259173586230244);1761775200;29/10/2025 19:00:00;Trator John Deere Série 6J - 6166;6;6842;ALAN TURING;;;Tempo Máximo de Motor Ocioso;00:30:04;Sem evento;
POINT (-49.962562794977984 -22.255675962704238);1761777445.5;29/10/2025 19:37:26;Trator John Deere Série 6J - 6166;6;6842;ALAN TURING;;;Tempo Máximo de Motor Ocioso;00:00:24;Sem evento;
POINT (-49.96418387212659 -22.259124762762614);1761777967;29/10/2025 19:46:07;Trator John Deere Série 6J - 6166;6;6842;ALAN TURING;;;Tempo Máximo de Motor Ocioso;00:02:17;Sem evento;
POINT (-49.97536044637012 -22.24820991979069);1761778781;29/10/2025 19:59:41;Trator John Deere Série 6J - 6166;6;6842;ALAN TURING;;;Tempo Máximo de Motor Ocioso;00:00:13;Sem evento;
POINT (-49.97536044637012 -22.24820991979069);1761779027;29/10/2025 20:03:47;Trator John Deere Série 6J - 6166;6;6842;ALAN TURING;;;Tempo Máximo de Motor Ocioso;00:00:15;Sem evento;
POINT (-49.96525719583812 -22.240626098516387);1761817672;30/10/2025 06:47:52;Trator John Deere Série 6J - 6166;6;6842;ALAN TURING;;;Tempo Máximo de Motor Ocioso;00:10:39;Sem evento;
POINT (-49.96495563725618 -22.24099740764542);1761820379.6;30/10/2025 07:33:00;Trator John Deere Série 6J - 6166;6;6842;ALAN TURING;;;Tempo Máximo de Motor Ocioso;00:01:26;Sem evento;
POINT (-49.96475775163899 -22.260798369102847);1761824346.7;30/10/2025 08:39:07;Trator John Deere Série 6J - 6166;6;6842;ALAN TURING;;;Tempo Máximo de Motor Ocioso;00:00:19;Sem evento;
POINT (-49.964813202903386 -22.260685215212302);1761830360;30/10/2025 10:19:20;Trator John Deere Série 6J - 6166;6;6842;ALAN TURING;;;Tempo Máximo de Motor Ocioso;00:05:31;Sem evento;
POINT (-49.96238071337547 -22.255788985474616);1761832224;30/10/2025 10:50:24;Trator John Deere Série 6J - 6166;6;6842;ALAN TURING;;;Tempo Máximo de Motor Ocioso;00:00:29;Sem evento;
POINT (-49.96240568171496 -22.25587156656523);1761832384.2;30/10/2025 10:53:04;Trator John Deere Série 6J - 6166;6;6842;ALAN TURING;;;Tempo Máximo de Motor Ocioso;00:00:19;Sem evento;
POINT (-49.962281931817955 -22.254426555861517);1761832661.3;30/10/2025 10:57:41;Trator John Deere Série 6J - 6166;6;6842;ALAN TURING;;;Tempo Máximo de Motor Ocioso;00:01:44;Sem evento;
POINT (-49.96060468276166 -22.256145278141283);1761833013.2;30/10/2025 11:03:33;Trator John Deere Série 6J - 6166;6;6842;ALAN TURING;;;Tempo Máximo de Motor Ocioso;00:00:43;Sem evento;
POINT (-49.96178641465272 -22.261212203140886);1761833751.4;30/10/2025 11:15:51;Trator John Deere Série 6J - 6166;6;6842;ALAN TURING;;;Tempo Máximo de Motor Ocioso;00:00:14;Sem evento;
POINT (-49.961618386523 -22.261522135464794);1761834187.2;30/10/2025 11:23:07;Trator John Deere Série 6J - 6166;6;6842;ALAN TURING;;;Tempo Máximo de Motor Ocioso;00:00:14;Sem evento;
POINT (-49.96062749038905 -22.261666580188734);1761834362.5;30/10/2025 11:26:02;Trator John Deere Série 6J - 6166;6;6842;ALAN TURING;;;Tempo Máximo de Motor Ocioso;00:00:34;Sem evento;
POINT (-49.962509025069714 -22.26134043686346);1761834772.9;30/10/2025 11:32:53;Trator John Deere Série 6J - 6166;6;6842;ALAN TURING;;;Tempo Máximo de Motor Ocioso;00:00:50;Sem evento;
POINT (-49.96135856369868 -22.26171845906032);1761834928.5;30/10/2025 11:35:28;Trator John Deere Série 6J - 6166;6;6842;ALAN TURING;;;Tempo Máximo de Motor Ocioso;00:01:19;Sem evento;
POINT (-49.96083315239497 -22.26183397121075);1761835351.1;30/10/2025 11:42:31;Trator John Deere Série 6J - 6166;6;6842;ALAN TURING;;;Tempo Máximo de Motor Ocioso;00:00:14;Sem evento;
POINT (-49.96334144659256 -22.261400195583228);1761835598.5;30/10/2025 11:46:38;Trator John Deere Série 6J - 6166;6;6842;ALAN TURING;;;Tempo Máximo de Motor Ocioso;00:00:54;Sem evento;
POINT (-49.964097447607784 -22.26116428228097);1761835744.1;30/10/2025 11:49:04;Trator John Deere Série 6J - 6166;6;6842;ALAN TURING;;;Tempo Máximo de Motor Ocioso;00:00:09;Sem evento;
POINT (-49.964790689665094 -22.260722128907748);1761835920;30/10/2025 11:52:00;Trator John Deere Série 6J - 6166;6;6842;ALAN TURING;;;Tempo Máximo de Motor Ocioso;00:08:04;Sem evento;
POINT (-49.964790689665094 -22.260722128907748);1761836400;30/10/2025 12:00:00;Trator John Deere Série 6J - 6166;6;6842;ALAN TURING;;;Tempo Máximo de Motor Ocioso;00:12:09;Sem evento;
POINT (-49.961456185427465 -22.261807702010756);1761836976.7;30/10/2025 12:09:37;Trator John Deere Série 6J - 6166;6;6842;ALAN TURING;;;Tempo Máximo de Motor Ocioso;00:01:44;Sem evento;
POINT (-49.96310366909028 -22.261661964534095);1761837867.3;30/10/2025 12:24:27;Trator John Deere Série 6J - 6166;6;6842;ALAN TURING;;;Tempo Máximo de Motor Ocioso;00:00:15;Sem evento;
POINT (-49.96464428980655 -22.260736153056218);1761838031.6;30/10/2025 12:27:12;Trator John Deere Série 6J - 6166;6;6842;ALAN TURING;;;Tempo Máximo de Motor Ocioso;00:00:44;Sem evento;
POINT (-49.96462986529281 -22.260777704820125);1761846927.8;30/10/2025 14:55:28;Trator John Deere Série 6J - 6166;6;6842;ALAN TURING;;;Tempo Máximo de Motor Ocioso;00:01:29;Sem evento;
POINT (-49.96532200190505 -22.26607654400083);1761847542.7;30/10/2025 15:05:43;Trator John Deere Série 6J - 6166;6;6842;ALAN TURING;;;Tempo Máximo de Motor Ocioso;00:00:49;Sem evento;
POINT (-49.965230126507045 -22.268850993280527);1761849844.6;30/10/2025 15:44:05;Trator John Deere Série 6J - 6166;6;6842;ALAN TURING;;;Tempo Máximo de Motor Ocioso;00:00:09;Sem evento;
POINT (-49.96507891887882 -22.268753615429663);1761850188.5;30/10/2025 15:49:48;Trator John Deere Série 6J - 6166;6;6842;ALAN TURING;;;Tempo Máximo de Motor Ocioso;00:00:45;Sem evento;
POINT (-49.965364810799 -22.26610696149182);1761850580.8;30/10/2025 15:56:21;Trator John Deere Série 6J - 6166;6;6842;ALAN TURING;;;Tempo Máximo de Motor Ocioso;00:00:34;Sem evento;
POINT (-49.96537573397559 -22.266113499597058);1761850654;30/10/2025 15:57:34;Trator John Deere Série 6J - 6166;6;6842;ALAN TURING;;;Tempo Máximo de Motor Ocioso;00:01:40;Sem evento;
POINT (-49.965272829646 -22.266156866174935);1761850816.6;30/10/2025 16:00:17;Trator John Deere Série 6J - 6166;6;6842;ALAN TURING;;;Tempo Máximo de Motor Ocioso;00:12:24;Sem evento;
POINT (-49.96418476480986 -22.268585647906637);1761851821.9;30/10/2025 16:17:02;Trator John Deere Série 6J - 6166;6;6842;ALAN TURING;;;Tempo Máximo de Motor Ocioso;00:01:15;Sem evento;
POINT (-49.96492680395513 -22.26930057204286);1761852066.8;30/10/2025 16:21:07;Trator John Deere Série 6J - 6166;6;6842;ALAN TURING;;;Tempo Máximo de Motor Ocioso;00:01:09;Sem evento;
POINT (-49.964221171769694 -22.268089037320195);1761852267.7;30/10/2025 16:24:28;Trator John Deere Série 6J - 6166;6;6842;ALAN TURING;;;Tempo Máximo de Motor Ocioso;00:00:14;Sem evento;
POINT (-49.96448030219136 -22.269283342243558);1761852547.7;30/10/2025 16:29:08;Trator John Deere Série 6J - 6166;6;6842;ALAN TURING;;;Tempo Máximo de Motor Ocioso;00:00:49;Sem evento;
POINT (-49.96407201877755 -22.26908507340401);1761853022.4;30/10/2025 16:37:02;Trator John Deere Série 6J - 6166;6;6842;ALAN TURING;;;Tempo Máximo de Motor Ocioso;00:01:55;Sem evento;
POINT (-49.96453791807897 -22.267067332855188);1761853497;30/10/2025 16:44:57;Trator John Deere Série 6J - 6166;6;6842;ALAN TURING;;;Tempo Máximo de Motor Ocioso;00:03:00;Sem evento;
POINT (-49.965339808969716 -22.266144906808073);1761854372;30/10/2025 16:59:32;Trator John Deere Série 6J - 6166;6;6842;ALAN TURING;;;Tempo Máximo de Motor Ocioso;00:00:35;Sem evento;
POINT (-49.965339808969716 -22.266144906808073);1761854402;30/10/2025 17:00:02;Trator John Deere Série 6J - 6166;6;6842;ALAN TURING;;;Tempo Máximo de Motor Ocioso;00:53:25;Sem evento;
POINT (-49.96423933016216 -22.26721640321016);1761857741.4;30/10/2025 17:55:41;Trator John Deere Série 6J - 6166;6;6842;ALAN TURING;;;Tempo Máximo de Motor Ocioso;00:04:25;Sem evento;
POINT (-49.96423933016216 -22.26721640321016);1761858001.4;30/10/2025 18:00:01;Trator John Deere Série 6J - 6166;6;6842;ALAN TURING;;;Tempo Máximo de Motor Ocioso;00:06:15;Sem evento;
POINT (-49.964217360757864 -22.266932281134327);1761858658.3;30/10/2025 18:10:58;Trator John Deere Série 6J - 6166;6;6842;ALAN TURING;;;Tempo Máximo de Motor Ocioso;00:00:09;Sem evento;
POINT (-49.96519741347317 -22.269590642558825);1761858951.7;30/10/2025 18:15:52;Trator John Deere Série 6J - 6166;6;6842;ALAN TURING;;;Tempo Máximo de Motor Ocioso;00:01:09;Sem evento;
POINT (-49.963695698669234 -22.268171365718214);1761859207.8;30/10/2025 18:20:08;Trator John Deere Série 6J - 6166;6;6842;ALAN TURING;;;Tempo Máximo de Motor Ocioso;00:01:09;Sem evento;
POINT (-49.96417599139137 -22.266851464322315);1761859534.9;30/10/2025 18:25:35;Trator John Deere Série 6J - 6166;6;6842;ALAN TURING;;;Tempo Máximo de Motor Ocioso;00:00:20;Sem evento;
POINT (-49.963680010207796 -22.267919903460903);1761859668.9;30/10/2025 18:27:49;Trator John Deere Série 6J - 6166;6;6842;ALAN TURING;;;Tempo Máximo de Motor Ocioso;00:01:29;Sem evento;
POINT (-49.963603762201274 -22.26898691082059);1761860526.6;30/10/2025 18:42:07;Trator John Deere Série 6J - 6166;6;6842;ALAN TURING;;;Tempo Máximo de Motor Ocioso;00:00:14;Sem evento;
POINT (-49.96346938589253 -22.267431097044312);1761861798.5;30/10/2025 19:03:18;Trator John Deere Série 6J - 6166;6;6842;ALAN TURING;;;Tempo Máximo de Motor Ocioso;00:01:05;Sem evento;
POINT (-49.96391147426466 -22.266568934760347);1761862304.6;30/10/2025 19:11:45;Trator John Deere Série 6J - 6166;6;6842;ALAN TURING;;;Tempo Máximo de Motor Ocioso;00:05:24;Sem evento;
POINT (-49.96527281561508 -22.266166897849168);1761863113.9;30/10/2025 19:25:14;Trator John Deere Série 6J - 6166;6;6842;ALAN TURING;;;Tempo Máximo de Motor Ocioso;00:09:02;Sem evento;
POINT (-49.96374026728825 -22.269563418466646);1761864051.9;30/10/2025 19:40:52;Trator John Deere Série 6J - 6166;6;6842;ALAN TURING;;;Tempo Máximo de Motor Ocioso;00:00:55;Sem evento;
POINT (-49.96351908505633 -22.266463710821565);1761864594.5;30/10/2025 19:49:54;Trator John Deere Série 6J - 6166;6;6842;ALAN TURING;;;Tempo Máximo de Motor Ocioso;00:00:15;Sem evento;
POINT (-49.96297940530824 -22.26863692035206);1761866258.2;30/10/2025 20:17:38;Trator John Deere Série 6J - 6166;6;6842;ALAN TURING;;;Tempo Máximo de Motor Ocioso;00:00:39;Sem evento;
POINT (-49.96384966442928 -22.265994546930585);1761866918.1;30/10/2025 20:28:38;Trator John Deere Série 6J - 6166;6;6842;ALAN TURING;;;Tempo Máximo de Motor Ocioso;00:01:19;Sem evento;
POINT (-49.96580015275291 -22.264978139519627);1761868511.3;30/10/2025 20:55:11;Trator John Deere Série 6J - 6166;6;6842;ALAN TURING;;;Tempo Máximo de Motor Ocioso;00:00:48;Sem evento;
POINT (-49.9754915774404 -22.248369147901613);1761869746;30/10/2025 21:15:46;Trator John Deere Série 6J - 6166;6;6842;ALAN TURING;;;Tempo Máximo de Motor Ocioso;00:00:35;Sem evento;
POINT (-49.97356616864058 -22.248006098969817);1761903626;31/10/2025 06:40:26;Trator John Deere Série 6J - 6166;6;6842;ALAN TURING;MEDIÇÃO DE ÁREA;UNIMAR SERVIÇOS GERAIS;Tempo Máximo de Motor Ocioso;00:01:04;Sem evento;
POINT (-49.96579475571371 -22.26274765157426);1761909776.2;31/10/2025 08:22:56;Trator John Deere Série 6J - 6166;6;6842;ALAN TURING;MEDIÇÃO DE ÁREA;UNIMAR SERVIÇOS GERAIS;Tempo Máximo de Motor Ocioso;00:07:19;Sem evento;
POINT (-49.96579475571371 -22.26274765157426);1761910569;31/10/2025 08:36:09;Trator John Deere Série 6J - 6166;6;6842;ALAN TURING;MEDIÇÃO DE ÁREA;UNIMAR SERVIÇOS GERAIS;Tempo Máximo de Motor Ocioso;00:00:10;Sem evento;
POINT (-49.9657512611641 -22.262832465412686);1761910799.6;31/10/2025 08:40:00;Trator John Deere Série 6J - 6166;6;6842;ALAN TURING;MEDIÇÃO DE ÁREA;UNIMAR SERVIÇOS GERAIS;Tempo Máximo de Motor Ocioso;00:08:15;Sem evento;
POINT (-49.96535508589968 -22.26619228244291);1761911528;31/10/2025 08:52:08;Trator John Deere Série 6J - 6166;6;6842;ALAN TURING;MEDIÇÃO DE ÁREA;UNIMAR SERVIÇOS GERAIS;Tempo Máximo de Motor Ocioso;00:00:29;Sem evento;
POINT (-49.96516331429646 -22.26616823986174);1761912498.8;31/10/2025 09:08:19;Trator John Deere Série 6J - 6166;6;6842;ALAN TURING;MEDIÇÃO DE ÁREA;UNIMAR SERVIÇOS GERAIS;Tempo Máximo de Motor Ocioso;00:00:14;Sem evento;
POINT (-49.96264916064151 -22.266167709871656);1761912711.1;31/10/2025 09:11:51;Trator John Deere Série 6J - 6166;6;6842;ALAN TURING;MEDIÇÃO DE ÁREA;UNIMAR SERVIÇOS GERAIS;Tempo Máximo de Motor Ocioso;00:00:24;Sem evento;
POINT (-49.96262410221435 -22.267353388324764);1761912847.1;31/10/2025 09:14:07;Trator John Deere Série 6J - 6166;6;6842;ALAN TURING;MEDIÇÃO DE ÁREA;UNIMAR SERVIÇOS GERAIS;Tempo Máximo de Motor Ocioso;00:01:00;Sem evento;
POINT (-49.962719453847676 -22.268559434385587);1761913330.4;31/10/2025 09:22:10;Trator John Deere Série 6J - 6166;6;6842;ALAN TURING;MEDIÇÃO DE ÁREA;UNIMAR SERVIÇOS GERAIS;Tempo Máximo de Motor Ocioso;00:00:24;Sem evento;
POINT (-49.962594650334644 -22.266279369998138);1761913537.7;31/10/2025 09:25:38;Trator John Deere Série 6J - 6166;6;6842;ALAN TURING;MEDIÇÃO DE ÁREA;UNIMAR SERVIÇOS GERAIS;Tempo Máximo de Motor Ocioso;00:03:59;Sem evento;
POINT (-49.96255470651251 -22.2664589617228);1761914190.4;31/10/2025 09:36:30;Trator John Deere Série 6J - 6166;6;6842;ALAN TURING;MEDIÇÃO DE ÁREA;UNIMAR SERVIÇOS GERAIS;Tempo Máximo de Motor Ocioso;00:01:39;Sem evento;
POINT (-49.96446118814308 -22.26577949129449);1761915188.8;31/10/2025 09:53:09;Trator John Deere Série 6J - 6166;6;6842;ALAN TURING;MEDIÇÃO DE ÁREA;UNIMAR SERVIÇOS GERAIS;Tempo Máximo de Motor Ocioso;00:05:09;Sem evento;
POINT (-49.96246355004015 -22.26661961540008);1761915699.7;31/10/2025 10:01:40;Trator John Deere Série 6J - 6166;6;6842;ALAN TURING;MEDIÇÃO DE ÁREA;UNIMAR SERVIÇOS GERAIS;Tempo Máximo de Motor Ocioso;00:03:10;Sem evento;
POINT (-49.96574822418962 -22.262827464238768);1761916887.5;31/10/2025 10:21:28;Trator John Deere Série 6J - 6166;6;6842;ALAN TURING;MEDIÇÃO DE ÁREA;UNIMAR SERVIÇOS GERAIS;Tempo Máximo de Motor Ocioso;00:12:05;Sem evento;
POINT (-49.96443947088207 -22.265696188958113);1761917938.1;31/10/2025 10:38:58;Trator John Deere Série 6J - 6166;6;6842;ALAN TURING;MEDIÇÃO DE ÁREA;UNIMAR SERVIÇOS GERAIS;Tempo Máximo de Motor Ocioso;00:03:29;Sem evento;
POINT (-49.962221041679726 -22.26735048116947);1761918991.9;31/10/2025 10:56:32;Trator John Deere Série 6J - 6166;6;6842;ALAN TURING;MEDIÇÃO DE ÁREA;UNIMAR SERVIÇOS GERAIS;Tempo Máximo de Motor Ocioso;00:00:34;Sem evento;
POINT (-49.96208955365501 -22.266690234046308);1761919925.4;31/10/2025 11:12:05;Trator John Deere Série 6J - 6166;6;6842;ALAN TURING;MEDIÇÃO DE ÁREA;UNIMAR SERVIÇOS GERAIS;Tempo Máximo de Motor Ocioso;00:00:19;Sem evento;
POINT (-49.961969920911486 -22.265247811212664);1761921657.7;31/10/2025 11:40:58;Trator John Deere Série 6J - 6166;6;6842;ALAN TURING;MEDIÇÃO DE ÁREA;UNIMAR SERVIÇOS GERAIS;Tempo Máximo de Motor Ocioso;00:00:14;Sem evento;
POINT (-49.96253155036589 -22.26905459106182);1761921974.2;31/10/2025 11:46:14;Trator John Deere Série 6J - 6166;6;6842;ALAN TURING;MEDIÇÃO DE ÁREA;UNIMAR SERVIÇOS GERAIS;Tempo Máximo de Motor Ocioso;00:03:04;Sem evento;
POINT (-49.9631533740019 -22.27010131457973);1761922981.2;31/10/2025 12:03:01;Trator John Deere Série 6J - 6166;6;6842;ALAN TURING;MEDIÇÃO DE ÁREA;UNIMAR SERVIÇOS GERAIS;Tempo Máximo de Motor Ocioso;00:01:49;Sem evento;
POINT (-49.96234618088087 -22.269154986845457);1761923276.7;31/10/2025 12:07:57;Trator John Deere Série 6J - 6166;6;6842;ALAN TURING;MEDIÇÃO DE ÁREA;UNIMAR SERVIÇOS GERAIS;Tempo Máximo de Motor Ocioso;00:00:19;Sem evento;
POINT (-49.975286602085404 -22.248423936674744);1761928415.9;31/10/2025 13:33:36;Trator John Deere Série 6J - 6166;6;6842;ALAN TURING;MEDIÇÃO DE ÁREA;UNIMAR SERVIÇOS GERAIS;Tempo Máximo de Motor Ocioso;00:00:49;Sem evento;
POINT (-49.965707202581754 -22.262782897723373);1761928974.8;31/10/2025 13:42:55;Trator John Deere Série 6J - 6166;6;6842;ALAN TURING;MEDIÇÃO DE ÁREA;UNIMAR SERVIÇOS GERAIS;Tempo Máximo de Motor Ocioso;00:09:44;Sem evento;
POINT (-49.96208489046699 -22.265051078792002);1761929942;31/10/2025 13:59:02;Trator John Deere Série 6J - 6166;6;6842;ALAN TURING;MEDIÇÃO DE ÁREA;UNIMAR SERVIÇOS GERAIS;Tempo Máximo de Motor Ocioso;00:00:09;Sem evento;
POINT (-49.9617983819329 -22.266836224488234);1761930159.7;31/10/2025 14:02:40;Trator John Deere Série 6J - 6166;6;6842;ALAN TURING;MEDIÇÃO DE ÁREA;UNIMAR SERVIÇOS GERAIS;Tempo Máximo de Motor Ocioso;00:04:39;Sem evento;
POINT (-49.96328336073656 -22.265155247424804);1761931367.1;31/10/2025 14:22:47;Trator John Deere Série 6J - 6166;6;6842;ALAN TURING;MEDIÇÃO DE ÁREA;UNIMAR SERVIÇOS GERAIS;Tempo Máximo de Motor Ocioso;00:01:10;Sem evento;
POINT (-49.961534383183775 -22.265172374512375);1761932672.3;31/10/2025 14:44:32;Trator John Deere Série 6J - 6166;6;6842;ALAN TURING;MEDIÇÃO DE ÁREA;UNIMAR SERVIÇOS GERAIS;Tempo Máximo de Motor Ocioso;00:01:43;Sem evento;
POINT (-49.96212646079146 -22.2683879305191);1761933374.9;31/10/2025 14:56:15;Trator John Deere Série 6J - 6166;6;6842;ALAN TURING;MEDIÇÃO DE ÁREA;UNIMAR SERVIÇOS GERAIS;Tempo Máximo de Motor Ocioso;00:00:19;Sem evento;
POINT (-49.96110144616681 -22.2658022771723);1761935044.5;31/10/2025 15:24:04;Trator John Deere Série 6J - 6166;6;6842;ALAN TURING;MEDIÇÃO DE ÁREA;UNIMAR SERVIÇOS GERAIS;Tempo Máximo de Motor Ocioso;00:00:49;Sem evento;
POINT (-49.96574098326504 -22.26281459625779);1761936170.4;31/10/2025 15:42:50;Trator John Deere Série 6J - 6166;6;6842;ALAN TURING;MEDIÇÃO DE ÁREA;UNIMAR SERVIÇOS GERAIS;Tempo Máximo de Motor Ocioso;00:09:34;Sem evento;
POINT (-49.96566158991532 -22.262824433817123);1761936782.1;31/10/2025 15:53:02;Trator John Deere Série 6J - 6166;6;6842;ALAN TURING;MEDIÇÃO DE ÁREA;UNIMAR SERVIÇOS GERAIS;Tempo Máximo de Motor Ocioso;00:07:04;Sem evento;
POINT (-49.96566158991532 -22.262824433817123);1761937202.1;31/10/2025 16:00:02;Trator John Deere Série 6J - 6166;6;6842;ALAN TURING;MEDIÇÃO DE ÁREA;UNIMAR SERVIÇOS GERAIS;Tempo Máximo de Motor Ocioso;00:10:49;Sem evento;
POINT (-49.96256081720994 -22.27046554237741);1761938186.8;31/10/2025 16:16:27;Trator John Deere Série 6J - 6166;6;6842;ALAN TURING;MEDIÇÃO DE ÁREA;UNIMAR SERVIÇOS GERAIS;Tempo Máximo de Motor Ocioso;00:00:54;Sem evento;
POINT (-49.961835922722166 -22.269005986653895);1761938396.6;31/10/2025 16:19:57;Trator John Deere Série 6J - 6166;6;6842;ALAN TURING;MEDIÇÃO DE ÁREA;UNIMAR SERVIÇOS GERAIS;Tempo Máximo de Motor Ocioso;00:00:50;Sem evento;
POINT (-49.96191332336139 -22.270478869174372);1761939105.9;31/10/2025 16:31:46;Trator John Deere Série 6J - 6166;6;6842;ALAN TURING;MEDIÇÃO DE ÁREA;UNIMAR SERVIÇOS GERAIS;Tempo Máximo de Motor Ocioso;00:01:29;Sem evento;
POINT (-49.96138269906851 -22.267056029553956);1761939634.7;31/10/2025 16:40:35;Trator John Deere Série 6J - 6166;6;6842;ALAN TURING;MEDIÇÃO DE ÁREA;UNIMAR SERVIÇOS GERAIS;Tempo Máximo de Motor Ocioso;00:00:24;Sem evento;
POINT (-49.96172458025045 -22.264645850928666);1761940022.3;31/10/2025 16:47:02;Trator John Deere Série 6J - 6166;6;6842;ALAN TURING;MEDIÇÃO DE ÁREA;UNIMAR SERVIÇOS GERAIS;Tempo Máximo de Motor Ocioso;00:01:04;Sem evento;
POINT (-49.960976899057236 -22.265143214815645);1761940834.3;31/10/2025 17:00:34;Trator John Deere Série 6J - 6166;6;6842;ALAN TURING;MEDIÇÃO DE ÁREA;UNIMAR SERVIÇOS GERAIS;Tempo Máximo de Motor Ocioso;00:00:09;Sem evento;
POINT (-49.96110484219828 -22.264960232365304);1761941935.7;31/10/2025 17:18:56;Trator John Deere Série 6J - 6166;6;6842;ALAN TURING;MEDIÇÃO DE ÁREA;UNIMAR SERVIÇOS GERAIS;Tempo Máximo de Motor Ocioso;00:00:49;Sem evento;
POINT (-49.96100299891293 -22.264808374901644);1761942468.6;31/10/2025 17:27:49;Trator John Deere Série 6J - 6166;6;6842;ALAN TURING;MEDIÇÃO DE ÁREA;UNIMAR SERVIÇOS GERAIS;Tempo Máximo de Motor Ocioso;00:01:35;Sem evento;
POINT (-49.96574918451594 -22.262814055262805);1761943463.4;31/10/2025 17:44:23;Trator John Deere Série 6J - 6166;6;6842;ALAN TURING;MEDIÇÃO DE ÁREA;UNIMAR SERVIÇOS GERAIS;Tempo Máximo de Motor Ocioso;00:13:54;Sem evento;
POINT (-49.96106133796065 -22.264345826691333);1761944653.1;31/10/2025 18:04:13;Trator John Deere Série 6J - 6166;6;6842;ALAN TURING;MEDIÇÃO DE ÁREA;UNIMAR SERVIÇOS GERAIS;Tempo Máximo de Motor Ocioso;00:00:44;Sem evento;
POINT (-49.96219994904354 -22.26418292232349);1761944928.6;31/10/2025 18:08:49;Trator John Deere Série 6J - 6166;6;6842;ALAN TURING;MEDIÇÃO DE ÁREA;UNIMAR SERVIÇOS GERAIS;Tempo Máximo de Motor Ocioso;00:00:49;Sem evento;
POINT (-49.961216819726246 -22.264230400634858);1761945191.3;31/10/2025 18:13:11;Trator John Deere Série 6J - 6166;6;6842;ALAN TURING;MEDIÇÃO DE ÁREA;UNIMAR SERVIÇOS GERAIS;Tempo Máximo de Motor Ocioso;00:00:39;Sem evento;
POINT (-49.96559673375704 -22.262861848365887);1761947313;31/10/2025 18:48:33;Trator John Deere Série 6J - 6166;6;6842;ALAN TURING;MEDIÇÃO DE ÁREA;UNIMAR SERVIÇOS GERAIS;Tempo Máximo de Motor Ocioso;00:00:51;Sem evento;
POINT (-49.975383420787225 -22.248352199550737);1761948149;31/10/2025 19:02:29;Trator John Deere Série 6J - 6166;6;6842;ALAN TURING;MEDIÇÃO DE ÁREA;UNIMAR SERVIÇOS GERAIS;Tempo Máximo de Motor Ocioso;00:00:14;Sem evento;
POINT (-49.975383420787225 -22.248352199550737);1761948280;31/10/2025 19:04:40;Trator John Deere Série 6J - 6166;6;6842;ALAN TURING;MEDIÇÃO DE ÁREA;UNIMAR SERVIÇOS GERAIS;Tempo Máximo de Motor Ocioso;00:01:35;Sem evento;
POINT (-49.97541079849734 -22.248233778356692);1761992641;01/11/2025 07:24:01;Trator John Deere Série 6J - 6166;6;6842;ALAN TURING;MEDIÇÃO DE ÁREA;UNIMAR SERVIÇOS GERAIS;Tempo Máximo de Motor Ocioso;00:00:10;Sem evento;
POINT (-49.97528855338529 -22.248448991770847);1761992703.8;01/11/2025 07:25:04;Trator John Deere Série 6J - 6166;6;6842;ALAN TURING;MEDIÇÃO DE ÁREA;UNIMAR SERVIÇOS GERAIS;Tempo Máximo de Motor Ocioso;00:18:44;Sem evento;
POINT (-49.96562006248117 -22.26290926244823);1761996071.3;01/11/2025 08:21:11;Trator John Deere Série 6J - 6166;6;6842;ALAN TURING;MEDIÇÃO DE ÁREA;UNIMAR SERVIÇOS GERAIS;Tempo Máximo de Motor Ocioso;00:08:19;Sem evento;
POINT (-49.966731656864305 -22.262805333595992);1761996697.5;01/11/2025 08:31:38;Trator John Deere Série 6J - 6166;6;6842;ALAN TURING;MEDIÇÃO DE ÁREA;UNIMAR SERVIÇOS GERAIS;Tempo Máximo de Motor Ocioso;00:00:40;Sem evento;
POINT (-49.96557276623567 -22.26325959147102);1761997203.1;01/11/2025 08:40:03;Trator John Deere Série 6J - 6166;6;6842;ALAN TURING;MEDIÇÃO DE ÁREA;UNIMAR SERVIÇOS GERAIS;Tempo Máximo de Motor Ocioso;00:01:34;Sem evento;
POINT (-49.96654802146351 -22.26312134996212);1761997394.5;01/11/2025 08:43:14;Trator John Deere Série 6J - 6166;6;6842;ALAN TURING;MEDIÇÃO DE ÁREA;UNIMAR SERVIÇOS GERAIS;Tempo Máximo de Motor Ocioso;00:00:10;Sem evento;
POINT (-49.969059167309275 -22.263284546529672);1761997615.5;01/11/2025 08:46:56;Trator John Deere Série 6J - 6166;6;6842;ALAN TURING;MEDIÇÃO DE ÁREA;UNIMAR SERVIÇOS GERAIS;Tempo Máximo de Motor Ocioso;00:00:45;Sem evento;
POINT (-49.96580132978636 -22.2632785434373);1761997962.3;01/11/2025 08:52:42;Trator John Deere Série 6J - 6166;6;6842;ALAN TURING;MEDIÇÃO DE ÁREA;UNIMAR SERVIÇOS GERAIS;Tempo Máximo de Motor Ocioso;00:00:49;Sem evento;
POINT (-49.96674184252901 -22.263011507076897);1761998140.1;01/11/2025 08:55:40;Trator John Deere Série 6J - 6166;6;6842;ALAN TURING;MEDIÇÃO DE ÁREA;UNIMAR SERVIÇOS GERAIS;Tempo Máximo de Motor Ocioso;00:01:04;Sem evento;
POINT (-49.96763565182821 -22.263049373955134);1761998296.8;01/11/2025 08:58:17;Trator John Deere Série 6J - 6166;6;6842;ALAN TURING;MEDIÇÃO DE ÁREA;UNIMAR SERVIÇOS GERAIS;Tempo Máximo de Motor Ocioso;00:01:09;Sem evento;
POINT (-49.9682743855498 -22.26326660605126);1761998438.4;01/11/2025 09:00:38;Trator John Deere Série 6J - 6166;6;6842;ALAN TURING;MEDIÇÃO DE ÁREA;UNIMAR SERVIÇOS GERAIS;Tempo Máximo de Motor Ocioso;00:01:44;Sem evento;
POINT (-49.96830529270758 -22.26316982691778);1761999036.4;01/11/2025 09:10:36;Trator John Deere Série 6J - 6166;6;6842;ALAN TURING;MEDIÇÃO DE ÁREA;UNIMAR SERVIÇOS GERAIS;Tempo Máximo de Motor Ocioso;00:02:54;Sem evento;
POINT (-49.965725270939366 -22.262846484703466);1762000736;01/11/2025 09:38:56;Trator John Deere Série 6J - 6166;6;6842;ALAN TURING;MEDIÇÃO DE ÁREA;UNIMAR SERVIÇOS GERAIS;Tempo Máximo de Motor Ocioso;00:17:50;Sem evento;
POINT (-49.965990113685 -22.26376582870372);1762003093.8;01/11/2025 10:18:14;Trator John Deere Série 6J - 6166;6;6842;ALAN TURING;MEDIÇÃO DE ÁREA;UNIMAR SERVIÇOS GERAIS;Tempo Máximo de Motor Ocioso;00:00:44;Sem evento;
POINT (-49.96719416116174 -22.263880479056372);1762005572.1;01/11/2025 10:59:32;Trator John Deere Série 6J - 6166;6;6842;ALAN TURING;MEDIÇÃO DE ÁREA;UNIMAR SERVIÇOS GERAIS;Tempo Máximo de Motor Ocioso;00:00:35;Sem evento;
POINT (-49.96719416116174 -22.263880479056372);1762005602.1;01/11/2025 11:00:02;Trator John Deere Série 6J - 6166;6;6842;ALAN TURING;MEDIÇÃO DE ÁREA;UNIMAR SERVIÇOS GERAIS;Tempo Máximo de Motor Ocioso;00:07:00;Sem evento;
POINT (-49.96676197615789 -22.264718133155863);1762006610.3;01/11/2025 11:16:50;Trator John Deere Série 6J - 6166;6;6842;ALAN TURING;MEDIÇÃO DE ÁREA;UNIMAR SERVIÇOS GERAIS;Tempo Máximo de Motor Ocioso;00:01:49;Sem evento;
POINT (-49.96572895706983 -22.262788265946657);1762007667.8;01/11/2025 11:34:28;Trator John Deere Série 6J - 6166;6;6842;ALAN TURING;MEDIÇÃO DE ÁREA;UNIMAR SERVIÇOS GERAIS;Tempo Máximo de Motor Ocioso;00:12:24;Sem evento;
POINT (-49.96567703142988 -22.262876073737967);1762016092.9;01/11/2025 13:54:53;Trator John Deere Série 6J - 6166;6;6842;ALAN TURING;MEDIÇÃO DE ÁREA;UNIMAR SERVIÇOS GERAIS;Tempo Máximo de Motor Ocioso;00:03:55;Sem evento;
POINT (-49.96239276912875 -22.26344795601377);1762018982.1;01/11/2025 14:43:02;Trator John Deere Série 6J - 6166;6;6842;ALAN TURING;MEDIÇÃO DE ÁREA;UNIMAR SERVIÇOS GERAIS;Tempo Máximo de Motor Ocioso;00:09:59;Sem evento;
POINT (-49.96229140914706 -22.263420726082884);1762019786.2;01/11/2025 14:56:26;Trator John Deere Série 6J - 6166;6;6842;ALAN TURING;MEDIÇÃO DE ÁREA;UNIMAR SERVIÇOS GERAIS;Tempo Máximo de Motor Ocioso;00:00:14;Sem evento;
POINT (-49.96315376027468 -22.2626967371693);1762020058.8;01/11/2025 15:00:59;Trator John Deere Série 6J - 6166;6;6842;ALAN TURING;MEDIÇÃO DE ÁREA;UNIMAR SERVIÇOS GERAIS;Tempo Máximo de Motor Ocioso;00:01:29;Sem evento;
POINT (-49.9626464994278 -22.262535868133043);1762021699.2;01/11/2025 15:28:19;Trator John Deere Série 6J - 6166;6;6842;ALAN TURING;MEDIÇÃO DE ÁREA;UNIMAR SERVIÇOS GERAIS;Tempo Máximo de Motor Ocioso;00:05:39;Sem evento;
POINT (-49.96574529518294 -22.262814881467012);1762023463.2;01/11/2025 15:57:43;Trator John Deere Série 6J - 6166;6;6842;ALAN TURING;MEDIÇÃO DE ÁREA;UNIMAR SERVIÇOS GERAIS;Tempo Máximo de Motor Ocioso;00:02:24;Sem evento;
POINT (-49.96574529518294 -22.262814881467012);1762023603.2;01/11/2025 16:00:03;Trator John Deere Série 6J - 6166;6;6842;ALAN TURING;MEDIÇÃO DE ÁREA;UNIMAR SERVIÇOS GERAIS;Tempo Máximo de Motor Ocioso;00:14:24;Sem evento;
POINT (-49.96964764009077 -22.254038066810416);1762025086.7;01/11/2025 16:24:47;Trator John Deere Série 6J - 6166;6;6842;ALAN TURING;MEDIÇÃO DE ÁREA;UNIMAR SERVIÇOS GERAIS;Tempo Máximo de Motor Ocioso;00:02:29;Sem evento;
POINT (-49.970823933744725 -22.25323492589738);1762026781.5;01/11/2025 16:53:02;Trator John Deere Série 6J - 6166;6;6842;ALAN TURING;MEDIÇÃO DE ÁREA;UNIMAR SERVIÇOS GERAIS;Tempo Máximo de Motor Ocioso;00:03:09;Sem evento;
POINT (-49.97081665745661 -22.253210527633605);1762027873.6;01/11/2025 17:11:14;Trator John Deere Série 6J - 6166;6;6842;ALAN TURING;MEDIÇÃO DE ÁREA;UNIMAR SERVIÇOS GERAIS;Tempo Máximo de Motor Ocioso;00:04:59;Sem evento;
POINT (-49.970895313497785 -22.25316896245808);1762028835;01/11/2025 17:27:15;Trator John Deere Série 6J - 6166;6;6842;ALAN TURING;MEDIÇÃO DE ÁREA;UNIMAR SERVIÇOS GERAIS;Tempo Máximo de Motor Ocioso;00:00:49;Sem evento;
POINT (-49.97621732168593 -22.251582742115065);1762195520;03/11/2025 15:45:20;Trator John Deere Série 6J - 6166;6;6842;ALAN TURING;MEDIÇÃO DE ÁREA;UNIMAR SERVIÇOS GERAIS;Tempo Máximo de Motor Ocioso;00:00:22;Sem evento;
POINT (-49.97621732168593 -22.251582742115065);1762195646;03/11/2025 15:47:26;Trator John Deere Série 6J - 6166;6;6842;ALAN TURING;MEDIÇÃO DE ÁREA;UNIMAR SERVIÇOS GERAIS;Tempo Máximo de Motor Ocioso;00:00:20;Sem evento;
POINT (-49.97607442085547 -22.250220989082475);1762195737;03/11/2025 15:48:57;Trator John Deere Série 6J - 6166;6;6842;ALAN TURING;MEDIÇÃO DE ÁREA;UNIMAR SERVIÇOS GERAIS;Tempo Máximo de Motor Ocioso;00:00:14;Sem evento;
POINT (-49.97603608619554 -22.25060784821878);1762195795;03/11/2025 15:49:55;Trator John Deere Série 6J - 6166;6;6842;ALAN TURING;MEDIÇÃO DE ÁREA;UNIMAR SERVIÇOS GERAIS;Tempo Máximo de Motor Ocioso;00:05:04;Sem evento;
POINT (-49.97594449856748 -22.250712003185324);1762196139;03/11/2025 15:55:39;Trator John Deere Série 6J - 6166;6;6842;ALAN TURING;MEDIÇÃO DE ÁREA;UNIMAR SERVIÇOS GERAIS;Tempo Máximo de Motor Ocioso;00:04:28;Sem evento;
POINT (-49.97594449856748 -22.250712003185324);1762196404;03/11/2025 16:00:04;Trator John Deere Série 6J - 6166;6;6842;ALAN TURING;MEDIÇÃO DE ÁREA;UNIMAR SERVIÇOS GERAIS;Tempo Máximo de Motor Ocioso;00:16:33;Sem evento;
POINT (-49.96526559521158 -22.24067221376614);1762249776;04/11/2025 06:49:36;Trator John Deere Série 6J - 6166;6;6842;ALAN TURING;MEDIÇÃO DE ÁREA;UNIMAR SERVIÇOS GERAIS;Tempo Máximo de Motor Ocioso;00:10:27;Sem evento;
POINT (-49.96526559521158 -22.24067221376614);1762250401;04/11/2025 07:00:01;Trator John Deere Série 6J - 6166;6;6842;ALAN TURING;MEDIÇÃO DE ÁREA;UNIMAR SERVIÇOS GERAIS;Tempo Máximo de Motor Ocioso;00:11:52;Sem evento;
POINT (-49.96528368815494 -22.24081115574127);1762250534;04/11/2025 07:02:14;Trator John Deere Série 6J - 6166;6;6842;ALAN TURING;MEDIÇÃO DE ÁREA;UNIMAR SERVIÇOS GERAIS;Tempo Máximo de Motor Ocioso;00:18:17;Sem evento;
POINT (-49.96517531315065 -22.24096994702102);1762251673;04/11/2025 07:21:13;Trator John Deere Série 6J - 6166;6;6842;ALAN TURING;MEDIÇÃO DE ÁREA;UNIMAR SERVIÇOS GERAIS;Tempo Máximo de Motor Ocioso;00:04:42;Sem evento;
POINT (-49.96513712937765 -22.24658009115629);1762254640;04/11/2025 08:10:40;Trator John Deere Série 6J - 6166;6;6842;ALAN TURING;MEDIÇÃO DE ÁREA;UNIMAR SERVIÇOS GERAIS;Tempo Máximo de Motor Ocioso;00:18:05;Sem evento;
POINT (-49.96362011903276 -22.245771797899796);1762255930;04/11/2025 08:32:10;Trator John Deere Série 6J - 6166;6;6842;ALAN TURING;MEDIÇÃO DE ÁREA;UNIMAR SERVIÇOS GERAIS;Tempo Máximo de Motor Ocioso;00:01:52;Sem evento;
POINT (-49.963857775071666 -22.245712369051844);1762256357.5;04/11/2025 08:39:18;Trator John Deere Série 6J - 6166;6;6842;ALAN TURING;MEDIÇÃO DE ÁREA;UNIMAR SERVIÇOS GERAIS;Tempo Máximo de Motor Ocioso;00:01:20;Sem evento;
POINT (-49.96431163584454 -22.244822149433272);1762257110.3;04/11/2025 08:51:50;Trator John Deere Série 6J - 6166;6;6842;ALAN TURING;MEDIÇÃO DE ÁREA;UNIMAR SERVIÇOS GERAIS;Tempo Máximo de Motor Ocioso;00:01:39;Sem evento;
POINT (-49.96320215891133 -22.245603977504125);1762257326.6;04/11/2025 08:55:27;Trator John Deere Série 6J - 6166;6;6842;ALAN TURING;MEDIÇÃO DE ÁREA;UNIMAR SERVIÇOS GERAIS;Tempo Máximo de Motor Ocioso;00:00:54;Sem evento;
POINT (-49.962348989610135 -22.245709737016735);1762258181.4;04/11/2025 09:09:41;Trator John Deere Série 6J - 6166;6;6842;ALAN TURING;MEDIÇÃO DE ÁREA;UNIMAR SERVIÇOS GERAIS;Tempo Máximo de Motor Ocioso;00:01:04;Sem evento;
POINT (-49.962677082566515 -22.245548389731823);1762258611.2;04/11/2025 09:16:51;Trator John Deere Série 6J - 6166;6;6842;ALAN TURING;MEDIÇÃO DE ÁREA;UNIMAR SERVIÇOS GERAIS;Tempo Máximo de Motor Ocioso;00:00:49;Sem evento;
POINT (-49.963326323972446 -22.24541887112587);1762259101.2;04/11/2025 09:25:01;Trator John Deere Série 6J - 6166;6;6842;ALAN TURING;MEDIÇÃO DE ÁREA;UNIMAR SERVIÇOS GERAIS;Tempo Máximo de Motor Ocioso;00:01:34;Sem evento;
POINT (-49.96261182804926 -22.245144292695436);1762259869.4;04/11/2025 09:37:49;Trator John Deere Série 6J - 6166;6;6842;ALAN TURING;MEDIÇÃO DE ÁREA;UNIMAR SERVIÇOS GERAIS;Tempo Máximo de Motor Ocioso;00:00:54;Sem evento;
POINT (-49.96263467726177 -22.245087494012118);1762260217.7;04/11/2025 09:43:38;Trator John Deere Série 6J - 6166;6;6842;ALAN TURING;MEDIÇÃO DE ÁREA;UNIMAR SERVIÇOS GERAIS;Tempo Máximo de Motor Ocioso;00:02:34;Sem evento;
POINT (-49.962190984608256 -22.245492304918866);1762260443.6;04/11/2025 09:47:24;Trator John Deere Série 6J - 6166;6;6842;ALAN TURING;MEDIÇÃO DE ÁREA;UNIMAR SERVIÇOS GERAIS;Tempo Máximo de Motor Ocioso;00:02:19;Sem evento;
POINT (-49.96551940021603 -22.243385988287386);1762261829.5;04/11/2025 10:10:30;Trator John Deere Série 6J - 6166;6;6842;ALAN TURING;MEDIÇÃO DE ÁREA;UNIMAR SERVIÇOS GERAIS;Tempo Máximo de Motor Ocioso;00:00:55;Sem evento;
POINT (-49.96317229201136 -22.244328162823265);1762262187.1;04/11/2025 10:16:27;Trator John Deere Série 6J - 6166;6;6842;ALAN TURING;MEDIÇÃO DE ÁREA;UNIMAR SERVIÇOS GERAIS;Tempo Máximo de Motor Ocioso;00:00:19;Sem evento;
POINT (-49.962898477917435 -22.244464320083928);1762262594.3;04/11/2025 10:23:14;Trator John Deere Série 6J - 6166;6;6842;ALAN TURING;MEDIÇÃO DE ÁREA;UNIMAR SERVIÇOS GERAIS;Tempo Máximo de Motor Ocioso;00:00:24;Sem evento;
POINT (-49.96376794510815 -22.244032897263917);1762262917.7;04/11/2025 10:28:38;Trator John Deere Série 6J - 6166;6;6842;ALAN TURING;MEDIÇÃO DE ÁREA;UNIMAR SERVIÇOS GERAIS;Tempo Máximo de Motor Ocioso;00:00:34;Sem evento;
POINT (-49.965325894899465 -22.24352210108411);1762263097.7;04/11/2025 10:31:38;Trator John Deere Série 6J - 6166;6;6842;ALAN TURING;MEDIÇÃO DE ÁREA;UNIMAR SERVIÇOS GERAIS;Tempo Máximo de Motor Ocioso;00:00:14;Sem evento;
POINT (-49.96261434745143 -22.24391165350041);1762263378.3;04/11/2025 10:36:18;Trator John Deere Série 6J - 6166;6;6842;ALAN TURING;MEDIÇÃO DE ÁREA;UNIMAR SERVIÇOS GERAIS;Tempo Máximo de Motor Ocioso;00:00:09;Sem evento;
POINT (-49.96269212122386 -22.243909702223863);1762263423.2;04/11/2025 10:37:03;Trator John Deere Série 6J - 6166;6;6842;ALAN TURING;MEDIÇÃO DE ÁREA;UNIMAR SERVIÇOS GERAIS;Tempo Máximo de Motor Ocioso;00:01:09;Sem evento;
POINT (-49.964659678589655 -22.243055806914942);1762263703.1;04/11/2025 10:41:43;Trator John Deere Série 6J - 6166;6;6842;ALAN TURING;MEDIÇÃO DE ÁREA;UNIMAR SERVIÇOS GERAIS;Tempo Máximo de Motor Ocioso;00:00:24;Sem evento;
POINT (-49.962612318447185 -22.24405153102212);1762264275.9;04/11/2025 10:51:16;Trator John Deere Série 6J - 6166;6;6842;ALAN TURING;MEDIÇÃO DE ÁREA;UNIMAR SERVIÇOS GERAIS;Tempo Máximo de Motor Ocioso;00:01:49;Sem evento;
POINT (-49.96232121853438 -22.24474293164208);1762264452.4;04/11/2025 10:54:12;Trator John Deere Série 6J - 6166;6;6842;ALAN TURING;MEDIÇÃO DE ÁREA;UNIMAR SERVIÇOS GERAIS;Tempo Máximo de Motor Ocioso;00:00:44;Sem evento;
POINT (-49.962389057928384 -22.244743306622777);1762264562.3;04/11/2025 10:56:02;Trator John Deere Série 6J - 6166;6;6842;ALAN TURING;MEDIÇÃO DE ÁREA;UNIMAR SERVIÇOS GERAIS;Tempo Máximo de Motor Ocioso;00:04:04;Sem evento;
POINT (-49.962389057928384 -22.244743306622777);1762264802.3;04/11/2025 11:00:02;Trator John Deere Série 6J - 6166;6;6842;ALAN TURING;MEDIÇÃO DE ÁREA;UNIMAR SERVIÇOS GERAIS;Tempo Máximo de Motor Ocioso;00:12:29;Sem evento;
POINT (-49.96197983622428 -22.244677089043467);1762266128.3;04/11/2025 11:22:08;Trator John Deere Série 6J - 6166;6;6842;ALAN TURING;MEDIÇÃO DE ÁREA;UNIMAR SERVIÇOS GERAIS;Tempo Máximo de Motor Ocioso;00:01:23;Sem evento;
POINT (-49.96229645972402 -22.24476859634328);1762267200.5;04/11/2025 11:40:00;Trator John Deere Série 6J - 6166;6;6842;ALAN TURING;MEDIÇÃO DE ÁREA;UNIMAR SERVIÇOS GERAIS;Tempo Máximo de Motor Ocioso;00:00:15;Sem evento;
POINT (-49.966615174833144 -22.24412082970312);1762267404.5;04/11/2025 11:43:24;Trator John Deere Série 6J - 6166;6;6842;ALAN TURING;MEDIÇÃO DE ÁREA;UNIMAR SERVIÇOS GERAIS;Tempo Máximo de Motor Ocioso;00:01:50;Sem evento;
POINT (-49.96687083723567 -22.243203915512293);1762267655.9;04/11/2025 11:47:36;Trator John Deere Série 6J - 6166;6;6842;ALAN TURING;MEDIÇÃO DE ÁREA;UNIMAR SERVIÇOS GERAIS;Tempo Máximo de Motor Ocioso;00:00:50;Sem evento;
POINT (-49.966383205376424 -22.24439440570594);1762273738.7;04/11/2025 13:28:59;Trator John Deere Série 6J - 6166;6;6842;ALAN TURING;MEDIÇÃO DE ÁREA;UNIMAR SERVIÇOS GERAIS;Tempo Máximo de Motor Ocioso;00:00:52;Sem evento;
POINT (-49.96802670532595 -22.240542834288217);1762274851.8;04/11/2025 13:47:32;Trator John Deere Série 6J - 6166;6;6842;ALAN TURING;MEDIÇÃO DE ÁREA;UNIMAR SERVIÇOS GERAIS;Tempo Máximo de Motor Ocioso;00:00:24;Sem evento;
POINT (-49.970111996926995 -22.239965042456227);1762275035.6;04/11/2025 13:50:36;Trator John Deere Série 6J - 6166;6;6842;ALAN TURING;MEDIÇÃO DE ÁREA;UNIMAR SERVIÇOS GERAIS;Tempo Máximo de Motor Ocioso;00:01:19;Sem evento;
POINT (-49.971554701750726 -22.239704351200942);1762276885.2;04/11/2025 14:21:25;Trator John Deere Série 6J - 6166;6;6842;ALAN TURING;MEDIÇÃO DE ÁREA;UNIMAR SERVIÇOS GERAIS;Tempo Máximo de Motor Ocioso;00:00:39;Sem evento;
POINT (-49.966379750506654 -22.244428034718297);1762277796.9;04/11/2025 14:36:37;Trator John Deere Série 6J - 6166;6;6842;ALAN TURING;MEDIÇÃO DE ÁREA;UNIMAR SERVIÇOS GERAIS;Tempo Máximo de Motor Ocioso;00:18:25;Sem evento;
POINT (-49.97082993817866 -22.23899450729904);1762279380.1;04/11/2025 15:03:00;Trator John Deere Série 6J - 6166;6;6842;ALAN TURING;MEDIÇÃO DE ÁREA;UNIMAR SERVIÇOS GERAIS;Tempo Máximo de Motor Ocioso;00:00:49;Sem evento;
POINT (-49.97130923582684 -22.239343743140218);1762279948.5;04/11/2025 15:12:28;Trator John Deere Série 6J - 6166;6;6842;ALAN TURING;MEDIÇÃO DE ÁREA;UNIMAR SERVIÇOS GERAIS;Tempo Máximo de Motor Ocioso;00:00:24;Sem evento;
POINT (-49.971868451009655 -22.23910067082295);1762280785.7;04/11/2025 15:26:26;Trator John Deere Série 6J - 6166;6;6842;ALAN TURING;MEDIÇÃO DE ÁREA;UNIMAR SERVIÇOS GERAIS;Tempo Máximo de Motor Ocioso;00:00:29;Sem evento;
POINT (-49.97182016137519 -22.23878690167097);1762281701.5;04/11/2025 15:41:42;Trator John Deere Série 6J - 6166;6;6842;ALAN TURING;MEDIÇÃO DE ÁREA;UNIMAR SERVIÇOS GERAIS;Tempo Máximo de Motor Ocioso;00:00:39;Sem evento;
POINT (-49.974417148901104 -22.23916897960738);1762282739.7;04/11/2025 15:59:00;Trator John Deere Série 6J - 6166;6;6842;ALAN TURING;MEDIÇÃO DE ÁREA;UNIMAR SERVIÇOS GERAIS;Tempo Máximo de Motor Ocioso;00:01:09;Sem evento;
POINT (-49.974417148901104 -22.23916897960738);1762282804.7;04/11/2025 16:00:05;Trator John Deere Série 6J - 6166;6;6842;ALAN TURING;MEDIÇÃO DE ÁREA;UNIMAR SERVIÇOS GERAIS;Tempo Máximo de Motor Ocioso;00:01:29;Sem evento;
POINT (-49.97444056553671 -22.239915198764432);1762282912.1;04/11/2025 16:01:52;Trator John Deere Série 6J - 6166;6;6842;ALAN TURING;MEDIÇÃO DE ÁREA;UNIMAR SERVIÇOS GERAIS;Tempo Máximo de Motor Ocioso;00:00:09;Sem evento;
POINT (-49.97420990630014 -22.23903057799312);1762283275.1;04/11/2025 16:07:55;Trator John Deere Série 6J - 6166;6;6842;ALAN TURING;MEDIÇÃO DE ÁREA;UNIMAR SERVIÇOS GERAIS;Tempo Máximo de Motor Ocioso;00:01:49;Sem evento;
POINT (-49.9725623444466 -22.23827174265079);1762284487.8;04/11/2025 16:28:08;Trator John Deere Série 6J - 6166;6;6842;ALAN TURING;MEDIÇÃO DE ÁREA;UNIMAR SERVIÇOS GERAIS;Tempo Máximo de Motor Ocioso;00:01:20;Sem evento;
POINT (-49.98019329228957 -22.25167335446827);1762285686.6;04/11/2025 16:48:07;Trator John Deere Série 6J - 6166;6;6842;ALAN TURING;MEDIÇÃO DE ÁREA;UNIMAR SERVIÇOS GERAIS;Tempo Máximo de Motor Ocioso;00:01:19;Sem evento;
POINT (-49.98031837610523 -22.25175092021657);1762285831.7;04/11/2025 16:50:32;Trator John Deere Série 6J - 6166;6;6842;ALAN TURING;MEDIÇÃO DE ÁREA;UNIMAR SERVIÇOS GERAIS;Tempo Máximo de Motor Ocioso;00:00:59;Sem evento;
POINT (-49.98043312687928 -22.25355977873132);1762286565;04/11/2025 17:02:45;Trator John Deere Série 6J - 6166;6;6842;ALAN TURING;MEDIÇÃO DE ÁREA;UNIMAR SERVIÇOS GERAIS;Tempo Máximo de Motor Ocioso;00:00:19;Sem evento;
POINT (-49.980152305582784 -22.25168682208214);1762287129.5;04/11/2025 17:12:10;Trator John Deere Série 6J - 6166;6;6842;ALAN TURING;MEDIÇÃO DE ÁREA;UNIMAR SERVIÇOS GERAIS;Tempo Máximo de Motor Ocioso;00:23:09;Sem evento;
POINT (-49.98104799447113 -22.25352407607075);1762288673.7;04/11/2025 17:37:54;Trator John Deere Série 6J - 6166;6;6842;ALAN TURING;MEDIÇÃO DE ÁREA;UNIMAR SERVIÇOS GERAIS;Tempo Máximo de Motor Ocioso;00:00:19;Sem evento;
POINT (-49.97892458763661 -22.254097001966205);1762289801.1;04/11/2025 17:56:41;Trator John Deere Série 6J - 6166;6;6842;ALAN TURING;MEDIÇÃO DE ÁREA;UNIMAR SERVIÇOS GERAIS;Tempo Máximo de Motor Ocioso;00:00:14;Sem evento;
POINT (-49.9782970762559 -22.252776595082917);1762290445.2;04/11/2025 18:07:25;Trator John Deere Série 6J - 6166;6;6842;ALAN TURING;MEDIÇÃO DE ÁREA;UNIMAR SERVIÇOS GERAIS;Tempo Máximo de Motor Ocioso;00:01:19;Sem evento;
POINT (-49.9787033042385 -22.25358721256135);1762290619.8;04/11/2025 18:10:20;Trator John Deere Série 6J - 6166;6;6842;ALAN TURING;MEDIÇÃO DE ÁREA;UNIMAR SERVIÇOS GERAIS;Tempo Máximo de Motor Ocioso;00:00:45;Sem evento;
POINT (-49.97879308132342 -22.254301531374015);1762291055;04/11/2025 18:17:35;Trator John Deere Série 6J - 6166;6;6842;ALAN TURING;MEDIÇÃO DE ÁREA;UNIMAR SERVIÇOS GERAIS;Tempo Máximo de Motor Ocioso;00:00:59;Sem evento;
POINT (-49.97851974498853 -22.25359020818056);1762291758;04/11/2025 18:29:18;Trator John Deere Série 6J - 6166;6;6842;ALAN TURING;MEDIÇÃO DE ÁREA;UNIMAR SERVIÇOS GERAIS;Tempo Máximo de Motor Ocioso;00:00:29;Sem evento;
POINT (-49.97796274491468 -22.25472760433599);1762293289.6;04/11/2025 18:54:50;Trator John Deere Série 6J - 6166;6;6842;ALAN TURING;MEDIÇÃO DE ÁREA;UNIMAR SERVIÇOS GERAIS;Tempo Máximo de Motor Ocioso;00:01:09;Sem evento;
POINT (-49.97784641262211 -22.25466152166159);1762293405.3;04/11/2025 18:56:45;Trator John Deere Série 6J - 6166;6;6842;ALAN TURING;MEDIÇÃO DE ÁREA;UNIMAR SERVIÇOS GERAIS;Tempo Máximo de Motor Ocioso;00:02:20;Sem evento;
POINT (-49.979915930644516 -22.251508787830407);1762294882;04/11/2025 19:21:22;Trator John Deere Série 6J - 6166;6;6842;ALAN TURING;MEDIÇÃO DE ÁREA;UNIMAR SERVIÇOS GERAIS;Tempo Máximo de Motor Ocioso;00:00:14;Sem evento;
POINT (-49.97533743577592 -22.248253135899652);1762295139;04/11/2025 19:25:39;Trator John Deere Série 6J - 6166;6;6842;ALAN TURING;MEDIÇÃO DE ÁREA;UNIMAR SERVIÇOS GERAIS;Tempo Máximo de Motor Ocioso;00:00:24;Sem evento;
POINT (-49.9651113355535 -22.240988748927485);1762341707;05/11/2025 08:21:47;Trator John Deere Série 6J - 6166;6;6842;ALAN TURING;MEDIÇÃO DE ÁREA;UNIMAR SERVIÇOS GERAIS;Tempo Máximo de Motor Ocioso;00:05:38;Sem evento;
POINT (-49.980147638338636 -22.2517154507338);1762342677.9;05/11/2025 08:37:58;Trator John Deere Série 6J - 6166;6;6842;ALAN TURING;MEDIÇÃO DE ÁREA;UNIMAR SERVIÇOS GERAIS;Tempo Máximo de Motor Ocioso;00:12:34;Sem evento;
POINT (-49.980291210946945 -22.253258968476302);1762343604.1;05/11/2025 08:53:24;Trator John Deere Série 6J - 6166;6;6842;ALAN TURING;MEDIÇÃO DE ÁREA;UNIMAR SERVIÇOS GERAIS;Tempo Máximo de Motor Ocioso;00:01:29;Sem evento;
POINT (-49.97881965270021 -22.25260735516779);1762343837.2;05/11/2025 08:57:17;Trator John Deere Série 6J - 6166;6;6842;ALAN TURING;MEDIÇÃO DE ÁREA;UNIMAR SERVIÇOS GERAIS;Tempo Máximo de Motor Ocioso;00:00:19;Sem evento;
POINT (-49.981272665071664 -22.252562750366046);1762346398.3;05/11/2025 09:39:58;Trator John Deere Série 6J - 6166;6;6842;ALAN TURING;MEDIÇÃO DE ÁREA;UNIMAR SERVIÇOS GERAIS;Tempo Máximo de Motor Ocioso;00:00:06;Sem evento;
POINT (-49.98122964096377 -22.252917020969246);1762346632.4;05/11/2025 09:43:52;Trator John Deere Série 6J - 6166;6;6842;ALAN TURING;MEDIÇÃO DE ÁREA;UNIMAR SERVIÇOS GERAIS;Tempo Máximo de Motor Ocioso;00:00:39;Sem evento;
POINT (-49.97939800101059 -22.25359041677148);1762346909.6;05/11/2025 09:48:30;Trator John Deere Série 6J - 6166;6;6842;ALAN TURING;MEDIÇÃO DE ÁREA;UNIMAR SERVIÇOS GERAIS;Tempo Máximo de Motor Ocioso;00:00:49;Sem evento;
POINT (-49.98033717955475 -22.253011432910878);1762347959.2;05/11/2025 10:05:59;Trator John Deere Série 6J - 6166;6;6842;ALAN TURING;MEDIÇÃO DE ÁREA;UNIMAR SERVIÇOS GERAIS;Tempo Máximo de Motor Ocioso;00:00:59;Sem evento;
POINT (-49.98042358916274 -22.252008541645687);1762349078;05/11/2025 10:24:38;Trator John Deere Série 6J - 6166;6;6842;ALAN TURING;MEDIÇÃO DE ÁREA;UNIMAR SERVIÇOS GERAIS;Tempo Máximo de Motor Ocioso;00:00:09;Sem evento;
POINT (-49.98038790184268 -22.252334590746983);1762349634.7;05/11/2025 10:33:55;Trator John Deere Série 6J - 6166;6;6842;ALAN TURING;MEDIÇÃO DE ÁREA;UNIMAR SERVIÇOS GERAIS;Tempo Máximo de Motor Ocioso;00:00:09;Sem evento;
POINT (-49.980156049407356 -22.25161857506101);1762350343.5;05/11/2025 10:45:44;Trator John Deere Série 6J - 6166;6;6842;ALAN TURING;MEDIÇÃO DE ÁREA;UNIMAR SERVIÇOS GERAIS;Tempo Máximo de Motor Ocioso;00:00:24;Sem evento;
POINT (-49.97548759085914 -22.248750677991794);1762424258;06/11/2025 07:17:38;Trator John Deere Série 6J - 6166;6;6842;ALAN TURING;MEDIÇÃO DE ÁREA;UNIMAR SERVIÇOS GERAIS;Tempo Máximo de Motor Ocioso;00:18:05;Sem evento;
POINT (-49.97548759085914 -22.248750677991794);1762425378;06/11/2025 07:36:18;Trator John Deere Série 6J - 6166;6;6842;ALAN TURING;MEDIÇÃO DE ÁREA;UNIMAR SERVIÇOS GERAIS;Tempo Máximo de Motor Ocioso;00:10:20;Sem evento;
POINT (-49.97597465649138 -22.248367174811282);1762426056;06/11/2025 07:47:36;Trator John Deere Série 6J - 6166;6;6842;ALAN TURING;MEDIÇÃO DE ÁREA;UNIMAR SERVIÇOS GERAIS;Tempo Máximo de Motor Ocioso;00:01:03;Sem evento;
POINT (-49.97797633284995 -22.251492040319043);1762426317;06/11/2025 07:51:57;Trator John Deere Série 6J - 6166;6;6842;ALAN TURING;MEDIÇÃO DE ÁREA;UNIMAR SERVIÇOS GERAIS;Tempo Máximo de Motor Ocioso;00:00:33;Sem evento;
POINT (-49.97902126768105 -22.25236939676628);1762426546.1;06/11/2025 07:55:46;Trator John Deere Série 6J - 6166;6;6842;ALAN TURING;MEDIÇÃO DE ÁREA;UNIMAR SERVIÇOS GERAIS;Tempo Máximo de Motor Ocioso;00:02:25;Sem evento;
POINT (-49.97820585481071 -22.25156387550498);1762426804.4;06/11/2025 08:00:04;Trator John Deere Série 6J - 6166;6;6842;ALAN TURING;MEDIÇÃO DE ÁREA;UNIMAR SERVIÇOS GERAIS;Tempo Máximo de Motor Ocioso;00:00:49;Sem evento;
POINT (-49.978441342844704 -22.251780787105208);1762427390.9;06/11/2025 08:09:51;Trator John Deere Série 6J - 6166;6;6842;ALAN TURING;MEDIÇÃO DE ÁREA;UNIMAR SERVIÇOS GERAIS;Tempo Máximo de Motor Ocioso;00:02:24;Sem evento;
POINT (-49.98016609982048 -22.251681030807212);1762428204.4;06/11/2025 08:23:24;Trator John Deere Série 6J - 6166;6;6842;ALAN TURING;MEDIÇÃO DE ÁREA;UNIMAR SERVIÇOS GERAIS;Tempo Máximo de Motor Ocioso;00:01:24;Sem evento;
POINT (-49.9757183733696 -22.248140644296896);1762428449.4;06/11/2025 08:27:29;Trator John Deere Série 6J - 6166;6;6842;ALAN TURING;MEDIÇÃO DE ÁREA;UNIMAR SERVIÇOS GERAIS;Tempo Máximo de Motor Ocioso;00:00:19;Sem evento;
POINT (-49.97718330909163 -22.25003032087417);1762428612.7;06/11/2025 08:30:13;Trator John Deere Série 6J - 6166;6;6842;ALAN TURING;MEDIÇÃO DE ÁREA;UNIMAR SERVIÇOS GERAIS;Tempo Máximo de Motor Ocioso;00:00:54;Sem evento;
POINT (-49.978831822159194 -22.254877600781214);1762429545;06/11/2025 08:45:45;Trator John Deere Série 6J - 6166;6;6842;ALAN TURING;MEDIÇÃO DE ÁREA;UNIMAR SERVIÇOS GERAIS;Tempo Máximo de Motor Ocioso;00:07:14;Sem evento;
POINT (-49.978077947208504 -22.254851742646082);1762430148.7;06/11/2025 08:55:49;Trator John Deere Série 6J - 6166;6;6842;ALAN TURING;MEDIÇÃO DE ÁREA;UNIMAR SERVIÇOS GERAIS;Tempo Máximo de Motor Ocioso;00:00:34;Sem evento;
POINT (-49.979366855812984 -22.25534340997288);1762430317.5;06/11/2025 08:58:38;Trator John Deere Série 6J - 6166;6;6842;ALAN TURING;MEDIÇÃO DE ÁREA;UNIMAR SERVIÇOS GERAIS;Tempo Máximo de Motor Ocioso;00:01:29;Sem evento;
POINT (-49.979366855812984 -22.25534340997288);1762430402.5;06/11/2025 09:00:02;Trator John Deere Série 6J - 6166;6;6842;ALAN TURING;MEDIÇÃO DE ÁREA;UNIMAR SERVIÇOS GERAIS;Tempo Máximo de Motor Ocioso;00:03:19;Sem evento;
POINT (-49.98044850464371 -22.25421315228274);1762430655.2;06/11/2025 09:04:15;Trator John Deere Série 6J - 6166;6;6842;ALAN TURING;MEDIÇÃO DE ÁREA;UNIMAR SERVIÇOS GERAIS;Tempo Máximo de Motor Ocioso;00:00:19;Sem evento;
POINT (-49.98168390465544 -22.25394637655504);1762430801.9;06/11/2025 09:06:42;Trator John Deere Série 6J - 6166;6;6842;ALAN TURING;MEDIÇÃO DE ÁREA;UNIMAR SERVIÇOS GERAIS;Tempo Máximo de Motor Ocioso;00:01:19;Sem evento;
POINT (-49.98203701035625 -22.253159123705466);1762431006.8;06/11/2025 09:10:07;Trator John Deere Série 6J - 6166;6;6842;ALAN TURING;MEDIÇÃO DE ÁREA;UNIMAR SERVIÇOS GERAIS;Tempo Máximo de Motor Ocioso;00:01:59;Sem evento;
POINT (-49.979171768715965 -22.255389201604974);1762431403.7;06/11/2025 09:16:44;Trator John Deere Série 6J - 6166;6;6842;ALAN TURING;MEDIÇÃO DE ÁREA;UNIMAR SERVIÇOS GERAIS;Tempo Máximo de Motor Ocioso;00:00:09;Sem evento;
POINT (-49.98186277043047 -22.25391774665429);1762431960;06/11/2025 09:26:00;Trator John Deere Série 6J - 6166;6;6842;ALAN TURING;MEDIÇÃO DE ÁREA;UNIMAR SERVIÇOS GERAIS;Tempo Máximo de Motor Ocioso;00:00:54;Sem evento;
POINT (-49.97858192147892 -22.255166705676814);1762432441.3;06/11/2025 09:34:01;Trator John Deere Série 6J - 6166;6;6842;ALAN TURING;MEDIÇÃO DE ÁREA;UNIMAR SERVIÇOS GERAIS;Tempo Máximo de Motor Ocioso;00:00:29;Sem evento;
POINT (-49.9795600442221 -22.255395605674018);1762432657;06/11/2025 09:37:37;Trator John Deere Série 6J - 6166;6;6842;ALAN TURING;MEDIÇÃO DE ÁREA;UNIMAR SERVIÇOS GERAIS;Tempo Máximo de Motor Ocioso;00:00:58;Sem evento;
POINT (-49.977582353232926 -22.255011808491457);1762433229.5;06/11/2025 09:47:10;Trator John Deere Série 6J - 6166;6;6842;ALAN TURING;MEDIÇÃO DE ÁREA;UNIMAR SERVIÇOS GERAIS;Tempo Máximo de Motor Ocioso;00:00:44;Sem evento;
POINT (-49.977236695517405 -22.255189061353004);1762433388.1;06/11/2025 09:49:48;Trator John Deere Série 6J - 6166;6;6842;ALAN TURING;MEDIÇÃO DE ÁREA;UNIMAR SERVIÇOS GERAIS;Tempo Máximo de Motor Ocioso;00:00:30;Sem evento;
POINT (-49.97787843871681 -22.25528750250693);1762433609.4;06/11/2025 09:53:29;Trator John Deere Série 6J - 6166;6;6842;ALAN TURING;MEDIÇÃO DE ÁREA;UNIMAR SERVIÇOS GERAIS;Tempo Máximo de Motor Ocioso;00:00:14;Sem evento;
POINT (-49.97785698093278 -22.25491303993502);1762433850.1;06/11/2025 09:57:30;Trator John Deere Série 6J - 6166;6;6842;ALAN TURING;MEDIÇÃO DE ÁREA;UNIMAR SERVIÇOS GERAIS;Tempo Máximo de Motor Ocioso;00:01:45;Sem evento;
POINT (-49.977712795311405 -22.255216477506824);1762434153.3;06/11/2025 10:02:33;Trator John Deere Série 6J - 6166;6;6842;ALAN TURING;MEDIÇÃO DE ÁREA;UNIMAR SERVIÇOS GERAIS;Tempo Máximo de Motor Ocioso;00:00:09;Sem evento;
POINT (-49.97781659009944 -22.255050196999413);1762434461.7;06/11/2025 10:07:42;Trator John Deere Série 6J - 6166;6;6842;ALAN TURING;MEDIÇÃO DE ÁREA;UNIMAR SERVIÇOS GERAIS;Tempo Máximo de Motor Ocioso;00:00:30;Sem evento;
POINT (-49.979349910751345 -22.25561023171871);1762434706.4;06/11/2025 10:11:46;Trator John Deere Série 6J - 6166;6;6842;ALAN TURING;MEDIÇÃO DE ÁREA;UNIMAR SERVIÇOS GERAIS;Tempo Máximo de Motor Ocioso;00:03:19;Sem evento;
POINT (-49.97972924317555 -22.25548853694342);1762435085;06/11/2025 10:18:05;Trator John Deere Série 6J - 6166;6;6842;ALAN TURING;MEDIÇÃO DE ÁREA;UNIMAR SERVIÇOS GERAIS;Tempo Máximo de Motor Ocioso;00:00:59;Sem evento;
POINT (-49.98003425440168 -22.255262244091202);1762435649.3;06/11/2025 10:27:29;Trator John Deere Série 6J - 6166;6;6842;ALAN TURING;MEDIÇÃO DE ÁREA;UNIMAR SERVIÇOS GERAIS;Tempo Máximo de Motor Ocioso;00:02:44;Sem evento;
POINT (-49.977430187992425 -22.254491668819476);1762436799.1;06/11/2025 10:46:39;Trator John Deere Série 6J - 6166;6;6842;ALAN TURING;MEDIÇÃO DE ÁREA;UNIMAR SERVIÇOS GERAIS;Tempo Máximo de Motor Ocioso;00:00:49;Sem evento;
POINT (-49.9772567522191 -22.254718960774373);1762437368.4;06/11/2025 10:56:08;Trator John Deere Série 6J - 6166;6;6842;ALAN TURING;MEDIÇÃO DE ÁREA;UNIMAR SERVIÇOS GERAIS;Tempo Máximo de Motor Ocioso;00:00:39;Sem evento;
POINT (-49.978886909283126 -22.254808087507413);1762437855.4;06/11/2025 11:04:15;Trator John Deere Série 6J - 6166;6;6842;ALAN TURING;MEDIÇÃO DE ÁREA;UNIMAR SERVIÇOS GERAIS;Tempo Máximo de Motor Ocioso;00:06:34;Sem evento;
POINT (-49.978786339482106 -22.254807435110138);1762438292.9;06/11/2025 11:11:33;Trator John Deere Série 6J - 6166;6;6842;ALAN TURING;MEDIÇÃO DE ÁREA;UNIMAR SERVIÇOS GERAIS;Tempo Máximo de Motor Ocioso;00:02:34;Sem evento;
POINT (-49.976705659026194 -22.255301955358586);1762438598.3;06/11/2025 11:16:38;Trator John Deere Série 6J - 6166;6;6842;ALAN TURING;MEDIÇÃO DE ÁREA;UNIMAR SERVIÇOS GERAIS;Tempo Máximo de Motor Ocioso;00:00:39;Sem evento;
POINT (-49.977659328567725 -22.254695201120036);1762438828.4;06/11/2025 11:20:28;Trator John Deere Série 6J - 6166;6;6842;ALAN TURING;MEDIÇÃO DE ÁREA;UNIMAR SERVIÇOS GERAIS;Tempo Máximo de Motor Ocioso;00:00:24;Sem evento;
POINT (-49.97737218762114 -22.25495498885752);1762438909.8;06/11/2025 11:21:50;Trator John Deere Série 6J - 6166;6;6842;ALAN TURING;MEDIÇÃO DE ÁREA;UNIMAR SERVIÇOS GERAIS;Tempo Máximo de Motor Ocioso;00:00:14;Sem evento;
POINT (-49.97642086263668 -22.25558894837022);1762439069.7;06/11/2025 11:24:30;Trator John Deere Série 6J - 6166;6;6842;ALAN TURING;MEDIÇÃO DE ÁREA;UNIMAR SERVIÇOS GERAIS;Tempo Máximo de Motor Ocioso;00:01:09;Sem evento;
POINT (-49.97643797705297 -22.255588111293417);1762439172;06/11/2025 11:26:12;Trator John Deere Série 6J - 6166;6;6842;ALAN TURING;MEDIÇÃO DE ÁREA;UNIMAR SERVIÇOS GERAIS;Tempo Máximo de Motor Ocioso;00:03:54;Sem evento;
POINT (-49.97768527044427 -22.254672208307184);1762439569.4;06/11/2025 11:32:49;Trator John Deere Série 6J - 6166;6;6842;ALAN TURING;MEDIÇÃO DE ÁREA;UNIMAR SERVIÇOS GERAIS;Tempo Máximo de Motor Ocioso;00:02:59;Sem evento;
POINT (-49.97905025655594 -22.255100098755236);1762440234.9;06/11/2025 11:43:55;Trator John Deere Série 6J - 6166;6;6842;ALAN TURING;MEDIÇÃO DE ÁREA;UNIMAR SERVIÇOS GERAIS;Tempo Máximo de Motor Ocioso;00:00:14;Sem evento;
POINT (-49.98006090674045 -22.25415383105207);1762440684.7;06/11/2025 11:51:25;Trator John Deere Série 6J - 6166;6;6842;ALAN TURING;MEDIÇÃO DE ÁREA;UNIMAR SERVIÇOS GERAIS;Tempo Máximo de Motor Ocioso;00:01:14;Sem evento;
POINT (-49.97951348154151 -22.25438828350305);1762441107.9;06/11/2025 11:58:28;Trator John Deere Série 6J - 6166;6;6842;ALAN TURING;MEDIÇÃO DE ÁREA;UNIMAR SERVIÇOS GERAIS;Tempo Máximo de Motor Ocioso;00:01:04;Sem evento;
POINT (-49.978707842415034 -22.254918932906428);1762441504.4;06/11/2025 12:05:04;Trator John Deere Série 6J - 6166;6;6842;ALAN TURING;MEDIÇÃO DE ÁREA;UNIMAR SERVIÇOS GERAIS;Tempo Máximo de Motor Ocioso;00:00:29;Sem evento;
POINT (-49.97601518943196 -22.248665039231504);1762441918;06/11/2025 12:11:58;Trator John Deere Série 6J - 6166;6;6842;ALAN TURING;MEDIÇÃO DE ÁREA;UNIMAR SERVIÇOS GERAIS;Tempo Máximo de Motor Ocioso;00:00:19;Sem evento;
POINT (-49.97596375520785 -22.24871498318576);1762447675.4;06/11/2025 13:47:55;Trator John Deere Série 6J - 6166;6;6842;ALAN TURING;MEDIÇÃO DE ÁREA;UNIMAR SERVIÇOS GERAIS;Tempo Máximo de Motor Ocioso;00:01:21;Sem evento;
POINT (-49.98116820399187 -22.254037728376797);1762448428;06/11/2025 14:00:28;Trator John Deere Série 6J - 6166;6;6842;ALAN TURING;MEDIÇÃO DE ÁREA;UNIMAR SERVIÇOS GERAIS;Tempo Máximo de Motor Ocioso;00:00:24;Sem evento;
POINT (-49.980828827407265 -22.25399392115761);1762448687.4;06/11/2025 14:04:47;Trator John Deere Série 6J - 6166;6;6842;ALAN TURING;MEDIÇÃO DE ÁREA;UNIMAR SERVIÇOS GERAIS;Tempo Máximo de Motor Ocioso;00:00:34;Sem evento;
POINT (-49.97961458042224 -22.252096419887355);1762449278.4;06/11/2025 14:14:38;Trator John Deere Série 6J - 6166;6;6842;ALAN TURING;MEDIÇÃO DE ÁREA;UNIMAR SERVIÇOS GERAIS;Tempo Máximo de Motor Ocioso;00:00:44;Sem evento;
POINT (-49.97948101106695 -22.251547257892103);1762449467.5;06/11/2025 14:17:48;Trator John Deere Série 6J - 6166;6;6842;ALAN TURING;MEDIÇÃO DE ÁREA;UNIMAR SERVIÇOS GERAIS;Tempo Máximo de Motor Ocioso;00:01:04;Sem evento;
POINT (-49.97957440911157 -22.251833927721833);1762449585.9;06/11/2025 14:19:46;Trator John Deere Série 6J - 6166;6;6842;ALAN TURING;MEDIÇÃO DE ÁREA;UNIMAR SERVIÇOS GERAIS;Tempo Máximo de Motor Ocioso;00:00:59;Sem evento;
POINT (-49.979416497028566 -22.251918632029184);1762450266.4;06/11/2025 14:31:06;Trator John Deere Série 6J - 6166;6;6842;ALAN TURING;MEDIÇÃO DE ÁREA;UNIMAR SERVIÇOS GERAIS;Tempo Máximo de Motor Ocioso;00:07:24;Sem evento;
POINT (-49.97992961871225 -22.252457671426395);1762450865.9;06/11/2025 14:41:06;Trator John Deere Série 6J - 6166;6;6842;ALAN TURING;MEDIÇÃO DE ÁREA;UNIMAR SERVIÇOS GERAIS;Tempo Máximo de Motor Ocioso;00:01:19;Sem evento;
POINT (-49.9791445874351 -22.251452996573768);1762451306.1;06/11/2025 14:48:26;Trator John Deere Série 6J - 6166;6;6842;ALAN TURING;MEDIÇÃO DE ÁREA;UNIMAR SERVIÇOS GERAIS;Tempo Máximo de Motor Ocioso;00:00:30;Sem evento;
POINT (-49.97883585158991 -22.254774952327843);1762452074.7;06/11/2025 15:01:15;Trator John Deere Série 6J - 6166;6;6842;ALAN TURING;MEDIÇÃO DE ÁREA;UNIMAR SERVIÇOS GERAIS;Tempo Máximo de Motor Ocioso;00:00:29;Sem evento;
POINT (-49.97885505124879 -22.25485622396665);1762452140.2;06/11/2025 15:02:20;Trator John Deere Série 6J - 6166;6;6842;ALAN TURING;MEDIÇÃO DE ÁREA;UNIMAR SERVIÇOS GERAIS;Tempo Máximo de Motor Ocioso;00:00:25;Sem evento;
POINT (-49.97574328830126 -22.2476192552653);1762458692.8;06/11/2025 16:51:33;Trator John Deere Série 6J - 6166;6;6842;ALAN TURING;MEDIÇÃO DE ÁREA;UNIMAR SERVIÇOS GERAIS;Tempo Máximo de Motor Ocioso;00:07:54;Sem evento;
POINT (-49.97713455630103 -22.243481162669557);1762459531;06/11/2025 17:05:31;Trator John Deere Série 6J - 6166;6;6842;ALAN TURING;MEDIÇÃO DE ÁREA;UNIMAR SERVIÇOS GERAIS;Tempo Máximo de Motor Ocioso;00:00:29;Sem evento;
POINT (-49.97674447146199 -22.24576528314509);1762460037.8;06/11/2025 17:13:58;Trator John Deere Série 6J - 6166;6;6842;ALAN TURING;MEDIÇÃO DE ÁREA;UNIMAR SERVIÇOS GERAIS;Tempo Máximo de Motor Ocioso;00:00:29;Sem evento;
POINT (-49.97701208608817 -22.243277403143306);1762460894.4;06/11/2025 17:28:14;Trator John Deere Série 6J - 6166;6;6842;ALAN TURING;MEDIÇÃO DE ÁREA;UNIMAR SERVIÇOS GERAIS;Tempo Máximo de Motor Ocioso;00:04:19;Sem evento;
POINT (-49.97740709398976 -22.242680177784678);1762461249.7;06/11/2025 17:34:10;Trator John Deere Série 6J - 6166;6;6842;ALAN TURING;MEDIÇÃO DE ÁREA;UNIMAR SERVIÇOS GERAIS;Tempo Máximo de Motor Ocioso;00:01:00;Sem evento;
POINT (-49.977082080633714 -22.244630342887024);1762462358.1;06/11/2025 17:52:38;Trator John Deere Série 6J - 6166;6;6842;ALAN TURING;MEDIÇÃO DE ÁREA;UNIMAR SERVIÇOS GERAIS;Tempo Máximo de Motor Ocioso;00:00:45;Sem evento;
POINT (-49.9770104838588 -22.24519699496439);1762463092.5;06/11/2025 18:04:52;Trator John Deere Série 6J - 6166;6;6842;ALAN TURING;MEDIÇÃO DE ÁREA;UNIMAR SERVIÇOS GERAIS;Tempo Máximo de Motor Ocioso;00:00:19;Sem evento;
POINT (-49.97699638807663 -22.245832294871725);1762463327.7;06/11/2025 18:08:48;Trator John Deere Série 6J - 6166;6;6842;ALAN TURING;MEDIÇÃO DE ÁREA;UNIMAR SERVIÇOS GERAIS;Tempo Máximo de Motor Ocioso;00:02:49;Sem evento;
POINT (-49.97761958771636 -22.243872009907644);1762464336;06/11/2025 18:25:36;Trator John Deere Série 6J - 6166;6;6842;ALAN TURING;MEDIÇÃO DE ÁREA;UNIMAR SERVIÇOS GERAIS;Tempo Máximo de Motor Ocioso;00:00:54;Sem evento;
POINT (-49.9777801260446 -22.24231394783378);1762464531.1;06/11/2025 18:28:51;Trator John Deere Série 6J - 6166;6;6842;ALAN TURING;MEDIÇÃO DE ÁREA;UNIMAR SERVIÇOS GERAIS;Tempo Máximo de Motor Ocioso;00:01:15;Sem evento;
POINT (-49.97750077962187 -22.244400468034033);1762464784.5;06/11/2025 18:33:04;Trator John Deere Série 6J - 6166;6;6842;ALAN TURING;MEDIÇÃO DE ÁREA;UNIMAR SERVIÇOS GERAIS;Tempo Máximo de Motor Ocioso;00:01:04;Sem evento;
POINT (-49.97765464727501 -22.246623224017533);1762465038.5;06/11/2025 18:37:18;Trator John Deere Série 6J - 6166;6;6842;ALAN TURING;MEDIÇÃO DE ÁREA;UNIMAR SERVIÇOS GERAIS;Tempo Máximo de Motor Ocioso;00:10:44;Sem evento;
POINT (-49.97763273776773 -22.24657622522684);1762466306.9;06/11/2025 18:58:27;Trator John Deere Série 6J - 6166;6;6842;ALAN TURING;MEDIÇÃO DE ÁREA;UNIMAR SERVIÇOS GERAIS;Tempo Máximo de Motor Ocioso;00:01:37;Sem evento;
POINT (-49.97763273776773 -22.24657622522684);1762466401.9;06/11/2025 19:00:02;Trator John Deere Série 6J - 6166;6;6842;ALAN TURING;MEDIÇÃO DE ÁREA;UNIMAR SERVIÇOS GERAIS;Tempo Máximo de Motor Ocioso;00:06:52;Sem evento;
POINT (-50.24911499983333 -21.99020237333333);1761942963.4;31/10/2025 17:36:03;Trator Valtra série T - 05;2147483647;2025;ALUNO DA MANHÃ;;;Tempo Máximo de Motor Ocioso;00:00:35;Sem evento;
POINT (-50.041746361166666 -22.005051630666657);1762083638.5;02/11/2025 08:40:38;Trator Valtra série T - 05;2147483647;2025;ALUNO DA MANHÃ;;;Tempo Máximo de Motor Ocioso;00:00:23;Sem evento;
POINT (-50.041733550833335 -22.00507189766666);1762083859;02/11/2025 08:44:19;Trator Valtra série T - 05;2147483647;2025;ALUNO DA MANHÃ;;;Tempo Máximo de Motor Ocioso;00:00:14;Sem evento;
POINT (-50.0418 -22.005151666666656);1762173039;03/11/2025 09:30:39;Trator Valtra série T - 05;2147483647;2025;ALUNO DA MANHÃ;;;Tempo Máximo de Motor Ocioso;00:01:36;Sem evento;
POINT (-50.041936666666665 -22.005216666666655);1762173182;03/11/2025 09:33:02;Trator Valtra série T - 05;2147483647;2025;ALUNO DA MANHÃ;;;Tempo Máximo de Motor Ocioso;00:09:59;Sem evento;
POINT (-50.036676666666665 -22.005603333333315);1762174164;03/11/2025 09:49:24;Trator Valtra série T - 05;2147483647;2025;ALUNO DA MANHÃ;;;Tempo Máximo de Motor Ocioso;00:01:19;Sem evento;
POINT (-49.96582666666666 -21.967303333333316);1762176828;03/11/2025 10:33:48;Trator Valtra série T - 05;2147483647;2025;ALUNO DA MANHÃ;;;Tempo Máximo de Motor Ocioso;00:01:44;Sem evento;
POINT (-49.965979999999995 -21.967199999999977);1762176987;03/11/2025 10:36:27;Trator Valtra série T - 05;2147483647;2025;ALUNO DA MANHÃ;;;Tempo Máximo de Motor Ocioso;00:01:24;Sem evento;
POINT (-49.966203333333326 -21.967346666666653);1762177113;03/11/2025 10:38:33;Trator Valtra série T - 05;2147483647;2025;ALUNO DA MANHÃ;;;Tempo Máximo de Motor Ocioso;00:03:39;Sem evento;
POINT (-50.041838152333334 -22.005384836833322);1762193634.3;03/11/2025 15:13:54;Trator Valtra série T - 05;2147483647;2025;ALUNO DA MANHÃ;;;Tempo Máximo de Motor Ocioso;00:00:19;Sem evento;
POINT (-50.0418382445 -22.00538483633333);1762193789.3;03/11/2025 15:16:29;Trator Valtra série T - 05;2147483647;2025;ALUNO DA MANHÃ;;;Tempo Máximo de Motor Ocioso;00:00:08;Sem evento;
POINT (-50.041545 -22.00471666666665);1762346732;05/11/2025 09:45:32;Trator Valtra série T - 05;2147483647;2025;ALUNO DA MANHÃ;;;Tempo Máximo de Motor Ocioso;00:00:10;Sem evento;
POINT (-50.04152 -22.00481499999999);1762356019;05/11/2025 12:20:19;Trator Valtra série T - 05;2147483647;2025;ALUNO DA MANHÃ;;;Tempo Máximo de Motor Ocioso;00:16:21;Sem evento;
POINT (-50.041405 -22.004623333333328);1762358928;05/11/2025 13:08:48;Trator Valtra série T - 05;2147483647;2025;ALUNO DA MANHÃ;;;Tempo Máximo de Motor Ocioso;00:02:20;Sem evento;
POINT (-50.0415 -22.00466166666666);1762359511;05/11/2025 13:18:31;Trator Valtra série T - 05;2147483647;2025;ALUNO DA MANHÃ;;;Tempo Máximo de Motor Ocioso;00:12:25;Sem evento;
POINT (-50.041735 -22.004581666666656);1762367761;05/11/2025 15:36:01;Trator Valtra série T - 05;2147483647;2025;ALUNO DA MANHÃ;;;Tempo Máximo de Motor Ocioso;00:06:05;Sem evento;
POINT (-49.981287350354464 -22.248364409360523);1763075097.7;13/11/2025 20:04:58;Trator Valtra série T - 05;10;6842;ALAN TURING;PLANTIO MILHO GRÃO;UNIMAR PLANTIO;Velocidade na Operação;;;2.078176
POINT (-49.981287350354464 -22.248364409360523);1763075097.7;13/11/2025 20:04:58;Trator Valtra série T - 05;10;6842;ALAN TURING;PLANTIO MILHO GRÃO;UNIMAR PLANTIO;Velocidade na Operação;;;2.078176
POINT (-49.981287350354464 -22.248364409360523);1763075097.7;13/11/2025 20:04:58;Trator Valtra série T - 05;10;6842;ALAN TURING;PLANTIO MILHO GRÃO;UNIMAR PLANTIO;Velocidade na Operação;;;2.078176
POINT (-49.98071231972499 -22.24851206613858);1763075064.7;13/11/2025 20:04:25;Trator Valtra série T - 05;10;6842;ALAN TURING;PLANTIO MILHO GRÃO;UNIMAR PLANTIO;Velocidade na Operação;;;1.95472
POINT (-49.98071231972499 -22.24851206613858);1763075064.7;13/11/2025 20:04:25;Trator Valtra série T - 05;10;6842;ALAN TURING;PLANTIO MILHO GRÃO;UNIMAR PLANTIO;Velocidade na Operação;;;1.95472
POINT (-49.98071231972499 -22.24851206613858);1763075064.7;13/11/2025 20:04:25;Trator Valtra série T - 05;10;6842;ALAN TURING;PLANTIO MILHO GRÃO;UNIMAR PLANTIO;Velocidade na Operação;;;1.95472
POINT (-49.97777930574946 -22.246781288902024);1763074718.4;13/11/2025 19:58:38;Trator Valtra série T - 05;10;6842;ALAN TURING;PLANTIO MILHO GRÃO;UNIMAR PLANTIO;Velocidade na Operação;;;1.995872
POINT (-49.97777930574946 -22.246781288902024);1763074718.4;13/11/2025 19:58:38;Trator Valtra série T - 05;10;6842;ALAN TURING;PLANTIO MILHO GRÃO;UNIMAR PLANTIO;Velocidade na Operação;;;1.995872
POINT (-49.97777930574946 -22.246781288902024);1763074718.4;13/11/2025 19:58:38;Trator Valtra série T - 05;10;6842;ALAN TURING;PLANTIO MILHO GRÃO;UNIMAR PLANTIO;Velocidade na Operação;;;1.995872
POINT (-49.97773071913709 -22.246760696613123);1763074654.2;13/11/2025 19:57:34;Trator Valtra série T - 05;10;6842;ALAN TURING;PLANTIO MILHO GRÃO;UNIMAR PLANTIO;Velocidade na Operação;;;2.047312
POINT (-49.97773071913709 -22.246760696613123);1763074654.2;13/11/2025 19:57:34;Trator Valtra série T - 05;10;6842;ALAN TURING;PLANTIO MILHO GRÃO;UNIMAR PLANTIO;Velocidade na Operação;;;2.047312
POINT (-49.97773071913709 -22.246760696613123);1763074654.2;13/11/2025 19:57:34;Trator Valtra série T - 05;10;6842;ALAN TURING;PLANTIO MILHO GRÃO;UNIMAR PLANTIO;Velocidade na Operação;;;2.047312
POINT (-49.97842148310925 -22.247253618482667);1763074605.3;13/11/2025 19:56:45;Trator Valtra série T - 05;10;6842;ALAN TURING;PLANTIO MILHO GRÃO;UNIMAR PLANTIO;Velocidade na Operação;;;1.949576
POINT (-49.97842148310925 -22.247253618482667);1763074605.3;13/11/2025 19:56:45;Trator Valtra série T - 05;10;6842;ALAN TURING;PLANTIO MILHO GRÃO;UNIMAR PLANTIO;Velocidade na Operação;;;1.949576
POINT (-49.97842148310925 -22.247253618482667);1763074605.3;13/11/2025 19:56:45;Trator Valtra série T - 05;10;6842;ALAN TURING;PLANTIO MILHO GRÃO;UNIMAR PLANTIO;Velocidade na Operação;;;1.949576
POINT (-49.97843067289983 -22.247259359907332);1763074604.7;13/11/2025 19:56:45;Trator Valtra série T - 05;10;6842;ALAN TURING;PLANTIO MILHO GRÃO;UNIMAR PLANTIO;Velocidade na Operação;;;2.0010161
POINT (-49.97843067289983 -22.247259359907332);1763074604.7;13/11/2025 19:56:45;Trator Valtra série T - 05;10;6842;ALAN TURING;PLANTIO MILHO GRÃO;UNIMAR PLANTIO;Velocidade na Operação;;;2.0010161
POINT (-49.97843067289983 -22.247259359907332);1763074604.7;13/11/2025 19:56:45;Trator Valtra série T - 05;10;6842;ALAN TURING;PLANTIO MILHO GRÃO;UNIMAR PLANTIO;Velocidade na Operação;;;2.0010161
POINT (-49.97820557589469 -22.247076617288297);1763074534.5;13/11/2025 19:55:34;Trator Valtra série T - 05;10;6842;ALAN TURING;PLANTIO MILHO GRÃO;UNIMAR PLANTIO;Velocidade na Operação;;;1.949576
POINT (-49.97820557589469 -22.247076617288297);1763074534.5;13/11/2025 19:55:34;Trator Valtra série T - 05;10;6842;ALAN TURING;PLANTIO MILHO GRÃO;UNIMAR PLANTIO;Velocidade na Operação;;;1.949576
POINT (-49.97820557589469 -22.247076617288297);1763074534.5;13/11/2025 19:55:34;Trator Valtra série T - 05;10;6842;ALAN TURING;PLANTIO MILHO GRÃO;UNIMAR PLANTIO;Velocidade na Operação;;;1.949576
POINT (-49.97754436596502 -22.2466798309969);1763074432;13/11/2025 19:53:52;Trator Valtra série T - 05;10;6842;ALAN TURING;PLANTIO MILHO GRÃO;UNIMAR PLANTIO;Velocidade na Operação;;;2.03188
POINT (-49.97754436596502 -22.2466798309969);1763074432;13/11/2025 19:53:52;Trator Valtra série T - 05;10;6842;ALAN TURING;PLANTIO MILHO GRÃO;UNIMAR PLANTIO;Velocidade na Operação;;;2.03188
POINT (-49.97754436596502 -22.2466798309969);1763074432;13/11/2025 19:53:52;Trator Valtra série T - 05;10;6842;ALAN TURING;PLANTIO MILHO GRÃO;UNIMAR PLANTIO;Velocidade na Operação;;;2.03188
POINT (-49.98051333773448 -22.248766444786757);1763074219.7;13/11/2025 19:50:20;Trator Valtra série T - 05;10;6842;ALAN TURING;PLANTIO MILHO GRÃO;UNIMAR PLANTIO;Velocidade na Operação;;;1.965008
POINT (-49.98051333773448 -22.248766444786757);1763074219.7;13/11/2025 19:50:20;Trator Valtra série T - 05;10;6842;ALAN TURING;PLANTIO MILHO GRÃO;UNIMAR PLANTIO;Velocidade na Operação;;;1.965008
POINT (-49.98051333773448 -22.248766444786757);1763074219.7;13/11/2025 19:50:20;Trator Valtra série T - 05;10;6842;ALAN TURING;PLANTIO MILHO GRÃO;UNIMAR PLANTIO;Velocidade na Operação;;;1.965008
POINT (-49.98289116677908 -22.247624216074257);1763074063.6;13/11/2025 19:47:44;Trator Valtra série T - 05;10;6842;ALAN TURING;PLANTIO MILHO GRÃO;UNIMAR PLANTIO;Velocidade na Operação;;;2.016448
POINT (-49.98289116677908 -22.247624216074257);1763074063.6;13/11/2025 19:47:44;Trator Valtra série T - 05;10;6842;ALAN TURING;PLANTIO MILHO GRÃO;UNIMAR PLANTIO;Velocidade na Operação;;;2.016448
POINT (-49.98289116677908 -22.247624216074257);1763074063.6;13/11/2025 19:47:44;Trator Valtra série T - 05;10;6842;ALAN TURING;PLANTIO MILHO GRÃO;UNIMAR PLANTIO;Velocidade na Operação;;;2.016448
POINT (-49.9829341381187 -22.247629112349053);1763074061.2;13/11/2025 19:47:41;Trator Valtra série T - 05;10;6842;ALAN TURING;PLANTIO MILHO GRÃO;UNIMAR PLANTIO;Velocidade na Operação;;;1.95472
POINT (-49.9829341381187 -22.247629112349053);1763074061.2;13/11/2025 19:47:41;Trator Valtra série T - 05;10;6842;ALAN TURING;PLANTIO MILHO GRÃO;UNIMAR PLANTIO;Velocidade na Operação;;;1.95472
POINT (-49.9829341381187 -22.247629112349053);1763074061.2;13/11/2025 19:47:41;Trator Valtra série T - 05;10;6842;ALAN TURING;PLANTIO MILHO GRÃO;UNIMAR PLANTIO;Velocidade na Operação;;;1.95472
POINT (-49.983153273649364 -22.247707779630634);1763074047.5;13/11/2025 19:47:28;Trator Valtra série T - 05;10;6842;ALAN TURING;PLANTIO MILHO GRÃO;UNIMAR PLANTIO;Velocidade na Operação;;;1.95472
POINT (-49.983153273649364 -22.247707779630634);1763074047.5;13/11/2025 19:47:28;Trator Valtra série T - 05;10;6842;ALAN TURING;PLANTIO MILHO GRÃO;UNIMAR PLANTIO;Velocidade na Operação;;;1.95472
POINT (-49.983153273649364 -22.247707779630634);1763074047.5;13/11/2025 19:47:28;Trator Valtra série T - 05;10;6842;ALAN TURING;PLANTIO MILHO GRÃO;UNIMAR PLANTIO;Velocidade na Operação;;;1.95472
POINT (-49.98299668350479 -22.247602357844784);1763073980.5;13/11/2025 19:46:20;Trator Valtra série T - 05;10;6842;ALAN TURING;PLANTIO MILHO GRÃO;UNIMAR PLANTIO;Velocidade na Operação;;;2.181056
POINT (-49.98299668350479 -22.247602357844784);1763073980.5;13/11/2025 19:46:20;Trator Valtra série T - 05;10;6842;ALAN TURING;PLANTIO MILHO GRÃO;UNIMAR PLANTIO;Velocidade na Operação;;;2.181056
POINT (-49.98299668350479 -22.247602357844784);1763073980.5;13/11/2025 19:46:20;Trator Valtra série T - 05;10;6842;ALAN TURING;PLANTIO MILHO GRÃO;UNIMAR PLANTIO;Velocidade na Operação;;;2.181056
POINT (-49.982915725559295 -22.247609241816733);1763073976.2;13/11/2025 19:46:16;Trator Valtra série T - 05;10;6842;ALAN TURING;PLANTIO MILHO GRÃO;UNIMAR PLANTIO;Velocidade na Operação;;;1.990728
POINT (-49.982915725559295 -22.247609241816733);1763073976.2;13/11/2025 19:46:16;Trator Valtra série T - 05;10;6842;ALAN TURING;PLANTIO MILHO GRÃO;UNIMAR PLANTIO;Velocidade na Operação;;;1.990728
POINT (-49.982915725559295 -22.247609241816733);1763073976.2;13/11/2025 19:46:16;Trator Valtra série T - 05;10;6842;ALAN TURING;PLANTIO MILHO GRÃO;UNIMAR PLANTIO;Velocidade na Operação;;;1.990728
POINT (-49.98289175810571 -22.24761494471825);1763073974.9;13/11/2025 19:46:15;Trator Valtra série T - 05;10;6842;ALAN TURING;PLANTIO MILHO GRÃO;UNIMAR PLANTIO;Velocidade na Operação;;;2.03188
POINT (-49.98289175810571 -22.24761494471825);1763073974.9;13/11/2025 19:46:15;Trator Valtra série T - 05;10;6842;ALAN TURING;PLANTIO MILHO GRÃO;UNIMAR PLANTIO;Velocidade na Operação;;;2.03188
POINT (-49.98289175810571 -22.24761494471825);1763073974.9;13/11/2025 19:46:15;Trator Valtra série T - 05;10;6842;ALAN TURING;PLANTIO MILHO GRÃO;UNIMAR PLANTIO;Velocidade na Operação;;;2.03188
POINT (-49.98168227778816 -22.24802762528622);1763073856.2;13/11/2025 19:44:16;Trator Valtra série T - 05;10;6842;ALAN TURING;PLANTIO MILHO GRÃO;UNIMAR PLANTIO;Velocidade na Operação;;;1.959864
POINT (-49.98168227778816 -22.24802762528622);1763073856.2;13/11/2025 19:44:16;Trator Valtra série T - 05;10;6842;ALAN TURING;PLANTIO MILHO GRÃO;UNIMAR PLANTIO;Velocidade na Operação;;;1.959864
POINT (-49.98168227778816 -22.24802762528622);1763073856.2;13/11/2025 19:44:16;Trator Valtra série T - 05;10;6842;ALAN TURING;PLANTIO MILHO GRÃO;UNIMAR PLANTIO;Velocidade na Operação;;;1.959864
POINT (-49.98176819260446 -22.24793650997397);1763073849;13/11/2025 19:44:09;Trator Valtra série T - 05;10;6842;ALAN TURING;PLANTIO MILHO GRÃO;UNIMAR PLANTIO;Velocidade na Operação;;;2.0010161
POINT (-49.98176819260446 -22.24793650997397);1763073849;13/11/2025 19:44:09;Trator Valtra série T - 05;10;6842;ALAN TURING;PLANTIO MILHO GRÃO;UNIMAR PLANTIO;Velocidade na Operação;;;2.0010161
POINT (-49.98176819260446 -22.24793650997397);1763073849;13/11/2025 19:44:09;Trator Valtra série T - 05;10;6842;ALAN TURING;PLANTIO MILHO GRÃO;UNIMAR PLANTIO;Velocidade na Operação;;;2.0010161
POINT (-49.980156602873826 -22.248399928582053);1763073458.9;13/11/2025 19:37:39;Trator Valtra série T - 05;10;6842;ALAN TURING;PLANTIO MILHO GRÃO;UNIMAR PLANTIO;Velocidade na Operação;;;2.037024
POINT (-49.980156602873826 -22.248399928582053);1763073458.9;13/11/2025 19:37:39;Trator Valtra série T - 05;10;6842;ALAN TURING;PLANTIO MILHO GRÃO;UNIMAR PLANTIO;Velocidade na Operação;;;2.037024
POINT (-49.980156602873826 -22.248399928582053);1763073458.9;13/11/2025 19:37:39;Trator Valtra série T - 05;10;6842;ALAN TURING;PLANTIO MILHO GRÃO;UNIMAR PLANTIO;Velocidade na Operação;;;2.037024
POINT (-49.979967958867014 -22.248336405223004);1763073447.7;13/11/2025 19:37:28;Trator Valtra série T - 05;10;6842;ALAN TURING;PLANTIO MILHO GRÃO;UNIMAR PLANTIO;Velocidade na Operação;;;1.959864
POINT (-49.979967958867014 -22.248336405223004);1763073447.7;13/11/2025 19:37:28;Trator Valtra série T - 05;10;6842;ALAN TURING;PLANTIO MILHO GRÃO;UNIMAR PLANTIO;Velocidade na Operação;;;1.959864
POINT (-49.979967958867014 -22.248336405223004);1763073447.7;13/11/2025 19:37:28;Trator Valtra série T - 05;10;6842;ALAN TURING;PLANTIO MILHO GRÃO;UNIMAR PLANTIO;Velocidade na Operação;;;1.959864
POINT (-49.97981954793138 -22.248277317362884);1763073438.7;13/11/2025 19:37:19;Trator Valtra série T - 05;10;6842;ALAN TURING;PLANTIO MILHO GRÃO;UNIMAR PLANTIO;Velocidade na Operação;;;1.98044
POINT (-49.97981954793138 -22.248277317362884);1763073438.7;13/11/2025 19:37:19;Trator Valtra série T - 05;10;6842;ALAN TURING;PLANTIO MILHO GRÃO;UNIMAR PLANTIO;Velocidade na Operação;;;1.98044
POINT (-49.97981954793138 -22.248277317362884);1763073438.7;13/11/2025 19:37:19;Trator Valtra série T - 05;10;6842;ALAN TURING;PLANTIO MILHO GRÃO;UNIMAR PLANTIO;Velocidade na Operação;;;1.98044
POINT (-49.97967820338869 -22.24822138512081);1763073430.3;13/11/2025 19:37:10;Trator Valtra série T - 05;10;6842;ALAN TURING;PLANTIO MILHO GRÃO;UNIMAR PLANTIO;Velocidade na Operação;;;1.95472
POINT (-49.97967820338869 -22.24822138512081);1763073430.3;13/11/2025 19:37:10;Trator Valtra série T - 05;10;6842;ALAN TURING;PLANTIO MILHO GRÃO;UNIMAR PLANTIO;Velocidade na Operação;;;1.95472
POINT (-49.97967820338869 -22.24822138512081);1763073430.3;13/11/2025 19:37:10;Trator Valtra série T - 05;10;6842;ALAN TURING;PLANTIO MILHO GRÃO;UNIMAR PLANTIO;Velocidade na Operação;;;1.95472
POINT (-49.97805735869848 -22.246745186331978);1763073213.7;13/11/2025 19:33:34;Trator Valtra série T - 05;10;6842;ALAN TURING;PLANTIO MILHO GRÃO;UNIMAR PLANTIO;Velocidade na Operação;;;1.965008
POINT (-49.97805735869848 -22.246745186331978);1763073213.7;13/11/2025 19:33:34;Trator Valtra série T - 05;10;6842;ALAN TURING;PLANTIO MILHO GRÃO;UNIMAR PLANTIO;Velocidade na Operação;;;1.965008
POINT (-49.97805735869848 -22.246745186331978);1763073213.7;13/11/2025 19:33:34;Trator Valtra série T - 05;10;6842;ALAN TURING;PLANTIO MILHO GRÃO;UNIMAR PLANTIO;Velocidade na Operação;;;1.965008
POINT (-49.978131412319584 -22.246809043091723);1763073208.1;13/11/2025 19:33:28;Trator Valtra série T - 05;10;6842;ALAN TURING;PLANTIO MILHO GRÃO;UNIMAR PLANTIO;Velocidade na Operação;;;2.088464
POINT (-49.978131412319584 -22.246809043091723);1763073208.1;13/11/2025 19:33:28;Trator Valtra série T - 05;10;6842;ALAN TURING;PLANTIO MILHO GRÃO;UNIMAR PLANTIO;Velocidade na Operação;;;2.088464
POINT (-49.978131412319584 -22.246809043091723);1763073208.1;13/11/2025 19:33:28;Trator Valtra série T - 05;10;6842;ALAN TURING;PLANTIO MILHO GRÃO;UNIMAR PLANTIO;Velocidade na Operação;;;2.088464
POINT (-49.97853122837871 -22.247065568695373);1763073180.9;13/11/2025 19:33:01;Trator Valtra série T - 05;10;6842;ALAN TURING;PLANTIO MILHO GRÃO;UNIMAR PLANTIO;Velocidade na Operação;;;2.0215921
POINT (-49.97853122837871 -22.247065568695373);1763073180.9;13/11/2025 19:33:01;Trator Valtra série T - 05;10;6842;ALAN TURING;PLANTIO MILHO GRÃO;UNIMAR PLANTIO;Velocidade na Operação;;;2.0215921
POINT (-49.97853122837871 -22.247065568695373);1763073180.9;13/11/2025 19:33:01;Trator Valtra série T - 05;10;6842;ALAN TURING;PLANTIO MILHO GRÃO;UNIMAR PLANTIO;Velocidade na Operação;;;2.0215921
POINT (-49.98057055655444 -22.248356094131037);1763073039.9;13/11/2025 19:30:40;Trator Valtra série T - 05;10;6842;ALAN TURING;PLANTIO MILHO GRÃO;UNIMAR PLANTIO;Velocidade na Operação;;;1.965008
POINT (-49.98057055655444 -22.248356094131037);1763073039.9;13/11/2025 19:30:40;Trator Valtra série T - 05;10;6842;ALAN TURING;PLANTIO MILHO GRÃO;UNIMAR PLANTIO;Velocidade na Operação;;;1.965008
POINT (-49.98057055655444 -22.248356094131037);1763073039.9;13/11/2025 19:30:40;Trator Valtra série T - 05;10;6842;ALAN TURING;PLANTIO MILHO GRÃO;UNIMAR PLANTIO;Velocidade na Operação;;;1.965008
POINT (-49.98076727881466 -22.248349760709218);1763073028.7;13/11/2025 19:30:29;Trator Valtra série T - 05;10;6842;ALAN TURING;PLANTIO MILHO GRÃO;UNIMAR PLANTIO;Velocidade na Operação;;;1.985584
POINT (-49.98076727881466 -22.248349760709218);1763073028.7;13/11/2025 19:30:29;Trator Valtra série T - 05;10;6842;ALAN TURING;PLANTIO MILHO GRÃO;UNIMAR PLANTIO;Velocidade na Operação;;;1.985584
POINT (-49.98076727881466 -22.248349760709218);1763073028.7;13/11/2025 19:30:29;Trator Valtra série T - 05;10;6842;ALAN TURING;PLANTIO MILHO GRÃO;UNIMAR PLANTIO;Velocidade na Operação;;;1.985584
POINT (-49.981825701694724 -22.247674545964426);1763072954.7;13/11/2025 19:29:15;Trator Valtra série T - 05;10;6842;ALAN TURING;PLANTIO MILHO GRÃO;UNIMAR PLANTIO;Velocidade na Operação;;;1.975296
POINT (-49.981825701694724 -22.247674545964426);1763072954.7;13/11/2025 19:29:15;Trator Valtra série T - 05;10;6842;ALAN TURING;PLANTIO MILHO GRÃO;UNIMAR PLANTIO;Velocidade na Operação;;;1.975296
POINT (-49.981825701694724 -22.247674545964426);1763072954.7;13/11/2025 19:29:15;Trator Valtra série T - 05;10;6842;ALAN TURING;PLANTIO MILHO GRÃO;UNIMAR PLANTIO;Velocidade na Operação;;;1.975296
POINT (-49.98013331445401 -22.248210182743065);1763072822.8;13/11/2025 19:27:03;Trator Valtra série T - 05;10;6842;ALAN TURING;PLANTIO MILHO GRÃO;UNIMAR PLANTIO;Velocidade na Operação;;;1.949576
POINT (-49.98013331445401 -22.248210182743065);1763072822.8;13/11/2025 19:27:03;Trator Valtra série T - 05;10;6842;ALAN TURING;PLANTIO MILHO GRÃO;UNIMAR PLANTIO;Velocidade na Operação;;;1.949576
POINT (-49.98013331445401 -22.248210182743065);1763072822.8;13/11/2025 19:27:03;Trator Valtra série T - 05;10;6842;ALAN TURING;PLANTIO MILHO GRÃO;UNIMAR PLANTIO;Velocidade na Operação;;;1.949576
POINT (-49.978118354892885 -22.246725829954215);1763072677.7;13/11/2025 19:24:38;Trator Valtra série T - 05;10;6842;ALAN TURING;PLANTIO MILHO GRÃO;UNIMAR PLANTIO;Velocidade na Operação;;;1.975296
POINT (-49.978118354892885 -22.246725829954215);1763072677.7;13/11/2025 19:24:38;Trator Valtra série T - 05;10;6842;ALAN TURING;PLANTIO MILHO GRÃO;UNIMAR PLANTIO;Velocidade na Operação;;;1.975296
POINT (-49.978118354892885 -22.246725829954215);1763072677.7;13/11/2025 19:24:38;Trator Valtra série T - 05;10;6842;ALAN TURING;PLANTIO MILHO GRÃO;UNIMAR PLANTIO;Velocidade na Operação;;;1.975296
POINT (-49.97801743019019 -22.246594922664517);1763072668.1;13/11/2025 19:24:28;Trator Valtra série T - 05;10;6842;ALAN TURING;PLANTIO MILHO GRÃO;UNIMAR PLANTIO;Velocidade na Operação;;;1.95472
POINT (-49.97801743019019 -22.246594922664517);1763072668.1;13/11/2025 19:24:28;Trator Valtra série T - 05;10;6842;ALAN TURING;PLANTIO MILHO GRÃO;UNIMAR PLANTIO;Velocidade na Operação;;;1.95472
POINT (-49.97801743019019 -22.246594922664517);1763072668.1;13/11/2025 19:24:28;Trator Valtra série T - 05;10;6842;ALAN TURING;PLANTIO MILHO GRÃO;UNIMAR PLANTIO;Velocidade na Operação;;;1.95472
POINT (-49.97975273004277 -22.24797684175614);1763072334.2;13/11/2025 19:18:54;Trator Valtra série T - 05;10;6842;ALAN TURING;PLANTIO MILHO GRÃO;UNIMAR PLANTIO;Velocidade na Operação;;;1.975296
POINT (-49.97975273004277 -22.24797684175614);1763072334.2;13/11/2025 19:18:54;Trator Valtra série T - 05;10;6842;ALAN TURING;PLANTIO MILHO GRÃO;UNIMAR PLANTIO;Velocidade na Operação;;;1.975296
POINT (-49.97975273004277 -22.24797684175614);1763072334.2;13/11/2025 19:18:54;Trator Valtra série T - 05;10;6842;ALAN TURING;PLANTIO MILHO GRÃO;UNIMAR PLANTIO;Velocidade na Operação;;;1.975296
POINT (-49.9783660575678 -22.246756602324457);1763072176;13/11/2025 19:16:16;Trator Valtra série T - 05;10;6842;ALAN TURING;PLANTIO MILHO GRÃO;UNIMAR PLANTIO;Velocidade na Operação;;;1.959864
POINT (-49.9783660575678 -22.246756602324457);1763072176;13/11/2025 19:16:16;Trator Valtra série T - 05;10;6842;ALAN TURING;PLANTIO MILHO GRÃO;UNIMAR PLANTIO;Velocidade na Operação;;;1.959864
POINT (-49.9783660575678 -22.246756602324457);1763072176;13/11/2025 19:16:16;Trator Valtra série T - 05;10;6842;ALAN TURING;PLANTIO MILHO GRÃO;UNIMAR PLANTIO;Velocidade na Operação;;;1.959864
POINT (-49.97811869261518 -22.246539119776937);1763072156.4;13/11/2025 19:15:56;Trator Valtra série T - 05;10;6842;ALAN TURING;PLANTIO MILHO GRÃO;UNIMAR PLANTIO;Velocidade na Operação;;;1.959864
POINT (-49.97811869261518 -22.246539119776937);1763072156.4;13/11/2025 19:15:56;Trator Valtra série T - 05;10;6842;ALAN TURING;PLANTIO MILHO GRÃO;UNIMAR PLANTIO;Velocidade na Operação;;;1.959864
POINT (-49.97811869261518 -22.246539119776937);1763072156.4;13/11/2025 19:15:56;Trator Valtra série T - 05;10;6842;ALAN TURING;PLANTIO MILHO GRÃO;UNIMAR PLANTIO;Velocidade na Operação;;;1.959864
POINT (-49.97818374979416 -22.246453943276748);1763070288.7;13/11/2025 18:44:49;Trator Valtra série T - 05;10;6842;ALAN TURING;PLANTIO MILHO GRÃO;UNIMAR PLANTIO;Velocidade na Operação;;;2.119328
POINT (-49.97818374979416 -22.246453943276748);1763070288.7;13/11/2025 18:44:49;Trator Valtra série T - 05;10;6842;ALAN TURING;PLANTIO MILHO GRÃO;UNIMAR PLANTIO;Velocidade na Operação;;;2.119328
POINT (-49.97818374979416 -22.246453943276748);1763070288.7;13/11/2025 18:44:49;Trator Valtra série T - 05;10;6842;ALAN TURING;PLANTIO MILHO GRÃO;UNIMAR PLANTIO;Velocidade na Operação;;;2.119328
POINT (-49.978750008433515 -22.246985696548258);1763070243.7;13/11/2025 18:44:04;Trator Valtra série T - 05;10;6842;ALAN TURING;PLANTIO MILHO GRÃO;UNIMAR PLANTIO;Velocidade na Operação;;;1.995872
POINT (-49.978750008433515 -22.246985696548258);1763070243.7;13/11/2025 18:44:04;Trator Valtra série T - 05;10;6842;ALAN TURING;PLANTIO MILHO GRÃO;UNIMAR PLANTIO;Velocidade na Operação;;;1.995872
POINT (-49.978750008433515 -22.246985696548258);1763070243.7;13/11/2025 18:44:04;Trator Valtra série T - 05;10;6842;ALAN TURING;PLANTIO MILHO GRÃO;UNIMAR PLANTIO;Velocidade na Operação;;;1.995872
POINT (-49.98018179017869 -22.24823307569043);1763070133.6;13/11/2025 18:42:14;Trator Valtra série T - 05;10;6842;ALAN TURING;PLANTIO MILHO GRÃO;UNIMAR PLANTIO;Velocidade na Operação;;;1.95472
POINT (-49.98018179017869 -22.24823307569043);1763070133.6;13/11/2025 18:42:14;Trator Valtra série T - 05;10;6842;ALAN TURING;PLANTIO MILHO GRÃO;UNIMAR PLANTIO;Velocidade na Operação;;;1.95472
POINT (-49.98018179017869 -22.24823307569043);1763070133.6;13/11/2025 18:42:14;Trator Valtra série T - 05;10;6842;ALAN TURING;PLANTIO MILHO GRÃO;UNIMAR PLANTIO;Velocidade na Operação;;;1.95472
POINT (-49.98023828932735 -22.24824598631157);1763070130.5;13/11/2025 18:42:10;Trator Valtra série T - 05;10;6842;ALAN TURING;PLANTIO MILHO GRÃO;UNIMAR PLANTIO;Velocidade na Operação;;;1.949576
POINT (-49.98023828932735 -22.24824598631157);1763070130.5;13/11/2025 18:42:10;Trator Valtra série T - 05;10;6842;ALAN TURING;PLANTIO MILHO GRÃO;UNIMAR PLANTIO;Velocidade na Operação;;;1.949576
POINT (-49.98023828932735 -22.24824598631157);1763070130.5;13/11/2025 18:42:10;Trator Valtra série T - 05;10;6842;ALAN TURING;PLANTIO MILHO GRÃO;UNIMAR PLANTIO;Velocidade na Operação;;;1.949576
POINT (-49.98033445519941 -22.24827482699777);1763070124.9;13/11/2025 18:42:05;Trator Valtra série T - 05;10;6842;ALAN TURING;PLANTIO MILHO GRÃO;UNIMAR PLANTIO;Velocidade na Operação;;;1.95472
POINT (-49.98033445519941 -22.24827482699777);1763070124.9;13/11/2025 18:42:05;Trator Valtra série T - 05;10;6842;ALAN TURING;PLANTIO MILHO GRÃO;UNIMAR PLANTIO;Velocidade na Operação;;;1.95472
POINT (-49.98033445519941 -22.24827482699777);1763070124.9;13/11/2025 18:42:05;Trator Valtra série T - 05;10;6842;ALAN TURING;PLANTIO MILHO GRÃO;UNIMAR PLANTIO;Velocidade na Operação;;;1.95472
POINT (-49.980830424294936 -22.24827669817052);1763070097.2;13/11/2025 18:41:37;Trator Valtra série T - 05;10;6842;ALAN TURING;PLANTIO MILHO GRÃO;UNIMAR PLANTIO;Velocidade na Operação;;;1.985584
POINT (-49.980830424294936 -22.24827669817052);1763070097.2;13/11/2025 18:41:37;Trator Valtra série T - 05;10;6842;ALAN TURING;PLANTIO MILHO GRÃO;UNIMAR PLANTIO;Velocidade na Operação;;;1.985584
POINT (-49.980830424294936 -22.24827669817052);1763070097.2;13/11/2025 18:41:37;Trator Valtra série T - 05;10;6842;ALAN TURING;PLANTIO MILHO GRÃO;UNIMAR PLANTIO;Velocidade na Operação;;;1.985584
POINT (-49.98085684073815 -22.248268967915354);1763070095.7;13/11/2025 18:41:36;Trator Valtra série T - 05;10;6842;ALAN TURING;PLANTIO MILHO GRÃO;UNIMAR PLANTIO;Velocidade na Operação;;;1.959864
POINT (-49.98085684073815 -22.248268967915354);1763070095.7;13/11/2025 18:41:36;Trator Valtra série T - 05;10;6842;ALAN TURING;PLANTIO MILHO GRÃO;UNIMAR PLANTIO;Velocidade na Operação;;;1.959864
POINT (-49.98085684073815 -22.248268967915354);1763070095.7;13/11/2025 18:41:36;Trator Valtra série T - 05;10;6842;ALAN TURING;PLANTIO MILHO GRÃO;UNIMAR PLANTIO;Velocidade na Operação;;;1.959864
POINT (-49.98118309267523 -22.248181631719067);1763070076.9;13/11/2025 18:41:17;Trator Valtra série T - 05;10;6842;ALAN TURING;PLANTIO MILHO GRÃO;UNIMAR PLANTIO;Velocidade na Operação;;;1.95472
POINT (-49.98118309267523 -22.248181631719067);1763070076.9;13/11/2025 18:41:17;Trator Valtra série T - 05;10;6842;ALAN TURING;PLANTIO MILHO GRÃO;UNIMAR PLANTIO;Velocidade na Operação;;;1.95472
POINT (-49.98118309267523 -22.248181631719067);1763070076.9;13/11/2025 18:41:17;Trator Valtra série T - 05;10;6842;ALAN TURING;PLANTIO MILHO GRÃO;UNIMAR PLANTIO;Velocidade na Operação;;;1.95472
POINT (-49.98148769793768 -22.247930694763273);1763070053.8;13/11/2025 18:40:54;Trator Valtra série T - 05;10;6842;ALAN TURING;PLANTIO MILHO GRÃO;UNIMAR PLANTIO;Velocidade na Operação;;;1.985584
POINT (-49.98148769793768 -22.247930694763273);1763070053.8;13/11/2025 18:40:54;Trator Valtra série T - 05;10;6842;ALAN TURING;PLANTIO MILHO GRÃO;UNIMAR PLANTIO;Velocidade na Operação;;;1.985584
POINT (-49.98148769793768 -22.247930694763273);1763070053.8;13/11/2025 18:40:54;Trator Valtra série T - 05;10;6842;ALAN TURING;PLANTIO MILHO GRÃO;UNIMAR PLANTIO;Velocidade na Operação;;;1.985584
POINT (-49.98153336691243 -22.247900026468077);1763070050.8;13/11/2025 18:40:51;Trator Valtra série T - 05;10;6842;ALAN TURING;PLANTIO MILHO GRÃO;UNIMAR PLANTIO;Velocidade na Operação;;;1.970152
POINT (-49.98153336691243 -22.247900026468077);1763070050.8;13/11/2025 18:40:51;Trator Valtra série T - 05;10;6842;ALAN TURING;PLANTIO MILHO GRÃO;UNIMAR PLANTIO;Velocidade na Operação;;;1.970152
POINT (-49.98153336691243 -22.247900026468077);1763070050.8;13/11/2025 18:40:51;Trator Valtra série T - 05;10;6842;ALAN TURING;PLANTIO MILHO GRÃO;UNIMAR PLANTIO;Velocidade na Operação;;;1.970152
POINT (-49.98155338980883 -22.24788140901988);1763070049.3;13/11/2025 18:40:49;Trator Valtra série T - 05;10;6842;ALAN TURING;PLANTIO MILHO GRÃO;UNIMAR PLANTIO;Velocidade na Operação;;;1.970152
POINT (-49.98155338980883 -22.24788140901988);1763070049.3;13/11/2025 18:40:49;Trator Valtra série T - 05;10;6842;ALAN TURING;PLANTIO MILHO GRÃO;UNIMAR PLANTIO;Velocidade na Operação;;;1.970152
POINT (-49.98155338980883 -22.24788140901988);1763070049.3;13/11/2025 18:40:49;Trator Valtra série T - 05;10;6842;ALAN TURING;PLANTIO MILHO GRÃO;UNIMAR PLANTIO;Velocidade na Operação;;;1.970152
POINT (-49.98236225537385 -22.247496123841707);1763069964;13/11/2025 18:39:24;Trator Valtra série T - 05;10;6842;ALAN TURING;PLANTIO MILHO GRÃO;UNIMAR PLANTIO;Velocidade na Operação;;;2.026736
POINT (-49.98236225537385 -22.247496123841707);1763069964;13/11/2025 18:39:24;Trator Valtra série T - 05;10;6842;ALAN TURING;PLANTIO MILHO GRÃO;UNIMAR PLANTIO;Velocidade na Operação;;;2.026736
POINT (-49.98236225537385 -22.247496123841707);1763069964;13/11/2025 18:39:24;Trator Valtra série T - 05;10;6842;ALAN TURING;PLANTIO MILHO GRÃO;UNIMAR PLANTIO;Velocidade na Operação;;;2.026736
POINT (-49.9825719182536 -22.247444081773846);1763069888.1;13/11/2025 18:38:08;Trator Valtra série T - 05;10;6842;ALAN TURING;PLANTIO MILHO GRÃO;UNIMAR PLANTIO;Velocidade na Operação;;;1.990728
POINT (-49.9825719182536 -22.247444081773846);1763069888.1;13/11/2025 18:38:08;Trator Valtra série T - 05;10;6842;ALAN TURING;PLANTIO MILHO GRÃO;UNIMAR PLANTIO;Velocidade na Operação;;;1.990728
POINT (-49.9825719182536 -22.247444081773846);1763069888.1;13/11/2025 18:38:08;Trator Valtra série T - 05;10;6842;ALAN TURING;PLANTIO MILHO GRÃO;UNIMAR PLANTIO;Velocidade na Operação;;;1.990728
POINT (-49.982503600976834 -22.24745702214157);1763069884.9;13/11/2025 18:38:05;Trator Valtra série T - 05;10;6842;ALAN TURING;PLANTIO MILHO GRÃO;UNIMAR PLANTIO;Velocidade na Operação;;;2.00616
POINT (-49.982503600976834 -22.24745702214157);1763069884.9;13/11/2025 18:38:05;Trator Valtra série T - 05;10;6842;ALAN TURING;PLANTIO MILHO GRÃO;UNIMAR PLANTIO;Velocidade na Operação;;;2.00616
POINT (-49.982503600976834 -22.24745702214157);1763069884.9;13/11/2025 18:38:05;Trator Valtra série T - 05;10;6842;ALAN TURING;PLANTIO MILHO GRÃO;UNIMAR PLANTIO;Velocidade na Operação;;;2.00616
POINT (-49.9789193065261 -22.247078222413943);1763069639.1;13/11/2025 18:33:59;Trator Valtra série T - 05;10;6842;ALAN TURING;PLANTIO MILHO GRÃO;UNIMAR PLANTIO;Velocidade na Operação;;;2.067888
POINT (-49.9789193065261 -22.247078222413943);1763069639.1;13/11/2025 18:33:59;Trator Valtra série T - 05;10;6842;ALAN TURING;PLANTIO MILHO GRÃO;UNIMAR PLANTIO;Velocidade na Operação;;;2.067888
POINT (-49.9789193065261 -22.247078222413943);1763069639.1;13/11/2025 18:33:59;Trator Valtra série T - 05;10;6842;ALAN TURING;PLANTIO MILHO GRÃO;UNIMAR PLANTIO;Velocidade na Operação;;;2.067888
POINT (-49.981439108668 -22.247922532306735);1763069291.1;13/11/2025 18:28:11;Trator Valtra série T - 05;10;6842;ALAN TURING;PLANTIO MILHO GRÃO;UNIMAR PLANTIO;Velocidade na Operação;;;1.995872
POINT (-49.981439108668 -22.247922532306735);1763069291.1;13/11/2025 18:28:11;Trator Valtra série T - 05;10;6842;ALAN TURING;PLANTIO MILHO GRÃO;UNIMAR PLANTIO;Velocidade na Operação;;;1.995872
POINT (-49.981439108668 -22.247922532306735);1763069291.1;13/11/2025 18:28:11;Trator Valtra série T - 05;10;6842;ALAN TURING;PLANTIO MILHO GRÃO;UNIMAR PLANTIO;Velocidade na Operação;;;1.995872
POINT (-49.981113821240235 -22.248139920758337);1763069080.3;13/11/2025 18:24:40;Trator Valtra série T - 05;10;6842;ALAN TURING;PLANTIO MILHO GRÃO;UNIMAR PLANTIO;Velocidade na Operação;;;1.975296
POINT (-49.981113821240235 -22.248139920758337);1763069080.3;13/11/2025 18:24:40;Trator Valtra série T - 05;10;6842;ALAN TURING;PLANTIO MILHO GRÃO;UNIMAR PLANTIO;Velocidade na Operação;;;1.975296
POINT (-49.981113821240235 -22.248139920758337);1763069080.3;13/11/2025 18:24:40;Trator Valtra série T - 05;10;6842;ALAN TURING;PLANTIO MILHO GRÃO;UNIMAR PLANTIO;Velocidade na Operação;;;1.975296
POINT (-49.980276359769526 -22.248117252614385);1763069033.1;13/11/2025 18:23:53;Trator Valtra série T - 05;10;6842;ALAN TURING;PLANTIO MILHO GRÃO;UNIMAR PLANTIO;Velocidade na Operação;;;1.975296
POINT (-49.980276359769526 -22.248117252614385);1763069033.1;13/11/2025 18:23:53;Trator Valtra série T - 05;10;6842;ALAN TURING;PLANTIO MILHO GRÃO;UNIMAR PLANTIO;Velocidade na Operação;;;1.975296
POINT (-49.980276359769526 -22.248117252614385);1763069033.1;13/11/2025 18:23:53;Trator Valtra série T - 05;10;6842;ALAN TURING;PLANTIO MILHO GRÃO;UNIMAR PLANTIO;Velocidade na Operação;;;1.975296
POINT (-49.97995738675371 -22.247817552091767);1763069007.7;13/11/2025 18:23:28;Trator Valtra série T - 05;10;6842;ALAN TURING;PLANTIO MILHO GRÃO;UNIMAR PLANTIO;Velocidade na Operação;;;1.970152
POINT (-49.97995738675371 -22.247817552091767);1763069007.7;13/11/2025 18:23:28;Trator Valtra série T - 05;10;6842;ALAN TURING;PLANTIO MILHO GRÃO;UNIMAR PLANTIO;Velocidade na Operação;;;1.970152
POINT (-49.97995738675371 -22.247817552091767);1763069007.7;13/11/2025 18:23:28;Trator Valtra série T - 05;10;6842;ALAN TURING;PLANTIO MILHO GRÃO;UNIMAR PLANTIO;Velocidade na Operação;;;1.970152
POINT (-49.979834031504666 -22.247688608638075);1763068997.5;13/11/2025 18:23:18;Trator Valtra série T - 05;10;6842;ALAN TURING;PLANTIO MILHO GRÃO;UNIMAR PLANTIO;Velocidade na Operação;;;1.95472
POINT (-49.979834031504666 -22.247688608638075);1763068997.5;13/11/2025 18:23:18;Trator Valtra série T - 05;10;6842;ALAN TURING;PLANTIO MILHO GRÃO;UNIMAR PLANTIO;Velocidade na Operação;;;1.95472
POINT (-49.979834031504666 -22.247688608638075);1763068997.5;13/11/2025 18:23:18;Trator Valtra série T - 05;10;6842;ALAN TURING;PLANTIO MILHO GRÃO;UNIMAR PLANTIO;Velocidade na Operação;;;1.95472
POINT (-49.97980994412621 -22.247646335810717);1763068994.7;13/11/2025 18:23:15;Trator Valtra série T - 05;10;6842;ALAN TURING;PLANTIO MILHO GRÃO;UNIMAR PLANTIO;Velocidade na Operação;;;1.970152
POINT (-49.97980994412621 -22.247646335810717);1763068994.7;13/11/2025 18:23:15;Trator Valtra série T - 05;10;6842;ALAN TURING;PLANTIO MILHO GRÃO;UNIMAR PLANTIO;Velocidade na Operação;;;1.970152
POINT (-49.97980994412621 -22.247646335810717);1763068994.7;13/11/2025 18:23:15;Trator Valtra série T - 05;10;6842;ALAN TURING;PLANTIO MILHO GRÃO;UNIMAR PLANTIO;Velocidade na Operação;;;1.970152
POINT (-49.97904267722304 -22.247029391399618);1763068938.3;13/11/2025 18:22:18;Trator Valtra série T - 05;10;6842;ALAN TURING;PLANTIO MILHO GRÃO;UNIMAR PLANTIO;Velocidade na Operação;;;2.011304
POINT (-49.97904267722304 -22.247029391399618);1763068938.3;13/11/2025 18:22:18;Trator Valtra série T - 05;10;6842;ALAN TURING;PLANTIO MILHO GRÃO;UNIMAR PLANTIO;Velocidade na Operação;;;2.011304
POINT (-49.97904267722304 -22.247029391399618);1763068938.3;13/11/2025 18:22:18;Trator Valtra série T - 05;10;6842;ALAN TURING;PLANTIO MILHO GRÃO;UNIMAR PLANTIO;Velocidade na Operação;;;2.011304
POINT (-49.97881909805762 -22.246826362549307);1763068921.1;13/11/2025 18:22:01;Trator Valtra série T - 05;10;6842;ALAN TURING;PLANTIO MILHO GRÃO;UNIMAR PLANTIO;Velocidade na Operação;;;1.959864
POINT (-49.97881909805762 -22.246826362549307);1763068921.1;13/11/2025 18:22:01;Trator Valtra série T - 05;10;6842;ALAN TURING;PLANTIO MILHO GRÃO;UNIMAR PLANTIO;Velocidade na Operação;;;1.959864
POINT (-49.97881909805762 -22.246826362549307);1763068921.1;13/11/2025 18:22:01;Trator Valtra série T - 05;10;6842;ALAN TURING;PLANTIO MILHO GRÃO;UNIMAR PLANTIO;Velocidade na Operação;;;1.959864
POINT (-49.97872879032828 -22.24675832321497);1763068914.7;13/11/2025 18:21:55;Trator Valtra série T - 05;10;6842;ALAN TURING;PLANTIO MILHO GRÃO;UNIMAR PLANTIO;Velocidade na Operação;;;1.95472
POINT (-49.97872879032828 -22.24675832321497);1763068914.7;13/11/2025 18:21:55;Trator Valtra série T - 05;10;6842;ALAN TURING;PLANTIO MILHO GRÃO;UNIMAR PLANTIO;Velocidade na Operação;;;1.95472
POINT (-49.97872879032828 -22.24675832321497);1763068914.7;13/11/2025 18:21:55;Trator Valtra série T - 05;10;6842;ALAN TURING;PLANTIO MILHO GRÃO;UNIMAR PLANTIO;Velocidade na Operação;;;1.95472
POINT (-49.980647399058554 -22.248076586532612);1763068654.1;13/11/2025 18:17:34;Trator Valtra série T - 05;10;6842;ALAN TURING;PLANTIO MILHO GRÃO;UNIMAR PLANTIO;Velocidade na Operação;;;1.995872
POINT (-49.980647399058554 -22.248076586532612);1763068654.1;13/11/2025 18:17:34;Trator Valtra série T - 05;10;6842;ALAN TURING;PLANTIO MILHO GRÃO;UNIMAR PLANTIO;Velocidade na Operação;;;1.995872
POINT (-49.980647399058554 -22.248076586532612);1763068654.1;13/11/2025 18:17:34;Trator Valtra série T - 05;10;6842;ALAN TURING;PLANTIO MILHO GRÃO;UNIMAR PLANTIO;Velocidade na Operação;;;1.995872
POINT (-49.98250393989367 -22.24718892258612);1763068465.1;13/11/2025 18:14:25;Trator Valtra série T - 05;10;6842;ALAN TURING;PLANTIO MILHO GRÃO;UNIMAR PLANTIO;Velocidade na Operação;;;1.949576
POINT (-49.98250393989367 -22.24718892258612);1763068465.1;13/11/2025 18:14:25;Trator Valtra série T - 05;10;6842;ALAN TURING;PLANTIO MILHO GRÃO;UNIMAR PLANTIO;Velocidade na Operação;;;1.949576
POINT (-49.98250393989367 -22.24718892258612);1763068465.1;13/11/2025 18:14:25;Trator Valtra série T - 05;10;6842;ALAN TURING;PLANTIO MILHO GRÃO;UNIMAR PLANTIO;Velocidade na Operação;;;1.949576
POINT (-49.981160397526956 -22.247690416849725);1763068383.5;13/11/2025 18:13:04;Trator Valtra série T - 05;10;6842;ALAN TURING;PLANTIO MILHO GRÃO;UNIMAR PLANTIO;Velocidade na Operação;;;2.0010161
POINT (-49.981160397526956 -22.247690416849725);1763068383.5;13/11/2025 18:13:04;Trator Valtra série T - 05;10;6842;ALAN TURING;PLANTIO MILHO GRÃO;UNIMAR PLANTIO;Velocidade na Operação;;;2.0010161
POINT (-49.981160397526956 -22.247690416849725);1763068383.5;13/11/2025 18:13:04;Trator Valtra série T - 05;10;6842;ALAN TURING;PLANTIO MILHO GRÃO;UNIMAR PLANTIO;Velocidade na Operação;;;2.0010161
POINT (-49.98086318627855 -22.24791914036922);1763068362.1;13/11/2025 18:12:42;Trator Valtra série T - 05;10;6842;ALAN TURING;PLANTIO MILHO GRÃO;UNIMAR PLANTIO;Velocidade na Operação;;;2.0627441
POINT (-49.98086318627855 -22.24791914036922);1763068362.1;13/11/2025 18:12:42;Trator Valtra série T - 05;10;6842;ALAN TURING;PLANTIO MILHO GRÃO;UNIMAR PLANTIO;Velocidade na Operação;;;2.0627441
POINT (-49.98086318627855 -22.24791914036922);1763068362.1;13/11/2025 18:12:42;Trator Valtra série T - 05;10;6842;ALAN TURING;PLANTIO MILHO GRÃO;UNIMAR PLANTIO;Velocidade na Operação;;;2.0627441
POINT (-49.979963400551526 -22.24751003681273);1763068296.9;13/11/2025 18:11:37;Trator Valtra série T - 05;10;6842;ALAN TURING;PLANTIO MILHO GRÃO;UNIMAR PLANTIO;Velocidade na Operação;;;1.949576
POINT (-49.979963400551526 -22.24751003681273);1763068296.9;13/11/2025 18:11:37;Trator Valtra série T - 05;10;6842;ALAN TURING;PLANTIO MILHO GRÃO;UNIMAR PLANTIO;Velocidade na Operação;;;1.949576
POINT (-49.979963400551526 -22.24751003681273);1763068296.9;13/11/2025 18:11:37;Trator Valtra série T - 05;10;6842;ALAN TURING;PLANTIO MILHO GRÃO;UNIMAR PLANTIO;Velocidade na Operação;;;1.949576
POINT (-49.97959113598426 -22.247166515066155);1763068033.9;13/11/2025 18:07:14;Trator Valtra série T - 05;10;6842;ALAN TURING;PLANTIO MILHO GRÃO;UNIMAR PLANTIO;Velocidade na Operação;;;1.949576
POINT (-49.97959113598426 -22.247166515066155);1763068033.9;13/11/2025 18:07:14;Trator Valtra série T - 05;10;6842;ALAN TURING;PLANTIO MILHO GRÃO;UNIMAR PLANTIO;Velocidade na Operação;;;1.949576
POINT (-49.97959113598426 -22.247166515066155);1763068033.9;13/11/2025 18:07:14;Trator Valtra série T - 05;10;6842;ALAN TURING;PLANTIO MILHO GRÃO;UNIMAR PLANTIO;Velocidade na Operação;;;1.949576
POINT (-49.98059839640436 -22.247977286835876);1763067957.9;13/11/2025 18:05:58;Trator Valtra série T - 05;10;6842;ALAN TURING;PLANTIO MILHO GRÃO;UNIMAR PLANTIO;Velocidade na Operação;;;1.95472
POINT (-49.98059839640436 -22.247977286835876);1763067957.9;13/11/2025 18:05:58;Trator Valtra série T - 05;10;6842;ALAN TURING;PLANTIO MILHO GRÃO;UNIMAR PLANTIO;Velocidade na Operação;;;1.95472
POINT (-49.98059839640436 -22.247977286835876);1763067957.9;13/11/2025 18:05:58;Trator Valtra série T - 05;10;6842;ALAN TURING;PLANTIO MILHO GRÃO;UNIMAR PLANTIO;Velocidade na Operação;;;1.95472
POINT (-49.980678491512606 -22.247957118104082);1763067953.5;13/11/2025 18:05:54;Trator Valtra série T - 05;10;6842;ALAN TURING;PLANTIO MILHO GRÃO;UNIMAR PLANTIO;Velocidade na Operação;;;1.965008
POINT (-49.980678491512606 -22.247957118104082);1763067953.5;13/11/2025 18:05:54;Trator Valtra série T - 05;10;6842;ALAN TURING;PLANTIO MILHO GRÃO;UNIMAR PLANTIO;Velocidade na Operação;;;1.965008
POINT (-49.980678491512606 -22.247957118104082);1763067953.5;13/11/2025 18:05:54;Trator Valtra série T - 05;10;6842;ALAN TURING;PLANTIO MILHO GRÃO;UNIMAR PLANTIO;Velocidade na Operação;;;1.965008
POINT (-49.98083911390371 -22.247883594795947);1763067943.5;13/11/2025 18:05:44;Trator Valtra série T - 05;10;6842;ALAN TURING;PLANTIO MILHO GRÃO;UNIMAR PLANTIO;Velocidade na Operação;;;2.16048
POINT (-49.98083911390371 -22.247883594795947);1763067943.5;13/11/2025 18:05:44;Trator Valtra série T - 05;10;6842;ALAN TURING;PLANTIO MILHO GRÃO;UNIMAR PLANTIO;Velocidade na Operação;;;2.16048
POINT (-49.98083911390371 -22.247883594795947);1763067943.5;13/11/2025 18:05:44;Trator Valtra série T - 05;10;6842;ALAN TURING;PLANTIO MILHO GRÃO;UNIMAR PLANTIO;Velocidade na Operação;;;2.16048
POINT (-49.9811184409645 -22.247666609593608);1763067923.3;13/11/2025 18:05:23;Trator Valtra série T - 05;10;6842;ALAN TURING;PLANTIO MILHO GRÃO;UNIMAR PLANTIO;Velocidade na Operação;;;2.011304
POINT (-49.9811184409645 -22.247666609593608);1763067923.3;13/11/2025 18:05:23;Trator Valtra série T - 05;10;6842;ALAN TURING;PLANTIO MILHO GRÃO;UNIMAR PLANTIO;Velocidade na Operação;;;2.011304
POINT (-49.9811184409645 -22.247666609593608);1763067923.3;13/11/2025 18:05:23;Trator Valtra série T - 05;10;6842;ALAN TURING;PLANTIO MILHO GRÃO;UNIMAR PLANTIO;Velocidade na Operação;;;2.011304
POINT (-49.9819057417528 -22.247261731392943);1763067873.3;13/11/2025 18:04:33;Trator Valtra série T - 05;10;6842;ALAN TURING;PLANTIO MILHO GRÃO;UNIMAR PLANTIO;Velocidade na Operação;;;1.985584
POINT (-49.9819057417528 -22.247261731392943);1763067873.3;13/11/2025 18:04:33;Trator Valtra série T - 05;10;6842;ALAN TURING;PLANTIO MILHO GRÃO;UNIMAR PLANTIO;Velocidade na Operação;;;1.985584
POINT (-49.9819057417528 -22.247261731392943);1763067873.3;13/11/2025 18:04:33;Trator Valtra série T - 05;10;6842;ALAN TURING;PLANTIO MILHO GRÃO;UNIMAR PLANTIO;Velocidade na Operação;;;1.985584
POINT (-49.98065346479408 -22.24790975701047);1763067678.8;13/11/2025 18:01:19;Trator Valtra série T - 05;10;6842;ALAN TURING;PLANTIO MILHO GRÃO;UNIMAR PLANTIO;Velocidade na Operação;;;1.990728
POINT (-49.98065346479408 -22.24790975701047);1763067678.8;13/11/2025 18:01:19;Trator Valtra série T - 05;10;6842;ALAN TURING;PLANTIO MILHO GRÃO;UNIMAR PLANTIO;Velocidade na Operação;;;1.990728
POINT (-49.98065346479408 -22.24790975701047);1763067678.8;13/11/2025 18:01:19;Trator Valtra série T - 05;10;6842;ALAN TURING;PLANTIO MILHO GRÃO;UNIMAR PLANTIO;Velocidade na Operação;;;1.990728
POINT (-49.9803012242505 -22.24773877597002);1763067537.4;13/11/2025 17:58:57;Trator Valtra série T - 05;10;6842;ALAN TURING;PLANTIO MILHO GRÃO;UNIMAR PLANTIO;Velocidade na Operação;;;1.95472
POINT (-49.9803012242505 -22.24773877597002);1763067537.4;13/11/2025 17:58:57;Trator Valtra série T - 05;10;6842;ALAN TURING;PLANTIO MILHO GRÃO;UNIMAR PLANTIO;Velocidade na Operação;;;1.95472
POINT (-49.9803012242505 -22.24773877597002);1763067537.4;13/11/2025 17:58:57;Trator Valtra série T - 05;10;6842;ALAN TURING;PLANTIO MILHO GRÃO;UNIMAR PLANTIO;Velocidade na Operação;;;1.95472
POINT (-49.98035440198964 -22.24775991565172);1763067534.2;13/11/2025 17:58:54;Trator Valtra série T - 05;10;6842;ALAN TURING;PLANTIO MILHO GRÃO;UNIMAR PLANTIO;Velocidade na Operação;;;2.011304
POINT (-49.98035440198964 -22.24775991565172);1763067534.2;13/11/2025 17:58:54;Trator Valtra série T - 05;10;6842;ALAN TURING;PLANTIO MILHO GRÃO;UNIMAR PLANTIO;Velocidade na Operação;;;2.011304
POINT (-49.98035440198964 -22.24775991565172);1763067534.2;13/11/2025 17:58:54;Trator Valtra série T - 05;10;6842;ALAN TURING;PLANTIO MILHO GRÃO;UNIMAR PLANTIO;Velocidade na Operação;;;2.011304
POINT (-49.98085806258536 -22.247794960537284);1763067351.7;13/11/2025 17:55:52;Trator Valtra série T - 05;10;6842;ALAN TURING;PLANTIO MILHO GRÃO;UNIMAR PLANTIO;Velocidade na Operação;;;2.047312
POINT (-49.98085806258536 -22.247794960537284);1763067351.7;13/11/2025 17:55:52;Trator Valtra série T - 05;10;6842;ALAN TURING;PLANTIO MILHO GRÃO;UNIMAR PLANTIO;Velocidade na Operação;;;2.047312
POINT (-49.98085806258536 -22.247794960537284);1763067351.7;13/11/2025 17:55:52;Trator Valtra série T - 05;10;6842;ALAN TURING;PLANTIO MILHO GRÃO;UNIMAR PLANTIO;Velocidade na Operação;;;2.047312
POINT (-49.98083648780283 -22.24780042398408);1763067350.5;13/11/2025 17:55:50;Trator Valtra série T - 05;10;6842;ALAN TURING;PLANTIO MILHO GRÃO;UNIMAR PLANTIO;Velocidade na Operação;;;1.975296
POINT (-49.98083648780283 -22.24780042398408);1763067350.5;13/11/2025 17:55:50;Trator Valtra série T - 05;10;6842;ALAN TURING;PLANTIO MILHO GRÃO;UNIMAR PLANTIO;Velocidade na Operação;;;1.975296
POINT (-49.98083648780283 -22.24780042398408);1763067350.5;13/11/2025 17:55:50;Trator Valtra série T - 05;10;6842;ALAN TURING;PLANTIO MILHO GRÃO;UNIMAR PLANTIO;Velocidade na Operação;;;1.975296
POINT (-49.98079247367792 -22.247803534954507);1763067348.1;13/11/2025 17:55:48;Trator Valtra série T - 05;10;6842;ALAN TURING;PLANTIO MILHO GRÃO;UNIMAR PLANTIO;Velocidade na Operação;;;1.975296
POINT (-49.98079247367792 -22.247803534954507);1763067348.1;13/11/2025 17:55:48;Trator Valtra série T - 05;10;6842;ALAN TURING;PLANTIO MILHO GRÃO;UNIMAR PLANTIO;Velocidade na Operação;;;1.975296
POINT (-49.98079247367792 -22.247803534954507);1763067348.1;13/11/2025 17:55:48;Trator Valtra série T - 05;10;6842;ALAN TURING;PLANTIO MILHO GRÃO;UNIMAR PLANTIO;Velocidade na Operação;;;1.975296
POINT (-49.980238066418266 -22.247660292661948);1763067274.5;13/11/2025 17:54:34;Trator Valtra série T - 05;10;6842;ALAN TURING;PLANTIO MILHO GRÃO;UNIMAR PLANTIO;Velocidade na Operação;;;2.073032
POINT (-49.980238066418266 -22.247660292661948);1763067274.5;13/11/2025 17:54:34;Trator Valtra série T - 05;10;6842;ALAN TURING;PLANTIO MILHO GRÃO;UNIMAR PLANTIO;Velocidade na Operação;;;2.073032
POINT (-49.980238066418266 -22.247660292661948);1763067274.5;13/11/2025 17:54:34;Trator Valtra série T - 05;10;6842;ALAN TURING;PLANTIO MILHO GRÃO;UNIMAR PLANTIO;Velocidade na Operação;;;2.073032
POINT (-49.98016971881738 -22.247562668413064);1763067238.5;13/11/2025 17:53:58;Trator Valtra série T - 05;10;6842;ALAN TURING;PLANTIO MILHO GRÃO;UNIMAR PLANTIO;Velocidade na Operação;;;1.975296
POINT (-49.98016971881738 -22.247562668413064);1763067238.5;13/11/2025 17:53:58;Trator Valtra série T - 05;10;6842;ALAN TURING;PLANTIO MILHO GRÃO;UNIMAR PLANTIO;Velocidade na Operação;;;1.975296
POINT (-49.98016971881738 -22.247562668413064);1763067238.5;13/11/2025 17:53:58;Trator Valtra série T - 05;10;6842;ALAN TURING;PLANTIO MILHO GRÃO;UNIMAR PLANTIO;Velocidade na Operação;;;1.975296
POINT (-49.9809070886965 -22.247725029877508);1763067195.1;13/11/2025 17:53:15;Trator Valtra série T - 05;10;6842;ALAN TURING;PLANTIO MILHO GRÃO;UNIMAR PLANTIO;Velocidade na Operação;;;2.03188
POINT (-49.9809070886965 -22.247725029877508);1763067195.1;13/11/2025 17:53:15;Trator Valtra série T - 05;10;6842;ALAN TURING;PLANTIO MILHO GRÃO;UNIMAR PLANTIO;Velocidade na Operação;;;2.03188
POINT (-49.9809070886965 -22.247725029877508);1763067195.1;13/11/2025 17:53:15;Trator Valtra série T - 05;10;6842;ALAN TURING;PLANTIO MILHO GRÃO;UNIMAR PLANTIO;Velocidade na Operação;;;2.03188
POINT (-49.9809365757465 -22.247722314637855);1763067193.5;13/11/2025 17:53:14;Trator Valtra série T - 05;10;6842;ALAN TURING;PLANTIO MILHO GRÃO;UNIMAR PLANTIO;Velocidade na Operação;;;1.985584
POINT (-49.9809365757465 -22.247722314637855);1763067193.5;13/11/2025 17:53:14;Trator Valtra série T - 05;10;6842;ALAN TURING;PLANTIO MILHO GRÃO;UNIMAR PLANTIO;Velocidade na Operação;;;1.985584
POINT (-49.9809365757465 -22.247722314637855);1763067193.5;13/11/2025 17:53:14;Trator Valtra série T - 05;10;6842;ALAN TURING;PLANTIO MILHO GRÃO;UNIMAR PLANTIO;Velocidade na Operação;;;1.985584
POINT (-49.98095348399353 -22.24771601577053);1763067192.5;13/11/2025 17:53:12;Trator Valtra série T - 05;10;6842;ALAN TURING;PLANTIO MILHO GRÃO;UNIMAR PLANTIO;Velocidade na Operação;;;2.0010161
POINT (-49.98095348399353 -22.24771601577053);1763067192.5;13/11/2025 17:53:12;Trator Valtra série T - 05;10;6842;ALAN TURING;PLANTIO MILHO GRÃO;UNIMAR PLANTIO;Velocidade na Operação;;;2.0010161
POINT (-49.98095348399353 -22.24771601577053);1763067192.5;13/11/2025 17:53:12;Trator Valtra série T - 05;10;6842;ALAN TURING;PLANTIO MILHO GRÃO;UNIMAR PLANTIO;Velocidade na Operação;;;2.0010161
POINT (-49.98130226840619 -22.247447214507726);1763067135;13/11/2025 17:52:15;Trator Valtra série T - 05;10;6842;ALAN TURING;PLANTIO MILHO GRÃO;UNIMAR PLANTIO;Velocidade na Operação;;;1.95472
POINT (-49.98130226840619 -22.247447214507726);1763067135;13/11/2025 17:52:15;Trator Valtra série T - 05;10;6842;ALAN TURING;PLANTIO MILHO GRÃO;UNIMAR PLANTIO;Velocidade na Operação;;;1.95472
POINT (-49.98130226840619 -22.247447214507726);1763067135;13/11/2025 17:52:15;Trator Valtra série T - 05;10;6842;ALAN TURING;PLANTIO MILHO GRÃO;UNIMAR PLANTIO;Velocidade na Operação;;;1.95472
POINT (-49.981233240925526 -22.247494010712305);1763067130.2;13/11/2025 17:52:10;Trator Valtra série T - 05;10;6842;ALAN TURING;PLANTIO MILHO GRÃO;UNIMAR PLANTIO;Velocidade na Operação;;;1.95472
POINT (-49.981233240925526 -22.247494010712305);1763067130.2;13/11/2025 17:52:10;Trator Valtra série T - 05;10;6842;ALAN TURING;PLANTIO MILHO GRÃO;UNIMAR PLANTIO;Velocidade na Operação;;;1.95472
POINT (-49.981233240925526 -22.247494010712305);1763067130.2;13/11/2025 17:52:10;Trator Valtra série T - 05;10;6842;ALAN TURING;PLANTIO MILHO GRÃO;UNIMAR PLANTIO;Velocidade na Operação;;;1.95472
POINT (-49.98116623880669 -22.247545647146655);1763067125.3;13/11/2025 17:52:05;Trator Valtra série T - 05;10;6842;ALAN TURING;PLANTIO MILHO GRÃO;UNIMAR PLANTIO;Velocidade na Operação;;;2.047312
POINT (-49.98116623880669 -22.247545647146655);1763067125.3;13/11/2025 17:52:05;Trator Valtra série T - 05;10;6842;ALAN TURING;PLANTIO MILHO GRÃO;UNIMAR PLANTIO;Velocidade na Operação;;;2.047312
POINT (-49.98116623880669 -22.247545647146655);1763067125.3;13/11/2025 17:52:05;Trator Valtra série T - 05;10;6842;ALAN TURING;PLANTIO MILHO GRÃO;UNIMAR PLANTIO;Velocidade na Operação;;;2.047312
POINT (-49.98047735898639 -22.24765028255427);1763067084.5;13/11/2025 17:51:24;Trator Valtra série T - 05;10;6842;ALAN TURING;PLANTIO MILHO GRÃO;UNIMAR PLANTIO;Velocidade na Operação;;;1.949576
POINT (-49.98047735898639 -22.24765028255427);1763067084.5;13/11/2025 17:51:24;Trator Valtra série T - 05;10;6842;ALAN TURING;PLANTIO MILHO GRÃO;UNIMAR PLANTIO;Velocidade na Operação;;;1.949576
POINT (-49.98047735898639 -22.24765028255427);1763067084.5;13/11/2025 17:51:24;Trator Valtra série T - 05;10;6842;ALAN TURING;PLANTIO MILHO GRÃO;UNIMAR PLANTIO;Velocidade na Operação;;;1.949576
POINT (-49.980192111476576 -22.247535567508788);1763067067.2;13/11/2025 17:51:07;Trator Valtra série T - 05;10;6842;ALAN TURING;PLANTIO MILHO GRÃO;UNIMAR PLANTIO;Velocidade na Operação;;;1.995872
POINT (-49.980192111476576 -22.247535567508788);1763067067.2;13/11/2025 17:51:07;Trator Valtra série T - 05;10;6842;ALAN TURING;PLANTIO MILHO GRÃO;UNIMAR PLANTIO;Velocidade na Operação;;;1.995872
POINT (-49.980192111476576 -22.247535567508788);1763067067.2;13/11/2025 17:51:07;Trator Valtra série T - 05;10;6842;ALAN TURING;PLANTIO MILHO GRÃO;UNIMAR PLANTIO;Velocidade na Operação;;;1.995872
POINT (-49.98054629726226 -22.247621192284438);1763067005.9;13/11/2025 17:50:06;Trator Valtra série T - 05;10;6842;ALAN TURING;PLANTIO MILHO GRÃO;UNIMAR PLANTIO;Velocidade na Operação;;;1.95472
POINT (-49.98054629726226 -22.247621192284438);1763067005.9;13/11/2025 17:50:06;Trator Valtra série T - 05;10;6842;ALAN TURING;PLANTIO MILHO GRÃO;UNIMAR PLANTIO;Velocidade na Operação;;;1.95472
POINT (-49.98054629726226 -22.247621192284438);1763067005.9;13/11/2025 17:50:06;Trator Valtra série T - 05;10;6842;ALAN TURING;PLANTIO MILHO GRÃO;UNIMAR PLANTIO;Velocidade na Operação;;;1.95472
POINT (-49.98071170011977 -22.247651272316595);1763066996.5;13/11/2025 17:49:56;Trator Valtra série T - 05;10;6842;ALAN TURING;PLANTIO MILHO GRÃO;UNIMAR PLANTIO;Velocidade na Operação;;;2.0010161
POINT (-49.98071170011977 -22.247651272316595);1763066996.5;13/11/2025 17:49:56;Trator Valtra série T - 05;10;6842;ALAN TURING;PLANTIO MILHO GRÃO;UNIMAR PLANTIO;Velocidade na Operação;;;2.0010161
POINT (-49.98071170011977 -22.247651272316595);1763066996.5;13/11/2025 17:49:56;Trator Valtra série T - 05;10;6842;ALAN TURING;PLANTIO MILHO GRÃO;UNIMAR PLANTIO;Velocidade na Operação;;;2.0010161
POINT (-49.98112784339618 -22.247508493359007);1763066971.2;13/11/2025 17:49:31;Trator Valtra série T - 05;10;6842;ALAN TURING;PLANTIO MILHO GRÃO;UNIMAR PLANTIO;Velocidade na Operação;;;1.995872
POINT (-49.98112784339618 -22.247508493359007);1763066971.2;13/11/2025 17:49:31;Trator Valtra série T - 05;10;6842;ALAN TURING;PLANTIO MILHO GRÃO;UNIMAR PLANTIO;Velocidade na Operação;;;1.995872
POINT (-49.98112784339618 -22.247508493359007);1763066971.2;13/11/2025 17:49:31;Trator Valtra série T - 05;10;6842;ALAN TURING;PLANTIO MILHO GRÃO;UNIMAR PLANTIO;Velocidade na Operação;;;1.995872
POINT (-49.98128406147847 -22.247400585087686);1763066960.5;13/11/2025 17:49:20;Trator Valtra série T - 05;10;6842;ALAN TURING;PLANTIO MILHO GRÃO;UNIMAR PLANTIO;Velocidade na Operação;;;1.965008
POINT (-49.98128406147847 -22.247400585087686);1763066960.5;13/11/2025 17:49:20;Trator Valtra série T - 05;10;6842;ALAN TURING;PLANTIO MILHO GRÃO;UNIMAR PLANTIO;Velocidade na Operação;;;1.965008
POINT (-49.98128406147847 -22.247400585087686);1763066960.5;13/11/2025 17:49:20;Trator Valtra série T - 05;10;6842;ALAN TURING;PLANTIO MILHO GRÃO;UNIMAR PLANTIO;Velocidade na Operação;;;1.965008
POINT (-49.98133640223432 -22.247354433434605);1763066956.5;13/11/2025 17:49:16;Trator Valtra série T - 05;10;6842;ALAN TURING;PLANTIO MILHO GRÃO;UNIMAR PLANTIO;Velocidade na Operação;;;1.970152
POINT (-49.98133640223432 -22.247354433434605);1763066956.5;13/11/2025 17:49:16;Trator Valtra série T - 05;10;6842;ALAN TURING;PLANTIO MILHO GRÃO;UNIMAR PLANTIO;Velocidade na Operação;;;1.970152
POINT (-49.98133640223432 -22.247354433434605);1763066956.5;13/11/2025 17:49:16;Trator Valtra série T - 05;10;6842;ALAN TURING;PLANTIO MILHO GRÃO;UNIMAR PLANTIO;Velocidade na Operação;;;1.970152
POINT (-49.98119472187781 -22.24739067836958);1763066911.1;13/11/2025 17:48:31;Trator Valtra série T - 05;10;6842;ALAN TURING;PLANTIO MILHO GRÃO;UNIMAR PLANTIO;Velocidade na Operação;;;2.0576
POINT (-49.98119472187781 -22.24739067836958);1763066911.1;13/11/2025 17:48:31;Trator Valtra série T - 05;10;6842;ALAN TURING;PLANTIO MILHO GRÃO;UNIMAR PLANTIO;Velocidade na Operação;;;2.0576
POINT (-49.98119472187781 -22.24739067836958);1763066911.1;13/11/2025 17:48:31;Trator Valtra série T - 05;10;6842;ALAN TURING;PLANTIO MILHO GRÃO;UNIMAR PLANTIO;Velocidade na Operação;;;2.0576
POINT (-49.98068132440253 -22.247597507395746);1763066879.3;13/11/2025 17:47:59;Trator Valtra série T - 05;10;6842;ALAN TURING;PLANTIO MILHO GRÃO;UNIMAR PLANTIO;Velocidade na Operação;;;1.985584
POINT (-49.98068132440253 -22.247597507395746);1763066879.3;13/11/2025 17:47:59;Trator Valtra série T - 05;10;6842;ALAN TURING;PLANTIO MILHO GRÃO;UNIMAR PLANTIO;Velocidade na Operação;;;1.985584
POINT (-49.98068132440253 -22.247597507395746);1763066879.3;13/11/2025 17:47:59;Trator Valtra série T - 05;10;6842;ALAN TURING;PLANTIO MILHO GRÃO;UNIMAR PLANTIO;Velocidade na Operação;;;1.985584
POINT (-49.98056324959712 -22.247574630903905);1763066872.7;13/11/2025 17:47:53;Trator Valtra série T - 05;10;6842;ALAN TURING;PLANTIO MILHO GRÃO;UNIMAR PLANTIO;Velocidade na Operação;;;2.011304
POINT (-49.98056324959712 -22.247574630903905);1763066872.7;13/11/2025 17:47:53;Trator Valtra série T - 05;10;6842;ALAN TURING;PLANTIO MILHO GRÃO;UNIMAR PLANTIO;Velocidade na Operação;;;2.011304
POINT (-49.98056324959712 -22.247574630903905);1763066872.7;13/11/2025 17:47:53;Trator Valtra série T - 05;10;6842;ALAN TURING;PLANTIO MILHO GRÃO;UNIMAR PLANTIO;Velocidade na Operação;;;2.011304
POINT (-49.97986512877048 -22.247285964908077);1763066830.2;13/11/2025 17:47:10;Trator Valtra série T - 05;10;6842;ALAN TURING;PLANTIO MILHO GRÃO;UNIMAR PLANTIO;Velocidade na Operação;;;1.959864
POINT (-49.97986512877048 -22.247285964908077);1763066830.2;13/11/2025 17:47:10;Trator Valtra série T - 05;10;6842;ALAN TURING;PLANTIO MILHO GRÃO;UNIMAR PLANTIO;Velocidade na Operação;;;1.959864
POINT (-49.97986512877048 -22.247285964908077);1763066830.2;13/11/2025 17:47:10;Trator Valtra série T - 05;10;6842;ALAN TURING;PLANTIO MILHO GRÃO;UNIMAR PLANTIO;Velocidade na Operação;;;1.959864
POINT (-49.9792197650192 -22.246803588037984);1763066789.2;13/11/2025 17:46:29;Trator Valtra série T - 05;10;6842;ALAN TURING;PLANTIO MILHO GRÃO;UNIMAR PLANTIO;Velocidade na Operação;;;1.970152
POINT (-49.9792197650192 -22.246803588037984);1763066789.2;13/11/2025 17:46:29;Trator Valtra série T - 05;10;6842;ALAN TURING;PLANTIO MILHO GRÃO;UNIMAR PLANTIO;Velocidade na Operação;;;1.970152
POINT (-49.9792197650192 -22.246803588037984);1763066789.2;13/11/2025 17:46:29;Trator Valtra série T - 05;10;6842;ALAN TURING;PLANTIO MILHO GRÃO;UNIMAR PLANTIO;Velocidade na Operação;;;1.970152
POINT (-49.97884484317183 -22.246347814343174);1763066668.9;13/11/2025 17:44:29;Trator Valtra série T - 05;10;6842;ALAN TURING;PLANTIO MILHO GRÃO;UNIMAR PLANTIO;Velocidade na Operação;;;1.985584
POINT (-49.97884484317183 -22.246347814343174);1763066668.9;13/11/2025 17:44:29;Trator Valtra série T - 05;10;6842;ALAN TURING;PLANTIO MILHO GRÃO;UNIMAR PLANTIO;Velocidade na Operação;;;1.985584
POINT (-49.97884484317183 -22.246347814343174);1763066668.9;13/11/2025 17:44:29;Trator Valtra série T - 05;10;6842;ALAN TURING;PLANTIO MILHO GRÃO;UNIMAR PLANTIO;Velocidade na Operação;;;1.985584
POINT (-49.979042513122 -22.246498103045017);1763066654.7;13/11/2025 17:44:15;Trator Valtra série T - 05;10;6842;ALAN TURING;PLANTIO MILHO GRÃO;UNIMAR PLANTIO;Velocidade na Operação;;;2.00616
POINT (-49.979042513122 -22.246498103045017);1763066654.7;13/11/2025 17:44:15;Trator Valtra série T - 05;10;6842;ALAN TURING;PLANTIO MILHO GRÃO;UNIMAR PLANTIO;Velocidade na Operação;;;2.00616
POINT (-49.979042513122 -22.246498103045017);1763066654.7;13/11/2025 17:44:15;Trator Valtra série T - 05;10;6842;ALAN TURING;PLANTIO MILHO GRÃO;UNIMAR PLANTIO;Velocidade na Operação;;;2.00616
POINT (-49.97966610929402 -22.247116048398084);1763066603.2;13/11/2025 17:43:23;Trator Valtra série T - 05;10;6842;ALAN TURING;PLANTIO MILHO GRÃO;UNIMAR PLANTIO;Velocidade na Operação;;;1.965008
POINT (-49.97966610929402 -22.247116048398084);1763066603.2;13/11/2025 17:43:23;Trator Valtra série T - 05;10;6842;ALAN TURING;PLANTIO MILHO GRÃO;UNIMAR PLANTIO;Velocidade na Operação;;;1.965008
POINT (-49.97966610929402 -22.247116048398084);1763066603.2;13/11/2025 17:43:23;Trator Valtra série T - 05;10;6842;ALAN TURING;PLANTIO MILHO GRÃO;UNIMAR PLANTIO;Velocidade na Operação;;;1.965008
POINT (-49.98105474841077 -22.247431649998234);1763066518.7;13/11/2025 17:41:59;Trator Valtra série T - 05;10;6842;ALAN TURING;PLANTIO MILHO GRÃO;UNIMAR PLANTIO;Velocidade na Operação;;;1.95472
POINT (-49.98105474841077 -22.247431649998234);1763066518.7;13/11/2025 17:41:59;Trator Valtra série T - 05;10;6842;ALAN TURING;PLANTIO MILHO GRÃO;UNIMAR PLANTIO;Velocidade na Operação;;;1.95472
POINT (-49.98105474841077 -22.247431649998234);1763066518.7;13/11/2025 17:41:59;Trator Valtra série T - 05;10;6842;ALAN TURING;PLANTIO MILHO GRÃO;UNIMAR PLANTIO;Velocidade na Operação;;;1.95472
POINT (-49.981453311428055 -22.247353074605932);1763066495.2;13/11/2025 17:41:35;Trator Valtra série T - 05;10;6842;ALAN TURING;PLANTIO MILHO GRÃO;UNIMAR PLANTIO;Velocidade na Operação;;;1.970152
POINT (-49.981453311428055 -22.247353074605932);1763066495.2;13/11/2025 17:41:35;Trator Valtra série T - 05;10;6842;ALAN TURING;PLANTIO MILHO GRÃO;UNIMAR PLANTIO;Velocidade na Operação;;;1.970152
POINT (-49.981453311428055 -22.247353074605932);1763066495.2;13/11/2025 17:41:35;Trator Valtra série T - 05;10;6842;ALAN TURING;PLANTIO MILHO GRÃO;UNIMAR PLANTIO;Velocidade na Operação;;;1.970152
POINT (-49.98149237288501 -22.247352211231394);1763066493.1;13/11/2025 17:41:33;Trator Valtra série T - 05;10;6842;ALAN TURING;PLANTIO MILHO GRÃO;UNIMAR PLANTIO;Velocidade na Operação;;;1.985584
POINT (-49.98149237288501 -22.247352211231394);1763066493.1;13/11/2025 17:41:33;Trator Valtra série T - 05;10;6842;ALAN TURING;PLANTIO MILHO GRÃO;UNIMAR PLANTIO;Velocidade na Operação;;;1.985584
POINT (-49.98149237288501 -22.247352211231394);1763066493.1;13/11/2025 17:41:33;Trator Valtra série T - 05;10;6842;ALAN TURING;PLANTIO MILHO GRÃO;UNIMAR PLANTIO;Velocidade na Operação;;;1.985584
POINT (-49.98152735902043 -22.24735269538987);1763066491.2;13/11/2025 17:41:31;Trator Valtra série T - 05;10;6842;ALAN TURING;PLANTIO MILHO GRÃO;UNIMAR PLANTIO;Velocidade na Operação;;;1.975296
POINT (-49.98152735902043 -22.24735269538987);1763066491.2;13/11/2025 17:41:31;Trator Valtra série T - 05;10;6842;ALAN TURING;PLANTIO MILHO GRÃO;UNIMAR PLANTIO;Velocidade na Operação;;;1.975296
POINT (-49.98152735902043 -22.24735269538987);1763066491.2;13/11/2025 17:41:31;Trator Valtra série T - 05;10;6842;ALAN TURING;PLANTIO MILHO GRÃO;UNIMAR PLANTIO;Velocidade na Operação;;;1.975296
POINT (-49.981678920103136 -22.247286074256298);1763066454.5;13/11/2025 17:40:54;Trator Valtra série T - 05;10;6842;ALAN TURING;PLANTIO MILHO GRÃO;UNIMAR PLANTIO;Velocidade na Operação;;;1.95472
POINT (-49.981678920103136 -22.247286074256298);1763066454.5;13/11/2025 17:40:54;Trator Valtra série T - 05;10;6842;ALAN TURING;PLANTIO MILHO GRÃO;UNIMAR PLANTIO;Velocidade na Operação;;;1.95472
POINT (-49.981678920103136 -22.247286074256298);1763066454.5;13/11/2025 17:40:54;Trator Valtra série T - 05;10;6842;ALAN TURING;PLANTIO MILHO GRÃO;UNIMAR PLANTIO;Velocidade na Operação;;;1.95472
POINT (-49.98158736659635 -22.247295629055095);1763066449.4;13/11/2025 17:40:49;Trator Valtra série T - 05;10;6842;ALAN TURING;PLANTIO MILHO GRÃO;UNIMAR PLANTIO;Velocidade na Operação;;;1.949576
POINT (-49.98158736659635 -22.247295629055095);1763066449.4;13/11/2025 17:40:49;Trator Valtra série T - 05;10;6842;ALAN TURING;PLANTIO MILHO GRÃO;UNIMAR PLANTIO;Velocidade na Operação;;;1.949576
POINT (-49.98158736659635 -22.247295629055095);1763066449.4;13/11/2025 17:40:49;Trator Valtra série T - 05;10;6842;ALAN TURING;PLANTIO MILHO GRÃO;UNIMAR PLANTIO;Velocidade na Operação;;;1.949576
POINT (-49.98135781437402 -22.247283455994825);1763066436.7;13/11/2025 17:40:37;Trator Valtra série T - 05;10;6842;ALAN TURING;PLANTIO MILHO GRÃO;UNIMAR PLANTIO;Velocidade na Operação;;;2.088464
POINT (-49.98135781437402 -22.247283455994825);1763066436.7;13/11/2025 17:40:37;Trator Valtra série T - 05;10;6842;ALAN TURING;PLANTIO MILHO GRÃO;UNIMAR PLANTIO;Velocidade na Operação;;;2.088464
POINT (-49.98135781437402 -22.247283455994825);1763066436.7;13/11/2025 17:40:37;Trator Valtra série T - 05;10;6842;ALAN TURING;PLANTIO MILHO GRÃO;UNIMAR PLANTIO;Velocidade na Operação;;;2.088464
POINT (-49.9788270169954 -22.246251643750306);1763066265.7;13/11/2025 17:37:46;Trator Valtra série T - 05;10;6842;ALAN TURING;PLANTIO MILHO GRÃO;UNIMAR PLANTIO;Velocidade na Operação;;;1.95472
POINT (-49.9788270169954 -22.246251643750306);1763066265.7;13/11/2025 17:37:46;Trator Valtra série T - 05;10;6842;ALAN TURING;PLANTIO MILHO GRÃO;UNIMAR PLANTIO;Velocidade na Operação;;;1.95472
POINT (-49.9788270169954 -22.246251643750306);1763066265.7;13/11/2025 17:37:46;Trator Valtra série T - 05;10;6842;ALAN TURING;PLANTIO MILHO GRÃO;UNIMAR PLANTIO;Velocidade na Operação;;;1.95472
POINT (-49.978800138927305 -22.24609657393182);1763066192.1;13/11/2025 17:36:32;Trator Valtra série T - 05;10;6842;ALAN TURING;PLANTIO MILHO GRÃO;UNIMAR PLANTIO;Velocidade na Operação;;;2.0421681
POINT (-49.978800138927305 -22.24609657393182);1763066192.1;13/11/2025 17:36:32;Trator Valtra série T - 05;10;6842;ALAN TURING;PLANTIO MILHO GRÃO;UNIMAR PLANTIO;Velocidade na Operação;;;2.0421681
POINT (-49.978800138927305 -22.24609657393182);1763066192.1;13/11/2025 17:36:32;Trator Valtra série T - 05;10;6842;ALAN TURING;PLANTIO MILHO GRÃO;UNIMAR PLANTIO;Velocidade na Operação;;;2.0421681
POINT (-49.98147205729641 -22.24725095914381);1763066008.2;13/11/2025 17:33:28;Trator Valtra série T - 05;10;6842;ALAN TURING;PLANTIO MILHO GRÃO;UNIMAR PLANTIO;Velocidade na Operação;;;2.03188
POINT (-49.98147205729641 -22.24725095914381);1763066008.2;13/11/2025 17:33:28;Trator Valtra série T - 05;10;6842;ALAN TURING;PLANTIO MILHO GRÃO;UNIMAR PLANTIO;Velocidade na Operação;;;2.03188
POINT (-49.98147205729641 -22.24725095914381);1763066008.2;13/11/2025 17:33:28;Trator Valtra série T - 05;10;6842;ALAN TURING;PLANTIO MILHO GRÃO;UNIMAR PLANTIO;Velocidade na Operação;;;2.03188
POINT (-49.981861688133066 -22.247195820625038);1763065986.2;13/11/2025 17:33:06;Trator Valtra série T - 05;10;6842;ALAN TURING;PLANTIO MILHO GRÃO;UNIMAR PLANTIO;Velocidade na Operação;;;2.026736
POINT (-49.981861688133066 -22.247195820625038);1763065986.2;13/11/2025 17:33:06;Trator Valtra série T - 05;10;6842;ALAN TURING;PLANTIO MILHO GRÃO;UNIMAR PLANTIO;Velocidade na Operação;;;2.026736
POINT (-49.981861688133066 -22.247195820625038);1763065986.2;13/11/2025 17:33:06;Trator Valtra série T - 05;10;6842;ALAN TURING;PLANTIO MILHO GRÃO;UNIMAR PLANTIO;Velocidade na Operação;;;2.026736
POINT (-49.98256777302351 -22.247044851787194);1763065936.2;13/11/2025 17:32:16;Trator Valtra série T - 05;10;6842;ALAN TURING;PLANTIO MILHO GRÃO;UNIMAR PLANTIO;Velocidade na Operação;;;1.98044
POINT (-49.98256777302351 -22.247044851787194);1763065936.2;13/11/2025 17:32:16;Trator Valtra série T - 05;10;6842;ALAN TURING;PLANTIO MILHO GRÃO;UNIMAR PLANTIO;Velocidade na Operação;;;1.98044
POINT (-49.98256777302351 -22.247044851787194);1763065936.2;13/11/2025 17:32:16;Trator Valtra série T - 05;10;6842;ALAN TURING;PLANTIO MILHO GRÃO;UNIMAR PLANTIO;Velocidade na Operação;;;1.98044
POINT (-49.982381065751596 -22.24707747983301);1763065926.2;13/11/2025 17:32:06;Trator Valtra série T - 05;10;6842;ALAN TURING;PLANTIO MILHO GRÃO;UNIMAR PLANTIO;Velocidade na Operação;;;1.98044
POINT (-49.982381065751596 -22.24707747983301);1763065926.2;13/11/2025 17:32:06;Trator Valtra série T - 05;10;6842;ALAN TURING;PLANTIO MILHO GRÃO;UNIMAR PLANTIO;Velocidade na Operação;;;1.98044
POINT (-49.982381065751596 -22.24707747983301);1763065926.2;13/11/2025 17:32:06;Trator Valtra série T - 05;10;6842;ALAN TURING;PLANTIO MILHO GRÃO;UNIMAR PLANTIO;Velocidade na Operação;;;1.98044
POINT (-49.982258100901674 -22.24708791853496);1763065919.2;13/11/2025 17:31:59;Trator Valtra série T - 05;10;6842;ALAN TURING;PLANTIO MILHO GRÃO;UNIMAR PLANTIO;Velocidade na Operação;;;1.985584
POINT (-49.982258100901674 -22.24708791853496);1763065919.2;13/11/2025 17:31:59;Trator Valtra série T - 05;10;6842;ALAN TURING;PLANTIO MILHO GRÃO;UNIMAR PLANTIO;Velocidade na Operação;;;1.985584
POINT (-49.982258100901674 -22.24708791853496);1763065919.2;13/11/2025 17:31:59;Trator Valtra série T - 05;10;6842;ALAN TURING;PLANTIO MILHO GRÃO;UNIMAR PLANTIO;Velocidade na Operação;;;1.985584
POINT (-49.9821790473919 -22.247090184002452);1763065914.8;13/11/2025 17:31:55;Trator Valtra série T - 05;10;6842;ALAN TURING;PLANTIO MILHO GRÃO;UNIMAR PLANTIO;Velocidade na Operação;;;2.026736
POINT (-49.9821790473919 -22.247090184002452);1763065914.8;13/11/2025 17:31:55;Trator Valtra série T - 05;10;6842;ALAN TURING;PLANTIO MILHO GRÃO;UNIMAR PLANTIO;Velocidade na Operação;;;2.026736
POINT (-49.9821790473919 -22.247090184002452);1763065914.8;13/11/2025 17:31:55;Trator Valtra série T - 05;10;6842;ALAN TURING;PLANTIO MILHO GRÃO;UNIMAR PLANTIO;Velocidade na Operação;;;2.026736
POINT (-49.98106238837413 -22.24721666658405);1763065851.3;13/11/2025 17:30:51;Trator Valtra série T - 05;10;6842;ALAN TURING;PLANTIO MILHO GRÃO;UNIMAR PLANTIO;Velocidade na Operação;;;2.00616
POINT (-49.98106238837413 -22.24721666658405);1763065851.3;13/11/2025 17:30:51;Trator Valtra série T - 05;10;6842;ALAN TURING;PLANTIO MILHO GRÃO;UNIMAR PLANTIO;Velocidade na Operação;;;2.00616
POINT (-49.98106238837413 -22.24721666658405);1763065851.3;13/11/2025 17:30:51;Trator Valtra série T - 05;10;6842;ALAN TURING;PLANTIO MILHO GRÃO;UNIMAR PLANTIO;Velocidade na Operação;;;2.00616
POINT (-49.98082349545003 -22.247378042591798);1763065834.9;13/11/2025 17:30:35;Trator Valtra série T - 05;10;6842;ALAN TURING;PLANTIO MILHO GRÃO;UNIMAR PLANTIO;Velocidade na Operação;;;1.959864
POINT (-49.98082349545003 -22.247378042591798);1763065834.9;13/11/2025 17:30:35;Trator Valtra série T - 05;10;6842;ALAN TURING;PLANTIO MILHO GRÃO;UNIMAR PLANTIO;Velocidade na Operação;;;1.959864
POINT (-49.98082349545003 -22.247378042591798);1763065834.9;13/11/2025 17:30:35;Trator Valtra série T - 05;10;6842;ALAN TURING;PLANTIO MILHO GRÃO;UNIMAR PLANTIO;Velocidade na Operação;;;1.959864
POINT (-49.98064101159671 -22.247377938366167);1763065824.9;13/11/2025 17:30:25;Trator Valtra série T - 05;10;6842;ALAN TURING;PLANTIO MILHO GRÃO;UNIMAR PLANTIO;Velocidade na Operação;;;1.985584
POINT (-49.98064101159671 -22.247377938366167);1763065824.9;13/11/2025 17:30:25;Trator Valtra série T - 05;10;6842;ALAN TURING;PLANTIO MILHO GRÃO;UNIMAR PLANTIO;Velocidade na Operação;;;1.985584
POINT (-49.98064101159671 -22.247377938366167);1763065824.9;13/11/2025 17:30:25;Trator Valtra série T - 05;10;6842;ALAN TURING;PLANTIO MILHO GRÃO;UNIMAR PLANTIO;Velocidade na Operação;;;1.985584
POINT (-49.979603409377184 -22.24686595745695);1763065759.3;13/11/2025 17:29:19;Trator Valtra série T - 05;10;6842;ALAN TURING;PLANTIO MILHO GRÃO;UNIMAR PLANTIO;Velocidade na Operação;;;1.965008
POINT (-49.979603409377184 -22.24686595745695);1763065759.3;13/11/2025 17:29:19;Trator Valtra série T - 05;10;6842;ALAN TURING;PLANTIO MILHO GRÃO;UNIMAR PLANTIO;Velocidade na Operação;;;1.965008
POINT (-49.979603409377184 -22.24686595745695);1763065759.3;13/11/2025 17:29:19;Trator Valtra série T - 05;10;6842;ALAN TURING;PLANTIO MILHO GRÃO;UNIMAR PLANTIO;Velocidade na Operação;;;1.965008
POINT (-49.978890676333705 -22.246144875928543);1763065700.3;13/11/2025 17:28:20;Trator Valtra série T - 05;10;6842;ALAN TURING;PLANTIO MILHO GRÃO;UNIMAR PLANTIO;Velocidade na Operação;;;1.975296
POINT (-49.978890676333705 -22.246144875928543);1763065700.3;13/11/2025 17:28:20;Trator Valtra série T - 05;10;6842;ALAN TURING;PLANTIO MILHO GRÃO;UNIMAR PLANTIO;Velocidade na Operação;;;1.975296
POINT (-49.978890676333705 -22.246144875928543);1763065700.3;13/11/2025 17:28:20;Trator Valtra série T - 05;10;6842;ALAN TURING;PLANTIO MILHO GRÃO;UNIMAR PLANTIO;Velocidade na Operação;;;1.975296
POINT (-49.98109000190441 -22.24715828004708);1763065405.9;13/11/2025 17:23:26;Trator Valtra série T - 05;10;6842;ALAN TURING;PLANTIO MILHO GRÃO;UNIMAR PLANTIO;Velocidade na Operação;;;1.95472
POINT (-49.98109000190441 -22.24715828004708);1763065405.9;13/11/2025 17:23:26;Trator Valtra série T - 05;10;6842;ALAN TURING;PLANTIO MILHO GRÃO;UNIMAR PLANTIO;Velocidade na Operação;;;1.95472
POINT (-49.98109000190441 -22.24715828004708);1763065405.9;13/11/2025 17:23:26;Trator Valtra série T - 05;10;6842;ALAN TURING;PLANTIO MILHO GRÃO;UNIMAR PLANTIO;Velocidade na Operação;;;1.95472
POINT (-49.98149964396093 -22.24714462762951);1763065382.9;13/11/2025 17:23:03;Trator Valtra série T - 05;10;6842;ALAN TURING;PLANTIO MILHO GRÃO;UNIMAR PLANTIO;Velocidade na Operação;;;2.052456
POINT (-49.98149964396093 -22.24714462762951);1763065382.9;13/11/2025 17:23:03;Trator Valtra série T - 05;10;6842;ALAN TURING;PLANTIO MILHO GRÃO;UNIMAR PLANTIO;Velocidade na Operação;;;2.052456
POINT (-49.98149964396093 -22.24714462762951);1763065382.9;13/11/2025 17:23:03;Trator Valtra série T - 05;10;6842;ALAN TURING;PLANTIO MILHO GRÃO;UNIMAR PLANTIO;Velocidade na Operação;;;2.052456
POINT (-49.97859660778059 -22.246249488444708);1763064063.1;13/11/2025 17:01:03;Trator Valtra série T - 05;10;6842;ALAN TURING;PLANTIO MILHO GRÃO;UNIMAR PLANTIO;Velocidade na Operação;;;2.175912
POINT (-49.97859660778059 -22.246249488444708);1763064063.1;13/11/2025 17:01:03;Trator Valtra série T - 05;10;6842;ALAN TURING;PLANTIO MILHO GRÃO;UNIMAR PLANTIO;Velocidade na Operação;;;2.175912
POINT (-49.97859660778059 -22.246249488444708);1763064063.1;13/11/2025 17:01:03;Trator Valtra série T - 05;10;6842;ALAN TURING;PLANTIO MILHO GRÃO;UNIMAR PLANTIO;Velocidade na Operação;;;2.175912
POINT (-49.978729508432885 -22.246388736624663);1763064052.1;13/11/2025 17:00:52;Trator Valtra série T - 05;10;6842;ALAN TURING;PLANTIO MILHO GRÃO;UNIMAR PLANTIO;Velocidade na Operação;;;1.959864
POINT (-49.978729508432885 -22.246388736624663);1763064052.1;13/11/2025 17:00:52;Trator Valtra série T - 05;10;6842;ALAN TURING;PLANTIO MILHO GRÃO;UNIMAR PLANTIO;Velocidade na Operação;;;1.959864
POINT (-49.978729508432885 -22.246388736624663);1763064052.1;13/11/2025 17:00:52;Trator Valtra série T - 05;10;6842;ALAN TURING;PLANTIO MILHO GRÃO;UNIMAR PLANTIO;Velocidade na Operação;;;1.959864
POINT (-49.979053262945385 -22.246673941554878);1763064027.1;13/11/2025 17:00:27;Trator Valtra série T - 05;10;6842;ALAN TURING;PLANTIO MILHO GRÃO;UNIMAR PLANTIO;Velocidade na Operação;;;2.026736
POINT (-49.979053262945385 -22.246673941554878);1763064027.1;13/11/2025 17:00:27;Trator Valtra série T - 05;10;6842;ALAN TURING;PLANTIO MILHO GRÃO;UNIMAR PLANTIO;Velocidade na Operação;;;2.026736
POINT (-49.979053262945385 -22.246673941554878);1763064027.1;13/11/2025 17:00:27;Trator Valtra série T - 05;10;6842;ALAN TURING;PLANTIO MILHO GRÃO;UNIMAR PLANTIO;Velocidade na Operação;;;2.026736
POINT (-49.980200136036764 -22.247639651980343);1763063939.9;13/11/2025 16:59:00;Trator Valtra série T - 05;10;6842;ALAN TURING;PLANTIO MILHO GRÃO;UNIMAR PLANTIO;Velocidade na Operação;;;1.959864
POINT (-49.980200136036764 -22.247639651980343);1763063939.9;13/11/2025 16:59:00;Trator Valtra série T - 05;10;6842;ALAN TURING;PLANTIO MILHO GRÃO;UNIMAR PLANTIO;Velocidade na Operação;;;1.959864
POINT (-49.980200136036764 -22.247639651980343);1763063939.9;13/11/2025 16:59:00;Trator Valtra série T - 05;10;6842;ALAN TURING;PLANTIO MILHO GRÃO;UNIMAR PLANTIO;Velocidade na Operação;;;1.959864
POINT (-49.98104419306357 -22.24763996019858);1763063880.1;13/11/2025 16:58:00;Trator Valtra série T - 05;10;6842;ALAN TURING;PLANTIO MILHO GRÃO;UNIMAR PLANTIO;Velocidade na Operação;;;2.098752
POINT (-49.98104419306357 -22.24763996019858);1763063880.1;13/11/2025 16:58:00;Trator Valtra série T - 05;10;6842;ALAN TURING;PLANTIO MILHO GRÃO;UNIMAR PLANTIO;Velocidade na Operação;;;2.098752
POINT (-49.98104419306357 -22.24763996019858);1763063880.1;13/11/2025 16:58:00;Trator Valtra série T - 05;10;6842;ALAN TURING;PLANTIO MILHO GRÃO;UNIMAR PLANTIO;Velocidade na Operação;;;2.098752
POINT (-49.981805644996165 -22.24667285040475);1763063628.1;13/11/2025 16:53:48;Trator Valtra série T - 05;10;6842;ALAN TURING;PLANTIO MILHO GRÃO;UNIMAR PLANTIO;Velocidade na Operação;;;1.985584
POINT (-49.981805644996165 -22.24667285040475);1763063628.1;13/11/2025 16:53:48;Trator Valtra série T - 05;10;6842;ALAN TURING;PLANTIO MILHO GRÃO;UNIMAR PLANTIO;Velocidade na Operação;;;1.985584
POINT (-49.981805644996165 -22.24667285040475);1763063628.1;13/11/2025 16:53:48;Trator Valtra série T - 05;10;6842;ALAN TURING;PLANTIO MILHO GRÃO;UNIMAR PLANTIO;Velocidade na Operação;;;1.985584
POINT (-49.98155666534129 -22.246698703134626);1763063614.1;13/11/2025 16:53:34;Trator Valtra série T - 05;10;6842;ALAN TURING;PLANTIO MILHO GRÃO;UNIMAR PLANTIO;Velocidade na Operação;;;2.016448
POINT (-49.98155666534129 -22.246698703134626);1763063614.1;13/11/2025 16:53:34;Trator Valtra série T - 05;10;6842;ALAN TURING;PLANTIO MILHO GRÃO;UNIMAR PLANTIO;Velocidade na Operação;;;2.016448
POINT (-49.98155666534129 -22.246698703134626);1763063614.1;13/11/2025 16:53:34;Trator Valtra série T - 05;10;6842;ALAN TURING;PLANTIO MILHO GRÃO;UNIMAR PLANTIO;Velocidade na Operação;;;2.016448
POINT (-49.98087329399521 -22.24568376778739);1763063538.3;13/11/2025 16:52:18;Trator Valtra série T - 05;10;6842;ALAN TURING;PLANTIO MILHO GRÃO;UNIMAR PLANTIO;Velocidade na Operação;;;1.98044
POINT (-49.98087329399521 -22.24568376778739);1763063538.3;13/11/2025 16:52:18;Trator Valtra série T - 05;10;6842;ALAN TURING;PLANTIO MILHO GRÃO;UNIMAR PLANTIO;Velocidade na Operação;;;1.98044
POINT (-49.98087329399521 -22.24568376778739);1763063538.3;13/11/2025 16:52:18;Trator Valtra série T - 05;10;6842;ALAN TURING;PLANTIO MILHO GRÃO;UNIMAR PLANTIO;Velocidade na Operação;;;1.98044
POINT (-49.980854522900046 -22.245635142908164);1763063535.2;13/11/2025 16:52:15;Trator Valtra série T - 05;10;6842;ALAN TURING;PLANTIO MILHO GRÃO;UNIMAR PLANTIO;Velocidade na Operação;;;1.959864
POINT (-49.980854522900046 -22.245635142908164);1763063535.2;13/11/2025 16:52:15;Trator Valtra série T - 05;10;6842;ALAN TURING;PLANTIO MILHO GRÃO;UNIMAR PLANTIO;Velocidade na Operação;;;1.959864
POINT (-49.980854522900046 -22.245635142908164);1763063535.2;13/11/2025 16:52:15;Trator Valtra série T - 05;10;6842;ALAN TURING;PLANTIO MILHO GRÃO;UNIMAR PLANTIO;Velocidade na Operação;;;1.959864
POINT (-49.98084617474046 -22.24560187484865);1763063533.2;13/11/2025 16:52:13;Trator Valtra série T - 05;10;6842;ALAN TURING;PLANTIO MILHO GRÃO;UNIMAR PLANTIO;Velocidade na Operação;;;2.00616
POINT (-49.98084617474046 -22.24560187484865);1763063533.2;13/11/2025 16:52:13;Trator Valtra série T - 05;10;6842;ALAN TURING;PLANTIO MILHO GRÃO;UNIMAR PLANTIO;Velocidade na Operação;;;2.00616
POINT (-49.98084617474046 -22.24560187484865);1763063533.2;13/11/2025 16:52:13;Trator Valtra série T - 05;10;6842;ALAN TURING;PLANTIO MILHO GRÃO;UNIMAR PLANTIO;Velocidade na Operação;;;2.00616
POINT (-49.98074444045328 -22.24555181472305);1763063526.9;13/11/2025 16:52:07;Trator Valtra série T - 05;10;6842;ALAN TURING;PLANTIO MILHO GRÃO;UNIMAR PLANTIO;Velocidade na Operação;;;1.990728
POINT (-49.98074444045328 -22.24555181472305);1763063526.9;13/11/2025 16:52:07;Trator Valtra série T - 05;10;6842;ALAN TURING;PLANTIO MILHO GRÃO;UNIMAR PLANTIO;Velocidade na Operação;;;1.990728
POINT (-49.98074444045328 -22.24555181472305);1763063526.9;13/11/2025 16:52:07;Trator Valtra série T - 05;10;6842;ALAN TURING;PLANTIO MILHO GRÃO;UNIMAR PLANTIO;Velocidade na Operação;;;1.990728
POINT (-49.98035518615284 -22.245480443909774);1763063504.5;13/11/2025 16:51:44;Trator Valtra série T - 05;10;6842;ALAN TURING;PLANTIO MILHO GRÃO;UNIMAR PLANTIO;Velocidade na Operação;;;2.052456
POINT (-49.98035518615284 -22.245480443909774);1763063504.5;13/11/2025 16:51:44;Trator Valtra série T - 05;10;6842;ALAN TURING;PLANTIO MILHO GRÃO;UNIMAR PLANTIO;Velocidade na Operação;;;2.052456
POINT (-49.98035518615284 -22.245480443909774);1763063504.5;13/11/2025 16:51:44;Trator Valtra série T - 05;10;6842;ALAN TURING;PLANTIO MILHO GRÃO;UNIMAR PLANTIO;Velocidade na Operação;;;2.052456
POINT (-49.980253476319966 -22.245457922245482);1763063498.7;13/11/2025 16:51:39;Trator Valtra série T - 05;10;6842;ALAN TURING;PLANTIO MILHO GRÃO;UNIMAR PLANTIO;Velocidade na Operação;;;1.95472
POINT (-49.980253476319966 -22.245457922245482);1763063498.7;13/11/2025 16:51:39;Trator Valtra série T - 05;10;6842;ALAN TURING;PLANTIO MILHO GRÃO;UNIMAR PLANTIO;Velocidade na Operação;;;1.95472
POINT (-49.980253476319966 -22.245457922245482);1763063498.7;13/11/2025 16:51:39;Trator Valtra série T - 05;10;6842;ALAN TURING;PLANTIO MILHO GRÃO;UNIMAR PLANTIO;Velocidade na Operação;;;1.95472
POINT (-49.980112895079884 -22.245430160215943);1763063490.7;13/11/2025 16:51:31;Trator Valtra série T - 05;10;6842;ALAN TURING;PLANTIO MILHO GRÃO;UNIMAR PLANTIO;Velocidade na Operação;;;1.970152
POINT (-49.980112895079884 -22.245430160215943);1763063490.7;13/11/2025 16:51:31;Trator Valtra série T - 05;10;6842;ALAN TURING;PLANTIO MILHO GRÃO;UNIMAR PLANTIO;Velocidade na Operação;;;1.970152
POINT (-49.980112895079884 -22.245430160215943);1763063490.7;13/11/2025 16:51:31;Trator Valtra série T - 05;10;6842;ALAN TURING;PLANTIO MILHO GRÃO;UNIMAR PLANTIO;Velocidade na Operação;;;1.970152
POINT (-49.97991390515627 -22.24540127192686);1763063479.5;13/11/2025 16:51:20;Trator Valtra série T - 05;10;6842;ALAN TURING;PLANTIO MILHO GRÃO;UNIMAR PLANTIO;Velocidade na Operação;;;1.949576
POINT (-49.97991390515627 -22.24540127192686);1763063479.5;13/11/2025 16:51:20;Trator Valtra série T - 05;10;6842;ALAN TURING;PLANTIO MILHO GRÃO;UNIMAR PLANTIO;Velocidade na Operação;;;1.949576
POINT (-49.97991390515627 -22.24540127192686);1763063479.5;13/11/2025 16:51:20;Trator Valtra série T - 05;10;6842;ALAN TURING;PLANTIO MILHO GRÃO;UNIMAR PLANTIO;Velocidade na Operação;;;1.949576
POINT (-49.97981349727384 -22.24533167468361);1763063426.3;13/11/2025 16:50:26;Trator Valtra série T - 05;10;6842;ALAN TURING;PLANTIO MILHO GRÃO;UNIMAR PLANTIO;Velocidade na Operação;;;1.965008
POINT (-49.97981349727384 -22.24533167468361);1763063426.3;13/11/2025 16:50:26;Trator Valtra série T - 05;10;6842;ALAN TURING;PLANTIO MILHO GRÃO;UNIMAR PLANTIO;Velocidade na Operação;;;1.965008
POINT (-49.97981349727384 -22.24533167468361);1763063426.3;13/11/2025 16:50:26;Trator Valtra série T - 05;10;6842;ALAN TURING;PLANTIO MILHO GRÃO;UNIMAR PLANTIO;Velocidade na Operação;;;1.965008
POINT (-49.98018532509703 -22.245395885601372);1763063405.3;13/11/2025 16:50:05;Trator Valtra série T - 05;10;6842;ALAN TURING;PLANTIO MILHO GRÃO;UNIMAR PLANTIO;Velocidade na Operação;;;2.03188
POINT (-49.98018532509703 -22.245395885601372);1763063405.3;13/11/2025 16:50:05;Trator Valtra série T - 05;10;6842;ALAN TURING;PLANTIO MILHO GRÃO;UNIMAR PLANTIO;Velocidade na Operação;;;2.03188
POINT (-49.98018532509703 -22.245395885601372);1763063405.3;13/11/2025 16:50:05;Trator Valtra série T - 05;10;6842;ALAN TURING;PLANTIO MILHO GRÃO;UNIMAR PLANTIO;Velocidade na Operação;;;2.03188
POINT (-49.98070657790067 -22.245528915765615);1763063375.3;13/11/2025 16:49:35;Trator Valtra série T - 05;10;6842;ALAN TURING;PLANTIO MILHO GRÃO;UNIMAR PLANTIO;Velocidade na Operação;;;1.949576
POINT (-49.98070657790067 -22.245528915765615);1763063375.3;13/11/2025 16:49:35;Trator Valtra série T - 05;10;6842;ALAN TURING;PLANTIO MILHO GRÃO;UNIMAR PLANTIO;Velocidade na Operação;;;1.949576
POINT (-49.98070657790067 -22.245528915765615);1763063375.3;13/11/2025 16:49:35;Trator Valtra série T - 05;10;6842;ALAN TURING;PLANTIO MILHO GRÃO;UNIMAR PLANTIO;Velocidade na Operação;;;1.949576
POINT (-49.981265078606896 -22.24612155104797);1763063326.7;13/11/2025 16:48:47;Trator Valtra série T - 05;10;6842;ALAN TURING;PLANTIO MILHO GRÃO;UNIMAR PLANTIO;Velocidade na Operação;;;1.949576
POINT (-49.981265078606896 -22.24612155104797);1763063326.7;13/11/2025 16:48:47;Trator Valtra série T - 05;10;6842;ALAN TURING;PLANTIO MILHO GRÃO;UNIMAR PLANTIO;Velocidade na Operação;;;1.949576
POINT (-49.981265078606896 -22.24612155104797);1763063326.7;13/11/2025 16:48:47;Trator Valtra série T - 05;10;6842;ALAN TURING;PLANTIO MILHO GRÃO;UNIMAR PLANTIO;Velocidade na Operação;;;1.949576
POINT (-49.98168734817 -22.246644877312455);1763063280.7;13/11/2025 16:48:01;Trator Valtra série T - 05;10;6842;ALAN TURING;PLANTIO MILHO GRÃO;UNIMAR PLANTIO;Velocidade na Operação;;;1.95472
POINT (-49.98168734817 -22.246644877312455);1763063280.7;13/11/2025 16:48:01;Trator Valtra série T - 05;10;6842;ALAN TURING;PLANTIO MILHO GRÃO;UNIMAR PLANTIO;Velocidade na Operação;;;1.95472
POINT (-49.98168734817 -22.246644877312455);1763063280.7;13/11/2025 16:48:01;Trator Valtra série T - 05;10;6842;ALAN TURING;PLANTIO MILHO GRÃO;UNIMAR PLANTIO;Velocidade na Operação;;;1.95472
POINT (-49.981796647205044 -22.246592160155437);1763063217;13/11/2025 16:46:57;Trator Valtra série T - 05;10;6842;ALAN TURING;PLANTIO MILHO GRÃO;UNIMAR PLANTIO;Velocidade na Operação;;;2.0421681
POINT (-49.981796647205044 -22.246592160155437);1763063217;13/11/2025 16:46:57;Trator Valtra série T - 05;10;6842;ALAN TURING;PLANTIO MILHO GRÃO;UNIMAR PLANTIO;Velocidade na Operação;;;2.0421681
POINT (-49.981796647205044 -22.246592160155437);1763063217;13/11/2025 16:46:57;Trator Valtra série T - 05;10;6842;ALAN TURING;PLANTIO MILHO GRÃO;UNIMAR PLANTIO;Velocidade na Operação;;;2.0421681
POINT (-49.981361436873065 -22.246358043308366);1763063144.3;13/11/2025 16:45:44;Trator Valtra série T - 05;10;6842;ALAN TURING;PLANTIO MILHO GRÃO;UNIMAR PLANTIO;Velocidade na Operação;;;1.985584
POINT (-49.981361436873065 -22.246358043308366);1763063144.3;13/11/2025 16:45:44;Trator Valtra série T - 05;10;6842;ALAN TURING;PLANTIO MILHO GRÃO;UNIMAR PLANTIO;Velocidade na Operação;;;1.985584
POINT (-49.981361436873065 -22.246358043308366);1763063144.3;13/11/2025 16:45:44;Trator Valtra série T - 05;10;6842;ALAN TURING;PLANTIO MILHO GRÃO;UNIMAR PLANTIO;Velocidade na Operação;;;1.985584
POINT (-49.981829967447624 -22.246537452023436);1763063072.7;13/11/2025 16:44:33;Trator Valtra série T - 05;10;6842;ALAN TURING;PLANTIO MILHO GRÃO;UNIMAR PLANTIO;Velocidade na Operação;;;1.949576
POINT (-49.981829967447624 -22.246537452023436);1763063072.7;13/11/2025 16:44:33;Trator Valtra série T - 05;10;6842;ALAN TURING;PLANTIO MILHO GRÃO;UNIMAR PLANTIO;Velocidade na Operação;;;1.949576
POINT (-49.981829967447624 -22.246537452023436);1763063072.7;13/11/2025 16:44:33;Trator Valtra série T - 05;10;6842;ALAN TURING;PLANTIO MILHO GRÃO;UNIMAR PLANTIO;Velocidade na Operação;;;1.949576
POINT (-49.981345693421204 -22.246262726068174);1763062993.8;13/11/2025 16:43:14;Trator Valtra série T - 05;10;6842;ALAN TURING;PLANTIO MILHO GRÃO;UNIMAR PLANTIO;Velocidade na Operação;;;1.95472
POINT (-49.981345693421204 -22.246262726068174);1763062993.8;13/11/2025 16:43:14;Trator Valtra série T - 05;10;6842;ALAN TURING;PLANTIO MILHO GRÃO;UNIMAR PLANTIO;Velocidade na Operação;;;1.95472
POINT (-49.981345693421204 -22.246262726068174);1763062993.8;13/11/2025 16:43:14;Trator Valtra série T - 05;10;6842;ALAN TURING;PLANTIO MILHO GRÃO;UNIMAR PLANTIO;Velocidade na Operação;;;1.95472
POINT (-49.98137670363641 -22.246289791669273);1763062991.5;13/11/2025 16:43:12;Trator Valtra série T - 05;10;6842;ALAN TURING;PLANTIO MILHO GRÃO;UNIMAR PLANTIO;Velocidade na Operação;;;1.98044
POINT (-49.98137670363641 -22.246289791669273);1763062991.5;13/11/2025 16:43:12;Trator Valtra série T - 05;10;6842;ALAN TURING;PLANTIO MILHO GRÃO;UNIMAR PLANTIO;Velocidade na Operação;;;1.98044
POINT (-49.98137670363641 -22.246289791669273);1763062991.5;13/11/2025 16:43:12;Trator Valtra série T - 05;10;6842;ALAN TURING;PLANTIO MILHO GRÃO;UNIMAR PLANTIO;Velocidade na Operação;;;1.98044
POINT (-49.98192613288437 -22.246540390585604);1763062926.8;13/11/2025 16:42:07;Trator Valtra série T - 05;10;6842;ALAN TURING;PLANTIO MILHO GRÃO;UNIMAR PLANTIO;Velocidade na Operação;;;1.95472
POINT (-49.98192613288437 -22.246540390585604);1763062926.8;13/11/2025 16:42:07;Trator Valtra série T - 05;10;6842;ALAN TURING;PLANTIO MILHO GRÃO;UNIMAR PLANTIO;Velocidade na Operação;;;1.95472
POINT (-49.98192613288437 -22.246540390585604);1763062926.8;13/11/2025 16:42:07;Trator Valtra série T - 05;10;6842;ALAN TURING;PLANTIO MILHO GRÃO;UNIMAR PLANTIO;Velocidade na Operação;;;1.95472
POINT (-49.98152121048556 -22.246202875715014);1763062896.3;13/11/2025 16:41:36;Trator Valtra série T - 05;10;6842;ALAN TURING;PLANTIO MILHO GRÃO;UNIMAR PLANTIO;Velocidade na Operação;;;1.949576
POINT (-49.98152121048556 -22.246202875715014);1763062896.3;13/11/2025 16:41:36;Trator Valtra série T - 05;10;6842;ALAN TURING;PLANTIO MILHO GRÃO;UNIMAR PLANTIO;Velocidade na Operação;;;1.949576
POINT (-49.98152121048556 -22.246202875715014);1763062896.3;13/11/2025 16:41:36;Trator Valtra série T - 05;10;6842;ALAN TURING;PLANTIO MILHO GRÃO;UNIMAR PLANTIO;Velocidade na Operação;;;1.949576
POINT (-49.980319232178395 -22.24530615788217);1763062807.1;13/11/2025 16:40:07;Trator Valtra série T - 05;10;6842;ALAN TURING;PLANTIO MILHO GRÃO;UNIMAR PLANTIO;Velocidade na Operação;;;1.95472
POINT (-49.980319232178395 -22.24530615788217);1763062807.1;13/11/2025 16:40:07;Trator Valtra série T - 05;10;6842;ALAN TURING;PLANTIO MILHO GRÃO;UNIMAR PLANTIO;Velocidade na Operação;;;1.95472
POINT (-49.980319232178395 -22.24530615788217);1763062807.1;13/11/2025 16:40:07;Trator Valtra série T - 05;10;6842;ALAN TURING;PLANTIO MILHO GRÃO;UNIMAR PLANTIO;Velocidade na Operação;;;1.95472
POINT (-49.98026709046052 -22.245302200759298);1763062804.2;13/11/2025 16:40:04;Trator Valtra série T - 05;10;6842;ALAN TURING;PLANTIO MILHO GRÃO;UNIMAR PLANTIO;Velocidade na Operação;;;2.026736
POINT (-49.98026709046052 -22.245302200759298);1763062804.2;13/11/2025 16:40:04;Trator Valtra série T - 05;10;6842;ALAN TURING;PLANTIO MILHO GRÃO;UNIMAR PLANTIO;Velocidade na Operação;;;2.026736
POINT (-49.98026709046052 -22.245302200759298);1763062804.2;13/11/2025 16:40:04;Trator Valtra série T - 05;10;6842;ALAN TURING;PLANTIO MILHO GRÃO;UNIMAR PLANTIO;Velocidade na Operação;;;2.026736
POINT (-49.980195310849005 -22.2452986477881);1763062800.2;13/11/2025 16:40:00;Trator Valtra série T - 05;10;6842;ALAN TURING;PLANTIO MILHO GRÃO;UNIMAR PLANTIO;Velocidade na Operação;;;2.00616
POINT (-49.980195310849005 -22.2452986477881);1763062800.2;13/11/2025 16:40:00;Trator Valtra série T - 05;10;6842;ALAN TURING;PLANTIO MILHO GRÃO;UNIMAR PLANTIO;Velocidade na Operação;;;2.00616
POINT (-49.980195310849005 -22.2452986477881);1763062800.2;13/11/2025 16:40:00;Trator Valtra série T - 05;10;6842;ALAN TURING;PLANTIO MILHO GRÃO;UNIMAR PLANTIO;Velocidade na Operação;;;2.00616
POINT (-49.98016050408367 -22.245282011263125);1763062798.2;13/11/2025 16:39:58;Trator Valtra série T - 05;10;6842;ALAN TURING;PLANTIO MILHO GRÃO;UNIMAR PLANTIO;Velocidade na Operação;;;1.95472
POINT (-49.98016050408367 -22.245282011263125);1763062798.2;13/11/2025 16:39:58;Trator Valtra série T - 05;10;6842;ALAN TURING;PLANTIO MILHO GRÃO;UNIMAR PLANTIO;Velocidade na Operação;;;1.95472
POINT (-49.98016050408367 -22.245282011263125);1763062798.2;13/11/2025 16:39:58;Trator Valtra série T - 05;10;6842;ALAN TURING;PLANTIO MILHO GRÃO;UNIMAR PLANTIO;Velocidade na Operação;;;1.95472
POINT (-49.98012539938943 -22.24527603893697);1763062796.2;13/11/2025 16:39:56;Trator Valtra série T - 05;10;6842;ALAN TURING;PLANTIO MILHO GRÃO;UNIMAR PLANTIO;Velocidade na Operação;;;2.0215921
POINT (-49.98012539938943 -22.24527603893697);1763062796.2;13/11/2025 16:39:56;Trator Valtra série T - 05;10;6842;ALAN TURING;PLANTIO MILHO GRÃO;UNIMAR PLANTIO;Velocidade na Operação;;;2.0215921
POINT (-49.98012539938943 -22.24527603893697);1763062796.2;13/11/2025 16:39:56;Trator Valtra série T - 05;10;6842;ALAN TURING;PLANTIO MILHO GRÃO;UNIMAR PLANTIO;Velocidade na Operação;;;2.0215921
POINT (-49.98003332942697 -22.24526267833159);1763062791;13/11/2025 16:39:51;Trator Valtra série T - 05;10;6842;ALAN TURING;PLANTIO MILHO GRÃO;UNIMAR PLANTIO;Velocidade na Operação;;;1.959864
POINT (-49.98003332942697 -22.24526267833159);1763062791;13/11/2025 16:39:51;Trator Valtra série T - 05;10;6842;ALAN TURING;PLANTIO MILHO GRÃO;UNIMAR PLANTIO;Velocidade na Operação;;;1.959864
POINT (-49.98003332942697 -22.24526267833159);1763062791;13/11/2025 16:39:51;Trator Valtra série T - 05;10;6842;ALAN TURING;PLANTIO MILHO GRÃO;UNIMAR PLANTIO;Velocidade na Operação;;;1.959864
POINT (-49.98000986827581 -22.245053051133432);1763062746.1;13/11/2025 16:39:06;Trator Valtra série T - 05;10;6842;ALAN TURING;PLANTIO MILHO GRÃO;UNIMAR PLANTIO;Velocidade na Operação;;;2.0010161
POINT (-49.98000986827581 -22.245053051133432);1763062746.1;13/11/2025 16:39:06;Trator Valtra série T - 05;10;6842;ALAN TURING;PLANTIO MILHO GRÃO;UNIMAR PLANTIO;Velocidade na Operação;;;2.0010161
POINT (-49.98000986827581 -22.245053051133432);1763062746.1;13/11/2025 16:39:06;Trator Valtra série T - 05;10;6842;ALAN TURING;PLANTIO MILHO GRÃO;UNIMAR PLANTIO;Velocidade na Operação;;;2.0010161
POINT (-49.98035217536727 -22.24515755719472);1763062726.1;13/11/2025 16:38:46;Trator Valtra série T - 05;10;6842;ALAN TURING;PLANTIO MILHO GRÃO;UNIMAR PLANTIO;Velocidade na Operação;;;1.95472
POINT (-49.98035217536727 -22.24515755719472);1763062726.1;13/11/2025 16:38:46;Trator Valtra série T - 05;10;6842;ALAN TURING;PLANTIO MILHO GRÃO;UNIMAR PLANTIO;Velocidade na Operação;;;1.95472
POINT (-49.98035217536727 -22.24515755719472);1763062726.1;13/11/2025 16:38:46;Trator Valtra série T - 05;10;6842;ALAN TURING;PLANTIO MILHO GRÃO;UNIMAR PLANTIO;Velocidade na Operação;;;1.95472
POINT (-49.980169179705975 -22.24527355590395);1763062579.7;13/11/2025 16:36:20;Trator Valtra série T - 05;10;6842;ALAN TURING;PLANTIO MILHO GRÃO;UNIMAR PLANTIO;Velocidade na Operação;;;2.0215921
POINT (-49.980169179705975 -22.24527355590395);1763062579.7;13/11/2025 16:36:20;Trator Valtra série T - 05;10;6842;ALAN TURING;PLANTIO MILHO GRÃO;UNIMAR PLANTIO;Velocidade na Operação;;;2.0215921
POINT (-49.980169179705975 -22.24527355590395);1763062579.7;13/11/2025 16:36:20;Trator Valtra série T - 05;10;6842;ALAN TURING;PLANTIO MILHO GRÃO;UNIMAR PLANTIO;Velocidade na Operação;;;2.0215921
POINT (-49.98003979348899 -22.245113379133382);1763062508.9;13/11/2025 16:35:09;Trator Valtra série T - 05;10;6842;ALAN TURING;PLANTIO MILHO GRÃO;UNIMAR PLANTIO;Velocidade na Operação;;;2.016448
POINT (-49.98003979348899 -22.245113379133382);1763062508.9;13/11/2025 16:35:09;Trator Valtra série T - 05;10;6842;ALAN TURING;PLANTIO MILHO GRÃO;UNIMAR PLANTIO;Velocidade na Operação;;;2.016448
POINT (-49.98003979348899 -22.245113379133382);1763062508.9;13/11/2025 16:35:09;Trator Valtra série T - 05;10;6842;ALAN TURING;PLANTIO MILHO GRÃO;UNIMAR PLANTIO;Velocidade na Operação;;;2.016448
POINT (-49.98073063626142 -22.245312166546082);1763062462.6;13/11/2025 16:34:23;Trator Valtra série T - 05;10;6842;ALAN TURING;PLANTIO MILHO GRÃO;UNIMAR PLANTIO;Velocidade na Operação;;;2.016448
POINT (-49.98073063626142 -22.245312166546082);1763062462.6;13/11/2025 16:34:23;Trator Valtra série T - 05;10;6842;ALAN TURING;PLANTIO MILHO GRÃO;UNIMAR PLANTIO;Velocidade na Operação;;;2.016448
POINT (-49.98073063626142 -22.245312166546082);1763062462.6;13/11/2025 16:34:23;Trator Valtra série T - 05;10;6842;ALAN TURING;PLANTIO MILHO GRÃO;UNIMAR PLANTIO;Velocidade na Operação;;;2.016448
POINT (-49.979988595389344 -22.245165643331525);1763062379.3;13/11/2025 16:32:59;Trator Valtra série T - 05;10;6842;ALAN TURING;PLANTIO MILHO GRÃO;UNIMAR PLANTIO;Velocidade na Operação;;;2.119328
POINT (-49.979988595389344 -22.245165643331525);1763062379.3;13/11/2025 16:32:59;Trator Valtra série T - 05;10;6842;ALAN TURING;PLANTIO MILHO GRÃO;UNIMAR PLANTIO;Velocidade na Operação;;;2.119328
POINT (-49.979988595389344 -22.245165643331525);1763062379.3;13/11/2025 16:32:59;Trator Valtra série T - 05;10;6842;ALAN TURING;PLANTIO MILHO GRÃO;UNIMAR PLANTIO;Velocidade na Operação;;;2.119328
POINT (-49.979930378330856 -22.245143562436475);1763062375.9;13/11/2025 16:32:56;Trator Valtra série T - 05;10;6842;ALAN TURING;PLANTIO MILHO GRÃO;UNIMAR PLANTIO;Velocidade na Operação;;;2.078176
POINT (-49.979930378330856 -22.245143562436475);1763062375.9;13/11/2025 16:32:56;Trator Valtra série T - 05;10;6842;ALAN TURING;PLANTIO MILHO GRÃO;UNIMAR PLANTIO;Velocidade na Operação;;;2.078176
POINT (-49.979930378330856 -22.245143562436475);1763062375.9;13/11/2025 16:32:56;Trator Valtra série T - 05;10;6842;ALAN TURING;PLANTIO MILHO GRÃO;UNIMAR PLANTIO;Velocidade na Operação;;;2.078176
POINT (-49.97986024686033 -22.245115665263526);1763062371.7;13/11/2025 16:32:52;Trator Valtra série T - 05;10;6842;ALAN TURING;PLANTIO MILHO GRÃO;UNIMAR PLANTIO;Velocidade na Operação;;;2.21192
POINT (-49.97986024686033 -22.245115665263526);1763062371.7;13/11/2025 16:32:52;Trator Valtra série T - 05;10;6842;ALAN TURING;PLANTIO MILHO GRÃO;UNIMAR PLANTIO;Velocidade na Operação;;;2.21192
POINT (-49.97986024686033 -22.245115665263526);1763062371.7;13/11/2025 16:32:52;Trator Valtra série T - 05;10;6842;ALAN TURING;PLANTIO MILHO GRÃO;UNIMAR PLANTIO;Velocidade na Operação;;;2.21192
POINT (-49.97979782218264 -22.245279799387834);1763062355.1;13/11/2025 16:32:35;Trator Valtra série T - 05;10;6842;ALAN TURING;PLANTIO MILHO GRÃO;UNIMAR PLANTIO;Velocidade na Operação;;;1.98044
POINT (-49.97979782218264 -22.245279799387834);1763062355.1;13/11/2025 16:32:35;Trator Valtra série T - 05;10;6842;ALAN TURING;PLANTIO MILHO GRÃO;UNIMAR PLANTIO;Velocidade na Operação;;;1.98044
POINT (-49.97979782218264 -22.245279799387834);1763062355.1;13/11/2025 16:32:35;Trator Valtra série T - 05;10;6842;ALAN TURING;PLANTIO MILHO GRÃO;UNIMAR PLANTIO;Velocidade na Operação;;;1.98044
POINT (-49.980009141419366 -22.245307444706672);1763062343.3;13/11/2025 16:32:23;Trator Valtra série T - 05;10;6842;ALAN TURING;PLANTIO MILHO GRÃO;UNIMAR PLANTIO;Velocidade na Operação;;;2.0627441
POINT (-49.980009141419366 -22.245307444706672);1763062343.3;13/11/2025 16:32:23;Trator Valtra série T - 05;10;6842;ALAN TURING;PLANTIO MILHO GRÃO;UNIMAR PLANTIO;Velocidade na Operação;;;2.0627441
POINT (-49.980009141419366 -22.245307444706672);1763062343.3;13/11/2025 16:32:23;Trator Valtra série T - 05;10;6842;ALAN TURING;PLANTIO MILHO GRÃO;UNIMAR PLANTIO;Velocidade na Operação;;;2.0627441
POINT (-49.9800984886106 -22.245315159479798);1763062338.3;13/11/2025 16:32:18;Trator Valtra série T - 05;10;6842;ALAN TURING;PLANTIO MILHO GRÃO;UNIMAR PLANTIO;Velocidade na Operação;;;2.037024
POINT (-49.9800984886106 -22.245315159479798);1763062338.3;13/11/2025 16:32:18;Trator Valtra série T - 05;10;6842;ALAN TURING;PLANTIO MILHO GRÃO;UNIMAR PLANTIO;Velocidade na Operação;;;2.037024
POINT (-49.9800984886106 -22.245315159479798);1763062338.3;13/11/2025 16:32:18;Trator Valtra série T - 05;10;6842;ALAN TURING;PLANTIO MILHO GRÃO;UNIMAR PLANTIO;Velocidade na Operação;;;2.037024
POINT (-49.981122400877766 -22.245786595814824);1763062269.7;13/11/2025 16:31:10;Trator Valtra série T - 05;10;6842;ALAN TURING;PLANTIO MILHO GRÃO;UNIMAR PLANTIO;Velocidade na Operação;;;2.037024
POINT (-49.981122400877766 -22.245786595814824);1763062269.7;13/11/2025 16:31:10;Trator Valtra série T - 05;10;6842;ALAN TURING;PLANTIO MILHO GRÃO;UNIMAR PLANTIO;Velocidade na Operação;;;2.037024
POINT (-49.981122400877766 -22.245786595814824);1763062269.7;13/11/2025 16:31:10;Trator Valtra série T - 05;10;6842;ALAN TURING;PLANTIO MILHO GRÃO;UNIMAR PLANTIO;Velocidade na Operação;;;2.037024
POINT (-49.98171251817755 -22.246849037181605);1763062084.3;13/11/2025 16:28:04;Trator Valtra série T - 05;10;6842;ALAN TURING;PLANTIO MILHO GRÃO;UNIMAR PLANTIO;Velocidade na Operação;;;1.98044
POINT (-49.98171251817755 -22.246849037181605);1763062084.3;13/11/2025 16:28:04;Trator Valtra série T - 05;10;6842;ALAN TURING;PLANTIO MILHO GRÃO;UNIMAR PLANTIO;Velocidade na Operação;;;1.98044
POINT (-49.98171251817755 -22.246849037181605);1763062084.3;13/11/2025 16:28:04;Trator Valtra série T - 05;10;6842;ALAN TURING;PLANTIO MILHO GRÃO;UNIMAR PLANTIO;Velocidade na Operação;;;1.98044
POINT (-49.98169043334464 -22.246849911332617);1763062083.1;13/11/2025 16:28:03;Trator Valtra série T - 05;10;6842;ALAN TURING;PLANTIO MILHO GRÃO;UNIMAR PLANTIO;Velocidade na Operação;;;1.95472
POINT (-49.98169043334464 -22.246849911332617);1763062083.1;13/11/2025 16:28:03;Trator Valtra série T - 05;10;6842;ALAN TURING;PLANTIO MILHO GRÃO;UNIMAR PLANTIO;Velocidade na Operação;;;1.95472
POINT (-49.98169043334464 -22.246849911332617);1763062083.1;13/11/2025 16:28:03;Trator Valtra série T - 05;10;6842;ALAN TURING;PLANTIO MILHO GRÃO;UNIMAR PLANTIO;Velocidade na Operação;;;1.95472
POINT (-49.98151303160176 -22.246873115795974);1763062073;13/11/2025 16:27:53;Trator Valtra série T - 05;10;6842;ALAN TURING;PLANTIO MILHO GRÃO;UNIMAR PLANTIO;Velocidade na Operação;;;2.00616
POINT (-49.98151303160176 -22.246873115795974);1763062073;13/11/2025 16:27:53;Trator Valtra série T - 05;10;6842;ALAN TURING;PLANTIO MILHO GRÃO;UNIMAR PLANTIO;Velocidade na Operação;;;2.00616
POINT (-49.98151303160176 -22.246873115795974);1763062073;13/11/2025 16:27:53;Trator Valtra série T - 05;10;6842;ALAN TURING;PLANTIO MILHO GRÃO;UNIMAR PLANTIO;Velocidade na Operação;;;2.00616
POINT (-49.98142545756012 -22.246868091918905);1763062068.1;13/11/2025 16:27:48;Trator Valtra série T - 05;10;6842;ALAN TURING;PLANTIO MILHO GRÃO;UNIMAR PLANTIO;Velocidade na Operação;;;1.965008
POINT (-49.98142545756012 -22.246868091918905);1763062068.1;13/11/2025 16:27:48;Trator Valtra série T - 05;10;6842;ALAN TURING;PLANTIO MILHO GRÃO;UNIMAR PLANTIO;Velocidade na Operação;;;1.965008
POINT (-49.98142545756012 -22.246868091918905);1763062068.1;13/11/2025 16:27:48;Trator Valtra série T - 05;10;6842;ALAN TURING;PLANTIO MILHO GRÃO;UNIMAR PLANTIO;Velocidade na Operação;;;1.965008
POINT (-49.98137301687629 -22.246865979967144);1763062065.2;13/11/2025 16:27:45;Trator Valtra série T - 05;10;6842;ALAN TURING;PLANTIO MILHO GRÃO;UNIMAR PLANTIO;Velocidade na Operação;;;2.0010161
POINT (-49.98137301687629 -22.246865979967144);1763062065.2;13/11/2025 16:27:45;Trator Valtra série T - 05;10;6842;ALAN TURING;PLANTIO MILHO GRÃO;UNIMAR PLANTIO;Velocidade na Operação;;;2.0010161
POINT (-49.98137301687629 -22.246865979967144);1763062065.2;13/11/2025 16:27:45;Trator Valtra série T - 05;10;6842;ALAN TURING;PLANTIO MILHO GRÃO;UNIMAR PLANTIO;Velocidade na Operação;;;2.0010161
POINT (-49.98054125028539 -22.246914695324353);1763062018.3;13/11/2025 16:26:58;Trator Valtra série T - 05;10;6842;ALAN TURING;PLANTIO MILHO GRÃO;UNIMAR PLANTIO;Velocidade na Operação;;;1.95472
POINT (-49.98054125028539 -22.246914695324353);1763062018.3;13/11/2025 16:26:58;Trator Valtra série T - 05;10;6842;ALAN TURING;PLANTIO MILHO GRÃO;UNIMAR PLANTIO;Velocidade na Operação;;;1.95472
POINT (-49.98054125028539 -22.246914695324353);1763062018.3;13/11/2025 16:26:58;Trator Valtra série T - 05;10;6842;ALAN TURING;PLANTIO MILHO GRÃO;UNIMAR PLANTIO;Velocidade na Operação;;;1.95472
POINT (-49.98032209668695 -22.246858453219275);1763062005.7;13/11/2025 16:26:46;Trator Valtra série T - 05;10;6842;ALAN TURING;PLANTIO MILHO GRÃO;UNIMAR PLANTIO;Velocidade na Operação;;;1.965008
POINT (-49.98032209668695 -22.246858453219275);1763062005.7;13/11/2025 16:26:46;Trator Valtra série T - 05;10;6842;ALAN TURING;PLANTIO MILHO GRÃO;UNIMAR PLANTIO;Velocidade na Operação;;;1.965008
POINT (-49.98032209668695 -22.246858453219275);1763062005.7;13/11/2025 16:26:46;Trator Valtra série T - 05;10;6842;ALAN TURING;PLANTIO MILHO GRÃO;UNIMAR PLANTIO;Velocidade na Operação;;;1.965008
POINT (-49.98016918402703 -22.246808003863745);1763061996.7;13/11/2025 16:26:37;Trator Valtra série T - 05;10;6842;ALAN TURING;PLANTIO MILHO GRÃO;UNIMAR PLANTIO;Velocidade na Operação;;;1.949576
POINT (-49.98016918402703 -22.246808003863745);1763061996.7;13/11/2025 16:26:37;Trator Valtra série T - 05;10;6842;ALAN TURING;PLANTIO MILHO GRÃO;UNIMAR PLANTIO;Velocidade na Operação;;;1.949576
POINT (-49.98016918402703 -22.246808003863745);1763061996.7;13/11/2025 16:26:37;Trator Valtra série T - 05;10;6842;ALAN TURING;PLANTIO MILHO GRÃO;UNIMAR PLANTIO;Velocidade na Operação;;;1.949576
POINT (-49.980088427804056 -22.246758403622646);1763061991.3;13/11/2025 16:26:31;Trator Valtra série T - 05;10;6842;ALAN TURING;PLANTIO MILHO GRÃO;UNIMAR PLANTIO;Velocidade na Operação;;;1.965008
POINT (-49.980088427804056 -22.246758403622646);1763061991.3;13/11/2025 16:26:31;Trator Valtra série T - 05;10;6842;ALAN TURING;PLANTIO MILHO GRÃO;UNIMAR PLANTIO;Velocidade na Operação;;;1.965008
POINT (-49.980088427804056 -22.246758403622646);1763061991.3;13/11/2025 16:26:31;Trator Valtra série T - 05;10;6842;ALAN TURING;PLANTIO MILHO GRÃO;UNIMAR PLANTIO;Velocidade na Operação;;;1.965008
POINT (-49.97945980060643 -22.2461825457165);1763061941.2;13/11/2025 16:25:41;Trator Valtra série T - 05;10;6842;ALAN TURING;PLANTIO MILHO GRÃO;UNIMAR PLANTIO;Velocidade na Operação;;;1.995872
POINT (-49.97945980060643 -22.2461825457165);1763061941.2;13/11/2025 16:25:41;Trator Valtra série T - 05;10;6842;ALAN TURING;PLANTIO MILHO GRÃO;UNIMAR PLANTIO;Velocidade na Operação;;;1.995872
POINT (-49.97945980060643 -22.2461825457165);1763061941.2;13/11/2025 16:25:41;Trator Valtra série T - 05;10;6842;ALAN TURING;PLANTIO MILHO GRÃO;UNIMAR PLANTIO;Velocidade na Operação;;;1.995872
POINT (-49.979099869477515 -22.245975547998746);1763059866.1;13/11/2025 15:51:06;Trator Valtra série T - 05;10;6842;ALAN TURING;PLANTIO MILHO GRÃO;UNIMAR PLANTIO;Velocidade na Operação;;;2.644016
POINT (-49.979099869477515 -22.245975547998746);1763059866.1;13/11/2025 15:51:06;Trator Valtra série T - 05;10;6842;ALAN TURING;PLANTIO MILHO GRÃO;UNIMAR PLANTIO;Velocidade na Operação;;;2.644016
POINT (-49.979099869477515 -22.245975547998746);1763059866.1;13/11/2025 15:51:06;Trator Valtra série T - 05;10;6842;ALAN TURING;PLANTIO MILHO GRÃO;UNIMAR PLANTIO;Velocidade na Operação;;;2.644016
POINT (-49.979151172648315 -22.245932763056405);1763059862.7;13/11/2025 15:51:03;Trator Valtra série T - 05;10;6842;ALAN TURING;PLANTIO MILHO GRÃO;UNIMAR PLANTIO;Velocidade na Operação;;;2.0215921
POINT (-49.979151172648315 -22.245932763056405);1763059862.7;13/11/2025 15:51:03;Trator Valtra série T - 05;10;6842;ALAN TURING;PLANTIO MILHO GRÃO;UNIMAR PLANTIO;Velocidade na Operação;;;2.0215921
POINT (-49.979151172648315 -22.245932763056405);1763059862.7;13/11/2025 15:51:03;Trator Valtra série T - 05;10;6842;ALAN TURING;PLANTIO MILHO GRÃO;UNIMAR PLANTIO;Velocidade na Operação;;;2.0215921
POINT (-49.97921196185332 -22.245899459630554);1763059858.8;13/11/2025 15:50:59;Trator Valtra série T - 05;10;6842;ALAN TURING;PLANTIO MILHO GRÃO;UNIMAR PLANTIO;Velocidade na Operação;;;1.949576
POINT (-49.97921196185332 -22.245899459630554);1763059858.8;13/11/2025 15:50:59;Trator Valtra série T - 05;10;6842;ALAN TURING;PLANTIO MILHO GRÃO;UNIMAR PLANTIO;Velocidade na Operação;;;1.949576
POINT (-49.97921196185332 -22.245899459630554);1763059858.8;13/11/2025 15:50:59;Trator Valtra série T - 05;10;6842;ALAN TURING;PLANTIO MILHO GRÃO;UNIMAR PLANTIO;Velocidade na Operação;;;1.949576
POINT (-49.97941361294978 -22.24573796052672);1763059844.3;13/11/2025 15:50:44;Trator Valtra série T - 05;10;6842;ALAN TURING;PLANTIO MILHO GRÃO;UNIMAR PLANTIO;Velocidade na Operação;;;1.970152
POINT (-49.97941361294978 -22.24573796052672);1763059844.3;13/11/2025 15:50:44;Trator Valtra série T - 05;10;6842;ALAN TURING;PLANTIO MILHO GRÃO;UNIMAR PLANTIO;Velocidade na Operação;;;1.970152
POINT (-49.97941361294978 -22.24573796052672);1763059844.3;13/11/2025 15:50:44;Trator Valtra série T - 05;10;6842;ALAN TURING;PLANTIO MILHO GRÃO;UNIMAR PLANTIO;Velocidade na Operação;;;1.970152
POINT (-49.97959164867779 -22.245633557038115);1763059787.2;13/11/2025 15:49:47;Trator Valtra série T - 05;10;6842;ALAN TURING;PLANTIO MILHO GRÃO;UNIMAR PLANTIO;Velocidade na Operação;;;1.965008
POINT (-49.97959164867779 -22.245633557038115);1763059787.2;13/11/2025 15:49:47;Trator Valtra série T - 05;10;6842;ALAN TURING;PLANTIO MILHO GRÃO;UNIMAR PLANTIO;Velocidade na Operação;;;1.965008
POINT (-49.97959164867779 -22.245633557038115);1763059787.2;13/11/2025 15:49:47;Trator Valtra série T - 05;10;6842;ALAN TURING;PLANTIO MILHO GRÃO;UNIMAR PLANTIO;Velocidade na Operação;;;1.965008
POINT (-49.979608157435045 -22.245637023797908);1763059786.3;13/11/2025 15:49:46;Trator Valtra série T - 05;10;6842;ALAN TURING;PLANTIO MILHO GRÃO;UNIMAR PLANTIO;Velocidade na Operação;;;1.970152
POINT (-49.979608157435045 -22.245637023797908);1763059786.3;13/11/2025 15:49:46;Trator Valtra série T - 05;10;6842;ALAN TURING;PLANTIO MILHO GRÃO;UNIMAR PLANTIO;Velocidade na Operação;;;1.970152
POINT (-49.979608157435045 -22.245637023797908);1763059786.3;13/11/2025 15:49:46;Trator Valtra série T - 05;10;6842;ALAN TURING;PLANTIO MILHO GRÃO;UNIMAR PLANTIO;Velocidade na Operação;;;1.970152
POINT (-49.9796132032877 -22.245642573631162);1763059786;13/11/2025 15:49:46;Trator Valtra série T - 05;10;6842;ALAN TURING;PLANTIO MILHO GRÃO;UNIMAR PLANTIO;Velocidade na Operação;;;2.067888
POINT (-49.9796132032877 -22.245642573631162);1763059786;13/11/2025 15:49:46;Trator Valtra série T - 05;10;6842;ALAN TURING;PLANTIO MILHO GRÃO;UNIMAR PLANTIO;Velocidade na Operação;;;2.067888
POINT (-49.9796132032877 -22.245642573631162);1763059786;13/11/2025 15:49:46;Trator Valtra série T - 05;10;6842;ALAN TURING;PLANTIO MILHO GRÃO;UNIMAR PLANTIO;Velocidade na Operação;;;2.067888
POINT (-49.97971797853725 -22.245658479126458);1763059780.2;13/11/2025 15:49:40;Trator Valtra série T - 05;10;6842;ALAN TURING;PLANTIO MILHO GRÃO;UNIMAR PLANTIO;Velocidade na Operação;;;1.970152
POINT (-49.97971797853725 -22.245658479126458);1763059780.2;13/11/2025 15:49:40;Trator Valtra série T - 05;10;6842;ALAN TURING;PLANTIO MILHO GRÃO;UNIMAR PLANTIO;Velocidade na Operação;;;1.970152
POINT (-49.97971797853725 -22.245658479126458);1763059780.2;13/11/2025 15:49:40;Trator Valtra série T - 05;10;6842;ALAN TURING;PLANTIO MILHO GRÃO;UNIMAR PLANTIO;Velocidade na Operação;;;1.970152
POINT (-49.97973097552557 -22.245660320372714);1763059779.5;13/11/2025 15:49:40;Trator Valtra série T - 05;10;6842;ALAN TURING;PLANTIO MILHO GRÃO;UNIMAR PLANTIO;Velocidade na Operação;;;1.970152
POINT (-49.97973097552557 -22.245660320372714);1763059779.5;13/11/2025 15:49:40;Trator Valtra série T - 05;10;6842;ALAN TURING;PLANTIO MILHO GRÃO;UNIMAR PLANTIO;Velocidade na Operação;;;1.970152
POINT (-49.97973097552557 -22.245660320372714);1763059779.5;13/11/2025 15:49:40;Trator Valtra série T - 05;10;6842;ALAN TURING;PLANTIO MILHO GRÃO;UNIMAR PLANTIO;Velocidade na Operação;;;1.970152
POINT (-49.97974353353745 -22.245665077848095);1763059778.8;13/11/2025 15:49:39;Trator Valtra série T - 05;10;6842;ALAN TURING;PLANTIO MILHO GRÃO;UNIMAR PLANTIO;Velocidade na Operação;;;1.949576
POINT (-49.97974353353745 -22.245665077848095);1763059778.8;13/11/2025 15:49:39;Trator Valtra série T - 05;10;6842;ALAN TURING;PLANTIO MILHO GRÃO;UNIMAR PLANTIO;Velocidade na Operação;;;1.949576
POINT (-49.97974353353745 -22.245665077848095);1763059778.8;13/11/2025 15:49:39;Trator Valtra série T - 05;10;6842;ALAN TURING;PLANTIO MILHO GRÃO;UNIMAR PLANTIO;Velocidade na Operação;;;1.949576
POINT (-49.98007003476016 -22.24571443731535);1763059760.4;13/11/2025 15:49:20;Trator Valtra série T - 05;10;6842;ALAN TURING;PLANTIO MILHO GRÃO;UNIMAR PLANTIO;Velocidade na Operação;;;1.95472
POINT (-49.98007003476016 -22.24571443731535);1763059760.4;13/11/2025 15:49:20;Trator Valtra série T - 05;10;6842;ALAN TURING;PLANTIO MILHO GRÃO;UNIMAR PLANTIO;Velocidade na Operação;;;1.95472
POINT (-49.98007003476016 -22.24571443731535);1763059760.4;13/11/2025 15:49:20;Trator Valtra série T - 05;10;6842;ALAN TURING;PLANTIO MILHO GRÃO;UNIMAR PLANTIO;Velocidade na Operação;;;1.95472
POINT (-49.98008751152512 -22.24572032524887);1763059759.4;13/11/2025 15:49:19;Trator Valtra série T - 05;10;6842;ALAN TURING;PLANTIO MILHO GRÃO;UNIMAR PLANTIO;Velocidade na Operação;;;1.975296
POINT (-49.98008751152512 -22.24572032524887);1763059759.4;13/11/2025 15:49:19;Trator Valtra série T - 05;10;6842;ALAN TURING;PLANTIO MILHO GRÃO;UNIMAR PLANTIO;Velocidade na Operação;;;1.975296
POINT (-49.98008751152512 -22.24572032524887);1763059759.4;13/11/2025 15:49:19;Trator Valtra série T - 05;10;6842;ALAN TURING;PLANTIO MILHO GRÃO;UNIMAR PLANTIO;Velocidade na Operação;;;1.975296
POINT (-49.98078957599579 -22.24601617355851);1763059714.8;13/11/2025 15:48:35;Trator Valtra série T - 05;10;6842;ALAN TURING;PLANTIO MILHO GRÃO;UNIMAR PLANTIO;Velocidade na Operação;;;1.965008
POINT (-49.98078957599579 -22.24601617355851);1763059714.8;13/11/2025 15:48:35;Trator Valtra série T - 05;10;6842;ALAN TURING;PLANTIO MILHO GRÃO;UNIMAR PLANTIO;Velocidade na Operação;;;1.965008
POINT (-49.98078957599579 -22.24601617355851);1763059714.8;13/11/2025 15:48:35;Trator Valtra série T - 05;10;6842;ALAN TURING;PLANTIO MILHO GRÃO;UNIMAR PLANTIO;Velocidade na Operação;;;1.965008
POINT (-49.98093564792908 -22.246282841820562);1763059696.2;13/11/2025 15:48:16;Trator Valtra série T - 05;10;6842;ALAN TURING;PLANTIO MILHO GRÃO;UNIMAR PLANTIO;Velocidade na Operação;;;2.011304
POINT (-49.98093564792908 -22.246282841820562);1763059696.2;13/11/2025 15:48:16;Trator Valtra série T - 05;10;6842;ALAN TURING;PLANTIO MILHO GRÃO;UNIMAR PLANTIO;Velocidade na Operação;;;2.011304
POINT (-49.98093564792908 -22.246282841820562);1763059696.2;13/11/2025 15:48:16;Trator Valtra série T - 05;10;6842;ALAN TURING;PLANTIO MILHO GRÃO;UNIMAR PLANTIO;Velocidade na Operação;;;2.011304
POINT (-49.9809389038726 -22.246381136175163);1763059690.1;13/11/2025 15:48:10;Trator Valtra série T - 05;10;6842;ALAN TURING;PLANTIO MILHO GRÃO;UNIMAR PLANTIO;Velocidade na Operação;;;1.975296
POINT (-49.9809389038726 -22.246381136175163);1763059690.1;13/11/2025 15:48:10;Trator Valtra série T - 05;10;6842;ALAN TURING;PLANTIO MILHO GRÃO;UNIMAR PLANTIO;Velocidade na Operação;;;1.975296
POINT (-49.9809389038726 -22.246381136175163);1763059690.1;13/11/2025 15:48:10;Trator Valtra série T - 05;10;6842;ALAN TURING;PLANTIO MILHO GRÃO;UNIMAR PLANTIO;Velocidade na Operação;;;1.975296
POINT (-49.98094536392866 -22.246391146415135);1763059689.5;13/11/2025 15:48:10;Trator Valtra série T - 05;10;6842;ALAN TURING;PLANTIO MILHO GRÃO;UNIMAR PLANTIO;Velocidade na Operação;;;2.016448
POINT (-49.98094536392866 -22.246391146415135);1763059689.5;13/11/2025 15:48:10;Trator Valtra série T - 05;10;6842;ALAN TURING;PLANTIO MILHO GRÃO;UNIMAR PLANTIO;Velocidade na Operação;;;2.016448
POINT (-49.98094536392866 -22.246391146415135);1763059689.5;13/11/2025 15:48:10;Trator Valtra série T - 05;10;6842;ALAN TURING;PLANTIO MILHO GRÃO;UNIMAR PLANTIO;Velocidade na Operação;;;2.016448
POINT (-49.98097046149626 -22.246539685713827);1763059680.5;13/11/2025 15:48:00;Trator Valtra série T - 05;10;6842;ALAN TURING;PLANTIO MILHO GRÃO;UNIMAR PLANTIO;Velocidade na Operação;;;1.959864
POINT (-49.98097046149626 -22.246539685713827);1763059680.5;13/11/2025 15:48:00;Trator Valtra série T - 05;10;6842;ALAN TURING;PLANTIO MILHO GRÃO;UNIMAR PLANTIO;Velocidade na Operação;;;1.959864
POINT (-49.98097046149626 -22.246539685713827);1763059680.5;13/11/2025 15:48:00;Trator Valtra série T - 05;10;6842;ALAN TURING;PLANTIO MILHO GRÃO;UNIMAR PLANTIO;Velocidade na Operação;;;1.959864
POINT (-49.98062812554272 -22.245782561003608);1763059523.7;13/11/2025 15:45:24;Trator Valtra série T - 05;10;6842;ALAN TURING;PLANTIO MILHO GRÃO;UNIMAR PLANTIO;Velocidade na Operação;;;1.98044
POINT (-49.98062812554272 -22.245782561003608);1763059523.7;13/11/2025 15:45:24;Trator Valtra série T - 05;10;6842;ALAN TURING;PLANTIO MILHO GRÃO;UNIMAR PLANTIO;Velocidade na Operação;;;1.98044
POINT (-49.98062812554272 -22.245782561003608);1763059523.7;13/11/2025 15:45:24;Trator Valtra série T - 05;10;6842;ALAN TURING;PLANTIO MILHO GRÃO;UNIMAR PLANTIO;Velocidade na Operação;;;1.98044
POINT (-49.9802356609866 -22.245688758087905);1763059501.2;13/11/2025 15:45:01;Trator Valtra série T - 05;10;6842;ALAN TURING;PLANTIO MILHO GRÃO;UNIMAR PLANTIO;Velocidade na Operação;;;1.959864
POINT (-49.9802356609866 -22.245688758087905);1763059501.2;13/11/2025 15:45:01;Trator Valtra série T - 05;10;6842;ALAN TURING;PLANTIO MILHO GRÃO;UNIMAR PLANTIO;Velocidade na Operação;;;1.959864
POINT (-49.9802356609866 -22.245688758087905);1763059501.2;13/11/2025 15:45:01;Trator Valtra série T - 05;10;6842;ALAN TURING;PLANTIO MILHO GRÃO;UNIMAR PLANTIO;Velocidade na Operação;;;1.959864
POINT (-49.97997141136795 -22.245639083715428);1763059486.2;13/11/2025 15:44:46;Trator Valtra série T - 05;10;6842;ALAN TURING;PLANTIO MILHO GRÃO;UNIMAR PLANTIO;Velocidade na Operação;;;1.95472
POINT (-49.97997141136795 -22.245639083715428);1763059486.2;13/11/2025 15:44:46;Trator Valtra série T - 05;10;6842;ALAN TURING;PLANTIO MILHO GRÃO;UNIMAR PLANTIO;Velocidade na Operação;;;1.95472
POINT (-49.97997141136795 -22.245639083715428);1763059486.2;13/11/2025 15:44:46;Trator Valtra série T - 05;10;6842;ALAN TURING;PLANTIO MILHO GRÃO;UNIMAR PLANTIO;Velocidade na Operação;;;1.95472
POINT (-49.9808562374487 -22.2459292897778);1763059330.7;13/11/2025 15:42:11;Trator Valtra série T - 05;10;6842;ALAN TURING;PLANTIO MILHO GRÃO;UNIMAR PLANTIO;Velocidade na Operação;;;2.0833201
POINT (-49.9808562374487 -22.2459292897778);1763059330.7;13/11/2025 15:42:11;Trator Valtra série T - 05;10;6842;ALAN TURING;PLANTIO MILHO GRÃO;UNIMAR PLANTIO;Velocidade na Operação;;;2.0833201
POINT (-49.9808562374487 -22.2459292897778);1763059330.7;13/11/2025 15:42:11;Trator Valtra série T - 05;10;6842;ALAN TURING;PLANTIO MILHO GRÃO;UNIMAR PLANTIO;Velocidade na Operação;;;2.0833201
POINT (-49.981054239770266 -22.246354262747314);1763059302.1;13/11/2025 15:41:42;Trator Valtra série T - 05;10;6842;ALAN TURING;PLANTIO MILHO GRÃO;UNIMAR PLANTIO;Velocidade na Operação;;;2.0421681
POINT (-49.981054239770266 -22.246354262747314);1763059302.1;13/11/2025 15:41:42;Trator Valtra série T - 05;10;6842;ALAN TURING;PLANTIO MILHO GRÃO;UNIMAR PLANTIO;Velocidade na Operação;;;2.0421681
POINT (-49.981054239770266 -22.246354262747314);1763059302.1;13/11/2025 15:41:42;Trator Valtra série T - 05;10;6842;ALAN TURING;PLANTIO MILHO GRÃO;UNIMAR PLANTIO;Velocidade na Operação;;;2.0421681
POINT (-49.982240736998286 -22.24682353796545);1763059123.7;13/11/2025 15:38:44;Trator Valtra série T - 05;10;6842;ALAN TURING;PLANTIO MILHO GRÃO;UNIMAR PLANTIO;Velocidade na Operação;;;1.975296
POINT (-49.982240736998286 -22.24682353796545);1763059123.7;13/11/2025 15:38:44;Trator Valtra série T - 05;10;6842;ALAN TURING;PLANTIO MILHO GRÃO;UNIMAR PLANTIO;Velocidade na Operação;;;1.975296
POINT (-49.982240736998286 -22.24682353796545);1763059123.7;13/11/2025 15:38:44;Trator Valtra série T - 05;10;6842;ALAN TURING;PLANTIO MILHO GRÃO;UNIMAR PLANTIO;Velocidade na Operação;;;1.975296
POINT (-49.98154218847302 -22.246929980312224);1763059084.3;13/11/2025 15:38:04;Trator Valtra série T - 05;10;6842;ALAN TURING;PLANTIO MILHO GRÃO;UNIMAR PLANTIO;Velocidade na Operação;;;2.0421681
POINT (-49.98154218847302 -22.246929980312224);1763059084.3;13/11/2025 15:38:04;Trator Valtra série T - 05;10;6842;ALAN TURING;PLANTIO MILHO GRÃO;UNIMAR PLANTIO;Velocidade na Operação;;;2.0421681
POINT (-49.98154218847302 -22.246929980312224);1763059084.3;13/11/2025 15:38:04;Trator Valtra série T - 05;10;6842;ALAN TURING;PLANTIO MILHO GRÃO;UNIMAR PLANTIO;Velocidade na Operação;;;2.0421681
POINT (-49.98102581492751 -22.246945462839854);1763059057.4;13/11/2025 15:37:37;Trator Valtra série T - 05;10;6842;ALAN TURING;PLANTIO MILHO GRÃO;UNIMAR PLANTIO;Velocidade na Operação;;;2.150192
POINT (-49.98102581492751 -22.246945462839854);1763059057.4;13/11/2025 15:37:37;Trator Valtra série T - 05;10;6842;ALAN TURING;PLANTIO MILHO GRÃO;UNIMAR PLANTIO;Velocidade na Operação;;;2.150192
POINT (-49.98102581492751 -22.246945462839854);1763059057.4;13/11/2025 15:37:37;Trator Valtra série T - 05;10;6842;ALAN TURING;PLANTIO MILHO GRÃO;UNIMAR PLANTIO;Velocidade na Operação;;;2.150192
POINT (-49.980723184561576 -22.246114804902014);1763058828.7;13/11/2025 15:33:49;Trator Valtra série T - 05;10;6842;ALAN TURING;PLANTIO MILHO GRÃO;UNIMAR PLANTIO;Velocidade na Operação;;;1.959864
POINT (-49.980723184561576 -22.246114804902014);1763058828.7;13/11/2025 15:33:49;Trator Valtra série T - 05;10;6842;ALAN TURING;PLANTIO MILHO GRÃO;UNIMAR PLANTIO;Velocidade na Operação;;;1.959864
POINT (-49.980723184561576 -22.246114804902014);1763058828.7;13/11/2025 15:33:49;Trator Valtra série T - 05;10;6842;ALAN TURING;PLANTIO MILHO GRÃO;UNIMAR PLANTIO;Velocidade na Operação;;;1.959864
POINT (-49.98079449804462 -22.246017443978026);1763058716.7;13/11/2025 15:31:57;Trator Valtra série T - 05;10;6842;ALAN TURING;PLANTIO MILHO GRÃO;UNIMAR PLANTIO;Velocidade na Operação;;;1.949576
POINT (-49.98079449804462 -22.246017443978026);1763058716.7;13/11/2025 15:31:57;Trator Valtra série T - 05;10;6842;ALAN TURING;PLANTIO MILHO GRÃO;UNIMAR PLANTIO;Velocidade na Operação;;;1.949576
POINT (-49.98079449804462 -22.246017443978026);1763058716.7;13/11/2025 15:31:57;Trator Valtra série T - 05;10;6842;ALAN TURING;PLANTIO MILHO GRÃO;UNIMAR PLANTIO;Velocidade na Operação;;;1.949576
POINT (-49.980840960629614 -22.24617231281404);1763058695.3;13/11/2025 15:31:35;Trator Valtra série T - 05;10;6842;ALAN TURING;PLANTIO MILHO GRÃO;UNIMAR PLANTIO;Velocidade na Operação;;;2.093608
POINT (-49.980840960629614 -22.24617231281404);1763058695.3;13/11/2025 15:31:35;Trator Valtra série T - 05;10;6842;ALAN TURING;PLANTIO MILHO GRÃO;UNIMAR PLANTIO;Velocidade na Operação;;;2.093608
POINT (-49.980840960629614 -22.24617231281404);1763058695.3;13/11/2025 15:31:35;Trator Valtra série T - 05;10;6842;ALAN TURING;PLANTIO MILHO GRÃO;UNIMAR PLANTIO;Velocidade na Operação;;;2.093608
POINT (-49.9802715352991 -22.245787170792678);1763058603.1;13/11/2025 15:30:03;Trator Valtra série T - 05;10;6842;ALAN TURING;PLANTIO MILHO GRÃO;UNIMAR PLANTIO;Velocidade na Operação;;;1.985584
POINT (-49.9802715352991 -22.245787170792678);1763058603.1;13/11/2025 15:30:03;Trator Valtra série T - 05;10;6842;ALAN TURING;PLANTIO MILHO GRÃO;UNIMAR PLANTIO;Velocidade na Operação;;;1.985584
POINT (-49.9802715352991 -22.245787170792678);1763058603.1;13/11/2025 15:30:03;Trator Valtra série T - 05;10;6842;ALAN TURING;PLANTIO MILHO GRÃO;UNIMAR PLANTIO;Velocidade na Operação;;;1.985584
POINT (-49.980667358135264 -22.24607689423589);1763058574.3;13/11/2025 15:29:34;Trator Valtra série T - 05;10;6842;ALAN TURING;PLANTIO MILHO GRÃO;UNIMAR PLANTIO;Velocidade na Operação;;;1.995872
POINT (-49.980667358135264 -22.24607689423589);1763058574.3;13/11/2025 15:29:34;Trator Valtra série T - 05;10;6842;ALAN TURING;PLANTIO MILHO GRÃO;UNIMAR PLANTIO;Velocidade na Operação;;;1.995872
POINT (-49.980667358135264 -22.24607689423589);1763058574.3;13/11/2025 15:29:34;Trator Valtra série T - 05;10;6842;ALAN TURING;PLANTIO MILHO GRÃO;UNIMAR PLANTIO;Velocidade na Operação;;;1.995872
POINT (-49.98080370338598 -22.246071221765707);1763058566.9;13/11/2025 15:29:27;Trator Valtra série T - 05;10;6842;ALAN TURING;PLANTIO MILHO GRÃO;UNIMAR PLANTIO;Velocidade na Operação;;;1.970152
POINT (-49.98080370338598 -22.246071221765707);1763058566.9;13/11/2025 15:29:27;Trator Valtra série T - 05;10;6842;ALAN TURING;PLANTIO MILHO GRÃO;UNIMAR PLANTIO;Velocidade na Operação;;;1.970152
POINT (-49.98080370338598 -22.246071221765707);1763058566.9;13/11/2025 15:29:27;Trator Valtra série T - 05;10;6842;ALAN TURING;PLANTIO MILHO GRÃO;UNIMAR PLANTIO;Velocidade na Operação;;;1.970152
POINT (-49.98081365652786 -22.24606409468915);1763058566.3;13/11/2025 15:29:26;Trator Valtra série T - 05;10;6842;ALAN TURING;PLANTIO MILHO GRÃO;UNIMAR PLANTIO;Velocidade na Operação;;;2.0421681
POINT (-49.98081365652786 -22.24606409468915);1763058566.3;13/11/2025 15:29:26;Trator Valtra série T - 05;10;6842;ALAN TURING;PLANTIO MILHO GRÃO;UNIMAR PLANTIO;Velocidade na Operação;;;2.0421681
POINT (-49.98081365652786 -22.24606409468915);1763058566.3;13/11/2025 15:29:26;Trator Valtra série T - 05;10;6842;ALAN TURING;PLANTIO MILHO GRÃO;UNIMAR PLANTIO;Velocidade na Operação;;;2.0421681
POINT (-49.98042146378217 -22.24615056919616);1763058519.9;13/11/2025 15:28:40;Trator Valtra série T - 05;10;6842;ALAN TURING;PLANTIO MILHO GRÃO;UNIMAR PLANTIO;Velocidade na Operação;;;1.985584
POINT (-49.98042146378217 -22.24615056919616);1763058519.9;13/11/2025 15:28:40;Trator Valtra série T - 05;10;6842;ALAN TURING;PLANTIO MILHO GRÃO;UNIMAR PLANTIO;Velocidade na Operação;;;1.985584
POINT (-49.98042146378217 -22.24615056919616);1763058519.9;13/11/2025 15:28:40;Trator Valtra série T - 05;10;6842;ALAN TURING;PLANTIO MILHO GRÃO;UNIMAR PLANTIO;Velocidade na Operação;;;1.985584
POINT (-49.98015242980843 -22.245895476076765);1763058498.2;13/11/2025 15:28:18;Trator Valtra série T - 05;10;6842;ALAN TURING;PLANTIO MILHO GRÃO;UNIMAR PLANTIO;Velocidade na Operação;;;1.985584
POINT (-49.98015242980843 -22.245895476076765);1763058498.2;13/11/2025 15:28:18;Trator Valtra série T - 05;10;6842;ALAN TURING;PLANTIO MILHO GRÃO;UNIMAR PLANTIO;Velocidade na Operação;;;1.985584
POINT (-49.98015242980843 -22.245895476076765);1763058498.2;13/11/2025 15:28:18;Trator Valtra série T - 05;10;6842;ALAN TURING;PLANTIO MILHO GRÃO;UNIMAR PLANTIO;Velocidade na Operação;;;1.985584
POINT (-49.98002633423661 -22.245745165519907);1763058486.9;13/11/2025 15:28:07;Trator Valtra série T - 05;10;6842;ALAN TURING;PLANTIO MILHO GRÃO;UNIMAR PLANTIO;Velocidade na Operação;;;1.95472
POINT (-49.98002633423661 -22.245745165519907);1763058486.9;13/11/2025 15:28:07;Trator Valtra série T - 05;10;6842;ALAN TURING;PLANTIO MILHO GRÃO;UNIMAR PLANTIO;Velocidade na Operação;;;1.95472
POINT (-49.98002633423661 -22.245745165519907);1763058486.9;13/11/2025 15:28:07;Trator Valtra série T - 05;10;6842;ALAN TURING;PLANTIO MILHO GRÃO;UNIMAR PLANTIO;Velocidade na Operação;;;1.95472
POINT (-49.97961981414375 -22.24562365182938);1763058454.7;13/11/2025 15:27:35;Trator Valtra série T - 05;10;6842;ALAN TURING;PLANTIO MILHO GRÃO;UNIMAR PLANTIO;Velocidade na Operação;;;2.170768
POINT (-49.97961981414375 -22.24562365182938);1763058454.7;13/11/2025 15:27:35;Trator Valtra série T - 05;10;6842;ALAN TURING;PLANTIO MILHO GRÃO;UNIMAR PLANTIO;Velocidade na Operação;;;2.170768
POINT (-49.97961981414375 -22.24562365182938);1763058454.7;13/11/2025 15:27:35;Trator Valtra série T - 05;10;6842;ALAN TURING;PLANTIO MILHO GRÃO;UNIMAR PLANTIO;Velocidade na Operação;;;2.170768
POINT (-49.97966979244323 -22.245653137284084);1763058452.1;13/11/2025 15:27:32;Trator Valtra série T - 05;10;6842;ALAN TURING;PLANTIO MILHO GRÃO;UNIMAR PLANTIO;Velocidade na Operação;;;1.965008
POINT (-49.97966979244323 -22.245653137284084);1763058452.1;13/11/2025 15:27:32;Trator Valtra série T - 05;10;6842;ALAN TURING;PLANTIO MILHO GRÃO;UNIMAR PLANTIO;Velocidade na Operação;;;1.965008
POINT (-49.97966979244323 -22.245653137284084);1763058452.1;13/11/2025 15:27:32;Trator Valtra série T - 05;10;6842;ALAN TURING;PLANTIO MILHO GRÃO;UNIMAR PLANTIO;Velocidade na Operação;;;1.965008
POINT (-49.97992018799178 -22.245877128921634);1763058432.9;13/11/2025 15:27:13;Trator Valtra série T - 05;10;6842;ALAN TURING;PLANTIO MILHO GRÃO;UNIMAR PLANTIO;Velocidade na Operação;;;2.037024
POINT (-49.97992018799178 -22.245877128921634);1763058432.9;13/11/2025 15:27:13;Trator Valtra série T - 05;10;6842;ALAN TURING;PLANTIO MILHO GRÃO;UNIMAR PLANTIO;Velocidade na Operação;;;2.037024
POINT (-49.97992018799178 -22.245877128921634);1763058432.9;13/11/2025 15:27:13;Trator Valtra série T - 05;10;6842;ALAN TURING;PLANTIO MILHO GRÃO;UNIMAR PLANTIO;Velocidade na Operação;;;2.037024
POINT (-49.98054272252988 -22.246365055407523);1763058386.5;13/11/2025 15:26:26;Trator Valtra série T - 05;10;6842;ALAN TURING;PLANTIO MILHO GRÃO;UNIMAR PLANTIO;Velocidade na Operação;;;1.949576
POINT (-49.98054272252988 -22.246365055407523);1763058386.5;13/11/2025 15:26:26;Trator Valtra série T - 05;10;6842;ALAN TURING;PLANTIO MILHO GRÃO;UNIMAR PLANTIO;Velocidade na Operação;;;1.949576
POINT (-49.98054272252988 -22.246365055407523);1763058386.5;13/11/2025 15:26:26;Trator Valtra série T - 05;10;6842;ALAN TURING;PLANTIO MILHO GRÃO;UNIMAR PLANTIO;Velocidade na Operação;;;1.949576
POINT (-49.98066770147398 -22.246380837080345);1763058379.5;13/11/2025 15:26:20;Trator Valtra série T - 05;10;6842;ALAN TURING;PLANTIO MILHO GRÃO;UNIMAR PLANTIO;Velocidade na Operação;;;1.949576
POINT (-49.98066770147398 -22.246380837080345);1763058379.5;13/11/2025 15:26:20;Trator Valtra série T - 05;10;6842;ALAN TURING;PLANTIO MILHO GRÃO;UNIMAR PLANTIO;Velocidade na Operação;;;1.949576
POINT (-49.98066770147398 -22.246380837080345);1763058379.5;13/11/2025 15:26:20;Trator Valtra série T - 05;10;6842;ALAN TURING;PLANTIO MILHO GRÃO;UNIMAR PLANTIO;Velocidade na Operação;;;1.949576
POINT (-49.98058230275503 -22.246254335266872);1763058307.9;13/11/2025 15:25:08;Trator Valtra série T - 05;10;6842;ALAN TURING;PLANTIO MILHO GRÃO;UNIMAR PLANTIO;Velocidade na Operação;;;2.016448
POINT (-49.98058230275503 -22.246254335266872);1763058307.9;13/11/2025 15:25:08;Trator Valtra série T - 05;10;6842;ALAN TURING;PLANTIO MILHO GRÃO;UNIMAR PLANTIO;Velocidade na Operação;;;2.016448
POINT (-49.98058230275503 -22.246254335266872);1763058307.9;13/11/2025 15:25:08;Trator Valtra série T - 05;10;6842;ALAN TURING;PLANTIO MILHO GRÃO;UNIMAR PLANTIO;Velocidade na Operação;;;2.016448
POINT (-49.98039116068905 -22.24619121141759);1763058296.5;13/11/2025 15:24:56;Trator Valtra série T - 05;10;6842;ALAN TURING;PLANTIO MILHO GRÃO;UNIMAR PLANTIO;Velocidade na Operação;;;1.965008
POINT (-49.98039116068905 -22.24619121141759);1763058296.5;13/11/2025 15:24:56;Trator Valtra série T - 05;10;6842;ALAN TURING;PLANTIO MILHO GRÃO;UNIMAR PLANTIO;Velocidade na Operação;;;1.965008
POINT (-49.98039116068905 -22.24619121141759);1763058296.5;13/11/2025 15:24:56;Trator Valtra série T - 05;10;6842;ALAN TURING;PLANTIO MILHO GRÃO;UNIMAR PLANTIO;Velocidade na Operação;;;1.965008
POINT (-49.97992961169743 -22.24572065684004);1763058232.2;13/11/2025 15:23:52;Trator Valtra série T - 05;10;6842;ALAN TURING;PLANTIO MILHO GRÃO;UNIMAR PLANTIO;Velocidade na Operação;;;1.975296
POINT (-49.97992961169743 -22.24572065684004);1763058232.2;13/11/2025 15:23:52;Trator Valtra série T - 05;10;6842;ALAN TURING;PLANTIO MILHO GRÃO;UNIMAR PLANTIO;Velocidade na Operação;;;1.975296
POINT (-49.97992961169743 -22.24572065684004);1763058232.2;13/11/2025 15:23:52;Trator Valtra série T - 05;10;6842;ALAN TURING;PLANTIO MILHO GRÃO;UNIMAR PLANTIO;Velocidade na Operação;;;1.975296
POINT (-49.979878311438405 -22.245910634830807);1763058178.3;13/11/2025 15:22:58;Trator Valtra série T - 05;10;6842;ALAN TURING;PLANTIO MILHO GRÃO;UNIMAR PLANTIO;Velocidade na Operação;;;1.990728
POINT (-49.979878311438405 -22.245910634830807);1763058178.3;13/11/2025 15:22:58;Trator Valtra série T - 05;10;6842;ALAN TURING;PLANTIO MILHO GRÃO;UNIMAR PLANTIO;Velocidade na Operação;;;1.990728
POINT (-49.979878311438405 -22.245910634830807);1763058178.3;13/11/2025 15:22:58;Trator Valtra série T - 05;10;6842;ALAN TURING;PLANTIO MILHO GRÃO;UNIMAR PLANTIO;Velocidade na Operação;;;1.990728
POINT (-49.980501141876765 -22.246410940515837);1763058131.5;13/11/2025 15:22:12;Trator Valtra série T - 05;10;6842;ALAN TURING;PLANTIO MILHO GRÃO;UNIMAR PLANTIO;Velocidade na Operação;;;1.95472
POINT (-49.980501141876765 -22.246410940515837);1763058131.5;13/11/2025 15:22:12;Trator Valtra série T - 05;10;6842;ALAN TURING;PLANTIO MILHO GRÃO;UNIMAR PLANTIO;Velocidade na Operação;;;1.95472
POINT (-49.980501141876765 -22.246410940515837);1763058131.5;13/11/2025 15:22:12;Trator Valtra série T - 05;10;6842;ALAN TURING;PLANTIO MILHO GRÃO;UNIMAR PLANTIO;Velocidade na Operação;;;1.95472
POINT (-49.9809814033926 -22.246412774757612);1763058077.3;13/11/2025 15:21:17;Trator Valtra série T - 05;10;6842;ALAN TURING;PLANTIO MILHO GRÃO;UNIMAR PLANTIO;Velocidade na Operação;;;2.047312
POINT (-49.9809814033926 -22.246412774757612);1763058077.3;13/11/2025 15:21:17;Trator Valtra série T - 05;10;6842;ALAN TURING;PLANTIO MILHO GRÃO;UNIMAR PLANTIO;Velocidade na Operação;;;2.047312
POINT (-49.9809814033926 -22.246412774757612);1763058077.3;13/11/2025 15:21:17;Trator Valtra série T - 05;10;6842;ALAN TURING;PLANTIO MILHO GRÃO;UNIMAR PLANTIO;Velocidade na Operação;;;2.047312
POINT (-49.98086974600222 -22.246327777170162);1763058057.1;13/11/2025 15:20:57;Trator Valtra série T - 05;10;6842;ALAN TURING;PLANTIO MILHO GRÃO;UNIMAR PLANTIO;Velocidade na Operação;;;1.995872
POINT (-49.98086974600222 -22.246327777170162);1763058057.1;13/11/2025 15:20:57;Trator Valtra série T - 05;10;6842;ALAN TURING;PLANTIO MILHO GRÃO;UNIMAR PLANTIO;Velocidade na Operação;;;1.995872
POINT (-49.98086974600222 -22.246327777170162);1763058057.1;13/11/2025 15:20:57;Trator Valtra série T - 05;10;6842;ALAN TURING;PLANTIO MILHO GRÃO;UNIMAR PLANTIO;Velocidade na Operação;;;1.995872
POINT (-49.979980273345866 -22.245846677831437);1763057996.1;13/11/2025 15:19:56;Trator Valtra série T - 05;10;6842;ALAN TURING;PLANTIO MILHO GRÃO;UNIMAR PLANTIO;Velocidade na Operação;;;2.0421681
POINT (-49.979980273345866 -22.245846677831437);1763057996.1;13/11/2025 15:19:56;Trator Valtra série T - 05;10;6842;ALAN TURING;PLANTIO MILHO GRÃO;UNIMAR PLANTIO;Velocidade na Operação;;;2.0421681
POINT (-49.979980273345866 -22.245846677831437);1763057996.1;13/11/2025 15:19:56;Trator Valtra série T - 05;10;6842;ALAN TURING;PLANTIO MILHO GRÃO;UNIMAR PLANTIO;Velocidade na Operação;;;2.0421681
POINT (-49.979657311148294 -22.24578261263165);1763057948.5;13/11/2025 15:19:08;Trator Valtra série T - 05;10;6842;ALAN TURING;PLANTIO MILHO GRÃO;UNIMAR PLANTIO;Velocidade na Operação;;;1.949576
POINT (-49.979657311148294 -22.24578261263165);1763057948.5;13/11/2025 15:19:08;Trator Valtra série T - 05;10;6842;ALAN TURING;PLANTIO MILHO GRÃO;UNIMAR PLANTIO;Velocidade na Operação;;;1.949576
POINT (-49.979657311148294 -22.24578261263165);1763057948.5;13/11/2025 15:19:08;Trator Valtra série T - 05;10;6842;ALAN TURING;PLANTIO MILHO GRÃO;UNIMAR PLANTIO;Velocidade na Operação;;;1.949576
POINT (-49.98001191326993 -22.24616064587117);1763057918.5;13/11/2025 15:18:38;Trator Valtra série T - 05;10;6842;ALAN TURING;PLANTIO MILHO GRÃO;UNIMAR PLANTIO;Velocidade na Operação;;;1.965008
POINT (-49.98001191326993 -22.24616064587117);1763057918.5;13/11/2025 15:18:38;Trator Valtra série T - 05;10;6842;ALAN TURING;PLANTIO MILHO GRÃO;UNIMAR PLANTIO;Velocidade na Operação;;;1.965008
POINT (-49.98001191326993 -22.24616064587117);1763057918.5;13/11/2025 15:18:38;Trator Valtra série T - 05;10;6842;ALAN TURING;PLANTIO MILHO GRÃO;UNIMAR PLANTIO;Velocidade na Operação;;;1.965008
POINT (-49.98079821034928 -22.246491122179364);1763057868.7;13/11/2025 15:17:49;Trator Valtra série T - 05;10;6842;ALAN TURING;PLANTIO MILHO GRÃO;UNIMAR PLANTIO;Velocidade na Operação;;;1.965008
POINT (-49.98079821034928 -22.246491122179364);1763057868.7;13/11/2025 15:17:49;Trator Valtra série T - 05;10;6842;ALAN TURING;PLANTIO MILHO GRÃO;UNIMAR PLANTIO;Velocidade na Operação;;;1.965008
POINT (-49.98079821034928 -22.246491122179364);1763057868.7;13/11/2025 15:17:49;Trator Valtra série T - 05;10;6842;ALAN TURING;PLANTIO MILHO GRÃO;UNIMAR PLANTIO;Velocidade na Operação;;;1.965008
POINT (-49.980155392954586 -22.24655702053719);1763057785.7;13/11/2025 15:16:26;Trator Valtra série T - 05;10;6842;ALAN TURING;PLANTIO MILHO GRÃO;UNIMAR PLANTIO;Velocidade na Operação;;;1.98044
POINT (-49.980155392954586 -22.24655702053719);1763057785.7;13/11/2025 15:16:26;Trator Valtra série T - 05;10;6842;ALAN TURING;PLANTIO MILHO GRÃO;UNIMAR PLANTIO;Velocidade na Operação;;;1.98044
POINT (-49.980155392954586 -22.24655702053719);1763057785.7;13/11/2025 15:16:26;Trator Valtra série T - 05;10;6842;ALAN TURING;PLANTIO MILHO GRÃO;UNIMAR PLANTIO;Velocidade na Operação;;;1.98044
POINT (-49.97976286130485 -22.246208325670253);1763057755.7;13/11/2025 15:15:56;Trator Valtra série T - 05;10;6842;ALAN TURING;PLANTIO MILHO GRÃO;UNIMAR PLANTIO;Velocidade na Operação;;;1.98044
POINT (-49.97976286130485 -22.246208325670253);1763057755.7;13/11/2025 15:15:56;Trator Valtra série T - 05;10;6842;ALAN TURING;PLANTIO MILHO GRÃO;UNIMAR PLANTIO;Velocidade na Operação;;;1.98044
POINT (-49.97976286130485 -22.246208325670253);1763057755.7;13/11/2025 15:15:56;Trator Valtra série T - 05;10;6842;ALAN TURING;PLANTIO MILHO GRÃO;UNIMAR PLANTIO;Velocidade na Operação;;;1.98044
POINT (-49.97965447334607 -22.2460696913522);1763057745.7;13/11/2025 15:15:46;Trator Valtra série T - 05;10;6842;ALAN TURING;PLANTIO MILHO GRÃO;UNIMAR PLANTIO;Velocidade na Operação;;;1.985584
POINT (-49.97965447334607 -22.2460696913522);1763057745.7;13/11/2025 15:15:46;Trator Valtra série T - 05;10;6842;ALAN TURING;PLANTIO MILHO GRÃO;UNIMAR PLANTIO;Velocidade na Operação;;;1.985584
POINT (-49.97965447334607 -22.2460696913522);1763057745.7;13/11/2025 15:15:46;Trator Valtra série T - 05;10;6842;ALAN TURING;PLANTIO MILHO GRÃO;UNIMAR PLANTIO;Velocidade na Operação;;;1.985584
POINT (-49.9805794920634 -22.246539522526266);1763057467.7;13/11/2025 15:11:08;Trator Valtra série T - 05;10;6842;ALAN TURING;PLANTIO MILHO GRÃO;UNIMAR PLANTIO;Velocidade na Operação;;;2.026736
POINT (-49.9805794920634 -22.246539522526266);1763057467.7;13/11/2025 15:11:08;Trator Valtra série T - 05;10;6842;ALAN TURING;PLANTIO MILHO GRÃO;UNIMAR PLANTIO;Velocidade na Operação;;;2.026736
POINT (-49.9805794920634 -22.246539522526266);1763057467.7;13/11/2025 15:11:08;Trator Valtra série T - 05;10;6842;ALAN TURING;PLANTIO MILHO GRÃO;UNIMAR PLANTIO;Velocidade na Operação;;;2.026736
POINT (-49.98039182294865 -22.246707846335493);1763057364.9;13/11/2025 15:09:25;Trator Valtra série T - 05;10;6842;ALAN TURING;PLANTIO MILHO GRÃO;UNIMAR PLANTIO;Velocidade na Operação;;;1.959864
POINT (-49.98039182294865 -22.246707846335493);1763057364.9;13/11/2025 15:09:25;Trator Valtra série T - 05;10;6842;ALAN TURING;PLANTIO MILHO GRÃO;UNIMAR PLANTIO;Velocidade na Operação;;;1.959864
POINT (-49.98039182294865 -22.246707846335493);1763057364.9;13/11/2025 15:09:25;Trator Valtra série T - 05;10;6842;ALAN TURING;PLANTIO MILHO GRÃO;UNIMAR PLANTIO;Velocidade na Operação;;;1.959864
POINT (-49.97974190836637 -22.246270769465323);1763057319.9;13/11/2025 15:08:40;Trator Valtra série T - 05;10;6842;ALAN TURING;PLANTIO MILHO GRÃO;UNIMAR PLANTIO;Velocidade na Operação;;;2.016448
POINT (-49.97974190836637 -22.246270769465323);1763057319.9;13/11/2025 15:08:40;Trator Valtra série T - 05;10;6842;ALAN TURING;PLANTIO MILHO GRÃO;UNIMAR PLANTIO;Velocidade na Operação;;;2.016448
POINT (-49.97974190836637 -22.246270769465323);1763057319.9;13/11/2025 15:08:40;Trator Valtra série T - 05;10;6842;ALAN TURING;PLANTIO MILHO GRÃO;UNIMAR PLANTIO;Velocidade na Operação;;;2.016448
POINT (-49.98016086990136 -22.246687560732756);1763057069.9;13/11/2025 15:04:30;Trator Valtra série T - 05;10;6842;ALAN TURING;PLANTIO MILHO GRÃO;UNIMAR PLANTIO;Velocidade na Operação;;;2.037024
POINT (-49.98016086990136 -22.246687560732756);1763057069.9;13/11/2025 15:04:30;Trator Valtra série T - 05;10;6842;ALAN TURING;PLANTIO MILHO GRÃO;UNIMAR PLANTIO;Velocidade na Operação;;;2.037024
POINT (-49.98016086990136 -22.246687560732756);1763057069.9;13/11/2025 15:04:30;Trator Valtra série T - 05;10;6842;ALAN TURING;PLANTIO MILHO GRÃO;UNIMAR PLANTIO;Velocidade na Operação;;;2.037024
POINT (-49.97974078770518 -22.24635843263883);1763057039.5;13/11/2025 15:04:00;Trator Valtra série T - 05;10;6842;ALAN TURING;PLANTIO MILHO GRÃO;UNIMAR PLANTIO;Velocidade na Operação;;;1.965008
POINT (-49.97974078770518 -22.24635843263883);1763057039.5;13/11/2025 15:04:00;Trator Valtra série T - 05;10;6842;ALAN TURING;PLANTIO MILHO GRÃO;UNIMAR PLANTIO;Velocidade na Operação;;;1.965008
POINT (-49.97974078770518 -22.24635843263883);1763057039.5;13/11/2025 15:04:00;Trator Valtra série T - 05;10;6842;ALAN TURING;PLANTIO MILHO GRÃO;UNIMAR PLANTIO;Velocidade na Operação;;;1.965008
POINT (-49.97963428196548 -22.246214716963987);1763057029.1;13/11/2025 15:03:49;Trator Valtra série T - 05;10;6842;ALAN TURING;PLANTIO MILHO GRÃO;UNIMAR PLANTIO;Velocidade na Operação;;;1.990728
POINT (-49.97963428196548 -22.246214716963987);1763057029.1;13/11/2025 15:03:49;Trator Valtra série T - 05;10;6842;ALAN TURING;PLANTIO MILHO GRÃO;UNIMAR PLANTIO;Velocidade na Operação;;;1.990728
POINT (-49.97963428196548 -22.246214716963987);1763057029.1;13/11/2025 15:03:49;Trator Valtra série T - 05;10;6842;ALAN TURING;PLANTIO MILHO GRÃO;UNIMAR PLANTIO;Velocidade na Operação;;;1.990728
POINT (-49.9795771078373 -22.24614921777641);1763057024.2;13/11/2025 15:03:44;Trator Valtra série T - 05;10;6842;ALAN TURING;PLANTIO MILHO GRÃO;UNIMAR PLANTIO;Velocidade na Operação;;;1.95472
POINT (-49.9795771078373 -22.24614921777641);1763057024.2;13/11/2025 15:03:44;Trator Valtra série T - 05;10;6842;ALAN TURING;PLANTIO MILHO GRÃO;UNIMAR PLANTIO;Velocidade na Operação;;;1.95472
POINT (-49.9795771078373 -22.24614921777641);1763057024.2;13/11/2025 15:03:44;Trator Valtra série T - 05;10;6842;ALAN TURING;PLANTIO MILHO GRÃO;UNIMAR PLANTIO;Velocidade na Operação;;;1.95472
POINT (-49.97945004641789 -22.24602645630474);1763057014.2;13/11/2025 15:03:34;Trator Valtra série T - 05;10;6842;ALAN TURING;PLANTIO MILHO GRÃO;UNIMAR PLANTIO;Velocidade na Operação;;;1.970152
POINT (-49.97945004641789 -22.24602645630474);1763057014.2;13/11/2025 15:03:34;Trator Valtra série T - 05;10;6842;ALAN TURING;PLANTIO MILHO GRÃO;UNIMAR PLANTIO;Velocidade na Operação;;;1.970152
POINT (-49.97945004641789 -22.24602645630474);1763057014.2;13/11/2025 15:03:34;Trator Valtra série T - 05;10;6842;ALAN TURING;PLANTIO MILHO GRÃO;UNIMAR PLANTIO;Velocidade na Operação;;;1.970152
POINT (-49.97945927683278 -22.245829134878985);1763056879.3;13/11/2025 15:01:19;Trator Valtra série T - 05;10;6842;ALAN TURING;PLANTIO MILHO GRÃO;UNIMAR PLANTIO;Velocidade na Operação;;;1.990728
POINT (-49.97945927683278 -22.245829134878985);1763056879.3;13/11/2025 15:01:19;Trator Valtra série T - 05;10;6842;ALAN TURING;PLANTIO MILHO GRÃO;UNIMAR PLANTIO;Velocidade na Operação;;;1.990728
POINT (-49.97945927683278 -22.245829134878985);1763056879.3;13/11/2025 15:01:19;Trator Valtra série T - 05;10;6842;ALAN TURING;PLANTIO MILHO GRÃO;UNIMAR PLANTIO;Velocidade na Operação;;;1.990728
POINT (-49.97969183941956 -22.24638982910354);1763056648.9;13/11/2025 14:57:29;Trator Valtra série T - 05;10;6842;ALAN TURING;PLANTIO MILHO GRÃO;UNIMAR PLANTIO;Velocidade na Operação;;;1.985584
POINT (-49.97969183941956 -22.24638982910354);1763056648.9;13/11/2025 14:57:29;Trator Valtra série T - 05;10;6842;ALAN TURING;PLANTIO MILHO GRÃO;UNIMAR PLANTIO;Velocidade na Operação;;;1.985584
POINT (-49.97969183941956 -22.24638982910354);1763056648.9;13/11/2025 14:57:29;Trator Valtra série T - 05;10;6842;ALAN TURING;PLANTIO MILHO GRÃO;UNIMAR PLANTIO;Velocidade na Operação;;;1.985584
POINT (-49.97947232913879 -22.246120349530788);1763056629.2;13/11/2025 14:57:09;Trator Valtra série T - 05;10;6842;ALAN TURING;PLANTIO MILHO GRÃO;UNIMAR PLANTIO;Velocidade na Operação;;;2.129616
POINT (-49.97947232913879 -22.246120349530788);1763056629.2;13/11/2025 14:57:09;Trator Valtra série T - 05;10;6842;ALAN TURING;PLANTIO MILHO GRÃO;UNIMAR PLANTIO;Velocidade na Operação;;;2.129616
POINT (-49.97947232913879 -22.246120349530788);1763056629.2;13/11/2025 14:57:09;Trator Valtra série T - 05;10;6842;ALAN TURING;PLANTIO MILHO GRÃO;UNIMAR PLANTIO;Velocidade na Operação;;;2.129616
POINT (-49.979324378789684 -22.245988410710037);1763056618.3;13/11/2025 14:56:58;Trator Valtra série T - 05;10;6842;ALAN TURING;PLANTIO MILHO GRÃO;UNIMAR PLANTIO;Velocidade na Operação;;;2.047312
POINT (-49.979324378789684 -22.245988410710037);1763056618.3;13/11/2025 14:56:58;Trator Valtra série T - 05;10;6842;ALAN TURING;PLANTIO MILHO GRÃO;UNIMAR PLANTIO;Velocidade na Operação;;;2.047312
POINT (-49.979324378789684 -22.245988410710037);1763056618.3;13/11/2025 14:56:58;Trator Valtra série T - 05;10;6842;ALAN TURING;PLANTIO MILHO GRÃO;UNIMAR PLANTIO;Velocidade na Operação;;;2.047312
POINT (-49.97929031424143 -22.245965772927757);1763056616.2;13/11/2025 14:56:56;Trator Valtra série T - 05;10;6842;ALAN TURING;PLANTIO MILHO GRÃO;UNIMAR PLANTIO;Velocidade na Operação;;;2.170768
POINT (-49.97929031424143 -22.245965772927757);1763056616.2;13/11/2025 14:56:56;Trator Valtra série T - 05;10;6842;ALAN TURING;PLANTIO MILHO GRÃO;UNIMAR PLANTIO;Velocidade na Operação;;;2.170768
POINT (-49.97929031424143 -22.245965772927757);1763056616.2;13/11/2025 14:56:56;Trator Valtra série T - 05;10;6842;ALAN TURING;PLANTIO MILHO GRÃO;UNIMAR PLANTIO;Velocidade na Operação;;;2.170768
POINT (-49.97243826018782 -22.246174502523033);1762878896.6;11/11/2025 13:34:57;Trator John Deere Série 6J - 6166;6;2025;ALUNO DA MANHÃ;MEDIÇÃO DE ÁREA;UNIMAR SERVIÇOS GERAIS;Tempo Máximo de Motor Ocioso;00:00:54;Sem evento;
POINT (-49.97241242580388 -22.246281960260383);1762879099.2;11/11/2025 13:38:19;Trator John Deere Série 6J - 6166;6;2025;ALUNO DA MANHÃ;MEDIÇÃO DE ÁREA;UNIMAR SERVIÇOS GERAIS;Tempo Máximo de Motor Ocioso;00:02:04;Sem evento;
POINT (-49.97244969765223 -22.246297403218623);1762879263.1;11/11/2025 13:41:03;Trator John Deere Série 6J - 6166;6;2025;ALUNO DA MANHÃ;MEDIÇÃO DE ÁREA;UNIMAR SERVIÇOS GERAIS;Tempo Máximo de Motor Ocioso;00:00:14;Sem evento;
POINT (-49.97248715873117 -22.246227397917554);1762879345;11/11/2025 13:42:25;Trator John Deere Série 6J - 6166;6;2025;ALUNO DA MANHÃ;MEDIÇÃO DE ÁREA;UNIMAR SERVIÇOS GERAIS;Tempo Máximo de Motor Ocioso;00:02:17;Sem evento;
POINT (-49.97313472326688 -22.246418770981453);1762879647.4;11/11/2025 13:47:27;Trator John Deere Série 6J - 6166;6;2025;ALUNO DA MANHÃ;MEDIÇÃO DE ÁREA;UNIMAR SERVIÇOS GERAIS;Tempo Máximo de Motor Ocioso;00:11:44;Sem evento;
POINT (-49.975776833439404 -22.247977823809602);1762880516.8;11/11/2025 14:01:57;Trator John Deere Série 6J - 6166;6;2025;ALUNO DA MANHÃ;MEDIÇÃO DE ÁREA;UNIMAR SERVIÇOS GERAIS;Tempo Máximo de Motor Ocioso;00:05:39;Sem evento;
POINT (-49.97286511152492 -22.246455155975447);1762881674.5;11/11/2025 14:21:14;Trator John Deere Série 6J - 6166;6;2025;ALUNO DA MANHÃ;MEDIÇÃO DE ÁREA;UNIMAR SERVIÇOS GERAIS;Tempo Máximo de Motor Ocioso;00:02:40;Sem evento;
POINT (-49.97286511152492 -22.246455155975447);1762881875.3;11/11/2025 14:24:35;Trator John Deere Série 6J - 6166;6;2025;ALUNO DA MANHÃ;MEDIÇÃO DE ÁREA;UNIMAR SERVIÇOS GERAIS;Tempo Máximo de Motor Ocioso;00:01:35;Sem evento;
POINT (-49.976347245035775 -22.24740826000428);1762882258.3;11/11/2025 14:30:58;Trator John Deere Série 6J - 6166;6;2025;ALUNO DA MANHÃ;MEDIÇÃO DE ÁREA;UNIMAR SERVIÇOS GERAIS;Tempo Máximo de Motor Ocioso;00:06:14;Sem evento;
POINT (-49.9764963043359 -22.24728451941093);1762882831.7;11/11/2025 14:40:32;Trator John Deere Série 6J - 6166;6;2025;ALUNO DA MANHÃ;MEDIÇÃO DE ÁREA;UNIMAR SERVIÇOS GERAIS;Tempo Máximo de Motor Ocioso;00:00:19;Sem evento;
POINT (-49.975741881467584 -22.247661831224125);1762883034;11/11/2025 14:43:54;Trator John Deere Série 6J - 6166;6;2025;ALUNO DA MANHÃ;MEDIÇÃO DE ÁREA;UNIMAR SERVIÇOS GERAIS;Tempo Máximo de Motor Ocioso;00:00:09;Sem evento;
POINT (-49.97572809478129 -22.24766382034871);1762883081.2;11/11/2025 14:44:41;Trator John Deere Série 6J - 6166;6;2025;ALUNO DA MANHÃ;MEDIÇÃO DE ÁREA;UNIMAR SERVIÇOS GERAIS;Tempo Máximo de Motor Ocioso;00:00:54;Sem evento;
POINT (-49.96522628035272 -22.24068381357655);1762883700.9;11/11/2025 14:55:01;Trator John Deere Série 6J - 6166;6;2025;ALUNO DA MANHÃ;MEDIÇÃO DE ÁREA;UNIMAR SERVIÇOS GERAIS;Tempo Máximo de Motor Ocioso;00:02:19;Sem evento;
POINT (-49.96526722258692 -22.24070031823444);1762883873.7;11/11/2025 14:57:54;Trator John Deere Série 6J - 6166;6;2025;ALUNO DA MANHÃ;MEDIÇÃO DE ÁREA;UNIMAR SERVIÇOS GERAIS;Tempo Máximo de Motor Ocioso;00:02:14;Sem evento;
POINT (-49.96526722258692 -22.24070031823444);1762884003.7;11/11/2025 15:00:04;Trator John Deere Série 6J - 6166;6;2025;ALUNO DA MANHÃ;MEDIÇÃO DE ÁREA;UNIMAR SERVIÇOS GERAIS;Tempo Máximo de Motor Ocioso;00:07:29;Sem evento;
POINT (-49.96527538061319 -22.24069859167429);1762884354.6;11/11/2025 15:05:55;Trator John Deere Série 6J - 6166;6;2025;ALUNO DA MANHÃ;MEDIÇÃO DE ÁREA;UNIMAR SERVIÇOS GERAIS;Tempo Máximo de Motor Ocioso;00:07:55;Sem evento;
POINT (-49.96529588633872 -22.240683155999022);1762884863.9;11/11/2025 15:14:24;Trator John Deere Série 6J - 6166;6;2025;ALUNO DA MANHÃ;MEDIÇÃO DE ÁREA;UNIMAR SERVIÇOS GERAIS;Tempo Máximo de Motor Ocioso;00:01:14;Sem evento;
POINT (-49.965285755054275 -22.240692824321012);1762884970.1;11/11/2025 15:16:10;Trator John Deere Série 6J - 6166;6;2025;ALUNO DA MANHÃ;MEDIÇÃO DE ÁREA;UNIMAR SERVIÇOS GERAIS;Tempo Máximo de Motor Ocioso;00:00:25;Sem evento;
POINT (-49.965248830571774 -22.240620703804527);1762885047.8;11/11/2025 15:17:28;Trator John Deere Série 6J - 6166;6;2025;ALUNO DA MANHÃ;MEDIÇÃO DE ÁREA;UNIMAR SERVIÇOS GERAIS;Tempo Máximo de Motor Ocioso;00:00:29;Sem evento;
POINT (-49.97293285157431 -22.246911993781165);1762886146.1;11/11/2025 15:35:46;Trator John Deere Série 6J - 6166;6;2025;ALUNO DA MANHÃ;MEDIÇÃO DE ÁREA;UNIMAR SERVIÇOS GERAIS;Tempo Máximo de Motor Ocioso;00:00:14;Sem evento;
POINT (-49.975573418162114 -22.24864867021061);1762886970;11/11/2025 15:49:30;Trator John Deere Série 6J - 6166;6;2025;ALUNO DA MANHÃ;MEDIÇÃO DE ÁREA;UNIMAR SERVIÇOS GERAIS;Tempo Máximo de Motor Ocioso;00:00:08;Sem evento;
POINT (-49.976402516069435 -22.24720602505162);1762892786;11/11/2025 17:26:26;Trator John Deere Série 6J - 6166;6;2025;ALUNO DA MANHÃ;MEDIÇÃO DE ÁREA;UNIMAR SERVIÇOS GERAIS;Tempo Máximo de Motor Ocioso;00:04:03;Sem evento;
POINT (-49.976411132728934 -22.24707645554315);1762893093.8;11/11/2025 17:31:34;Trator John Deere Série 6J - 6166;6;2025;ALUNO DA MANHÃ;MEDIÇÃO DE ÁREA;UNIMAR SERVIÇOS GERAIS;Tempo Máximo de Motor Ocioso;00:01:55;Sem evento;
POINT (-49.97645860804293 -22.2463756479357);1762893316.1;11/11/2025 17:35:16;Trator John Deere Série 6J - 6166;6;2025;ALUNO DA MANHÃ;MEDIÇÃO DE ÁREA;UNIMAR SERVIÇOS GERAIS;Tempo Máximo de Motor Ocioso;00:00:14;Sem evento;
POINT (-49.97633173709338 -22.246595648684785);1762893444;11/11/2025 17:37:24;Trator John Deere Série 6J - 6166;6;2025;ALUNO DA MANHÃ;MEDIÇÃO DE ÁREA;UNIMAR SERVIÇOS GERAIS;Tempo Máximo de Motor Ocioso;00:03:24;Sem evento;
POINT (-49.97644643279993 -22.247095610216213);1762893711.2;11/11/2025 17:41:51;Trator John Deere Série 6J - 6166;6;2025;ALUNO DA MANHÃ;MEDIÇÃO DE ÁREA;UNIMAR SERVIÇOS GERAIS;Tempo Máximo de Motor Ocioso;00:04:45;Sem evento;
POINT (-49.975919839005726 -22.248687161060857);1762894587;11/11/2025 17:56:27;Trator John Deere Série 6J - 6166;6;2025;ALUNO DA MANHÃ;MEDIÇÃO DE ÁREA;UNIMAR SERVIÇOS GERAIS;Tempo Máximo de Motor Ocioso;00:03:40;Sem evento;
POINT (-49.975919839005726 -22.248687161060857);1762894802;11/11/2025 18:00:02;Trator John Deere Série 6J - 6166;6;2025;ALUNO DA MANHÃ;MEDIÇÃO DE ÁREA;UNIMAR SERVIÇOS GERAIS;Tempo Máximo de Motor Ocioso;00:07:05;Sem evento;
POINT (-49.97586097827294 -22.24867772148601);1762896244.3;11/11/2025 18:24:04;Trator John Deere Série 6J - 6166;6;2025;ALUNO DA MANHÃ;MEDIÇÃO DE ÁREA;UNIMAR SERVIÇOS GERAIS;Tempo Máximo de Motor Ocioso;00:02:06;Sem evento;
POINT (-49.976454549079655 -22.24718928112832);1762896516.7;11/11/2025 18:28:37;Trator John Deere Série 6J - 6166;6;2025;ALUNO DA MANHÃ;MEDIÇÃO DE ÁREA;UNIMAR SERVIÇOS GERAIS;Tempo Máximo de Motor Ocioso;00:02:49;Sem evento;
POINT (-49.976354815435876 -22.247047641789433);1762896827.6;11/11/2025 18:33:48;Trator John Deere Série 6J - 6166;6;2025;ALUNO DA MANHÃ;MEDIÇÃO DE ÁREA;UNIMAR SERVIÇOS GERAIS;Tempo Máximo de Motor Ocioso;00:05:44;Sem evento;
POINT (-49.97650141924728 -22.246954452897548);1762897321.1;11/11/2025 18:42:01;Trator John Deere Série 6J - 6166;6;2025;ALUNO DA MANHÃ;MEDIÇÃO DE ÁREA;UNIMAR SERVIÇOS GERAIS;Tempo Máximo de Motor Ocioso;00:04:08;Sem evento;
POINT (-49.97645659187518 -22.24698306557459);1762897666.3;11/11/2025 18:47:46;Trator John Deere Série 6J - 6166;6;2025;ALUNO DA MANHÃ;MEDIÇÃO DE ÁREA;UNIMAR SERVIÇOS GERAIS;Tempo Máximo de Motor Ocioso;00:01:56;Sem evento;
POINT (-49.97648244743628 -22.246744357760118);1762897867.8;11/11/2025 18:51:08;Trator John Deere Série 6J - 6166;6;2025;ALUNO DA MANHÃ;MEDIÇÃO DE ÁREA;UNIMAR SERVIÇOS GERAIS;Tempo Máximo de Motor Ocioso;00:04:20;Sem evento;
POINT (-49.97644405274921 -22.246917139946756);1762898287.4;11/11/2025 18:58:07;Trator John Deere Série 6J - 6166;6;2025;ALUNO DA MANHÃ;MEDIÇÃO DE ÁREA;UNIMAR SERVIÇOS GERAIS;Tempo Máximo de Motor Ocioso;00:01:59;Sem evento;
POINT (-49.97644405274921 -22.246917139946756);1762898402.4;11/11/2025 19:00:02;Trator John Deere Série 6J - 6166;6;2025;ALUNO DA MANHÃ;MEDIÇÃO DE ÁREA;UNIMAR SERVIÇOS GERAIS;Tempo Máximo de Motor Ocioso;00:05:24;Sem evento;
POINT (-49.9757484691219 -22.24762863710018);1762948575.3;12/11/2025 08:56:15;Trator John Deere Série 6J - 6166;6;2025;ALUNO DA MANHÃ;MEDIÇÃO DE ÁREA;UNIMAR SERVIÇOS GERAIS;Tempo Máximo de Motor Ocioso;00:00:54;Sem evento;
POINT (-49.97648120761833 -22.24720053453214);1762948751.6;12/11/2025 08:59:12;Trator John Deere Série 6J - 6166;6;2025;ALUNO DA MANHÃ;MEDIÇÃO DE ÁREA;UNIMAR SERVIÇOS GERAIS;Tempo Máximo de Motor Ocioso;00:00:24;Sem evento;
POINT (-49.97655374278698 -22.247278109298087);1762949044.3;12/11/2025 09:04:04;Trator John Deere Série 6J - 6166;6;2025;ALUNO DA MANHÃ;MEDIÇÃO DE ÁREA;UNIMAR SERVIÇOS GERAIS;Tempo Máximo de Motor Ocioso;00:06:04;Sem evento;
POINT (-49.97648510327225 -22.247297538389816);1762952194;12/11/2025 09:56:34;Trator John Deere Série 6J - 6166;6;2025;ALUNO DA MANHÃ;MEDIÇÃO DE ÁREA;UNIMAR SERVIÇOS GERAIS;Tempo Máximo de Motor Ocioso;00:00:46;Sem evento;
POINT (-49.97649647558302 -22.24720270781278);1762952702.2;12/11/2025 10:05:02;Trator John Deere Série 6J - 6166;6;2025;ALUNO DA MANHÃ;MEDIÇÃO DE ÁREA;UNIMAR SERVIÇOS GERAIS;Tempo Máximo de Motor Ocioso;00:01:39;Sem evento;
POINT (-49.97605010501553 -22.24868592325143);1762953926.5;12/11/2025 10:25:26;Trator John Deere Série 6J - 6166;6;2025;ALUNO DA MANHÃ;MEDIÇÃO DE ÁREA;UNIMAR SERVIÇOS GERAIS;Tempo Máximo de Motor Ocioso;00:31:11;Sem evento;
POINT (-49.96453948972018 -22.25869905466362);1762956399.4;12/11/2025 11:06:39;Trator John Deere Série 6J - 6166;6;2025;ALUNO DA MANHÃ;MEDIÇÃO DE ÁREA;UNIMAR SERVIÇOS GERAIS;Tempo Máximo de Motor Ocioso;00:00:20;Sem evento;
POINT (-49.96454177716166 -22.258812110070327);1762957509.6;12/11/2025 11:25:10;Trator John Deere Série 6J - 6166;6;2025;ALUNO DA MANHÃ;MEDIÇÃO DE ÁREA;UNIMAR SERVIÇOS GERAIS;Tempo Máximo de Motor Ocioso;00:01:19;Sem evento;
POINT (-49.97553455026496 -22.248650345530134);1762962880.7;12/11/2025 12:54:41;Trator John Deere Série 6J - 6166;6;2025;ALUNO DA MANHÃ;MEDIÇÃO DE ÁREA;UNIMAR SERVIÇOS GERAIS;Tempo Máximo de Motor Ocioso;00:00:21;Sem evento;
POINT (-49.96409201376188 -22.256081741577916);1762964631.5;12/11/2025 13:23:52;Trator John Deere Série 6J - 6166;6;2025;ALUNO DA MANHÃ;MEDIÇÃO DE ÁREA;UNIMAR SERVIÇOS GERAIS;Tempo Máximo de Motor Ocioso;00:01:09;Sem evento;
POINT (-49.96374408671247 -22.26030421309967);1762968414.8;12/11/2025 14:26:55;Trator John Deere Série 6J - 6166;6;2025;ALUNO DA MANHÃ;MEDIÇÃO DE ÁREA;UNIMAR SERVIÇOS GERAIS;Tempo Máximo de Motor Ocioso;00:00:44;Sem evento;
POINT (-49.96437415358632 -22.259038664948786);1762968563.2;12/11/2025 14:29:23;Trator John Deere Série 6J - 6166;6;2025;ALUNO DA MANHÃ;MEDIÇÃO DE ÁREA;UNIMAR SERVIÇOS GERAIS;Tempo Máximo de Motor Ocioso;00:01:19;Sem evento;
POINT (-49.975823101012345 -22.24874681323716);1762969253.1;12/11/2025 14:40:53;Trator John Deere Série 6J - 6166;6;2025;ALUNO DA MANHÃ;MEDIÇÃO DE ÁREA;UNIMAR SERVIÇOS GERAIS;Tempo Máximo de Motor Ocioso;00:19:14;Sem evento;
POINT (-49.975823101012345 -22.24874681323716);1762970403.1;12/11/2025 15:00:03;Trator John Deere Série 6J - 6166;6;2025;ALUNO DA MANHÃ;MEDIÇÃO DE ÁREA;UNIMAR SERVIÇOS GERAIS;Tempo Máximo de Motor Ocioso;00:24:29;Sem evento;
POINT (-49.97576733834565 -22.248150029683433);1762970799.1;12/11/2025 15:06:39;Trator John Deere Série 6J - 6166;6;2025;ALUNO DA MANHÃ;MEDIÇÃO DE ÁREA;UNIMAR SERVIÇOS GERAIS;Tempo Máximo de Motor Ocioso;00:00:39;Sem evento;
POINT (-49.973148665364086 -22.24642541576644);1762972272;12/11/2025 15:31:12;Trator John Deere Série 6J - 6166;6;2025;ALUNO DA MANHÃ;MEDIÇÃO DE ÁREA;UNIMAR SERVIÇOS GERAIS;Tempo Máximo de Motor Ocioso;00:00:14;Sem evento;
POINT (-49.973182583972296 -22.2463352102742);1762972360.7;12/11/2025 15:32:41;Trator John Deere Série 6J - 6166;6;2025;ALUNO DA MANHÃ;MEDIÇÃO DE ÁREA;UNIMAR SERVIÇOS GERAIS;Tempo Máximo de Motor Ocioso;00:20:54;Sem evento;
POINT (-49.97358707812925 -22.249808084175893);1762973970;12/11/2025 15:59:30;Trator John Deere Série 6J - 6166;6;2025;ALUNO DA MANHÃ;MEDIÇÃO DE ÁREA;UNIMAR SERVIÇOS GERAIS;Tempo Máximo de Motor Ocioso;00:00:34;Sem evento;
POINT (-49.97358707812925 -22.249808084175893);1762974000;12/11/2025 16:00:00;Trator John Deere Série 6J - 6166;6;2025;ALUNO DA MANHÃ;MEDIÇÃO DE ÁREA;UNIMAR SERVIÇOS GERAIS;Tempo Máximo de Motor Ocioso;00:03:09;Sem evento;
POINT (-49.97364954671927 -22.249699572257317);1762974206.8;12/11/2025 16:03:27;Trator John Deere Série 6J - 6166;6;2025;ALUNO DA MANHÃ;MEDIÇÃO DE ÁREA;UNIMAR SERVIÇOS GERAIS;Tempo Máximo de Motor Ocioso;00:18:52;Sem evento;
POINT (-49.97563756310876 -22.24878091079223);1763039191;13/11/2025 10:06:31;Trator John Deere Série 6J - 6166;6;2025;ALUNO DA MANHÃ;MEDIÇÃO DE ÁREA;UNIMAR SERVIÇOS GERAIS;Tempo Máximo de Motor Ocioso;00:06:55;Sem evento;
POINT (-49.976218075988015 -22.24888898135256);1763050477;13/11/2025 13:14:37;Trator John Deere Série 6J - 6166;6;2025;ALUNO DA MANHÃ;MEDIÇÃO DE ÁREA;UNIMAR SERVIÇOS GERAIS;Tempo Máximo de Motor Ocioso;00:07:30;Sem evento;
POINT (-49.976218075988015 -22.24888898135256);1763050962.1;13/11/2025 13:22:42;Trator John Deere Série 6J - 6166;6;2025;ALUNO DA MANHÃ;MEDIÇÃO DE ÁREA;UNIMAR SERVIÇOS GERAIS;Tempo Máximo de Motor Ocioso;00:12:39;Sem evento;
POINT (-49.96399194853553 -22.26038096068638);1763052386.9;13/11/2025 13:46:27;Trator John Deere Série 6J - 6166;6;2025;ALUNO DA MANHÃ;MEDIÇÃO DE ÁREA;UNIMAR SERVIÇOS GERAIS;Tempo Máximo de Motor Ocioso;00:00:19;Sem evento;
POINT (-49.96289579585722 -22.255392702214593);1763053184.5;13/11/2025 13:59:44;Trator John Deere Série 6J - 6166;6;2025;ALUNO DA MANHÃ;MEDIÇÃO DE ÁREA;UNIMAR SERVIÇOS GERAIS;Tempo Máximo de Motor Ocioso;00:00:24;Sem evento;
POINT (-49.96289579585722 -22.255392702214593);1763053204.5;13/11/2025 14:00:04;Trator John Deere Série 6J - 6166;6;2025;ALUNO DA MANHÃ;MEDIÇÃO DE ÁREA;UNIMAR SERVIÇOS GERAIS;Tempo Máximo de Motor Ocioso;00:00:34;Sem evento;
POINT (-49.96451943989776 -22.260679601621558);1763055047.9;13/11/2025 14:30:48;Trator John Deere Série 6J - 6166;6;2025;ALUNO DA MANHÃ;MEDIÇÃO DE ÁREA;UNIMAR SERVIÇOS GERAIS;Tempo Máximo de Motor Ocioso;00:05:44;Sem evento;
POINT (-49.960162942430024 -22.25775229782143);1763057357.6;13/11/2025 15:09:18;Trator John Deere Série 6J - 6166;6;2025;ALUNO DA MANHÃ;MEDIÇÃO DE ÁREA;UNIMAR SERVIÇOS GERAIS;Tempo Máximo de Motor Ocioso;00:04:09;Sem evento;
POINT (-49.96238612187437 -22.255682968137148);1763059193.3;13/11/2025 15:39:53;Trator John Deere Série 6J - 6166;6;2025;ALUNO DA MANHÃ;MEDIÇÃO DE ÁREA;UNIMAR SERVIÇOS GERAIS;Tempo Máximo de Motor Ocioso;00:01:59;Sem evento;
POINT (-49.96191029672453 -22.261104684800596);1763059857.8;13/11/2025 15:50:58;Trator John Deere Série 6J - 6166;6;2025;ALUNO DA MANHÃ;MEDIÇÃO DE ÁREA;UNIMAR SERVIÇOS GERAIS;Tempo Máximo de Motor Ocioso;00:00:30;Sem evento;
POINT (-49.97563538914604 -22.248781905823442);1763060710.1;13/11/2025 16:05:10;Trator John Deere Série 6J - 6166;6;2025;ALUNO DA MANHÃ;MEDIÇÃO DE ÁREA;UNIMAR SERVIÇOS GERAIS;Tempo Máximo de Motor Ocioso;00:00:34;Sem evento;
POINT (-49.97568911062541 -22.24759524587865);1763060843.4;13/11/2025 16:07:23;Trator John Deere Série 6J - 6166;6;2025;ALUNO DA MANHÃ;MEDIÇÃO DE ÁREA;UNIMAR SERVIÇOS GERAIS;Tempo Máximo de Motor Ocioso;00:12:24;Sem evento;
POINT (-49.97317500498772 -22.246344776450893);1763061777.3;13/11/2025 16:22:57;Trator John Deere Série 6J - 6166;6;2025;ALUNO DA MANHÃ;MEDIÇÃO DE ÁREA;UNIMAR SERVIÇOS GERAIS;Tempo Máximo de Motor Ocioso;00:15:09;Sem evento;
POINT (-49.97559229886205 -22.248678282295796);1763062911.2;13/11/2025 16:41:51;Trator John Deere Série 6J - 6166;6;2025;ALUNO DA MANHÃ;MEDIÇÃO DE ÁREA;UNIMAR SERVIÇOS GERAIS;Tempo Máximo de Motor Ocioso;00:04:48;Sem evento;
POINT (-49.96540845810653 -22.24064844233443);1762509149.4;07/11/2025 06:52:29;Trator John Deere Série 6J - 6166;6;6842;ALAN TURING;MEDIÇÃO DE ÁREA;UNIMAR SERVIÇOS GERAIS;Tempo Máximo de Motor Ocioso;00:07:39;Sem evento;
POINT (-49.96540845810653 -22.24064844233443);1762509604.4;07/11/2025 07:00:04;Trator John Deere Série 6J - 6166;6;6842;ALAN TURING;MEDIÇÃO DE ÁREA;UNIMAR SERVIÇOS GERAIS;Tempo Máximo de Motor Ocioso;00:17:39;Sem evento;
POINT (-49.965089411062614 -22.240900994924857);1762511050;07/11/2025 07:24:10;Trator John Deere Série 6J - 6166;6;6842;ALAN TURING;MEDIÇÃO DE ÁREA;UNIMAR SERVIÇOS GERAIS;Tempo Máximo de Motor Ocioso;00:00:06;Sem evento;
POINT (-49.96506180710618 -22.240996952192155);1762511102.2;07/11/2025 07:25:02;Trator John Deere Série 6J - 6166;6;6842;ALAN TURING;MEDIÇÃO DE ÁREA;UNIMAR SERVIÇOS GERAIS;Tempo Máximo de Motor Ocioso;00:01:04;Sem evento;
POINT (-49.975936007207274 -22.248593670920403);1762511679.8;07/11/2025 07:34:40;Trator John Deere Série 6J - 6166;6;6842;ALAN TURING;MEDIÇÃO DE ÁREA;UNIMAR SERVIÇOS GERAIS;Tempo Máximo de Motor Ocioso;00:00:14;Sem evento;
POINT (-49.97573009322107 -22.24757481450415);1762514977.6;07/11/2025 08:29:38;Trator John Deere Série 6J - 6166;6;6842;ALAN TURING;MEDIÇÃO DE ÁREA;UNIMAR SERVIÇOS GERAIS;Tempo Máximo de Motor Ocioso;00:08:14;Sem evento;
POINT (-49.97660304096909 -22.243399870805284);1762515644;07/11/2025 08:40:44;Trator John Deere Série 6J - 6166;6;6842;ALAN TURING;MEDIÇÃO DE ÁREA;UNIMAR SERVIÇOS GERAIS;Tempo Máximo de Motor Ocioso;00:06:04;Sem evento;
POINT (-49.97612565945815 -22.24629774231466);1762516241.4;07/11/2025 08:50:41;Trator John Deere Série 6J - 6166;6;6842;ALAN TURING;MEDIÇÃO DE ÁREA;UNIMAR SERVIÇOS GERAIS;Tempo Máximo de Motor Ocioso;00:00:09;Sem evento;
POINT (-49.97623013025279 -22.24570428775293);1762516328.4;07/11/2025 08:52:08;Trator John Deere Série 6J - 6166;6;6842;ALAN TURING;MEDIÇÃO DE ÁREA;UNIMAR SERVIÇOS GERAIS;Tempo Máximo de Motor Ocioso;00:00:49;Sem evento;
POINT (-49.97642892218385 -22.244026182233707);1762516510.9;07/11/2025 08:55:11;Trator John Deere Série 6J - 6166;6;6842;ALAN TURING;MEDIÇÃO DE ÁREA;UNIMAR SERVIÇOS GERAIS;Tempo Máximo de Motor Ocioso;00:00:24;Sem evento;
POINT (-49.97609725763529 -22.246214405630237);1762516810.6;07/11/2025 09:00:11;Trator John Deere Série 6J - 6166;6;6842;ALAN TURING;MEDIÇÃO DE ÁREA;UNIMAR SERVIÇOS GERAIS;Tempo Máximo de Motor Ocioso;00:00:09;Sem evento;
POINT (-49.97586892366341 -22.246346457512406);1762517423.5;07/11/2025 09:10:24;Trator John Deere Série 6J - 6166;6;6842;ALAN TURING;MEDIÇÃO DE ÁREA;UNIMAR SERVIÇOS GERAIS;Tempo Máximo de Motor Ocioso;00:09:24;Sem evento;
POINT (-49.97612722325635 -22.245397312105574);1762518088.8;07/11/2025 09:21:29;Trator John Deere Série 6J - 6166;6;6842;ALAN TURING;MEDIÇÃO DE ÁREA;UNIMAR SERVIÇOS GERAIS;Tempo Máximo de Motor Ocioso;00:04:55;Sem evento;
POINT (-49.97751967815837 -22.242519173222195);1762518657.9;07/11/2025 09:30:58;Trator John Deere Série 6J - 6166;6;6842;ALAN TURING;MEDIÇÃO DE ÁREA;UNIMAR SERVIÇOS GERAIS;Tempo Máximo de Motor Ocioso;00:00:14;Sem evento;
POINT (-49.97747377974636 -22.24369164684924);1762518782.6;07/11/2025 09:33:03;Trator John Deere Série 6J - 6166;6;6842;ALAN TURING;MEDIÇÃO DE ÁREA;UNIMAR SERVIÇOS GERAIS;Tempo Máximo de Motor Ocioso;00:03:49;Sem evento;
POINT (-49.977479625765774 -22.24659808349271);1762519413.9;07/11/2025 09:43:34;Trator John Deere Série 6J - 6166;6;6842;ALAN TURING;MEDIÇÃO DE ÁREA;UNIMAR SERVIÇOS GERAIS;Tempo Máximo de Motor Ocioso;00:00:14;Sem evento;
POINT (-49.97738234709999 -22.24419225264264);1762519620.7;07/11/2025 09:47:01;Trator John Deere Série 6J - 6166;6;6842;ALAN TURING;MEDIÇÃO DE ÁREA;UNIMAR SERVIÇOS GERAIS;Tempo Máximo de Motor Ocioso;00:01:14;Sem evento;
POINT (-49.97816587037782 -22.242441546157767);1762519890.7;07/11/2025 09:51:31;Trator John Deere Série 6J - 6166;6;6842;ALAN TURING;MEDIÇÃO DE ÁREA;UNIMAR SERVIÇOS GERAIS;Tempo Máximo de Motor Ocioso;00:01:14;Sem evento;
POINT (-49.9780037175445 -22.2447789372375);1762520148.9;07/11/2025 09:55:49;Trator John Deere Série 6J - 6166;6;6842;ALAN TURING;MEDIÇÃO DE ÁREA;UNIMAR SERVIÇOS GERAIS;Tempo Máximo de Motor Ocioso;00:00:44;Sem evento;
POINT (-49.978023035948375 -22.245215461699804);1762520258.9;07/11/2025 09:57:39;Trator John Deere Série 6J - 6166;6;6842;ALAN TURING;MEDIÇÃO DE ÁREA;UNIMAR SERVIÇOS GERAIS;Tempo Máximo de Motor Ocioso;00:00:54;Sem evento;
POINT (-49.977901447107016 -22.244219219595085);1762520558.7;07/11/2025 10:02:39;Trator John Deere Série 6J - 6166;6;6842;ALAN TURING;MEDIÇÃO DE ÁREA;UNIMAR SERVIÇOS GERAIS;Tempo Máximo de Motor Ocioso;00:00:19;Sem evento;
POINT (-49.97788733635885 -22.24390021807162);1762520633.8;07/11/2025 10:03:54;Trator John Deere Série 6J - 6166;6;6842;ALAN TURING;MEDIÇÃO DE ÁREA;UNIMAR SERVIÇOS GERAIS;Tempo Máximo de Motor Ocioso;00:02:05;Sem evento;
POINT (-49.978064650688076 -22.24266436972819);1762520872.7;07/11/2025 10:07:53;Trator John Deere Série 6J - 6166;6;6842;ALAN TURING;MEDIÇÃO DE ÁREA;UNIMAR SERVIÇOS GERAIS;Tempo Máximo de Motor Ocioso;00:00:29;Sem evento;
POINT (-49.97801202509917 -22.242379581538618);1762521147.6;07/11/2025 10:12:28;Trator John Deere Série 6J - 6166;6;6842;ALAN TURING;MEDIÇÃO DE ÁREA;UNIMAR SERVIÇOS GERAIS;Tempo Máximo de Motor Ocioso;00:05:49;Sem evento;
POINT (-49.977881733339565 -22.24274280797789);1762521700.9;07/11/2025 10:21:41;Trator John Deere Série 6J - 6166;6;6842;ALAN TURING;MEDIÇÃO DE ÁREA;UNIMAR SERVIÇOS GERAIS;Tempo Máximo de Motor Ocioso;00:00:14;Sem evento;
POINT (-49.97807446247337 -22.245922362154207);1762522210.3;07/11/2025 10:30:10;Trator John Deere Série 6J - 6166;6;6842;ALAN TURING;MEDIÇÃO DE ÁREA;UNIMAR SERVIÇOS GERAIS;Tempo Máximo de Motor Ocioso;00:03:45;Sem evento;
POINT (-49.97781163427983 -22.244311497328763);1762522629.5;07/11/2025 10:37:10;Trator John Deere Série 6J - 6166;6;6842;ALAN TURING;MEDIÇÃO DE ÁREA;UNIMAR SERVIÇOS GERAIS;Tempo Máximo de Motor Ocioso;00:00:44;Sem evento;
POINT (-49.97782678367185 -22.2445177444824);1762522778.7;07/11/2025 10:39:39;Trator John Deere Série 6J - 6166;6;6842;ALAN TURING;MEDIÇÃO DE ÁREA;UNIMAR SERVIÇOS GERAIS;Tempo Máximo de Motor Ocioso;00:02:10;Sem evento;
POINT (-49.97892456460811 -22.24599407814714);1762525481.6;07/11/2025 11:24:42;Trator John Deere Série 6J - 6166;6;6842;ALAN TURING;MEDIÇÃO DE ÁREA;UNIMAR SERVIÇOS GERAIS;Tempo Máximo de Motor Ocioso;00:01:14;Sem evento;
POINT (-49.97855316607697 -22.24288156498033);1762532820.7;07/11/2025 13:27:01;Trator John Deere Série 6J - 6166;6;6842;ALAN TURING;MEDIÇÃO DE ÁREA;UNIMAR SERVIÇOS GERAIS;Tempo Máximo de Motor Ocioso;00:00:09;Sem evento;
POINT (-49.9788260894202 -22.243128367310415);1762536674.8;07/11/2025 14:31:15;Trator John Deere Série 6J - 6166;6;6842;ALAN TURING;MEDIÇÃO DE ÁREA;UNIMAR SERVIÇOS GERAIS;Tempo Máximo de Motor Ocioso;00:04:44;Sem evento;
POINT (-49.979234563676 -22.24561602234548);1762537619.5;07/11/2025 14:47:00;Trator John Deere Série 6J - 6166;6;6842;ALAN TURING;MEDIÇÃO DE ÁREA;UNIMAR SERVIÇOS GERAIS;Tempo Máximo de Motor Ocioso;00:00:24;Sem evento;
POINT (-49.979003052722675 -22.24582852345432);1762538177.8;07/11/2025 14:56:18;Trator John Deere Série 6J - 6166;6;6842;ALAN TURING;MEDIÇÃO DE ÁREA;UNIMAR SERVIÇOS GERAIS;Tempo Máximo de Motor Ocioso;00:02:49;Sem evento;
POINT (-49.975724185011586 -22.247562110997404);1762540099.1;07/11/2025 15:28:19;Trator John Deere Série 6J - 6166;6;6842;ALAN TURING;MEDIÇÃO DE ÁREA;UNIMAR SERVIÇOS GERAIS;Tempo Máximo de Motor Ocioso;00:11:09;Sem evento;
POINT (-49.97945338996551 -22.244811194443074);1762541120;07/11/2025 15:45:20;Trator John Deere Série 6J - 6166;6;6842;ALAN TURING;MEDIÇÃO DE ÁREA;UNIMAR SERVIÇOS GERAIS;Tempo Máximo de Motor Ocioso;00:00:08;Sem evento;
POINT (-49.979174423997385 -22.244416099013403);1762541221.4;07/11/2025 15:47:01;Trator John Deere Série 6J - 6166;6;6842;ALAN TURING;MEDIÇÃO DE ÁREA;UNIMAR SERVIÇOS GERAIS;Tempo Máximo de Motor Ocioso;00:00:24;Sem evento;
POINT (-49.97241353404627 -22.248773621172994);1762544537.4;07/11/2025 16:42:17;Trator John Deere Série 6J - 6166;6;6842;ALAN TURING;MEDIÇÃO DE ÁREA;UNIMAR SERVIÇOS GERAIS;Tempo Máximo de Motor Ocioso;00:01:24;Sem evento;
POINT (-49.975842871401284 -22.247708212128526);1762544861.7;07/11/2025 16:47:42;Trator John Deere Série 6J - 6166;6;6842;ALAN TURING;MEDIÇÃO DE ÁREA;UNIMAR SERVIÇOS GERAIS;Tempo Máximo de Motor Ocioso;00:05:54;Sem evento;
POINT (-49.97365732653217 -22.249807303551172);1762545502;07/11/2025 16:58:22;Trator John Deere Série 6J - 6166;6;6842;ALAN TURING;MEDIÇÃO DE ÁREA;UNIMAR SERVIÇOS GERAIS;Tempo Máximo de Motor Ocioso;00:01:42;Sem evento;
POINT (-49.97365732653217 -22.249807303551172);1762545602;07/11/2025 17:00:02;Trator John Deere Série 6J - 6166;6;6842;ALAN TURING;MEDIÇÃO DE ÁREA;UNIMAR SERVIÇOS GERAIS;Tempo Máximo de Motor Ocioso;00:02:12;Sem evento;
POINT (-49.97290438752327 -22.252241729958016);1762864208;11/11/2025 09:30:08;Trator John Deere Série 6J - 6166;6;6842;ALAN TURING;MEDIÇÃO DE ÁREA;UNIMAR SERVIÇOS GERAIS;Tempo Máximo de Motor Ocioso;00:05:02;Sem evento;
POINT (-49.97290438752327 -22.252241729958016);1762864638;11/11/2025 09:37:18;Trator John Deere Série 6J - 6166;6;6842;ALAN TURING;MEDIÇÃO DE ÁREA;UNIMAR SERVIÇOS GERAIS;Tempo Máximo de Motor Ocioso;00:05:05;Sem evento;
POINT (-49.97290438752327 -22.252241729958016);1762864973;11/11/2025 09:42:53;Trator John Deere Série 6J - 6166;6;6842;ALAN TURING;MEDIÇÃO DE ÁREA;UNIMAR SERVIÇOS GERAIS;Tempo Máximo de Motor Ocioso;00:00:36;Sem evento;
POINT (-49.975913504803486 -22.248265243629223);1762865193.1;11/11/2025 09:46:33;Trator John Deere Série 6J - 6166;6;6842;ALAN TURING;MEDIÇÃO DE ÁREA;UNIMAR SERVIÇOS GERAIS;Tempo Máximo de Motor Ocioso;00:13:35;Sem evento;
POINT (-49.975913504803486 -22.248265243629223);1762866003.1;11/11/2025 10:00:03;Trator John Deere Série 6J - 6166;6;6842;ALAN TURING;MEDIÇÃO DE ÁREA;UNIMAR SERVIÇOS GERAIS;Tempo Máximo de Motor Ocioso;00:22:55;Sem evento;
POINT (-49.976504765374884 -22.247220994093304);1762866693.1;11/11/2025 10:11:33;Trator John Deere Série 6J - 6166;6;6842;ALAN TURING;MEDIÇÃO DE ÁREA;UNIMAR SERVIÇOS GERAIS;Tempo Máximo de Motor Ocioso;00:01:45;Sem evento;
POINT (-49.976701132106555 -22.247547002669968);1762867125.8;11/11/2025 10:18:46;Trator John Deere Série 6J - 6166;6;6842;ALAN TURING;MEDIÇÃO DE ÁREA;UNIMAR SERVIÇOS GERAIS;Tempo Máximo de Motor Ocioso;00:00:39;Sem evento;
POINT (-49.976534516813494 -22.2471116219291);1762867333.3;11/11/2025 10:22:13;Trator John Deere Série 6J - 6166;6;6842;ALAN TURING;MEDIÇÃO DE ÁREA;UNIMAR SERVIÇOS GERAIS;Tempo Máximo de Motor Ocioso;00:02:54;Sem evento;
POINT (-49.9766309025602 -22.24722387991716);1762867558;11/11/2025 10:25:58;Trator John Deere Série 6J - 6166;6;6842;ALAN TURING;MEDIÇÃO DE ÁREA;UNIMAR SERVIÇOS GERAIS;Tempo Máximo de Motor Ocioso;00:00:14;Sem evento;
POINT (-49.97667486932963 -22.247770281839262);1762867666.1;11/11/2025 10:27:46;Trator John Deere Série 6J - 6166;6;6842;ALAN TURING;MEDIÇÃO DE ÁREA;UNIMAR SERVIÇOS GERAIS;Tempo Máximo de Motor Ocioso;00:02:29;Sem evento;
POINT (-49.97645582592527 -22.247460612224604);1762868004.1;11/11/2025 10:33:24;Trator John Deere Série 6J - 6166;6;6842;ALAN TURING;MEDIÇÃO DE ÁREA;UNIMAR SERVIÇOS GERAIS;Tempo Máximo de Motor Ocioso;00:00:25;Sem evento;
POINT (-49.975863565652 -22.247618264142385);1762868205.1;11/11/2025 10:36:45;Trator John Deere Série 6J - 6166;6;6842;ALAN TURING;MEDIÇÃO DE ÁREA;UNIMAR SERVIÇOS GERAIS;Tempo Máximo de Motor Ocioso;00:06:50;Sem evento;
POINT (-49.97242917474148 -22.245979375885796);1762870036.2;11/11/2025 11:07:16;Trator John Deere Série 6J - 6166;6;6842;ALAN TURING;MEDIÇÃO DE ÁREA;UNIMAR SERVIÇOS GERAIS;Tempo Máximo de Motor Ocioso;00:01:29;Sem evento;
POINT (-49.972862628215736 -22.24750231637276);1762870480.5;11/11/2025 11:14:40;Trator John Deere Série 6J - 6166;6;6842;ALAN TURING;MEDIÇÃO DE ÁREA;UNIMAR SERVIÇOS GERAIS;Tempo Máximo de Motor Ocioso;00:01:44;Sem evento;
POINT (-49.972769270040104 -22.24776472874078);1762870776;11/11/2025 11:19:36;Trator John Deere Série 6J - 6166;6;6842;ALAN TURING;MEDIÇÃO DE ÁREA;UNIMAR SERVIÇOS GERAIS;Tempo Máximo de Motor Ocioso;00:00:44;Sem evento;
POINT (-49.97551713010874 -22.248574122665076);1762871110.3;11/11/2025 11:25:10;Trator John Deere Série 6J - 6166;6;6842;ALAN TURING;MEDIÇÃO DE ÁREA;UNIMAR SERVIÇOS GERAIS;Tempo Máximo de Motor Ocioso;00:00:24;Sem evento;
POINT (-49.97559666666666 -22.24870833333331);1762792074;10/11/2025 13:27:54;Trator Valtra série T - 05;8;2025;ALUNO DA MANHÃ;PLANTIO MILHO SILAGEM;UNIMAR PLANTIO;Tempo Máximo de Motor Ocioso;00:18:05;Sem evento;
POINT (-49.97577833333332 -22.248279999999987);1762772311;10/11/2025 07:58:31;Trator Valtra série T - 05;2147483647;2025;ALUNO DA MANHÃ;;;Tempo Máximo de Motor Ocioso;00:01:35;Sem evento;
POINT (-49.97577833333332 -22.248279999999987);1762772401;10/11/2025 08:00:01;Trator Valtra série T - 05;2147483647;2025;ALUNO DA MANHÃ;;;Tempo Máximo de Motor Ocioso;00:06:00;Sem evento;
POINT (-49.97559666666666 -22.24870833333331);1762791512;10/11/2025 13:18:32;Trator Valtra série T - 05;2147483647;2025;ALUNO DA MANHÃ;;;Tempo Máximo de Motor Ocioso;00:09:23;Sem evento;
POINT (-49.97559666666666 -22.24870833333331);1762792596;10/11/2025 13:36:36;Trator Valtra série T - 05;8;6842;ALAN TURING;PLANTIO MILHO SILAGEM;UNIMAR PLANTIO;Tempo Máximo de Motor Ocioso;00:18:10;Sem evento;
POINT (-49.97559666666666 -22.24870833333331);1762794031;10/11/2025 14:00:31;Trator Valtra série T - 05;8;6842;ALAN TURING;PLANTIO MILHO SILAGEM;UNIMAR PLANTIO;Tempo Máximo de Motor Ocioso;00:45:10;Sem evento;
POINT (-49.97575499999999 -22.24755333333331);1762794287;10/11/2025 14:04:47;Trator Valtra série T - 05;8;6842;ALAN TURING;PLANTIO MILHO SILAGEM;UNIMAR PLANTIO;Tempo Máximo de Motor Ocioso;00:40:19;Sem evento;
POINT (-49.97642949388808 -22.24713291983437);1762800067.7;10/11/2025 15:41:08;Trator Valtra série T - 05;8;6842;ALAN TURING;PLANTIO MILHO SILAGEM;UNIMAR PLANTIO;Tempo Máximo de Motor Ocioso;00:00:07;Sem evento;
POINT (-49.97712101406536 -22.2480095428206);1762800642.9;10/11/2025 15:50:43;Trator Valtra série T - 05;8;6842;ALAN TURING;PLANTIO MILHO SILAGEM;UNIMAR PLANTIO;Tempo Máximo de Motor Ocioso;00:00:34;Sem evento;
POINT (-49.97653304454673 -22.247178106720398);1762801204.7;10/11/2025 16:00:05;Trator Valtra série T - 05;8;6842;ALAN TURING;PLANTIO MILHO SILAGEM;UNIMAR PLANTIO;Tempo Máximo de Motor Ocioso;00:00:34;Sem evento;
POINT (-49.97648755920826 -22.24726131253388);1762801569.3;10/11/2025 16:06:09;Trator Valtra série T - 05;8;6842;ALAN TURING;PLANTIO MILHO SILAGEM;UNIMAR PLANTIO;Tempo Máximo de Motor Ocioso;00:00:14;Sem evento;
POINT (-49.97653978505976 -22.24733493318112);1762801835.7;10/11/2025 16:10:36;Trator Valtra série T - 05;8;6842;ALAN TURING;PLANTIO MILHO SILAGEM;UNIMAR PLANTIO;Tempo Máximo de Motor Ocioso;00:00:08;Sem evento;
POINT (-49.97683640521195 -22.24769542759841);1762803029.3;10/11/2025 16:30:29;Trator Valtra série T - 05;8;6842;ALAN TURING;PLANTIO MILHO SILAGEM;UNIMAR PLANTIO;Tempo Máximo de Motor Ocioso;00:00:09;Sem evento;
POINT (-49.97669458565107 -22.247479867858274);1762803221.1;10/11/2025 16:33:41;Trator Valtra série T - 05;8;6842;ALAN TURING;PLANTIO MILHO SILAGEM;UNIMAR PLANTIO;Tempo Máximo de Motor Ocioso;00:00:13;Sem evento;
POINT (-49.9767883581759 -22.247624404554198);1762805073.6;10/11/2025 17:04:34;Trator Valtra série T - 05;8;6842;ALAN TURING;PLANTIO MILHO SILAGEM;UNIMAR PLANTIO;Tempo Máximo de Motor Ocioso;00:05:35;Sem evento;
POINT (-49.97646014285388 -22.247152454630367);1762805591.1;10/11/2025 17:13:11;Trator Valtra série T - 05;8;6842;ALAN TURING;PLANTIO MILHO SILAGEM;UNIMAR PLANTIO;Tempo Máximo de Motor Ocioso;00:00:29;Sem evento;
POINT (-49.97646174326982 -22.247142132513368);1762806192.4;10/11/2025 17:23:12;Trator Valtra série T - 05;8;6842;ALAN TURING;PLANTIO MILHO SILAGEM;UNIMAR PLANTIO;Tempo Máximo de Motor Ocioso;00:00:34;Sem evento;
POINT (-49.9758604539903 -22.247584953973774);1762861652.5;11/11/2025 08:47:32;Trator Valtra série T - 05;8;6842;ALAN TURING;PLANTIO MILHO SILAGEM;UNIMAR PLANTIO;Tempo Máximo de Motor Ocioso;00:12:32;Sem evento;
POINT (-49.9758604539903 -22.247584953973774);1762861652.5;11/11/2025 08:47:32;Trator Valtra série T - 05;8;6842;ALAN TURING;PLANTIO MILHO SILAGEM;UNIMAR PLANTIO;Tempo Máximo de Motor Ocioso;00:12:32;Sem evento;
POINT (-49.9758604539903 -22.247584953973774);1762861652.5;11/11/2025 08:47:32;Trator Valtra série T - 05;8;6842;ALAN TURING;PLANTIO MILHO SILAGEM;UNIMAR PLANTIO;Tempo Máximo de Motor Ocioso;00:12:32;Sem evento;
POINT (-49.9758604539903 -22.247584953973774);1762862400.9;11/11/2025 09:00:01;Trator Valtra série T - 05;8;6842;ALAN TURING;PLANTIO MILHO SILAGEM;UNIMAR PLANTIO;Tempo Máximo de Motor Ocioso;00:48:46;Sem evento;
POINT (-49.9758604539903 -22.247584953973774);1762862400.9;11/11/2025 09:00:01;Trator Valtra série T - 05;8;6842;ALAN TURING;PLANTIO MILHO SILAGEM;UNIMAR PLANTIO;Tempo Máximo de Motor Ocioso;00:48:46;Sem evento;
POINT (-49.9758604539903 -22.247584953973774);1762862400.9;11/11/2025 09:00:01;Trator Valtra série T - 05;8;6842;ALAN TURING;PLANTIO MILHO SILAGEM;UNIMAR PLANTIO;Tempo Máximo de Motor Ocioso;00:48:46;Sem evento;
POINT (-49.9758604539903 -22.247584953973774);1762864628.8;11/11/2025 09:37:09;Trator Valtra série T - 05;8;6842;ALAN TURING;PLANTIO MILHO SILAGEM;UNIMAR PLANTIO;Tempo Máximo de Motor Ocioso;00:12:28;Sem evento;
POINT (-49.9758604539903 -22.247584953973774);1762864628.8;11/11/2025 09:37:09;Trator Valtra série T - 05;8;6842;ALAN TURING;PLANTIO MILHO SILAGEM;UNIMAR PLANTIO;Tempo Máximo de Motor Ocioso;00:12:28;Sem evento;
POINT (-49.9758604539903 -22.247584953973774);1762864628.8;11/11/2025 09:37:09;Trator Valtra série T - 05;8;6842;ALAN TURING;PLANTIO MILHO SILAGEM;UNIMAR PLANTIO;Tempo Máximo de Motor Ocioso;00:12:28;Sem evento;
POINT (-49.97559666666666 -22.24870833333331);1762792601;10/11/2025 13:36:41;Trator Valtra série T - 05;10;6842;ALAN TURING;PLANTIO MILHO GRÃO;UNIMAR PLANTIO;Tempo Máximo de Motor Ocioso;00:41:30;Sem evento;
POINT (-49.97559666666666 -22.24870833333331);1762794001;10/11/2025 14:00:01;Trator Valtra série T - 05;10;6842;ALAN TURING;PLANTIO MILHO GRÃO;UNIMAR PLANTIO;Tempo Máximo de Motor Ocioso;00:42:00;Sem evento;
POINT (-49.9758604539903 -22.247584953973774);1762865358.2;11/11/2025 09:49:18;Trator Valtra série T - 05;10;6842;ALAN TURING;PLANTIO MILHO GRÃO;UNIMAR PLANTIO;Tempo Máximo de Motor Ocioso;00:12:48;Sem evento;
POINT (-49.9758604539903 -22.247584953973774);1762865358.2;11/11/2025 09:49:18;Trator Valtra série T - 05;10;6842;ALAN TURING;PLANTIO MILHO GRÃO;UNIMAR PLANTIO;Tempo Máximo de Motor Ocioso;00:12:48;Sem evento;
POINT (-49.9758604539903 -22.247584953973774);1762865358.2;11/11/2025 09:49:18;Trator Valtra série T - 05;10;6842;ALAN TURING;PLANTIO MILHO GRÃO;UNIMAR PLANTIO;Tempo Máximo de Motor Ocioso;00:12:48;Sem evento;
POINT (-49.979531505753606 -22.24637213632948);1763039645.1;13/11/2025 10:14:05;Trator Valtra série T - 05;10;6842;ALAN TURING;PLANTIO MILHO GRÃO;UNIMAR PLANTIO;Tempo Máximo de Motor Ocioso;00:03:23;Sem evento;
POINT (-49.979531505753606 -22.24637213632948);1763039645.1;13/11/2025 10:14:05;Trator Valtra série T - 05;10;6842;ALAN TURING;PLANTIO MILHO GRÃO;UNIMAR PLANTIO;Tempo Máximo de Motor Ocioso;00:03:23;Sem evento;
POINT (-49.979531505753606 -22.24637213632948);1763039645.1;13/11/2025 10:14:05;Trator Valtra série T - 05;10;6842;ALAN TURING;PLANTIO MILHO GRÃO;UNIMAR PLANTIO;Tempo Máximo de Motor Ocioso;00:03:23;Sem evento;
POINT (-49.97583006351596 -22.24805289160646);1763055871.5;13/11/2025 14:44:32;Trator Valtra série T - 05;10;6842;ALAN TURING;PLANTIO MILHO GRÃO;UNIMAR PLANTIO;Tempo Máximo de Motor Ocioso;00:04:04;Sem evento;
POINT (-49.97583006351596 -22.24805289160646);1763055871.5;13/11/2025 14:44:32;Trator Valtra série T - 05;10;6842;ALAN TURING;PLANTIO MILHO GRÃO;UNIMAR PLANTIO;Tempo Máximo de Motor Ocioso;00:04:04;Sem evento;
POINT (-49.97583006351596 -22.24805289160646);1763055871.5;13/11/2025 14:44:32;Trator Valtra série T - 05;10;6842;ALAN TURING;PLANTIO MILHO GRÃO;UNIMAR PLANTIO;Tempo Máximo de Motor Ocioso;00:04:04;Sem evento;
POINT (-49.979310873181966 -22.245990702168804);1763056506.9;13/11/2025 14:55:07;Trator Valtra série T - 05;10;6842;ALAN TURING;PLANTIO MILHO GRÃO;UNIMAR PLANTIO;Tempo Máximo de Motor Ocioso;00:00:54;Sem evento;
POINT (-49.979310873181966 -22.245990702168804);1763056506.9;13/11/2025 14:55:07;Trator Valtra série T - 05;10;6842;ALAN TURING;PLANTIO MILHO GRÃO;UNIMAR PLANTIO;Tempo Máximo de Motor Ocioso;00:00:54;Sem evento;
POINT (-49.979310873181966 -22.245990702168804);1763056506.9;13/11/2025 14:55:07;Trator Valtra série T - 05;10;6842;ALAN TURING;PLANTIO MILHO GRÃO;UNIMAR PLANTIO;Tempo Máximo de Motor Ocioso;00:00:54;Sem evento;
POINT (-49.979274414916205 -22.24587898307992);1763056940.3;13/11/2025 15:02:20;Trator Valtra série T - 05;10;6842;ALAN TURING;PLANTIO MILHO GRÃO;UNIMAR PLANTIO;Tempo Máximo de Motor Ocioso;00:00:29;Sem evento;
POINT (-49.979274414916205 -22.24587898307992);1763056940.3;13/11/2025 15:02:20;Trator Valtra série T - 05;10;6842;ALAN TURING;PLANTIO MILHO GRÃO;UNIMAR PLANTIO;Tempo Máximo de Motor Ocioso;00:00:29;Sem evento;
POINT (-49.979274414916205 -22.24587898307992);1763056940.3;13/11/2025 15:02:20;Trator Valtra série T - 05;10;6842;ALAN TURING;PLANTIO MILHO GRÃO;UNIMAR PLANTIO;Tempo Máximo de Motor Ocioso;00:00:29;Sem evento;
POINT (-49.97942971674358 -22.24587597101123);1763057602.3;13/11/2025 15:13:22;Trator Valtra série T - 05;10;6842;ALAN TURING;PLANTIO MILHO GRÃO;UNIMAR PLANTIO;Tempo Máximo de Motor Ocioso;00:01:39;Sem evento;
POINT (-49.97942971674358 -22.24587597101123);1763057602.3;13/11/2025 15:13:22;Trator Valtra série T - 05;10;6842;ALAN TURING;PLANTIO MILHO GRÃO;UNIMAR PLANTIO;Tempo Máximo de Motor Ocioso;00:01:39;Sem evento;
POINT (-49.97942971674358 -22.24587597101123);1763057602.3;13/11/2025 15:13:22;Trator Valtra série T - 05;10;6842;ALAN TURING;PLANTIO MILHO GRÃO;UNIMAR PLANTIO;Tempo Máximo de Motor Ocioso;00:01:39;Sem evento;
POINT (-49.97879215415905 -22.24604925116673);1763059926.1;13/11/2025 15:52:06;Trator Valtra série T - 05;10;6842;ALAN TURING;PLANTIO MILHO GRÃO;UNIMAR PLANTIO;Tempo Máximo de Motor Ocioso;00:02:03;Sem evento;
POINT (-49.97879215415905 -22.24604925116673);1763059926.1;13/11/2025 15:52:06;Trator Valtra série T - 05;10;6842;ALAN TURING;PLANTIO MILHO GRÃO;UNIMAR PLANTIO;Tempo Máximo de Motor Ocioso;00:02:03;Sem evento;
POINT (-49.97879215415905 -22.24604925116673);1763059926.1;13/11/2025 15:52:06;Trator Valtra série T - 05;10;6842;ALAN TURING;PLANTIO MILHO GRÃO;UNIMAR PLANTIO;Tempo Máximo de Motor Ocioso;00:02:03;Sem evento;
POINT (-49.98240892034699 -22.24701442224223);1763064716.5;13/11/2025 17:11:56;Trator Valtra série T - 05;10;6842;ALAN TURING;PLANTIO MILHO GRÃO;UNIMAR PLANTIO;Tempo Máximo de Motor Ocioso;00:00:48;Sem evento;
POINT (-49.98240892034699 -22.24701442224223);1763064716.5;13/11/2025 17:11:56;Trator Valtra série T - 05;10;6842;ALAN TURING;PLANTIO MILHO GRÃO;UNIMAR PLANTIO;Tempo Máximo de Motor Ocioso;00:00:48;Sem evento;
POINT (-49.98240892034699 -22.24701442224223);1763064716.5;13/11/2025 17:11:56;Trator Valtra série T - 05;10;6842;ALAN TURING;PLANTIO MILHO GRÃO;UNIMAR PLANTIO;Tempo Máximo de Motor Ocioso;00:00:48;Sem evento;
POINT (-49.97892076725554 -22.246029668251122);1763065607.5;13/11/2025 17:26:48;Trator Valtra série T - 05;10;6842;ALAN TURING;PLANTIO MILHO GRÃO;UNIMAR PLANTIO;Tempo Máximo de Motor Ocioso;00:00:29;Sem evento;
POINT (-49.97892076725554 -22.246029668251122);1763065607.5;13/11/2025 17:26:48;Trator Valtra série T - 05;10;6842;ALAN TURING;PLANTIO MILHO GRÃO;UNIMAR PLANTIO;Tempo Máximo de Motor Ocioso;00:00:29;Sem evento;
POINT (-49.97892076725554 -22.246029668251122);1763065607.5;13/11/2025 17:26:48;Trator Valtra série T - 05;10;6842;ALAN TURING;PLANTIO MILHO GRÃO;UNIMAR PLANTIO;Tempo Máximo de Motor Ocioso;00:00:29;Sem evento;
POINT (-49.98018174450926 -22.247847592824563);1763067586.5;13/11/2025 17:59:46;Trator Valtra série T - 05;10;6842;ALAN TURING;PLANTIO MILHO GRÃO;UNIMAR PLANTIO;Tempo Máximo de Motor Ocioso;00:00:19;Sem evento;
POINT (-49.98018174450926 -22.247847592824563);1763067586.5;13/11/2025 17:59:46;Trator Valtra série T - 05;10;6842;ALAN TURING;PLANTIO MILHO GRÃO;UNIMAR PLANTIO;Tempo Máximo de Motor Ocioso;00:00:19;Sem evento;
POINT (-49.98018174450926 -22.247847592824563);1763067586.5;13/11/2025 17:59:46;Trator Valtra série T - 05;10;6842;ALAN TURING;PLANTIO MILHO GRÃO;UNIMAR PLANTIO;Tempo Máximo de Motor Ocioso;00:00:19;Sem evento;
POINT (-49.98018174450926 -22.247847592824563);1763067601.5;13/11/2025 18:00:02;Trator Valtra série T - 05;10;6842;ALAN TURING;PLANTIO MILHO GRÃO;UNIMAR PLANTIO;Tempo Máximo de Motor Ocioso;00:00:24;Sem evento;
POINT (-49.98018174450926 -22.247847592824563);1763067601.5;13/11/2025 18:00:02;Trator Valtra série T - 05;10;6842;ALAN TURING;PLANTIO MILHO GRÃO;UNIMAR PLANTIO;Tempo Máximo de Motor Ocioso;00:00:24;Sem evento;
POINT (-49.98018174450926 -22.247847592824563);1763067601.5;13/11/2025 18:00:02;Trator Valtra série T - 05;10;6842;ALAN TURING;PLANTIO MILHO GRÃO;UNIMAR PLANTIO;Tempo Máximo de Motor Ocioso;00:00:24;Sem evento;
POINT (-49.97577068811242 -22.247662759110447);1763070525.3;13/11/2025 18:48:45;Trator Valtra série T - 05;10;6842;ALAN TURING;PLANTIO MILHO GRÃO;UNIMAR PLANTIO;Tempo Máximo de Motor Ocioso;00:05:19;Sem evento;
POINT (-49.97577068811242 -22.247662759110447);1763070525.3;13/11/2025 18:48:45;Trator Valtra série T - 05;10;6842;ALAN TURING;PLANTIO MILHO GRÃO;UNIMAR PLANTIO;Tempo Máximo de Motor Ocioso;00:05:19;Sem evento;
POINT (-49.97577068811242 -22.247662759110447);1763070525.3;13/11/2025 18:48:45;Trator Valtra série T - 05;10;6842;ALAN TURING;PLANTIO MILHO GRÃO;UNIMAR PLANTIO;Tempo Máximo de Motor Ocioso;00:05:19;Sem evento;
POINT (-49.97553675721456 -22.24829770789959);1763076196.6;13/11/2025 20:23:17;Trator Valtra série T - 05;10;6842;ALAN TURING;PLANTIO MILHO GRÃO;UNIMAR PLANTIO;Tempo Máximo de Motor Ocioso;00:00:07;Sem evento;
POINT (-49.97553675721456 -22.24829770789959);1763076196.6;13/11/2025 20:23:17;Trator Valtra série T - 05;10;6842;ALAN TURING;PLANTIO MILHO GRÃO;UNIMAR PLANTIO;Tempo Máximo de Motor Ocioso;00:00:07;Sem evento;
POINT (-49.97553675721456 -22.24829770789959);1763076196.6;13/11/2025 20:23:17;Trator Valtra série T - 05;10;6842;ALAN TURING;PLANTIO MILHO GRÃO;UNIMAR PLANTIO;Tempo Máximo de Motor Ocioso;00:00:07;Sem evento;
POINT (-49.97727663808537 -22.247510665014957);1762870009.2;11/11/2025 11:06:49;Trator Valtra série T - 05;11;6842;ALAN TURING;PLANTIO MILHO GRÃO;UNIMAR PLANTIO;Tempo Máximo de Motor Ocioso;00:02:02;Sem evento;
POINT (-49.97727663808537 -22.247510665014957);1762870009.2;11/11/2025 11:06:49;Trator Valtra série T - 05;11;6842;ALAN TURING;PLANTIO MILHO GRÃO;UNIMAR PLANTIO;Tempo Máximo de Motor Ocioso;00:02:02;Sem evento;
POINT (-49.97727663808537 -22.247510665014957);1762870009.2;11/11/2025 11:06:49;Trator Valtra série T - 05;11;6842;ALAN TURING;PLANTIO MILHO GRÃO;UNIMAR PLANTIO;Tempo Máximo de Motor Ocioso;00:02:02;Sem evento;
POINT (-49.97862209731801 -22.248588193271083);1762870626.6;11/11/2025 11:17:07;Trator Valtra série T - 05;11;6842;ALAN TURING;PLANTIO MILHO GRÃO;UNIMAR PLANTIO;Tempo Máximo de Motor Ocioso;00:00:11;Sem evento;
POINT (-49.97862209731801 -22.248588193271083);1762870626.6;11/11/2025 11:17:07;Trator Valtra série T - 05;11;6842;ALAN TURING;PLANTIO MILHO GRÃO;UNIMAR PLANTIO;Tempo Máximo de Motor Ocioso;00:00:11;Sem evento;
POINT (-49.97862209731801 -22.248588193271083);1762870626.6;11/11/2025 11:17:07;Trator Valtra série T - 05;11;6842;ALAN TURING;PLANTIO MILHO GRÃO;UNIMAR PLANTIO;Tempo Máximo de Motor Ocioso;00:00:11;Sem evento;
POINT (-49.97858679664832 -22.248535338034976);1762870725.4;11/11/2025 11:18:45;Trator Valtra série T - 05;11;6842;ALAN TURING;PLANTIO MILHO GRÃO;UNIMAR PLANTIO;Tempo Máximo de Motor Ocioso;00:00:16;Sem evento;
POINT (-49.97858679664832 -22.248535338034976);1762870725.4;11/11/2025 11:18:45;Trator Valtra série T - 05;11;6842;ALAN TURING;PLANTIO MILHO GRÃO;UNIMAR PLANTIO;Tempo Máximo de Motor Ocioso;00:00:16;Sem evento;
POINT (-49.97858679664832 -22.248535338034976);1762870725.4;11/11/2025 11:18:45;Trator Valtra série T - 05;11;6842;ALAN TURING;PLANTIO MILHO GRÃO;UNIMAR PLANTIO;Tempo Máximo de Motor Ocioso;00:00:16;Sem evento;
POINT (-49.97904029333995 -22.249202534713312);1762871388.1;11/11/2025 11:29:48;Trator Valtra série T - 05;11;6842;ALAN TURING;PLANTIO MILHO GRÃO;UNIMAR PLANTIO;Tempo Máximo de Motor Ocioso;00:00:38;Sem evento;
POINT (-49.97904029333995 -22.249202534713312);1762871388.1;11/11/2025 11:29:48;Trator Valtra série T - 05;11;6842;ALAN TURING;PLANTIO MILHO GRÃO;UNIMAR PLANTIO;Tempo Máximo de Motor Ocioso;00:00:38;Sem evento;
POINT (-49.97904029333995 -22.249202534713312);1762871388.1;11/11/2025 11:29:48;Trator Valtra série T - 05;11;6842;ALAN TURING;PLANTIO MILHO GRÃO;UNIMAR PLANTIO;Tempo Máximo de Motor Ocioso;00:00:38;Sem evento;
POINT (-49.98559189624742 -22.25005549264809);1762872767.1;11/11/2025 11:52:47;Trator Valtra série T - 05;11;6842;ALAN TURING;PLANTIO MILHO GRÃO;UNIMAR PLANTIO;Tempo Máximo de Motor Ocioso;00:02:49;Sem evento;
POINT (-49.98559189624742 -22.25005549264809);1762872767.1;11/11/2025 11:52:47;Trator Valtra série T - 05;11;6842;ALAN TURING;PLANTIO MILHO GRÃO;UNIMAR PLANTIO;Tempo Máximo de Motor Ocioso;00:02:49;Sem evento;
POINT (-49.98559189624742 -22.25005549264809);1762872767.1;11/11/2025 11:52:47;Trator Valtra série T - 05;11;6842;ALAN TURING;PLANTIO MILHO GRÃO;UNIMAR PLANTIO;Tempo Máximo de Motor Ocioso;00:02:49;Sem evento;
POINT (-49.97575806754785 -22.247975851956248);1762873968.6;11/11/2025 12:12:49;Trator Valtra série T - 05;11;6842;ALAN TURING;PLANTIO MILHO GRÃO;UNIMAR PLANTIO;Tempo Máximo de Motor Ocioso;00:00:11;Sem evento;
POINT (-49.97575806754785 -22.247975851956248);1762873968.6;11/11/2025 12:12:49;Trator Valtra série T - 05;11;6842;ALAN TURING;PLANTIO MILHO GRÃO;UNIMAR PLANTIO;Tempo Máximo de Motor Ocioso;00:00:11;Sem evento;
POINT (-49.97575806754785 -22.247975851956248);1762873968.6;11/11/2025 12:12:49;Trator Valtra série T - 05;11;6842;ALAN TURING;PLANTIO MILHO GRÃO;UNIMAR PLANTIO;Tempo Máximo de Motor Ocioso;00:00:11;Sem evento;
POINT (-49.9772514391153 -22.247888141727564);1762881441.3;11/11/2025 14:17:21;Trator Valtra série T - 05;11;6842;ALAN TURING;PLANTIO MILHO GRÃO;UNIMAR PLANTIO;Tempo Máximo de Motor Ocioso;00:00:11;Sem evento;
POINT (-49.9772514391153 -22.247888141727564);1762881441.3;11/11/2025 14:17:21;Trator Valtra série T - 05;11;6842;ALAN TURING;PLANTIO MILHO GRÃO;UNIMAR PLANTIO;Tempo Máximo de Motor Ocioso;00:00:11;Sem evento;
POINT (-49.9772514391153 -22.247888141727564);1762881441.3;11/11/2025 14:17:21;Trator Valtra série T - 05;11;6842;ALAN TURING;PLANTIO MILHO GRÃO;UNIMAR PLANTIO;Tempo Máximo de Motor Ocioso;00:00:11;Sem evento;
POINT (-49.98257180933145 -22.24832452004804);1762882184.7;11/11/2025 14:29:45;Trator Valtra série T - 05;11;6842;ALAN TURING;PLANTIO MILHO GRÃO;UNIMAR PLANTIO;Tempo Máximo de Motor Ocioso;00:00:06;Sem evento;
POINT (-49.98257180933145 -22.24832452004804);1762882184.7;11/11/2025 14:29:45;Trator Valtra série T - 05;11;6842;ALAN TURING;PLANTIO MILHO GRÃO;UNIMAR PLANTIO;Tempo Máximo de Motor Ocioso;00:00:06;Sem evento;
POINT (-49.98257180933145 -22.24832452004804);1762882184.7;11/11/2025 14:29:45;Trator Valtra série T - 05;11;6842;ALAN TURING;PLANTIO MILHO GRÃO;UNIMAR PLANTIO;Tempo Máximo de Motor Ocioso;00:00:06;Sem evento;
POINT (-49.97655044688812 -22.24735346321124);1762883167.7;11/11/2025 14:46:08;Trator Valtra série T - 05;11;6842;ALAN TURING;PLANTIO MILHO GRÃO;UNIMAR PLANTIO;Tempo Máximo de Motor Ocioso;00:00:14;Sem evento;
POINT (-49.97655044688812 -22.24735346321124);1762883167.7;11/11/2025 14:46:08;Trator Valtra série T - 05;11;6842;ALAN TURING;PLANTIO MILHO GRÃO;UNIMAR PLANTIO;Tempo Máximo de Motor Ocioso;00:00:14;Sem evento;
POINT (-49.97655044688812 -22.24735346321124);1762883167.7;11/11/2025 14:46:08;Trator Valtra série T - 05;11;6842;ALAN TURING;PLANTIO MILHO GRÃO;UNIMAR PLANTIO;Tempo Máximo de Motor Ocioso;00:00:14;Sem evento;
POINT (-49.980614912208125 -22.24949114482742);1762885130.9;11/11/2025 15:18:51;Trator Valtra série T - 05;11;6842;ALAN TURING;PLANTIO MILHO GRÃO;UNIMAR PLANTIO;Tempo Máximo de Motor Ocioso;00:00:08;Sem evento;
POINT (-49.980614912208125 -22.24949114482742);1762885130.9;11/11/2025 15:18:51;Trator Valtra série T - 05;11;6842;ALAN TURING;PLANTIO MILHO GRÃO;UNIMAR PLANTIO;Tempo Máximo de Motor Ocioso;00:00:08;Sem evento;
POINT (-49.980614912208125 -22.24949114482742);1762885130.9;11/11/2025 15:18:51;Trator Valtra série T - 05;11;6842;ALAN TURING;PLANTIO MILHO GRÃO;UNIMAR PLANTIO;Tempo Máximo de Motor Ocioso;00:00:08;Sem evento;
POINT (-49.97743630385636 -22.248136512520976);1762885430.9;11/11/2025 15:23:51;Trator Valtra série T - 05;11;6842;ALAN TURING;PLANTIO MILHO GRÃO;UNIMAR PLANTIO;Tempo Máximo de Motor Ocioso;00:00:18;Sem evento;
POINT (-49.97743630385636 -22.248136512520976);1762885430.9;11/11/2025 15:23:51;Trator Valtra série T - 05;11;6842;ALAN TURING;PLANTIO MILHO GRÃO;UNIMAR PLANTIO;Tempo Máximo de Motor Ocioso;00:00:18;Sem evento;
POINT (-49.97743630385636 -22.248136512520976);1762885430.9;11/11/2025 15:23:51;Trator Valtra série T - 05;11;6842;ALAN TURING;PLANTIO MILHO GRÃO;UNIMAR PLANTIO;Tempo Máximo de Motor Ocioso;00:00:18;Sem evento;
POINT (-49.97564994795314 -22.247683704411983);1762886740.8;11/11/2025 15:45:41;Trator Valtra série T - 05;11;6842;ALAN TURING;PLANTIO MILHO GRÃO;UNIMAR PLANTIO;Tempo Máximo de Motor Ocioso;00:00:55;Sem evento;
POINT (-49.97564994795314 -22.247683704411983);1762886740.8;11/11/2025 15:45:41;Trator Valtra série T - 05;11;6842;ALAN TURING;PLANTIO MILHO GRÃO;UNIMAR PLANTIO;Tempo Máximo de Motor Ocioso;00:00:55;Sem evento;
POINT (-49.97564994795314 -22.247683704411983);1762886740.8;11/11/2025 15:45:41;Trator Valtra série T - 05;11;6842;ALAN TURING;PLANTIO MILHO GRÃO;UNIMAR PLANTIO;Tempo Máximo de Motor Ocioso;00:00:55;Sem evento;
POINT (-49.979878833020464 -22.24980482754309);1762888414.2;11/11/2025 16:13:34;Trator Valtra série T - 05;11;6842;ALAN TURING;PLANTIO MILHO GRÃO;UNIMAR PLANTIO;Tempo Máximo de Motor Ocioso;00:00:15;Sem evento;
POINT (-49.979878833020464 -22.24980482754309);1762888414.2;11/11/2025 16:13:34;Trator Valtra série T - 05;11;6842;ALAN TURING;PLANTIO MILHO GRÃO;UNIMAR PLANTIO;Tempo Máximo de Motor Ocioso;00:00:15;Sem evento;
POINT (-49.979878833020464 -22.24980482754309);1762888414.2;11/11/2025 16:13:34;Trator Valtra série T - 05;11;6842;ALAN TURING;PLANTIO MILHO GRÃO;UNIMAR PLANTIO;Tempo Máximo de Motor Ocioso;00:00:15;Sem evento;
POINT (-49.97980127854475 -22.24984286747923);1762888479.9;11/11/2025 16:14:40;Trator Valtra série T - 05;11;6842;ALAN TURING;PLANTIO MILHO GRÃO;UNIMAR PLANTIO;Tempo Máximo de Motor Ocioso;00:00:14;Sem evento;
POINT (-49.97980127854475 -22.24984286747923);1762888479.9;11/11/2025 16:14:40;Trator Valtra série T - 05;11;6842;ALAN TURING;PLANTIO MILHO GRÃO;UNIMAR PLANTIO;Tempo Máximo de Motor Ocioso;00:00:14;Sem evento;
POINT (-49.97980127854475 -22.24984286747923);1762888479.9;11/11/2025 16:14:40;Trator Valtra série T - 05;11;6842;ALAN TURING;PLANTIO MILHO GRÃO;UNIMAR PLANTIO;Tempo Máximo de Motor Ocioso;00:00:14;Sem evento;
POINT (-49.978808518935516 -22.250064788801968);1762890361.1;11/11/2025 16:46:01;Trator Valtra série T - 05;11;6842;ALAN TURING;PLANTIO MILHO GRÃO;UNIMAR PLANTIO;Tempo Máximo de Motor Ocioso;00:00:15;Sem evento;
POINT (-49.978808518935516 -22.250064788801968);1762890361.1;11/11/2025 16:46:01;Trator Valtra série T - 05;11;6842;ALAN TURING;PLANTIO MILHO GRÃO;UNIMAR PLANTIO;Tempo Máximo de Motor Ocioso;00:00:15;Sem evento;
POINT (-49.978808518935516 -22.250064788801968);1762890361.1;11/11/2025 16:46:01;Trator Valtra série T - 05;11;6842;ALAN TURING;PLANTIO MILHO GRÃO;UNIMAR PLANTIO;Tempo Máximo de Motor Ocioso;00:00:15;Sem evento;
POINT (-49.9786570863295 -22.25031785719379);1762890474.1;11/11/2025 16:47:54;Trator Valtra série T - 05;11;6842;ALAN TURING;PLANTIO MILHO GRÃO;UNIMAR PLANTIO;Tempo Máximo de Motor Ocioso;00:00:20;Sem evento;
POINT (-49.9786570863295 -22.25031785719379);1762890474.1;11/11/2025 16:47:54;Trator Valtra série T - 05;11;6842;ALAN TURING;PLANTIO MILHO GRÃO;UNIMAR PLANTIO;Tempo Máximo de Motor Ocioso;00:00:20;Sem evento;
POINT (-49.9786570863295 -22.25031785719379);1762890474.1;11/11/2025 16:47:54;Trator Valtra série T - 05;11;6842;ALAN TURING;PLANTIO MILHO GRÃO;UNIMAR PLANTIO;Tempo Máximo de Motor Ocioso;00:00:20;Sem evento;
POINT (-49.978576679529816 -22.249639558549127);1762891766.9;11/11/2025 17:09:27;Trator Valtra série T - 05;11;6842;ALAN TURING;PLANTIO MILHO GRÃO;UNIMAR PLANTIO;Tempo Máximo de Motor Ocioso;00:00:08;Sem evento;
POINT (-49.978576679529816 -22.249639558549127);1762891766.9;11/11/2025 17:09:27;Trator Valtra série T - 05;11;6842;ALAN TURING;PLANTIO MILHO GRÃO;UNIMAR PLANTIO;Tempo Máximo de Motor Ocioso;00:00:08;Sem evento;
POINT (-49.978576679529816 -22.249639558549127);1762891766.9;11/11/2025 17:09:27;Trator Valtra série T - 05;11;6842;ALAN TURING;PLANTIO MILHO GRÃO;UNIMAR PLANTIO;Tempo Máximo de Motor Ocioso;00:00:08;Sem evento;
POINT (-49.97579521147036 -22.248313895241377);1762895711.3;11/11/2025 18:15:11;Trator Valtra série T - 05;11;6842;ALAN TURING;PLANTIO MILHO GRÃO;UNIMAR PLANTIO;Tempo Máximo de Motor Ocioso;00:00:14;Sem evento;
POINT (-49.97579521147036 -22.248313895241377);1762895711.3;11/11/2025 18:15:11;Trator Valtra série T - 05;11;6842;ALAN TURING;PLANTIO MILHO GRÃO;UNIMAR PLANTIO;Tempo Máximo de Motor Ocioso;00:00:14;Sem evento;
POINT (-49.97579521147036 -22.248313895241377);1762895711.3;11/11/2025 18:15:11;Trator Valtra série T - 05;11;6842;ALAN TURING;PLANTIO MILHO GRÃO;UNIMAR PLANTIO;Tempo Máximo de Motor Ocioso;00:00:14;Sem evento;
POINT (-49.975793793897765 -22.24831269641631);1762895759.3;11/11/2025 18:15:59;Trator Valtra série T - 05;11;6842;ALAN TURING;PLANTIO MILHO GRÃO;UNIMAR PLANTIO;Tempo Máximo de Motor Ocioso;00:00:39;Sem evento;
POINT (-49.975793793897765 -22.24831269641631);1762895759.3;11/11/2025 18:15:59;Trator Valtra série T - 05;11;6842;ALAN TURING;PLANTIO MILHO GRÃO;UNIMAR PLANTIO;Tempo Máximo de Motor Ocioso;00:00:39;Sem evento;
POINT (-49.975793793897765 -22.24831269641631);1762895759.3;11/11/2025 18:15:59;Trator Valtra série T - 05;11;6842;ALAN TURING;PLANTIO MILHO GRÃO;UNIMAR PLANTIO;Tempo Máximo de Motor Ocioso;00:00:39;Sem evento;
POINT (-49.97577962308675 -22.24829660545911);1762895842.1;11/11/2025 18:17:22;Trator Valtra série T - 05;11;6842;ALAN TURING;PLANTIO MILHO GRÃO;UNIMAR PLANTIO;Tempo Máximo de Motor Ocioso;00:00:06;Sem evento;
POINT (-49.97577962308675 -22.24829660545911);1762895842.1;11/11/2025 18:17:22;Trator Valtra série T - 05;11;6842;ALAN TURING;PLANTIO MILHO GRÃO;UNIMAR PLANTIO;Tempo Máximo de Motor Ocioso;00:00:06;Sem evento;
POINT (-49.97577962308675 -22.24829660545911);1762895842.1;11/11/2025 18:17:22;Trator Valtra série T - 05;11;6842;ALAN TURING;PLANTIO MILHO GRÃO;UNIMAR PLANTIO;Tempo Máximo de Motor Ocioso;00:00:06;Sem evento;
POINT (-49.97571667156152 -22.24832381141642);1762948286.1;12/11/2025 08:51:26;Trator Valtra série T - 05;11;6842;ALAN TURING;PLANTIO MILHO GRÃO;UNIMAR PLANTIO;Tempo Máximo de Motor Ocioso;00:00:14;Sem evento;
POINT (-49.97571667156152 -22.24832381141642);1762948286.1;12/11/2025 08:51:26;Trator Valtra série T - 05;11;6842;ALAN TURING;PLANTIO MILHO GRÃO;UNIMAR PLANTIO;Tempo Máximo de Motor Ocioso;00:00:14;Sem evento;
POINT (-49.97571667156152 -22.24832381141642);1762948286.1;12/11/2025 08:51:26;Trator Valtra série T - 05;11;6842;ALAN TURING;PLANTIO MILHO GRÃO;UNIMAR PLANTIO;Tempo Máximo de Motor Ocioso;00:00:14;Sem evento;
POINT (-49.97571052189155 -22.24832983995229);1762948332.5;12/11/2025 08:52:12;Trator Valtra série T - 05;11;6842;ALAN TURING;PLANTIO MILHO GRÃO;UNIMAR PLANTIO;Tempo Máximo de Motor Ocioso;00:00:34;Sem evento;
POINT (-49.97571052189155 -22.24832983995229);1762948332.5;12/11/2025 08:52:12;Trator Valtra série T - 05;11;6842;ALAN TURING;PLANTIO MILHO GRÃO;UNIMAR PLANTIO;Tempo Máximo de Motor Ocioso;00:00:34;Sem evento;
POINT (-49.97571052189155 -22.24832983995229);1762948332.5;12/11/2025 08:52:12;Trator Valtra série T - 05;11;6842;ALAN TURING;PLANTIO MILHO GRÃO;UNIMAR PLANTIO;Tempo Máximo de Motor Ocioso;00:00:34;Sem evento;
POINT (-49.97576586366055 -22.248274835136797);1762948461.1;12/11/2025 08:54:21;Trator Valtra série T - 05;11;6842;ALAN TURING;PLANTIO MILHO GRÃO;UNIMAR PLANTIO;Tempo Máximo de Motor Ocioso;00:00:23;Sem evento;
POINT (-49.97576586366055 -22.248274835136797);1762948461.1;12/11/2025 08:54:21;Trator Valtra série T - 05;11;6842;ALAN TURING;PLANTIO MILHO GRÃO;UNIMAR PLANTIO;Tempo Máximo de Motor Ocioso;00:00:23;Sem evento;
POINT (-49.97576586366055 -22.248274835136797);1762948461.1;12/11/2025 08:54:21;Trator Valtra série T - 05;11;6842;ALAN TURING;PLANTIO MILHO GRÃO;UNIMAR PLANTIO;Tempo Máximo de Motor Ocioso;00:00:23;Sem evento;
POINT (-49.97579824358239 -22.248342094460217);1762948594.1;12/11/2025 08:56:34;Trator Valtra série T - 05;11;6842;ALAN TURING;PLANTIO MILHO GRÃO;UNIMAR PLANTIO;Tempo Máximo de Motor Ocioso;00:00:16;Sem evento;
POINT (-49.97579824358239 -22.248342094460217);1762948594.1;12/11/2025 08:56:34;Trator Valtra série T - 05;11;6842;ALAN TURING;PLANTIO MILHO GRÃO;UNIMAR PLANTIO;Tempo Máximo de Motor Ocioso;00:00:16;Sem evento;
POINT (-49.97579824358239 -22.248342094460217);1762948594.1;12/11/2025 08:56:34;Trator Valtra série T - 05;11;6842;ALAN TURING;PLANTIO MILHO GRÃO;UNIMAR PLANTIO;Tempo Máximo de Motor Ocioso;00:00:16;Sem evento;
POINT (-49.97568459442317 -22.248275760004145);1762948883.5;12/11/2025 09:01:24;Trator Valtra série T - 05;11;6842;ALAN TURING;PLANTIO MILHO GRÃO;UNIMAR PLANTIO;Tempo Máximo de Motor Ocioso;00:00:11;Sem evento;
POINT (-49.97568459442317 -22.248275760004145);1762948883.5;12/11/2025 09:01:24;Trator Valtra série T - 05;11;6842;ALAN TURING;PLANTIO MILHO GRÃO;UNIMAR PLANTIO;Tempo Máximo de Motor Ocioso;00:00:11;Sem evento;
POINT (-49.97568459442317 -22.248275760004145);1762948883.5;12/11/2025 09:01:24;Trator Valtra série T - 05;11;6842;ALAN TURING;PLANTIO MILHO GRÃO;UNIMAR PLANTIO;Tempo Máximo de Motor Ocioso;00:00:11;Sem evento;
POINT (-49.97570825276929 -22.24827679823707);1762949040.8;12/11/2025 09:04:01;Trator Valtra série T - 05;11;6842;ALAN TURING;PLANTIO MILHO GRÃO;UNIMAR PLANTIO;Tempo Máximo de Motor Ocioso;00:00:09;Sem evento;
POINT (-49.97570825276929 -22.24827679823707);1762949040.8;12/11/2025 09:04:01;Trator Valtra série T - 05;11;6842;ALAN TURING;PLANTIO MILHO GRÃO;UNIMAR PLANTIO;Tempo Máximo de Motor Ocioso;00:00:09;Sem evento;
POINT (-49.97570825276929 -22.24827679823707);1762949040.8;12/11/2025 09:04:01;Trator Valtra série T - 05;11;6842;ALAN TURING;PLANTIO MILHO GRÃO;UNIMAR PLANTIO;Tempo Máximo de Motor Ocioso;00:00:09;Sem evento;
POINT (-49.97569368977269 -22.248292889878428);1762949084.1;12/11/2025 09:04:44;Trator Valtra série T - 05;11;6842;ALAN TURING;PLANTIO MILHO GRÃO;UNIMAR PLANTIO;Tempo Máximo de Motor Ocioso;00:00:09;Sem evento;
POINT (-49.97569368977269 -22.248292889878428);1762949084.1;12/11/2025 09:04:44;Trator Valtra série T - 05;11;6842;ALAN TURING;PLANTIO MILHO GRÃO;UNIMAR PLANTIO;Tempo Máximo de Motor Ocioso;00:00:09;Sem evento;
POINT (-49.97569368977269 -22.248292889878428);1762949084.1;12/11/2025 09:04:44;Trator Valtra série T - 05;11;6842;ALAN TURING;PLANTIO MILHO GRÃO;UNIMAR PLANTIO;Tempo Máximo de Motor Ocioso;00:00:09;Sem evento;
POINT (-49.97570697037804 -22.24828180720668);1762949200.8;12/11/2025 09:06:41;Trator Valtra série T - 05;11;6842;ALAN TURING;PLANTIO MILHO GRÃO;UNIMAR PLANTIO;Tempo Máximo de Motor Ocioso;00:00:14;Sem evento;
POINT (-49.97570697037804 -22.24828180720668);1762949200.8;12/11/2025 09:06:41;Trator Valtra série T - 05;11;6842;ALAN TURING;PLANTIO MILHO GRÃO;UNIMAR PLANTIO;Tempo Máximo de Motor Ocioso;00:00:14;Sem evento;
POINT (-49.97570697037804 -22.24828180720668);1762949200.8;12/11/2025 09:06:41;Trator Valtra série T - 05;11;6842;ALAN TURING;PLANTIO MILHO GRÃO;UNIMAR PLANTIO;Tempo Máximo de Motor Ocioso;00:00:14;Sem evento;
POINT (-49.97579730108892 -22.248345658143855);1762949292.5;12/11/2025 09:08:12;Trator Valtra série T - 05;11;6842;ALAN TURING;PLANTIO MILHO GRÃO;UNIMAR PLANTIO;Tempo Máximo de Motor Ocioso;00:00:12;Sem evento;
POINT (-49.97579730108892 -22.248345658143855);1762949292.5;12/11/2025 09:08:12;Trator Valtra série T - 05;11;6842;ALAN TURING;PLANTIO MILHO GRÃO;UNIMAR PLANTIO;Tempo Máximo de Motor Ocioso;00:00:12;Sem evento;
POINT (-49.97579730108892 -22.248345658143855);1762949292.5;12/11/2025 09:08:12;Trator Valtra série T - 05;11;6842;ALAN TURING;PLANTIO MILHO GRÃO;UNIMAR PLANTIO;Tempo Máximo de Motor Ocioso;00:00:12;Sem evento;
POINT (-49.97577694625005 -22.248346408649333);1762949382.5;12/11/2025 09:09:42;Trator Valtra série T - 05;11;6842;ALAN TURING;PLANTIO MILHO GRÃO;UNIMAR PLANTIO;Tempo Máximo de Motor Ocioso;00:00:25;Sem evento;
POINT (-49.97577694625005 -22.248346408649333);1762949382.5;12/11/2025 09:09:42;Trator Valtra série T - 05;11;6842;ALAN TURING;PLANTIO MILHO GRÃO;UNIMAR PLANTIO;Tempo Máximo de Motor Ocioso;00:00:25;Sem evento;
POINT (-49.97577694625005 -22.248346408649333);1762949382.5;12/11/2025 09:09:42;Trator Valtra série T - 05;11;6842;ALAN TURING;PLANTIO MILHO GRÃO;UNIMAR PLANTIO;Tempo Máximo de Motor Ocioso;00:00:25;Sem evento;
POINT (-49.975698842929454 -22.248288458645213);1762949505.3;12/11/2025 09:11:45;Trator Valtra série T - 05;11;6842;ALAN TURING;PLANTIO MILHO GRÃO;UNIMAR PLANTIO;Tempo Máximo de Motor Ocioso;00:00:13;Sem evento;
POINT (-49.975698842929454 -22.248288458645213);1762949505.3;12/11/2025 09:11:45;Trator Valtra série T - 05;11;6842;ALAN TURING;PLANTIO MILHO GRÃO;UNIMAR PLANTIO;Tempo Máximo de Motor Ocioso;00:00:13;Sem evento;
POINT (-49.975698842929454 -22.248288458645213);1762949505.3;12/11/2025 09:11:45;Trator Valtra série T - 05;11;6842;ALAN TURING;PLANTIO MILHO GRÃO;UNIMAR PLANTIO;Tempo Máximo de Motor Ocioso;00:00:13;Sem evento;
POINT (-49.97567108340659 -22.248278151923277);1762949577.3;12/11/2025 09:12:57;Trator Valtra série T - 05;11;6842;ALAN TURING;PLANTIO MILHO GRÃO;UNIMAR PLANTIO;Tempo Máximo de Motor Ocioso;00:00:20;Sem evento;
POINT (-49.97567108340659 -22.248278151923277);1762949577.3;12/11/2025 09:12:57;Trator Valtra série T - 05;11;6842;ALAN TURING;PLANTIO MILHO GRÃO;UNIMAR PLANTIO;Tempo Máximo de Motor Ocioso;00:00:20;Sem evento;
POINT (-49.97567108340659 -22.248278151923277);1762949577.3;12/11/2025 09:12:57;Trator Valtra série T - 05;11;6842;ALAN TURING;PLANTIO MILHO GRÃO;UNIMAR PLANTIO;Tempo Máximo de Motor Ocioso;00:00:20;Sem evento;
POINT (-49.97568359635305 -22.248267646930284);1762949687.3;12/11/2025 09:14:47;Trator Valtra série T - 05;11;6842;ALAN TURING;PLANTIO MILHO GRÃO;UNIMAR PLANTIO;Tempo Máximo de Motor Ocioso;00:00:08;Sem evento;
POINT (-49.97568359635305 -22.248267646930284);1762949687.3;12/11/2025 09:14:47;Trator Valtra série T - 05;11;6842;ALAN TURING;PLANTIO MILHO GRÃO;UNIMAR PLANTIO;Tempo Máximo de Motor Ocioso;00:00:08;Sem evento;
POINT (-49.97568359635305 -22.248267646930284);1762949687.3;12/11/2025 09:14:47;Trator Valtra série T - 05;11;6842;ALAN TURING;PLANTIO MILHO GRÃO;UNIMAR PLANTIO;Tempo Máximo de Motor Ocioso;00:00:08;Sem evento;
POINT (-49.97577665339877 -22.24833303728218);1762949731.3;12/11/2025 09:15:31;Trator Valtra série T - 05;11;6842;ALAN TURING;PLANTIO MILHO GRÃO;UNIMAR PLANTIO;Tempo Máximo de Motor Ocioso;00:00:39;Sem evento;
POINT (-49.97577665339877 -22.24833303728218);1762949731.3;12/11/2025 09:15:31;Trator Valtra série T - 05;11;6842;ALAN TURING;PLANTIO MILHO GRÃO;UNIMAR PLANTIO;Tempo Máximo de Motor Ocioso;00:00:39;Sem evento;
POINT (-49.97577665339877 -22.24833303728218);1762949731.3;12/11/2025 09:15:31;Trator Valtra série T - 05;11;6842;ALAN TURING;PLANTIO MILHO GRÃO;UNIMAR PLANTIO;Tempo Máximo de Motor Ocioso;00:00:39;Sem evento;
POINT (-49.975756059397426 -22.248349917787454);1762949806.3;12/11/2025 09:16:46;Trator Valtra série T - 05;11;6842;ALAN TURING;PLANTIO MILHO GRÃO;UNIMAR PLANTIO;Tempo Máximo de Motor Ocioso;00:00:18;Sem evento;
POINT (-49.975756059397426 -22.248349917787454);1762949806.3;12/11/2025 09:16:46;Trator Valtra série T - 05;11;6842;ALAN TURING;PLANTIO MILHO GRÃO;UNIMAR PLANTIO;Tempo Máximo de Motor Ocioso;00:00:18;Sem evento;
POINT (-49.975756059397426 -22.248349917787454);1762949806.3;12/11/2025 09:16:46;Trator Valtra série T - 05;11;6842;ALAN TURING;PLANTIO MILHO GRÃO;UNIMAR PLANTIO;Tempo Máximo de Motor Ocioso;00:00:18;Sem evento;
POINT (-49.97565876905636 -22.24828283069955);1762949866.3;12/11/2025 09:17:46;Trator Valtra série T - 05;11;6842;ALAN TURING;PLANTIO MILHO GRÃO;UNIMAR PLANTIO;Tempo Máximo de Motor Ocioso;00:01:04;Sem evento;
POINT (-49.97565876905636 -22.24828283069955);1762949866.3;12/11/2025 09:17:46;Trator Valtra série T - 05;11;6842;ALAN TURING;PLANTIO MILHO GRÃO;UNIMAR PLANTIO;Tempo Máximo de Motor Ocioso;00:01:04;Sem evento;
POINT (-49.97565876905636 -22.24828283069955);1762949866.3;12/11/2025 09:17:46;Trator Valtra série T - 05;11;6842;ALAN TURING;PLANTIO MILHO GRÃO;UNIMAR PLANTIO;Tempo Máximo de Motor Ocioso;00:01:04;Sem evento;
POINT (-49.97567425405109 -22.248290926704986);1762949966.3;12/11/2025 09:19:26;Trator Valtra série T - 05;11;6842;ALAN TURING;PLANTIO MILHO GRÃO;UNIMAR PLANTIO;Tempo Máximo de Motor Ocioso;00:00:20;Sem evento;
POINT (-49.97567425405109 -22.248290926704986);1762949966.3;12/11/2025 09:19:26;Trator Valtra série T - 05;11;6842;ALAN TURING;PLANTIO MILHO GRÃO;UNIMAR PLANTIO;Tempo Máximo de Motor Ocioso;00:00:20;Sem evento;
POINT (-49.97567425405109 -22.248290926704986);1762949966.3;12/11/2025 09:19:26;Trator Valtra série T - 05;11;6842;ALAN TURING;PLANTIO MILHO GRÃO;UNIMAR PLANTIO;Tempo Máximo de Motor Ocioso;00:00:20;Sem evento;
POINT (-49.97568470705432 -22.248279977875548);1762950021.3;12/11/2025 09:20:21;Trator Valtra série T - 05;11;6842;ALAN TURING;PLANTIO MILHO GRÃO;UNIMAR PLANTIO;Tempo Máximo de Motor Ocioso;00:01:23;Sem evento;
POINT (-49.97568470705432 -22.248279977875548);1762950021.3;12/11/2025 09:20:21;Trator Valtra série T - 05;11;6842;ALAN TURING;PLANTIO MILHO GRÃO;UNIMAR PLANTIO;Tempo Máximo de Motor Ocioso;00:01:23;Sem evento;
POINT (-49.97568470705432 -22.248279977875548);1762950021.3;12/11/2025 09:20:21;Trator Valtra série T - 05;11;6842;ALAN TURING;PLANTIO MILHO GRÃO;UNIMAR PLANTIO;Tempo Máximo de Motor Ocioso;00:01:23;Sem evento;
POINT (-49.97571533689097 -22.248235062913366);1762950162.7;12/11/2025 09:22:43;Trator Valtra série T - 05;11;6842;ALAN TURING;PLANTIO MILHO GRÃO;UNIMAR PLANTIO;Tempo Máximo de Motor Ocioso;00:00:49;Sem evento;
POINT (-49.97571533689097 -22.248235062913366);1762950162.7;12/11/2025 09:22:43;Trator Valtra série T - 05;11;6842;ALAN TURING;PLANTIO MILHO GRÃO;UNIMAR PLANTIO;Tempo Máximo de Motor Ocioso;00:00:49;Sem evento;
POINT (-49.97571533689097 -22.248235062913366);1762950162.7;12/11/2025 09:22:43;Trator Valtra série T - 05;11;6842;ALAN TURING;PLANTIO MILHO GRÃO;UNIMAR PLANTIO;Tempo Máximo de Motor Ocioso;00:00:49;Sem evento;
POINT (-49.98014738234378 -22.250487698231197);1762952714.2;12/11/2025 10:05:14;Trator Valtra série T - 05;11;6842;ALAN TURING;PLANTIO MILHO GRÃO;UNIMAR PLANTIO;Tempo Máximo de Motor Ocioso;00:01:22;Sem evento;
POINT (-49.98014738234378 -22.250487698231197);1762952714.2;12/11/2025 10:05:14;Trator Valtra série T - 05;11;6842;ALAN TURING;PLANTIO MILHO GRÃO;UNIMAR PLANTIO;Tempo Máximo de Motor Ocioso;00:01:22;Sem evento;
POINT (-49.98014738234378 -22.250487698231197);1762952714.2;12/11/2025 10:05:14;Trator Valtra série T - 05;11;6842;ALAN TURING;PLANTIO MILHO GRÃO;UNIMAR PLANTIO;Tempo Máximo de Motor Ocioso;00:01:22;Sem evento;
POINT (-49.98412382752527 -22.248623187060392);1762958577.7;12/11/2025 11:42:58;Trator Valtra série T - 05;11;6842;ALAN TURING;PLANTIO MILHO GRÃO;UNIMAR PLANTIO;Tempo Máximo de Motor Ocioso;00:01:04;Sem evento;
POINT (-49.98412382752527 -22.248623187060392);1762958577.7;12/11/2025 11:42:58;Trator Valtra série T - 05;11;6842;ALAN TURING;PLANTIO MILHO GRÃO;UNIMAR PLANTIO;Tempo Máximo de Motor Ocioso;00:01:04;Sem evento;
POINT (-49.98412382752527 -22.248623187060392);1762958577.7;12/11/2025 11:42:58;Trator Valtra série T - 05;11;6842;ALAN TURING;PLANTIO MILHO GRÃO;UNIMAR PLANTIO;Tempo Máximo de Motor Ocioso;00:01:04;Sem evento;
POINT (-49.9757699563185 -22.24798216638154);1762959357.5;12/11/2025 11:55:58;Trator Valtra série T - 05;11;6842;ALAN TURING;PLANTIO MILHO GRÃO;UNIMAR PLANTIO;Tempo Máximo de Motor Ocioso;00:00:13;Sem evento;
POINT (-49.9757699563185 -22.24798216638154);1762959357.5;12/11/2025 11:55:58;Trator Valtra série T - 05;11;6842;ALAN TURING;PLANTIO MILHO GRÃO;UNIMAR PLANTIO;Tempo Máximo de Motor Ocioso;00:00:13;Sem evento;
POINT (-49.9757699563185 -22.24798216638154);1762959357.5;12/11/2025 11:55:58;Trator Valtra série T - 05;11;6842;ALAN TURING;PLANTIO MILHO GRÃO;UNIMAR PLANTIO;Tempo Máximo de Motor Ocioso;00:00:13;Sem evento;
POINT (-49.97549897876803 -22.248106257730825);1762963980.3;12/11/2025 13:13:00;Trator Valtra série T - 05;11;6842;ALAN TURING;PLANTIO MILHO GRÃO;UNIMAR PLANTIO;Tempo Máximo de Motor Ocioso;00:00:36;Sem evento;
POINT (-49.97549897876803 -22.248106257730825);1762963980.3;12/11/2025 13:13:00;Trator Valtra série T - 05;11;6842;ALAN TURING;PLANTIO MILHO GRÃO;UNIMAR PLANTIO;Tempo Máximo de Motor Ocioso;00:00:36;Sem evento;
POINT (-49.97549897876803 -22.248106257730825);1762963980.3;12/11/2025 13:13:00;Trator Valtra série T - 05;11;6842;ALAN TURING;PLANTIO MILHO GRÃO;UNIMAR PLANTIO;Tempo Máximo de Motor Ocioso;00:00:36;Sem evento;
POINT (-49.975574191911385 -22.248199613670174);1762964054.9;12/11/2025 13:14:15;Trator Valtra série T - 05;11;6842;ALAN TURING;PLANTIO MILHO GRÃO;UNIMAR PLANTIO;Tempo Máximo de Motor Ocioso;00:01:34;Sem evento;
POINT (-49.975574191911385 -22.248199613670174);1762964054.9;12/11/2025 13:14:15;Trator Valtra série T - 05;11;6842;ALAN TURING;PLANTIO MILHO GRÃO;UNIMAR PLANTIO;Tempo Máximo de Motor Ocioso;00:01:34;Sem evento;
POINT (-49.975574191911385 -22.248199613670174);1762964054.9;12/11/2025 13:14:15;Trator Valtra série T - 05;11;6842;ALAN TURING;PLANTIO MILHO GRÃO;UNIMAR PLANTIO;Tempo Máximo de Motor Ocioso;00:01:34;Sem evento;
POINT (-49.975638653147705 -22.248124461589004);1762964240.1;12/11/2025 13:17:20;Trator Valtra série T - 05;11;6842;ALAN TURING;PLANTIO MILHO GRÃO;UNIMAR PLANTIO;Tempo Máximo de Motor Ocioso;00:00:44;Sem evento;
POINT (-49.975638653147705 -22.248124461589004);1762964240.1;12/11/2025 13:17:20;Trator Valtra série T - 05;11;6842;ALAN TURING;PLANTIO MILHO GRÃO;UNIMAR PLANTIO;Tempo Máximo de Motor Ocioso;00:00:44;Sem evento;
POINT (-49.975638653147705 -22.248124461589004);1762964240.1;12/11/2025 13:17:20;Trator Valtra série T - 05;11;6842;ALAN TURING;PLANTIO MILHO GRÃO;UNIMAR PLANTIO;Tempo Máximo de Motor Ocioso;00:00:44;Sem evento;
POINT (-49.97556235418535 -22.248165529231116);1762966967.1;12/11/2025 14:02:47;Trator Valtra série T - 05;11;6842;ALAN TURING;PLANTIO MILHO GRÃO;UNIMAR PLANTIO;Tempo Máximo de Motor Ocioso;00:01:43;Sem evento;
POINT (-49.97556235418535 -22.248165529231116);1762966967.1;12/11/2025 14:02:47;Trator Valtra série T - 05;11;6842;ALAN TURING;PLANTIO MILHO GRÃO;UNIMAR PLANTIO;Tempo Máximo de Motor Ocioso;00:01:43;Sem evento;
POINT (-49.97556235418535 -22.248165529231116);1762966967.1;12/11/2025 14:02:47;Trator Valtra série T - 05;11;6842;ALAN TURING;PLANTIO MILHO GRÃO;UNIMAR PLANTIO;Tempo Máximo de Motor Ocioso;00:01:43;Sem evento;
POINT (-49.975571696168196 -22.24821182823814);1762967342;12/11/2025 14:09:02;Trator Valtra série T - 05;11;6842;ALAN TURING;PLANTIO MILHO GRÃO;UNIMAR PLANTIO;Tempo Máximo de Motor Ocioso;00:34:46;Sem evento;
POINT (-49.975571696168196 -22.24821182823814);1762967342;12/11/2025 14:09:02;Trator Valtra série T - 05;11;6842;ALAN TURING;PLANTIO MILHO GRÃO;UNIMAR PLANTIO;Tempo Máximo de Motor Ocioso;00:34:46;Sem evento;
POINT (-49.975571696168196 -22.24821182823814);1762967342;12/11/2025 14:09:02;Trator Valtra série T - 05;11;6842;ALAN TURING;PLANTIO MILHO GRÃO;UNIMAR PLANTIO;Tempo Máximo de Motor Ocioso;00:34:46;Sem evento;
POINT (-49.97660199905621 -22.24719274909653);1762977386.6;12/11/2025 16:56:27;Trator Valtra série T - 05;11;6842;ALAN TURING;PLANTIO MILHO GRÃO;UNIMAR PLANTIO;Tempo Máximo de Motor Ocioso;00:02:01;Sem evento;
POINT (-49.97660199905621 -22.24719274909653);1762977386.6;12/11/2025 16:56:27;Trator Valtra série T - 05;11;6842;ALAN TURING;PLANTIO MILHO GRÃO;UNIMAR PLANTIO;Tempo Máximo de Motor Ocioso;00:02:01;Sem evento;
POINT (-49.97660199905621 -22.24719274909653);1762977386.6;12/11/2025 16:56:27;Trator Valtra série T - 05;11;6842;ALAN TURING;PLANTIO MILHO GRÃO;UNIMAR PLANTIO;Tempo Máximo de Motor Ocioso;00:02:01;Sem evento;
POINT (-49.97659567570899 -22.247190444001895);1762977544.8;12/11/2025 16:59:05;Trator Valtra série T - 05;11;6842;ALAN TURING;PLANTIO MILHO GRÃO;UNIMAR PLANTIO;Tempo Máximo de Motor Ocioso;00:01:05;Sem evento;
POINT (-49.97659567570899 -22.247190444001895);1762977544.8;12/11/2025 16:59:05;Trator Valtra série T - 05;11;6842;ALAN TURING;PLANTIO MILHO GRÃO;UNIMAR PLANTIO;Tempo Máximo de Motor Ocioso;00:01:05;Sem evento;
POINT (-49.97659567570899 -22.247190444001895);1762977544.8;12/11/2025 16:59:05;Trator Valtra série T - 05;11;6842;ALAN TURING;PLANTIO MILHO GRÃO;UNIMAR PLANTIO;Tempo Máximo de Motor Ocioso;00:01:05;Sem evento;
POINT (-49.97659567570899 -22.247190444001895);1762977604.8;12/11/2025 17:00:05;Trator Valtra série T - 05;11;6842;ALAN TURING;PLANTIO MILHO GRÃO;UNIMAR PLANTIO;Tempo Máximo de Motor Ocioso;00:02:24;Sem evento;
POINT (-49.97659567570899 -22.247190444001895);1762977604.8;12/11/2025 17:00:05;Trator Valtra série T - 05;11;6842;ALAN TURING;PLANTIO MILHO GRÃO;UNIMAR PLANTIO;Tempo Máximo de Motor Ocioso;00:02:24;Sem evento;
POINT (-49.97659567570899 -22.247190444001895);1762977604.8;12/11/2025 17:00:05;Trator Valtra série T - 05;11;6842;ALAN TURING;PLANTIO MILHO GRÃO;UNIMAR PLANTIO;Tempo Máximo de Motor Ocioso;00:02:24;Sem evento;
POINT (-49.976612080745525 -22.247183408000552);1762978024.8;12/11/2025 17:07:05;Trator Valtra série T - 05;11;6842;ALAN TURING;PLANTIO MILHO GRÃO;UNIMAR PLANTIO;Tempo Máximo de Motor Ocioso;00:14:14;Sem evento;
POINT (-49.976612080745525 -22.247183408000552);1762978024.8;12/11/2025 17:07:05;Trator Valtra série T - 05;11;6842;ALAN TURING;PLANTIO MILHO GRÃO;UNIMAR PLANTIO;Tempo Máximo de Motor Ocioso;00:14:14;Sem evento;
POINT (-49.976612080745525 -22.247183408000552);1762978024.8;12/11/2025 17:07:05;Trator Valtra série T - 05;11;6842;ALAN TURING;PLANTIO MILHO GRÃO;UNIMAR PLANTIO;Tempo Máximo de Motor Ocioso;00:14:14;Sem evento;
POINT (-49.97661195457891 -22.247183486500603);1762978914.7;12/11/2025 17:21:55;Trator Valtra série T - 05;11;6842;ALAN TURING;PLANTIO MILHO GRÃO;UNIMAR PLANTIO;Tempo Máximo de Motor Ocioso;00:01:04;Sem evento;
POINT (-49.97661195457891 -22.247183486500603);1762978914.7;12/11/2025 17:21:55;Trator Valtra série T - 05;11;6842;ALAN TURING;PLANTIO MILHO GRÃO;UNIMAR PLANTIO;Tempo Máximo de Motor Ocioso;00:01:04;Sem evento;
POINT (-49.97661195457891 -22.247183486500603);1762978914.7;12/11/2025 17:21:55;Trator Valtra série T - 05;11;6842;ALAN TURING;PLANTIO MILHO GRÃO;UNIMAR PLANTIO;Tempo Máximo de Motor Ocioso;00:01:04;Sem evento;
POINT (-49.97658094096196 -22.247184051004623);1762979284.6;12/11/2025 17:28:05;Trator Valtra série T - 05;11;6842;ALAN TURING;PLANTIO MILHO GRÃO;UNIMAR PLANTIO;Tempo Máximo de Motor Ocioso;00:02:19;Sem evento;
POINT (-49.97658094096196 -22.247184051004623);1762979284.6;12/11/2025 17:28:05;Trator Valtra série T - 05;11;6842;ALAN TURING;PLANTIO MILHO GRÃO;UNIMAR PLANTIO;Tempo Máximo de Motor Ocioso;00:02:19;Sem evento;
POINT (-49.97658094096196 -22.247184051004623);1762979284.6;12/11/2025 17:28:05;Trator Valtra série T - 05;11;6842;ALAN TURING;PLANTIO MILHO GRÃO;UNIMAR PLANTIO;Tempo Máximo de Motor Ocioso;00:02:19;Sem evento;
POINT (-49.976566509804044 -22.247185483259504);1762979604.6;12/11/2025 17:33:25;Trator Valtra série T - 05;11;6842;ALAN TURING;PLANTIO MILHO GRÃO;UNIMAR PLANTIO;Tempo Máximo de Motor Ocioso;00:01:43;Sem evento;
POINT (-49.976566509804044 -22.247185483259504);1762979604.6;12/11/2025 17:33:25;Trator Valtra série T - 05;11;6842;ALAN TURING;PLANTIO MILHO GRÃO;UNIMAR PLANTIO;Tempo Máximo de Motor Ocioso;00:01:43;Sem evento;
POINT (-49.976566509804044 -22.247185483259504);1762979604.6;12/11/2025 17:33:25;Trator Valtra série T - 05;11;6842;ALAN TURING;PLANTIO MILHO GRÃO;UNIMAR PLANTIO;Tempo Máximo de Motor Ocioso;00:01:43;Sem evento;
POINT (-49.97654999121872 -22.247192733283587);1762979884.6;12/11/2025 17:38:05;Trator Valtra série T - 05;11;6842;ALAN TURING;PLANTIO MILHO GRÃO;UNIMAR PLANTIO;Tempo Máximo de Motor Ocioso;00:00:25;Sem evento;
POINT (-49.97654999121872 -22.247192733283587);1762979884.6;12/11/2025 17:38:05;Trator Valtra série T - 05;11;6842;ALAN TURING;PLANTIO MILHO GRÃO;UNIMAR PLANTIO;Tempo Máximo de Motor Ocioso;00:00:25;Sem evento;
POINT (-49.97654999121872 -22.247192733283587);1762979884.6;12/11/2025 17:38:05;Trator Valtra série T - 05;11;6842;ALAN TURING;PLANTIO MILHO GRÃO;UNIMAR PLANTIO;Tempo Máximo de Motor Ocioso;00:00:25;Sem evento;
POINT (-49.976423120092925 -22.247341865223092);1762979969.6;12/11/2025 17:39:30;Trator Valtra série T - 05;11;6842;ALAN TURING;PLANTIO MILHO GRÃO;UNIMAR PLANTIO;Tempo Máximo de Motor Ocioso;00:01:15;Sem evento;
POINT (-49.976423120092925 -22.247341865223092);1762979969.6;12/11/2025 17:39:30;Trator Valtra série T - 05;11;6842;ALAN TURING;PLANTIO MILHO GRÃO;UNIMAR PLANTIO;Tempo Máximo de Motor Ocioso;00:01:15;Sem evento;
POINT (-49.976423120092925 -22.247341865223092);1762979969.6;12/11/2025 17:39:30;Trator Valtra série T - 05;11;6842;ALAN TURING;PLANTIO MILHO GRÃO;UNIMAR PLANTIO;Tempo Máximo de Motor Ocioso;00:01:15;Sem evento;
POINT (-49.97654864614038 -22.247279003285932);1762980109.6;12/11/2025 17:41:50;Trator Valtra série T - 05;11;6842;ALAN TURING;PLANTIO MILHO GRÃO;UNIMAR PLANTIO;Tempo Máximo de Motor Ocioso;00:00:59;Sem evento;
POINT (-49.97654864614038 -22.247279003285932);1762980109.6;12/11/2025 17:41:50;Trator Valtra série T - 05;11;6842;ALAN TURING;PLANTIO MILHO GRÃO;UNIMAR PLANTIO;Tempo Máximo de Motor Ocioso;00:00:59;Sem evento;
POINT (-49.97654864614038 -22.247279003285932);1762980109.6;12/11/2025 17:41:50;Trator Valtra série T - 05;11;6842;ALAN TURING;PLANTIO MILHO GRÃO;UNIMAR PLANTIO;Tempo Máximo de Motor Ocioso;00:00:59;Sem evento;
POINT (-49.975508179007655 -22.24828296599237);1762980389.5;12/11/2025 17:46:30;Trator Valtra série T - 05;11;6842;ALAN TURING;PLANTIO MILHO GRÃO;UNIMAR PLANTIO;Tempo Máximo de Motor Ocioso;00:00:21;Sem evento;
POINT (-49.975508179007655 -22.24828296599237);1762980389.5;12/11/2025 17:46:30;Trator Valtra série T - 05;11;6842;ALAN TURING;PLANTIO MILHO GRÃO;UNIMAR PLANTIO;Tempo Máximo de Motor Ocioso;00:00:21;Sem evento;
POINT (-49.975508179007655 -22.24828296599237);1762980389.5;12/11/2025 17:46:30;Trator Valtra série T - 05;11;6842;ALAN TURING;PLANTIO MILHO GRÃO;UNIMAR PLANTIO;Tempo Máximo de Motor Ocioso;00:00:21;Sem evento;
POINT (-49.97562010455612 -22.24824842059629);1763036346;13/11/2025 09:19:06;Trator Valtra série T - 05;11;6842;ALAN TURING;PLANTIO MILHO GRÃO;UNIMAR PLANTIO;Tempo Máximo de Motor Ocioso;00:10:55;Sem evento;
POINT (-49.97562010455612 -22.24824842059629);1763036346;13/11/2025 09:19:06;Trator Valtra série T - 05;11;6842;ALAN TURING;PLANTIO MILHO GRÃO;UNIMAR PLANTIO;Tempo Máximo de Motor Ocioso;00:10:55;Sem evento;
POINT (-49.97562010455612 -22.24824842059629);1763036346;13/11/2025 09:19:06;Trator Valtra série T - 05;11;6842;ALAN TURING;PLANTIO MILHO GRÃO;UNIMAR PLANTIO;Tempo Máximo de Motor Ocioso;00:10:55;Sem evento;
POINT (-49.975691619483136 -22.247663757491374);1763037066;13/11/2025 09:31:06;Trator Valtra série T - 05;11;6842;ALAN TURING;PLANTIO MILHO GRÃO;UNIMAR PLANTIO;Tempo Máximo de Motor Ocioso;00:04:42;Sem evento;
POINT (-49.975691619483136 -22.247663757491374);1763037066;13/11/2025 09:31:06;Trator Valtra série T - 05;11;6842;ALAN TURING;PLANTIO MILHO GRÃO;UNIMAR PLANTIO;Tempo Máximo de Motor Ocioso;00:04:42;Sem evento;
POINT (-49.975691619483136 -22.247663757491374);1763037066;13/11/2025 09:31:06;Trator Valtra série T - 05;11;6842;ALAN TURING;PLANTIO MILHO GRÃO;UNIMAR PLANTIO;Tempo Máximo de Motor Ocioso;00:04:42;Sem evento;
POINT (-49.975691619483136 -22.247663757491374);1763037380.2;13/11/2025 09:36:20;Trator Valtra série T - 05;11;6842;ALAN TURING;PLANTIO MILHO GRÃO;UNIMAR PLANTIO;Tempo Máximo de Motor Ocioso;00:00:58;Sem evento;
POINT (-49.975691619483136 -22.247663757491374);1763037380.2;13/11/2025 09:36:20;Trator Valtra série T - 05;11;6842;ALAN TURING;PLANTIO MILHO GRÃO;UNIMAR PLANTIO;Tempo Máximo de Motor Ocioso;00:00:58;Sem evento;
POINT (-49.975691619483136 -22.247663757491374);1763037380.2;13/11/2025 09:36:20;Trator Valtra série T - 05;11;6842;ALAN TURING;PLANTIO MILHO GRÃO;UNIMAR PLANTIO;Tempo Máximo de Motor Ocioso;00:00:58;Sem evento;
POINT (-49.9757612327086 -22.247725237412617);1763037471.5;13/11/2025 09:37:52;Trator Valtra série T - 05;11;6842;ALAN TURING;PLANTIO MILHO GRÃO;UNIMAR PLANTIO;Tempo Máximo de Motor Ocioso;00:00:11;Sem evento;
POINT (-49.9757612327086 -22.247725237412617);1763037471.5;13/11/2025 09:37:52;Trator Valtra série T - 05;11;6842;ALAN TURING;PLANTIO MILHO GRÃO;UNIMAR PLANTIO;Tempo Máximo de Motor Ocioso;00:00:11;Sem evento;
POINT (-49.9757612327086 -22.247725237412617);1763037471.5;13/11/2025 09:37:52;Trator Valtra série T - 05;11;6842;ALAN TURING;PLANTIO MILHO GRÃO;UNIMAR PLANTIO;Tempo Máximo de Motor Ocioso;00:00:11;Sem evento;
POINT (-49.97581597521575 -22.247694974024633);1763037518.7;13/11/2025 09:38:39;Trator Valtra série T - 05;11;6842;ALAN TURING;PLANTIO MILHO GRÃO;UNIMAR PLANTIO;Tempo Máximo de Motor Ocioso;00:13:58;Sem evento;
POINT (-49.97581597521575 -22.247694974024633);1763037518.7;13/11/2025 09:38:39;Trator Valtra série T - 05;11;6842;ALAN TURING;PLANTIO MILHO GRÃO;UNIMAR PLANTIO;Tempo Máximo de Motor Ocioso;00:13:58;Sem evento;
POINT (-49.97581597521575 -22.247694974024633);1763037518.7;13/11/2025 09:38:39;Trator Valtra série T - 05;11;6842;ALAN TURING;PLANTIO MILHO GRÃO;UNIMAR PLANTIO;Tempo Máximo de Motor Ocioso;00:13:58;Sem evento;
POINT (-49.977122172132205 -22.2468787766236);1763038477.1;13/11/2025 09:54:37;Trator Valtra série T - 05;11;6842;ALAN TURING;PLANTIO MILHO GRÃO;UNIMAR PLANTIO;Tempo Máximo de Motor Ocioso;00:01:41;Sem evento;
POINT (-49.977122172132205 -22.2468787766236);1763038477.1;13/11/2025 09:54:37;Trator Valtra série T - 05;11;6842;ALAN TURING;PLANTIO MILHO GRÃO;UNIMAR PLANTIO;Tempo Máximo de Motor Ocioso;00:01:41;Sem evento;
POINT (-49.977122172132205 -22.2468787766236);1763038477.1;13/11/2025 09:54:37;Trator Valtra série T - 05;11;6842;ALAN TURING;PLANTIO MILHO GRÃO;UNIMAR PLANTIO;Tempo Máximo de Motor Ocioso;00:01:41;Sem evento;
POINT (-49.978808518935516 -22.250064788801968);1762890356.1;11/11/2025 16:45:56;Trator Valtra série T - 05;2147483647;6842;ALAN TURING;;;Tempo Máximo de Motor Ocioso;00:00:10;Sem evento;
POINT (-49.978808518935516 -22.250064788801968);1762890356.1;11/11/2025 16:45:56;Trator Valtra série T - 05;2147483647;6842;ALAN TURING;;;Tempo Máximo de Motor Ocioso;00:00:10;Sem evento;
POINT (-49.978808518935516 -22.250064788801968);1762890356.1;11/11/2025 16:45:56;Trator Valtra série T - 05;2147483647;6842;ALAN TURING;;;Tempo Máximo de Motor Ocioso;00:00:10;Sem evento;
POINT (-49.9745775071837 -22.24102028288943);1763221576.2;15/11/2025 12:46:16;Trator Valtra série T - 05;8;6842;ALAN TURING;PLANTIO MILHO SILAGEM;UNIMAR PLANTIO;Velocidade na Operação;;;2.016448
POINT (-49.9745775071837 -22.24102028288943);1763221576.2;15/11/2025 12:46:16;Trator Valtra série T - 05;8;6842;ALAN TURING;PLANTIO MILHO SILAGEM;UNIMAR PLANTIO;Velocidade na Operação;;;2.016448
POINT (-49.9745775071837 -22.24102028288943);1763221576.2;15/11/2025 12:46:16;Trator Valtra série T - 05;8;6842;ALAN TURING;PLANTIO MILHO SILAGEM;UNIMAR PLANTIO;Velocidade na Operação;;;2.016448
POINT (-49.97456967333232 -22.241008097498437);1763221575.4;15/11/2025 12:46:15;Trator Valtra série T - 05;8;6842;ALAN TURING;PLANTIO MILHO SILAGEM;UNIMAR PLANTIO;Velocidade na Operação;;;1.95472
POINT (-49.97456967333232 -22.241008097498437);1763221575.4;15/11/2025 12:46:15;Trator Valtra série T - 05;8;6842;ALAN TURING;PLANTIO MILHO SILAGEM;UNIMAR PLANTIO;Velocidade na Operação;;;1.95472
POINT (-49.97456967333232 -22.241008097498437);1763221575.4;15/11/2025 12:46:15;Trator Valtra série T - 05;8;6842;ALAN TURING;PLANTIO MILHO SILAGEM;UNIMAR PLANTIO;Velocidade na Operação;;;1.95472
POINT (-49.97455092260921 -22.240980860089437);1763221573.5;15/11/2025 12:46:14;Trator Valtra série T - 05;8;6842;ALAN TURING;PLANTIO MILHO SILAGEM;UNIMAR PLANTIO;Velocidade na Operação;;;2.1244721
POINT (-49.97455092260921 -22.240980860089437);1763221573.5;15/11/2025 12:46:14;Trator Valtra série T - 05;8;6842;ALAN TURING;PLANTIO MILHO SILAGEM;UNIMAR PLANTIO;Velocidade na Operação;;;2.1244721
POINT (-49.97455092260921 -22.240980860089437);1763221573.5;15/11/2025 12:46:14;Trator Valtra série T - 05;8;6842;ALAN TURING;PLANTIO MILHO SILAGEM;UNIMAR PLANTIO;Velocidade na Operação;;;2.1244721
POINT (-49.97453263914852 -22.240949137288148);1763221571.4;15/11/2025 12:46:11;Trator Valtra série T - 05;8;6842;ALAN TURING;PLANTIO MILHO SILAGEM;UNIMAR PLANTIO;Velocidade na Operação;;;1.95472
POINT (-49.97453263914852 -22.240949137288148);1763221571.4;15/11/2025 12:46:11;Trator Valtra série T - 05;8;6842;ALAN TURING;PLANTIO MILHO SILAGEM;UNIMAR PLANTIO;Velocidade na Operação;;;1.95472
POINT (-49.97453263914852 -22.240949137288148);1763221571.4;15/11/2025 12:46:11;Trator Valtra série T - 05;8;6842;ALAN TURING;PLANTIO MILHO SILAGEM;UNIMAR PLANTIO;Velocidade na Operação;;;1.95472
POINT (-49.9745118350634 -22.240920317490563);1763221569.3;15/11/2025 12:46:09;Trator Valtra série T - 05;8;6842;ALAN TURING;PLANTIO MILHO SILAGEM;UNIMAR PLANTIO;Velocidade na Operação;;;1.95472
POINT (-49.9745118350634 -22.240920317490563);1763221569.3;15/11/2025 12:46:09;Trator Valtra série T - 05;8;6842;ALAN TURING;PLANTIO MILHO SILAGEM;UNIMAR PLANTIO;Velocidade na Operação;;;1.95472
POINT (-49.9745118350634 -22.240920317490563);1763221569.3;15/11/2025 12:46:09;Trator Valtra série T - 05;8;6842;ALAN TURING;PLANTIO MILHO SILAGEM;UNIMAR PLANTIO;Velocidade na Operação;;;1.95472
POINT (-49.974495542781895 -22.240911459607666);1763221568.3;15/11/2025 12:46:08;Trator Valtra série T - 05;8;6842;ALAN TURING;PLANTIO MILHO SILAGEM;UNIMAR PLANTIO;Velocidade na Operação;;;1.949576
POINT (-49.974495542781895 -22.240911459607666);1763221568.3;15/11/2025 12:46:08;Trator Valtra série T - 05;8;6842;ALAN TURING;PLANTIO MILHO SILAGEM;UNIMAR PLANTIO;Velocidade na Operação;;;1.949576
POINT (-49.974495542781895 -22.240911459607666);1763221568.3;15/11/2025 12:46:08;Trator Valtra série T - 05;8;6842;ALAN TURING;PLANTIO MILHO SILAGEM;UNIMAR PLANTIO;Velocidade na Operação;;;1.949576
POINT (-49.97448517024734 -22.24087801108115);1763221566.4;15/11/2025 12:46:06;Trator Valtra série T - 05;8;6842;ALAN TURING;PLANTIO MILHO SILAGEM;UNIMAR PLANTIO;Velocidade na Operação;;;1.949576
POINT (-49.97448517024734 -22.24087801108115);1763221566.4;15/11/2025 12:46:06;Trator Valtra série T - 05;8;6842;ALAN TURING;PLANTIO MILHO SILAGEM;UNIMAR PLANTIO;Velocidade na Operação;;;1.949576
POINT (-49.97448517024734 -22.24087801108115);1763221566.4;15/11/2025 12:46:06;Trator Valtra série T - 05;8;6842;ALAN TURING;PLANTIO MILHO SILAGEM;UNIMAR PLANTIO;Velocidade na Operação;;;1.949576
POINT (-49.97444111314742 -22.240835500742392);1763221562.7;15/11/2025 12:46:03;Trator Valtra série T - 05;8;6842;ALAN TURING;PLANTIO MILHO SILAGEM;UNIMAR PLANTIO;Velocidade na Operação;;;1.98044
POINT (-49.97444111314742 -22.240835500742392);1763221562.7;15/11/2025 12:46:03;Trator Valtra série T - 05;8;6842;ALAN TURING;PLANTIO MILHO SILAGEM;UNIMAR PLANTIO;Velocidade na Operação;;;1.98044
POINT (-49.97444111314742 -22.240835500742392);1763221562.7;15/11/2025 12:46:03;Trator Valtra série T - 05;8;6842;ALAN TURING;PLANTIO MILHO SILAGEM;UNIMAR PLANTIO;Velocidade na Operação;;;1.98044
POINT (-49.974397391812815 -22.240781040620906);1763221558.6;15/11/2025 12:45:59;Trator Valtra série T - 05;8;6842;ALAN TURING;PLANTIO MILHO SILAGEM;UNIMAR PLANTIO;Velocidade na Operação;;;1.965008
POINT (-49.974397391812815 -22.240781040620906);1763221558.6;15/11/2025 12:45:59;Trator Valtra série T - 05;8;6842;ALAN TURING;PLANTIO MILHO SILAGEM;UNIMAR PLANTIO;Velocidade na Operação;;;1.965008
POINT (-49.974397391812815 -22.240781040620906);1763221558.6;15/11/2025 12:45:59;Trator Valtra série T - 05;8;6842;ALAN TURING;PLANTIO MILHO SILAGEM;UNIMAR PLANTIO;Velocidade na Operação;;;1.965008
POINT (-49.97424129720226 -22.24060895893001);1763221544.7;15/11/2025 12:45:45;Trator Valtra série T - 05;8;6842;ALAN TURING;PLANTIO MILHO SILAGEM;UNIMAR PLANTIO;Velocidade na Operação;;;1.98044
POINT (-49.97424129720226 -22.24060895893001);1763221544.7;15/11/2025 12:45:45;Trator Valtra série T - 05;8;6842;ALAN TURING;PLANTIO MILHO SILAGEM;UNIMAR PLANTIO;Velocidade na Operação;;;1.98044
POINT (-49.97424129720226 -22.24060895893001);1763221544.7;15/11/2025 12:45:45;Trator Valtra série T - 05;8;6842;ALAN TURING;PLANTIO MILHO SILAGEM;UNIMAR PLANTIO;Velocidade na Operação;;;1.98044
POINT (-49.973971363677705 -22.24038011448751);1763221502.7;15/11/2025 12:45:03;Trator Valtra série T - 05;8;6842;ALAN TURING;PLANTIO MILHO SILAGEM;UNIMAR PLANTIO;Velocidade na Operação;;;2.10904
POINT (-49.973971363677705 -22.24038011448751);1763221502.7;15/11/2025 12:45:03;Trator Valtra série T - 05;8;6842;ALAN TURING;PLANTIO MILHO SILAGEM;UNIMAR PLANTIO;Velocidade na Operação;;;2.10904
POINT (-49.973971363677705 -22.24038011448751);1763221502.7;15/11/2025 12:45:03;Trator Valtra série T - 05;8;6842;ALAN TURING;PLANTIO MILHO SILAGEM;UNIMAR PLANTIO;Velocidade na Operação;;;2.10904
POINT (-49.973482920241054 -22.240926730674012);1763221458.9;15/11/2025 12:44:19;Trator Valtra série T - 05;8;6842;ALAN TURING;PLANTIO MILHO SILAGEM;UNIMAR PLANTIO;Velocidade na Operação;;;2.037024
POINT (-49.973482920241054 -22.240926730674012);1763221458.9;15/11/2025 12:44:19;Trator Valtra série T - 05;8;6842;ALAN TURING;PLANTIO MILHO SILAGEM;UNIMAR PLANTIO;Velocidade na Operação;;;2.037024
POINT (-49.973482920241054 -22.240926730674012);1763221458.9;15/11/2025 12:44:19;Trator Valtra série T - 05;8;6842;ALAN TURING;PLANTIO MILHO SILAGEM;UNIMAR PLANTIO;Velocidade na Operação;;;2.037024
POINT (-49.972991086117304 -22.241592399005896);1763221408.3;15/11/2025 12:43:28;Trator Valtra série T - 05;8;6842;ALAN TURING;PLANTIO MILHO SILAGEM;UNIMAR PLANTIO;Velocidade na Operação;;;1.95472
POINT (-49.972991086117304 -22.241592399005896);1763221408.3;15/11/2025 12:43:28;Trator Valtra série T - 05;8;6842;ALAN TURING;PLANTIO MILHO SILAGEM;UNIMAR PLANTIO;Velocidade na Operação;;;1.95472
POINT (-49.972991086117304 -22.241592399005896);1763221408.3;15/11/2025 12:43:28;Trator Valtra série T - 05;8;6842;ALAN TURING;PLANTIO MILHO SILAGEM;UNIMAR PLANTIO;Velocidade na Operação;;;1.95472
POINT (-49.973113174566805 -22.241714113943395);1763221317.5;15/11/2025 12:41:58;Trator Valtra série T - 05;8;6842;ALAN TURING;PLANTIO MILHO SILAGEM;UNIMAR PLANTIO;Velocidade na Operação;;;1.959864
POINT (-49.973113174566805 -22.241714113943395);1763221317.5;15/11/2025 12:41:58;Trator Valtra série T - 05;8;6842;ALAN TURING;PLANTIO MILHO SILAGEM;UNIMAR PLANTIO;Velocidade na Operação;;;1.959864
POINT (-49.973113174566805 -22.241714113943395);1763221317.5;15/11/2025 12:41:58;Trator Valtra série T - 05;8;6842;ALAN TURING;PLANTIO MILHO SILAGEM;UNIMAR PLANTIO;Velocidade na Operação;;;1.959864
POINT (-49.97334882250614 -22.241113036440666);1763221275;15/11/2025 12:41:15;Trator Valtra série T - 05;8;6842;ALAN TURING;PLANTIO MILHO SILAGEM;UNIMAR PLANTIO;Velocidade na Operação;;;2.037024
POINT (-49.97334882250614 -22.241113036440666);1763221275;15/11/2025 12:41:15;Trator Valtra série T - 05;8;6842;ALAN TURING;PLANTIO MILHO SILAGEM;UNIMAR PLANTIO;Velocidade na Operação;;;2.037024
POINT (-49.97334882250614 -22.241113036440666);1763221275;15/11/2025 12:41:15;Trator Valtra série T - 05;8;6842;ALAN TURING;PLANTIO MILHO SILAGEM;UNIMAR PLANTIO;Velocidade na Operação;;;2.037024
POINT (-49.97413673073808 -22.2405846039634);1763221166.5;15/11/2025 12:39:26;Trator Valtra série T - 05;8;6842;ALAN TURING;PLANTIO MILHO SILAGEM;UNIMAR PLANTIO;Velocidade na Operação;;;1.949576
POINT (-49.97413673073808 -22.2405846039634);1763221166.5;15/11/2025 12:39:26;Trator Valtra série T - 05;8;6842;ALAN TURING;PLANTIO MILHO SILAGEM;UNIMAR PLANTIO;Velocidade na Operação;;;1.949576
POINT (-49.97413673073808 -22.2405846039634);1763221166.5;15/11/2025 12:39:26;Trator Valtra série T - 05;8;6842;ALAN TURING;PLANTIO MILHO SILAGEM;UNIMAR PLANTIO;Velocidade na Operação;;;1.949576
POINT (-49.97313921690135 -22.24141286499223);1763220783.5;15/11/2025 12:33:04;Trator Valtra série T - 05;8;6842;ALAN TURING;PLANTIO MILHO SILAGEM;UNIMAR PLANTIO;Velocidade na Operação;;;1.975296
POINT (-49.97313921690135 -22.24141286499223);1763220783.5;15/11/2025 12:33:04;Trator Valtra série T - 05;8;6842;ALAN TURING;PLANTIO MILHO SILAGEM;UNIMAR PLANTIO;Velocidade na Operação;;;1.975296
POINT (-49.97313921690135 -22.24141286499223);1763220783.5;15/11/2025 12:33:04;Trator Valtra série T - 05;8;6842;ALAN TURING;PLANTIO MILHO SILAGEM;UNIMAR PLANTIO;Velocidade na Operação;;;1.975296
POINT (-49.97399492946758 -22.241135946296016);1763220634.5;15/11/2025 12:30:34;Trator Valtra série T - 05;8;6842;ALAN TURING;PLANTIO MILHO SILAGEM;UNIMAR PLANTIO;Velocidade na Operação;;;1.975296
POINT (-49.97399492946758 -22.241135946296016);1763220634.5;15/11/2025 12:30:34;Trator Valtra série T - 05;8;6842;ALAN TURING;PLANTIO MILHO SILAGEM;UNIMAR PLANTIO;Velocidade na Operação;;;1.975296
POINT (-49.97399492946758 -22.241135946296016);1763220634.5;15/11/2025 12:30:34;Trator Valtra série T - 05;8;6842;ALAN TURING;PLANTIO MILHO SILAGEM;UNIMAR PLANTIO;Velocidade na Operação;;;1.975296
POINT (-49.97395386836394 -22.241161702222566);1763220631.7;15/11/2025 12:30:32;Trator Valtra série T - 05;8;6842;ALAN TURING;PLANTIO MILHO SILAGEM;UNIMAR PLANTIO;Velocidade na Operação;;;2.026736
POINT (-49.97395386836394 -22.241161702222566);1763220631.7;15/11/2025 12:30:32;Trator Valtra série T - 05;8;6842;ALAN TURING;PLANTIO MILHO SILAGEM;UNIMAR PLANTIO;Velocidade na Operação;;;2.026736
POINT (-49.97395386836394 -22.241161702222566);1763220631.7;15/11/2025 12:30:32;Trator Valtra série T - 05;8;6842;ALAN TURING;PLANTIO MILHO SILAGEM;UNIMAR PLANTIO;Velocidade na Operação;;;2.026736
POINT (-49.9736885212841 -22.24132455055051);1763220613.7;15/11/2025 12:30:14;Trator Valtra série T - 05;8;6842;ALAN TURING;PLANTIO MILHO SILAGEM;UNIMAR PLANTIO;Velocidade na Operação;;;2.037024
POINT (-49.9736885212841 -22.24132455055051);1763220613.7;15/11/2025 12:30:14;Trator Valtra série T - 05;8;6842;ALAN TURING;PLANTIO MILHO SILAGEM;UNIMAR PLANTIO;Velocidade na Operação;;;2.037024
POINT (-49.9736885212841 -22.24132455055051);1763220613.7;15/11/2025 12:30:14;Trator Valtra série T - 05;8;6842;ALAN TURING;PLANTIO MILHO SILAGEM;UNIMAR PLANTIO;Velocidade na Operação;;;2.037024
POINT (-49.97318754639571 -22.241636878852514);1763220579.7;15/11/2025 12:29:40;Trator Valtra série T - 05;8;6842;ALAN TURING;PLANTIO MILHO SILAGEM;UNIMAR PLANTIO;Velocidade na Operação;;;2.047312
POINT (-49.97318754639571 -22.241636878852514);1763220579.7;15/11/2025 12:29:40;Trator Valtra série T - 05;8;6842;ALAN TURING;PLANTIO MILHO SILAGEM;UNIMAR PLANTIO;Velocidade na Operação;;;2.047312
POINT (-49.97318754639571 -22.241636878852514);1763220579.7;15/11/2025 12:29:40;Trator Valtra série T - 05;8;6842;ALAN TURING;PLANTIO MILHO SILAGEM;UNIMAR PLANTIO;Velocidade na Operação;;;2.047312
POINT (-49.973144885977845 -22.241463055010794);1763220553.2;15/11/2025 12:29:13;Trator Valtra série T - 05;8;6842;ALAN TURING;PLANTIO MILHO SILAGEM;UNIMAR PLANTIO;Velocidade na Operação;;;1.95472
POINT (-49.973144885977845 -22.241463055010794);1763220553.2;15/11/2025 12:29:13;Trator Valtra série T - 05;8;6842;ALAN TURING;PLANTIO MILHO SILAGEM;UNIMAR PLANTIO;Velocidade na Operação;;;1.95472
POINT (-49.973144885977845 -22.241463055010794);1763220553.2;15/11/2025 12:29:13;Trator Valtra série T - 05;8;6842;ALAN TURING;PLANTIO MILHO SILAGEM;UNIMAR PLANTIO;Velocidade na Operação;;;1.95472
POINT (-49.97448923777314 -22.24095331273567);1763220432.5;15/11/2025 12:27:12;Trator Valtra série T - 05;8;6842;ALAN TURING;PLANTIO MILHO SILAGEM;UNIMAR PLANTIO;Velocidade na Operação;;;1.985584
POINT (-49.97448923777314 -22.24095331273567);1763220432.5;15/11/2025 12:27:12;Trator Valtra série T - 05;8;6842;ALAN TURING;PLANTIO MILHO SILAGEM;UNIMAR PLANTIO;Velocidade na Operação;;;1.985584
POINT (-49.97448923777314 -22.24095331273567);1763220432.5;15/11/2025 12:27:12;Trator Valtra série T - 05;8;6842;ALAN TURING;PLANTIO MILHO SILAGEM;UNIMAR PLANTIO;Velocidade na Operação;;;1.985584
POINT (-49.97362114436096 -22.24143384939007);1763220375.7;15/11/2025 12:26:16;Trator Valtra série T - 05;8;6842;ALAN TURING;PLANTIO MILHO SILAGEM;UNIMAR PLANTIO;Velocidade na Operação;;;2.00616
POINT (-49.97362114436096 -22.24143384939007);1763220375.7;15/11/2025 12:26:16;Trator Valtra série T - 05;8;6842;ALAN TURING;PLANTIO MILHO SILAGEM;UNIMAR PLANTIO;Velocidade na Operação;;;2.00616
POINT (-49.97362114436096 -22.24143384939007);1763220375.7;15/11/2025 12:26:16;Trator Valtra série T - 05;8;6842;ALAN TURING;PLANTIO MILHO SILAGEM;UNIMAR PLANTIO;Velocidade na Operação;;;2.00616
POINT (-49.97318649544774 -22.24170160528573);1763220346.2;15/11/2025 12:25:46;Trator Valtra série T - 05;8;6842;ALAN TURING;PLANTIO MILHO SILAGEM;UNIMAR PLANTIO;Velocidade na Operação;;;1.959864
POINT (-49.97318649544774 -22.24170160528573);1763220346.2;15/11/2025 12:25:46;Trator Valtra série T - 05;8;6842;ALAN TURING;PLANTIO MILHO SILAGEM;UNIMAR PLANTIO;Velocidade na Operação;;;1.959864
POINT (-49.97318649544774 -22.24170160528573);1763220346.2;15/11/2025 12:25:46;Trator Valtra série T - 05;8;6842;ALAN TURING;PLANTIO MILHO SILAGEM;UNIMAR PLANTIO;Velocidade na Operação;;;1.959864
POINT (-49.97313349268866 -22.241544417503647);1763220327.1;15/11/2025 12:25:27;Trator Valtra série T - 05;8;6842;ALAN TURING;PLANTIO MILHO SILAGEM;UNIMAR PLANTIO;Velocidade na Operação;;;1.970152
POINT (-49.97313349268866 -22.241544417503647);1763220327.1;15/11/2025 12:25:27;Trator Valtra série T - 05;8;6842;ALAN TURING;PLANTIO MILHO SILAGEM;UNIMAR PLANTIO;Velocidade na Operação;;;1.970152
POINT (-49.97313349268866 -22.241544417503647);1763220327.1;15/11/2025 12:25:27;Trator Valtra série T - 05;8;6842;ALAN TURING;PLANTIO MILHO SILAGEM;UNIMAR PLANTIO;Velocidade na Operação;;;1.970152
POINT (-49.973138305077796 -22.24152966492432);1763220326.4;15/11/2025 12:25:26;Trator Valtra série T - 05;8;6842;ALAN TURING;PLANTIO MILHO SILAGEM;UNIMAR PLANTIO;Velocidade na Operação;;;1.959864
POINT (-49.973138305077796 -22.24152966492432);1763220326.4;15/11/2025 12:25:26;Trator Valtra série T - 05;8;6842;ALAN TURING;PLANTIO MILHO SILAGEM;UNIMAR PLANTIO;Velocidade na Operação;;;1.959864
POINT (-49.973138305077796 -22.24152966492432);1763220326.4;15/11/2025 12:25:26;Trator Valtra série T - 05;8;6842;ALAN TURING;PLANTIO MILHO SILAGEM;UNIMAR PLANTIO;Velocidade na Operação;;;1.959864
POINT (-49.97337173569899 -22.24139262866968);1763220311.1;15/11/2025 12:25:11;Trator Valtra série T - 05;8;6842;ALAN TURING;PLANTIO MILHO SILAGEM;UNIMAR PLANTIO;Velocidade na Operação;;;1.990728
POINT (-49.97337173569899 -22.24139262866968);1763220311.1;15/11/2025 12:25:11;Trator Valtra série T - 05;8;6842;ALAN TURING;PLANTIO MILHO SILAGEM;UNIMAR PLANTIO;Velocidade na Operação;;;1.990728
POINT (-49.97337173569899 -22.24139262866968);1763220311.1;15/11/2025 12:25:11;Trator Valtra série T - 05;8;6842;ALAN TURING;PLANTIO MILHO SILAGEM;UNIMAR PLANTIO;Velocidade na Operação;;;1.990728
POINT (-49.97428043216541 -22.240854066380336);1763220251.1;15/11/2025 12:24:11;Trator Valtra série T - 05;8;6842;ALAN TURING;PLANTIO MILHO SILAGEM;UNIMAR PLANTIO;Velocidade na Operação;;;2.00616
POINT (-49.97428043216541 -22.240854066380336);1763220251.1;15/11/2025 12:24:11;Trator Valtra série T - 05;8;6842;ALAN TURING;PLANTIO MILHO SILAGEM;UNIMAR PLANTIO;Velocidade na Operação;;;2.00616
POINT (-49.97428043216541 -22.240854066380336);1763220251.1;15/11/2025 12:24:11;Trator Valtra série T - 05;8;6842;ALAN TURING;PLANTIO MILHO SILAGEM;UNIMAR PLANTIO;Velocidade na Operação;;;2.00616
POINT (-49.97437738887728 -22.241043419204388);1763220192.5;15/11/2025 12:23:12;Trator Valtra série T - 05;8;6842;ALAN TURING;PLANTIO MILHO SILAGEM;UNIMAR PLANTIO;Velocidade na Operação;;;1.970152
POINT (-49.97437738887728 -22.241043419204388);1763220192.5;15/11/2025 12:23:12;Trator Valtra série T - 05;8;6842;ALAN TURING;PLANTIO MILHO SILAGEM;UNIMAR PLANTIO;Velocidade na Operação;;;1.970152
POINT (-49.97437738887728 -22.241043419204388);1763220192.5;15/11/2025 12:23:12;Trator Valtra série T - 05;8;6842;ALAN TURING;PLANTIO MILHO SILAGEM;UNIMAR PLANTIO;Velocidade na Operação;;;1.970152
POINT (-49.974142346357866 -22.241169494746774);1763220177.1;15/11/2025 12:22:57;Trator Valtra série T - 05;8;6842;ALAN TURING;PLANTIO MILHO SILAGEM;UNIMAR PLANTIO;Velocidade na Operação;;;1.98044
POINT (-49.974142346357866 -22.241169494746774);1763220177.1;15/11/2025 12:22:57;Trator Valtra série T - 05;8;6842;ALAN TURING;PLANTIO MILHO SILAGEM;UNIMAR PLANTIO;Velocidade na Operação;;;1.98044
POINT (-49.974142346357866 -22.241169494746774);1763220177.1;15/11/2025 12:22:57;Trator Valtra série T - 05;8;6842;ALAN TURING;PLANTIO MILHO SILAGEM;UNIMAR PLANTIO;Velocidade na Operação;;;1.98044
POINT (-49.97341091189167 -22.241624978809405);1763220127.3;15/11/2025 12:22:07;Trator Valtra série T - 05;8;6842;ALAN TURING;PLANTIO MILHO SILAGEM;UNIMAR PLANTIO;Velocidade na Operação;;;1.990728
POINT (-49.97341091189167 -22.241624978809405);1763220127.3;15/11/2025 12:22:07;Trator Valtra série T - 05;8;6842;ALAN TURING;PLANTIO MILHO SILAGEM;UNIMAR PLANTIO;Velocidade na Operação;;;1.990728
POINT (-49.97341091189167 -22.241624978809405);1763220127.3;15/11/2025 12:22:07;Trator Valtra série T - 05;8;6842;ALAN TURING;PLANTIO MILHO SILAGEM;UNIMAR PLANTIO;Velocidade na Operação;;;1.990728
POINT (-49.9733714047004 -22.24163933675191);1763220125;15/11/2025 12:22:05;Trator Valtra série T - 05;8;6842;ALAN TURING;PLANTIO MILHO SILAGEM;UNIMAR PLANTIO;Velocidade na Operação;;;1.95472
POINT (-49.9733714047004 -22.24163933675191);1763220125;15/11/2025 12:22:05;Trator Valtra série T - 05;8;6842;ALAN TURING;PLANTIO MILHO SILAGEM;UNIMAR PLANTIO;Velocidade na Operação;;;1.95472
POINT (-49.9733714047004 -22.24163933675191);1763220125;15/11/2025 12:22:05;Trator Valtra série T - 05;8;6842;ALAN TURING;PLANTIO MILHO SILAGEM;UNIMAR PLANTIO;Velocidade na Operação;;;1.95472
POINT (-49.97327122248001 -22.24171090888589);1763220117.9;15/11/2025 12:21:58;Trator Valtra série T - 05;8;6842;ALAN TURING;PLANTIO MILHO SILAGEM;UNIMAR PLANTIO;Velocidade na Operação;;;1.959864
POINT (-49.97327122248001 -22.24171090888589);1763220117.9;15/11/2025 12:21:58;Trator Valtra série T - 05;8;6842;ALAN TURING;PLANTIO MILHO SILAGEM;UNIMAR PLANTIO;Velocidade na Operação;;;1.959864
POINT (-49.97327122248001 -22.24171090888589);1763220117.9;15/11/2025 12:21:58;Trator Valtra série T - 05;8;6842;ALAN TURING;PLANTIO MILHO SILAGEM;UNIMAR PLANTIO;Velocidade na Operação;;;1.959864
POINT (-49.97308808034049 -22.24160919802749);1763220098.5;15/11/2025 12:21:38;Trator Valtra série T - 05;8;6842;ALAN TURING;PLANTIO MILHO SILAGEM;UNIMAR PLANTIO;Velocidade na Operação;;;1.995872
POINT (-49.97308808034049 -22.24160919802749);1763220098.5;15/11/2025 12:21:38;Trator Valtra série T - 05;8;6842;ALAN TURING;PLANTIO MILHO SILAGEM;UNIMAR PLANTIO;Velocidade na Operação;;;1.995872
POINT (-49.97308808034049 -22.24160919802749);1763220098.5;15/11/2025 12:21:38;Trator Valtra série T - 05;8;6842;ALAN TURING;PLANTIO MILHO SILAGEM;UNIMAR PLANTIO;Velocidade na Operação;;;1.995872
POINT (-49.97314884854361 -22.241595690599844);1763220095.8;15/11/2025 12:21:36;Trator Valtra série T - 05;8;6842;ALAN TURING;PLANTIO MILHO SILAGEM;UNIMAR PLANTIO;Velocidade na Operação;;;2.093608
POINT (-49.97314884854361 -22.241595690599844);1763220095.8;15/11/2025 12:21:36;Trator Valtra série T - 05;8;6842;ALAN TURING;PLANTIO MILHO SILAGEM;UNIMAR PLANTIO;Velocidade na Operação;;;2.093608
POINT (-49.97314884854361 -22.241595690599844);1763220095.8;15/11/2025 12:21:36;Trator Valtra série T - 05;8;6842;ALAN TURING;PLANTIO MILHO SILAGEM;UNIMAR PLANTIO;Velocidade na Operação;;;2.093608
POINT (-49.97325007320633 -22.241524898411342);1763220088.7;15/11/2025 12:21:29;Trator Valtra série T - 05;8;6842;ALAN TURING;PLANTIO MILHO SILAGEM;UNIMAR PLANTIO;Velocidade na Operação;;;2.026736
POINT (-49.97325007320633 -22.241524898411342);1763220088.7;15/11/2025 12:21:29;Trator Valtra série T - 05;8;6842;ALAN TURING;PLANTIO MILHO SILAGEM;UNIMAR PLANTIO;Velocidade na Operação;;;2.026736
POINT (-49.97325007320633 -22.241524898411342);1763220088.7;15/11/2025 12:21:29;Trator Valtra série T - 05;8;6842;ALAN TURING;PLANTIO MILHO SILAGEM;UNIMAR PLANTIO;Velocidade na Operação;;;2.026736
POINT (-49.9734839386441 -22.241397905445698);1763220073.7;15/11/2025 12:21:14;Trator Valtra série T - 05;8;6842;ALAN TURING;PLANTIO MILHO SILAGEM;UNIMAR PLANTIO;Velocidade na Operação;;;2.0576
POINT (-49.9734839386441 -22.241397905445698);1763220073.7;15/11/2025 12:21:14;Trator Valtra série T - 05;8;6842;ALAN TURING;PLANTIO MILHO SILAGEM;UNIMAR PLANTIO;Velocidade na Operação;;;2.0576
POINT (-49.9734839386441 -22.241397905445698);1763220073.7;15/11/2025 12:21:14;Trator Valtra série T - 05;8;6842;ALAN TURING;PLANTIO MILHO SILAGEM;UNIMAR PLANTIO;Velocidade na Operação;;;2.0576
POINT (-49.97316060239541 -22.241691385659173);1763219853.1;15/11/2025 12:17:33;Trator Valtra série T - 05;8;6842;ALAN TURING;PLANTIO MILHO SILAGEM;UNIMAR PLANTIO;Velocidade na Operação;;;1.965008
POINT (-49.97316060239541 -22.241691385659173);1763219853.1;15/11/2025 12:17:33;Trator Valtra série T - 05;8;6842;ALAN TURING;PLANTIO MILHO SILAGEM;UNIMAR PLANTIO;Velocidade na Operação;;;1.965008
POINT (-49.97316060239541 -22.241691385659173);1763219853.1;15/11/2025 12:17:33;Trator Valtra série T - 05;8;6842;ALAN TURING;PLANTIO MILHO SILAGEM;UNIMAR PLANTIO;Velocidade na Operação;;;1.965008
POINT (-49.97284219542228 -22.24161035816086);1763219596.3;15/11/2025 12:13:16;Trator Valtra série T - 05;8;6842;ALAN TURING;PLANTIO MILHO SILAGEM;UNIMAR PLANTIO;Velocidade na Operação;;;1.949576
POINT (-49.97284219542228 -22.24161035816086);1763219596.3;15/11/2025 12:13:16;Trator Valtra série T - 05;8;6842;ALAN TURING;PLANTIO MILHO SILAGEM;UNIMAR PLANTIO;Velocidade na Operação;;;1.949576
POINT (-49.97284219542228 -22.24161035816086);1763219596.3;15/11/2025 12:13:16;Trator Valtra série T - 05;8;6842;ALAN TURING;PLANTIO MILHO SILAGEM;UNIMAR PLANTIO;Velocidade na Operação;;;1.949576
POINT (-49.97304257172439 -22.242078424245296);1763219531.7;15/11/2025 12:12:12;Trator Valtra série T - 05;8;6842;ALAN TURING;PLANTIO MILHO SILAGEM;UNIMAR PLANTIO;Velocidade na Operação;;;2.052456
POINT (-49.97304257172439 -22.242078424245296);1763219531.7;15/11/2025 12:12:12;Trator Valtra série T - 05;8;6842;ALAN TURING;PLANTIO MILHO SILAGEM;UNIMAR PLANTIO;Velocidade na Operação;;;2.052456
POINT (-49.97304257172439 -22.242078424245296);1763219531.7;15/11/2025 12:12:12;Trator Valtra série T - 05;8;6842;ALAN TURING;PLANTIO MILHO SILAGEM;UNIMAR PLANTIO;Velocidade na Operação;;;2.052456
POINT (-49.9730363240169 -22.242094888406733);1763219530.7;15/11/2025 12:12:11;Trator Valtra série T - 05;8;6842;ALAN TURING;PLANTIO MILHO SILAGEM;UNIMAR PLANTIO;Velocidade na Operação;;;2.10904
POINT (-49.9730363240169 -22.242094888406733);1763219530.7;15/11/2025 12:12:11;Trator Valtra série T - 05;8;6842;ALAN TURING;PLANTIO MILHO SILAGEM;UNIMAR PLANTIO;Velocidade na Operação;;;2.10904
POINT (-49.9730363240169 -22.242094888406733);1763219530.7;15/11/2025 12:12:11;Trator Valtra série T - 05;8;6842;ALAN TURING;PLANTIO MILHO SILAGEM;UNIMAR PLANTIO;Velocidade na Operação;;;2.10904
POINT (-49.97301504234416 -22.24209942473359);1763219529.9;15/11/2025 12:12:10;Trator Valtra série T - 05;8;6842;ALAN TURING;PLANTIO MILHO SILAGEM;UNIMAR PLANTIO;Velocidade na Operação;;;1.965008
POINT (-49.97301504234416 -22.24209942473359);1763219529.9;15/11/2025 12:12:10;Trator Valtra série T - 05;8;6842;ALAN TURING;PLANTIO MILHO SILAGEM;UNIMAR PLANTIO;Velocidade na Operação;;;1.965008
POINT (-49.97301504234416 -22.24209942473359);1763219529.9;15/11/2025 12:12:10;Trator Valtra série T - 05;8;6842;ALAN TURING;PLANTIO MILHO SILAGEM;UNIMAR PLANTIO;Velocidade na Operação;;;1.965008
POINT (-49.97300436435046 -22.24213345751275);1763219527.7;15/11/2025 12:12:08;Trator Valtra série T - 05;8;6842;ALAN TURING;PLANTIO MILHO SILAGEM;UNIMAR PLANTIO;Velocidade na Operação;;;1.95472
POINT (-49.97300436435046 -22.24213345751275);1763219527.7;15/11/2025 12:12:08;Trator Valtra série T - 05;8;6842;ALAN TURING;PLANTIO MILHO SILAGEM;UNIMAR PLANTIO;Velocidade na Operação;;;1.95472
POINT (-49.97300436435046 -22.24213345751275);1763219527.7;15/11/2025 12:12:08;Trator Valtra série T - 05;8;6842;ALAN TURING;PLANTIO MILHO SILAGEM;UNIMAR PLANTIO;Velocidade na Operação;;;1.95472
POINT (-49.97300210600796 -22.242147571980734);1763219526.9;15/11/2025 12:12:07;Trator Valtra série T - 05;8;6842;ALAN TURING;PLANTIO MILHO SILAGEM;UNIMAR PLANTIO;Velocidade na Operação;;;2.088464
POINT (-49.97300210600796 -22.242147571980734);1763219526.9;15/11/2025 12:12:07;Trator Valtra série T - 05;8;6842;ALAN TURING;PLANTIO MILHO SILAGEM;UNIMAR PLANTIO;Velocidade na Operação;;;2.088464
POINT (-49.97300210600796 -22.242147571980734);1763219526.9;15/11/2025 12:12:07;Trator Valtra série T - 05;8;6842;ALAN TURING;PLANTIO MILHO SILAGEM;UNIMAR PLANTIO;Velocidade na Operação;;;2.088464
POINT (-49.972978353744665 -22.242200389625054);1763219523.4;15/11/2025 12:12:03;Trator Valtra série T - 05;8;6842;ALAN TURING;PLANTIO MILHO SILAGEM;UNIMAR PLANTIO;Velocidade na Operação;;;1.949576
POINT (-49.972978353744665 -22.242200389625054);1763219523.4;15/11/2025 12:12:03;Trator Valtra série T - 05;8;6842;ALAN TURING;PLANTIO MILHO SILAGEM;UNIMAR PLANTIO;Velocidade na Operação;;;1.949576
POINT (-49.972978353744665 -22.242200389625054);1763219523.4;15/11/2025 12:12:03;Trator Valtra série T - 05;8;6842;ALAN TURING;PLANTIO MILHO SILAGEM;UNIMAR PLANTIO;Velocidade na Operação;;;1.949576
POINT (-49.97295832076073 -22.242256683822994);1763219519.8;15/11/2025 12:12:00;Trator Valtra série T - 05;8;6842;ALAN TURING;PLANTIO MILHO SILAGEM;UNIMAR PLANTIO;Velocidade na Operação;;;1.949576
POINT (-49.97295832076073 -22.242256683822994);1763219519.8;15/11/2025 12:12:00;Trator Valtra série T - 05;8;6842;ALAN TURING;PLANTIO MILHO SILAGEM;UNIMAR PLANTIO;Velocidade na Operação;;;1.949576
POINT (-49.97295832076073 -22.242256683822994);1763219519.8;15/11/2025 12:12:00;Trator Valtra série T - 05;8;6842;ALAN TURING;PLANTIO MILHO SILAGEM;UNIMAR PLANTIO;Velocidade na Operação;;;1.949576
POINT (-49.97295689616775 -22.242275333261556);1763219518.7;15/11/2025 12:11:59;Trator Valtra série T - 05;8;6842;ALAN TURING;PLANTIO MILHO SILAGEM;UNIMAR PLANTIO;Velocidade na Operação;;;2.0215921
POINT (-49.97295689616775 -22.242275333261556);1763219518.7;15/11/2025 12:11:59;Trator Valtra série T - 05;8;6842;ALAN TURING;PLANTIO MILHO SILAGEM;UNIMAR PLANTIO;Velocidade na Operação;;;2.0215921
POINT (-49.97295689616775 -22.242275333261556);1763219518.7;15/11/2025 12:11:59;Trator Valtra série T - 05;8;6842;ALAN TURING;PLANTIO MILHO SILAGEM;UNIMAR PLANTIO;Velocidade na Operação;;;2.0215921
POINT (-49.97289108250691 -22.242308861387635);1763219514.7;15/11/2025 12:11:55;Trator Valtra série T - 05;8;6842;ALAN TURING;PLANTIO MILHO SILAGEM;UNIMAR PLANTIO;Velocidade na Operação;;;2.00616
POINT (-49.97289108250691 -22.242308861387635);1763219514.7;15/11/2025 12:11:55;Trator Valtra série T - 05;8;6842;ALAN TURING;PLANTIO MILHO SILAGEM;UNIMAR PLANTIO;Velocidade na Operação;;;2.00616
POINT (-49.97289108250691 -22.242308861387635);1763219514.7;15/11/2025 12:11:55;Trator Valtra série T - 05;8;6842;ALAN TURING;PLANTIO MILHO SILAGEM;UNIMAR PLANTIO;Velocidade na Operação;;;2.00616
POINT (-49.97298139100182 -22.2421307566886);1763218949.3;15/11/2025 12:02:29;Trator Valtra série T - 05;8;6842;ALAN TURING;PLANTIO MILHO SILAGEM;UNIMAR PLANTIO;Velocidade na Operação;;;2.1862001
POINT (-49.97298139100182 -22.2421307566886);1763218949.3;15/11/2025 12:02:29;Trator Valtra série T - 05;8;6842;ALAN TURING;PLANTIO MILHO SILAGEM;UNIMAR PLANTIO;Velocidade na Operação;;;2.1862001
POINT (-49.97298139100182 -22.2421307566886);1763218949.3;15/11/2025 12:02:29;Trator Valtra série T - 05;8;6842;ALAN TURING;PLANTIO MILHO SILAGEM;UNIMAR PLANTIO;Velocidade na Operação;;;2.1862001
POINT (-49.97274452377499 -22.241944524045135);1763218931.7;15/11/2025 12:02:12;Trator Valtra série T - 05;8;6842;ALAN TURING;PLANTIO MILHO SILAGEM;UNIMAR PLANTIO;Velocidade na Operação;;;1.965008
POINT (-49.97274452377499 -22.241944524045135);1763218931.7;15/11/2025 12:02:12;Trator Valtra série T - 05;8;6842;ALAN TURING;PLANTIO MILHO SILAGEM;UNIMAR PLANTIO;Velocidade na Operação;;;1.965008
POINT (-49.97274452377499 -22.241944524045135);1763218931.7;15/11/2025 12:02:12;Trator Valtra série T - 05;8;6842;ALAN TURING;PLANTIO MILHO SILAGEM;UNIMAR PLANTIO;Velocidade na Operação;;;1.965008
POINT (-49.97272501882105 -22.241917952054603);1763218929.8;15/11/2025 12:02:10;Trator Valtra série T - 05;8;6842;ALAN TURING;PLANTIO MILHO SILAGEM;UNIMAR PLANTIO;Velocidade na Operação;;;1.959864
POINT (-49.97272501882105 -22.241917952054603);1763218929.8;15/11/2025 12:02:10;Trator Valtra série T - 05;8;6842;ALAN TURING;PLANTIO MILHO SILAGEM;UNIMAR PLANTIO;Velocidade na Operação;;;1.959864
POINT (-49.97272501882105 -22.241917952054603);1763218929.8;15/11/2025 12:02:10;Trator Valtra série T - 05;8;6842;ALAN TURING;PLANTIO MILHO SILAGEM;UNIMAR PLANTIO;Velocidade na Operação;;;1.959864
POINT (-49.97274946678395 -22.24165404074101);1763218903.3;15/11/2025 12:01:43;Trator Valtra série T - 05;8;6842;ALAN TURING;PLANTIO MILHO SILAGEM;UNIMAR PLANTIO;Velocidade na Operação;;;2.181056
POINT (-49.97274946678395 -22.24165404074101);1763218903.3;15/11/2025 12:01:43;Trator Valtra série T - 05;8;6842;ALAN TURING;PLANTIO MILHO SILAGEM;UNIMAR PLANTIO;Velocidade na Operação;;;2.181056
POINT (-49.97274946678395 -22.24165404074101);1763218903.3;15/11/2025 12:01:43;Trator Valtra série T - 05;8;6842;ALAN TURING;PLANTIO MILHO SILAGEM;UNIMAR PLANTIO;Velocidade na Operação;;;2.181056
POINT (-49.97275824772198 -22.241733846559693);1763218899.4;15/11/2025 12:01:39;Trator Valtra série T - 05;8;6842;ALAN TURING;PLANTIO MILHO SILAGEM;UNIMAR PLANTIO;Velocidade na Operação;;;2.078176
POINT (-49.97275824772198 -22.241733846559693);1763218899.4;15/11/2025 12:01:39;Trator Valtra série T - 05;8;6842;ALAN TURING;PLANTIO MILHO SILAGEM;UNIMAR PLANTIO;Velocidade na Operação;;;2.078176
POINT (-49.97275824772198 -22.241733846559693);1763218899.4;15/11/2025 12:01:39;Trator Valtra série T - 05;8;6842;ALAN TURING;PLANTIO MILHO SILAGEM;UNIMAR PLANTIO;Velocidade na Operação;;;2.078176
POINT (-49.97277226880092 -22.241767991797385);1763218897.2;15/11/2025 12:01:37;Trator Valtra série T - 05;8;6842;ALAN TURING;PLANTIO MILHO SILAGEM;UNIMAR PLANTIO;Velocidade na Operação;;;1.959864
POINT (-49.97277226880092 -22.241767991797385);1763218897.2;15/11/2025 12:01:37;Trator Valtra série T - 05;8;6842;ALAN TURING;PLANTIO MILHO SILAGEM;UNIMAR PLANTIO;Velocidade na Operação;;;1.959864
POINT (-49.97277226880092 -22.241767991797385);1763218897.2;15/11/2025 12:01:37;Trator Valtra série T - 05;8;6842;ALAN TURING;PLANTIO MILHO SILAGEM;UNIMAR PLANTIO;Velocidade na Operação;;;1.959864
POINT (-49.97278087757093 -22.24178469000964);1763218896.1;15/11/2025 12:01:36;Trator Valtra série T - 05;8;6842;ALAN TURING;PLANTIO MILHO SILAGEM;UNIMAR PLANTIO;Velocidade na Operação;;;1.970152
POINT (-49.97278087757093 -22.24178469000964);1763218896.1;15/11/2025 12:01:36;Trator Valtra série T - 05;8;6842;ALAN TURING;PLANTIO MILHO SILAGEM;UNIMAR PLANTIO;Velocidade na Operação;;;1.970152
POINT (-49.97278087757093 -22.24178469000964);1763218896.1;15/11/2025 12:01:36;Trator Valtra série T - 05;8;6842;ALAN TURING;PLANTIO MILHO SILAGEM;UNIMAR PLANTIO;Velocidade na Operação;;;1.970152
POINT (-49.97273018464878 -22.24200043244764);1763218799.4;15/11/2025 11:59:59;Trator Valtra série T - 05;8;6842;ALAN TURING;PLANTIO MILHO SILAGEM;UNIMAR PLANTIO;Velocidade na Operação;;;1.965008
POINT (-49.97273018464878 -22.24200043244764);1763218799.4;15/11/2025 11:59:59;Trator Valtra série T - 05;8;6842;ALAN TURING;PLANTIO MILHO SILAGEM;UNIMAR PLANTIO;Velocidade na Operação;;;1.965008
POINT (-49.97273018464878 -22.24200043244764);1763218799.4;15/11/2025 11:59:59;Trator Valtra série T - 05;8;6842;ALAN TURING;PLANTIO MILHO SILAGEM;UNIMAR PLANTIO;Velocidade na Operação;;;1.965008
POINT (-49.972772215874116 -22.241878958717198);1763218772.6;15/11/2025 11:59:33;Trator Valtra série T - 05;8;6842;ALAN TURING;PLANTIO MILHO SILAGEM;UNIMAR PLANTIO;Velocidade na Operação;;;2.047312
POINT (-49.972772215874116 -22.241878958717198);1763218772.6;15/11/2025 11:59:33;Trator Valtra série T - 05;8;6842;ALAN TURING;PLANTIO MILHO SILAGEM;UNIMAR PLANTIO;Velocidade na Operação;;;2.047312
POINT (-49.972772215874116 -22.241878958717198);1763218772.6;15/11/2025 11:59:33;Trator Valtra série T - 05;8;6842;ALAN TURING;PLANTIO MILHO SILAGEM;UNIMAR PLANTIO;Velocidade na Operação;;;2.047312
POINT (-49.97274505108952 -22.241619808713846);1763218643.7;15/11/2025 11:57:24;Trator Valtra série T - 05;8;6842;ALAN TURING;PLANTIO MILHO SILAGEM;UNIMAR PLANTIO;Velocidade na Operação;;;1.959864
POINT (-49.97274505108952 -22.241619808713846);1763218643.7;15/11/2025 11:57:24;Trator Valtra série T - 05;8;6842;ALAN TURING;PLANTIO MILHO SILAGEM;UNIMAR PLANTIO;Velocidade na Operação;;;1.959864
POINT (-49.97274505108952 -22.241619808713846);1763218643.7;15/11/2025 11:57:24;Trator Valtra série T - 05;8;6842;ALAN TURING;PLANTIO MILHO SILAGEM;UNIMAR PLANTIO;Velocidade na Operação;;;1.959864
POINT (-49.972765637795696 -22.24156946704327);1763218640.6;15/11/2025 11:57:21;Trator Valtra série T - 05;8;6842;ALAN TURING;PLANTIO MILHO SILAGEM;UNIMAR PLANTIO;Velocidade na Operação;;;1.970152
POINT (-49.972765637795696 -22.24156946704327);1763218640.6;15/11/2025 11:57:21;Trator Valtra série T - 05;8;6842;ALAN TURING;PLANTIO MILHO SILAGEM;UNIMAR PLANTIO;Velocidade na Operação;;;1.970152
POINT (-49.972765637795696 -22.24156946704327);1763218640.6;15/11/2025 11:57:21;Trator Valtra série T - 05;8;6842;ALAN TURING;PLANTIO MILHO SILAGEM;UNIMAR PLANTIO;Velocidade na Operação;;;1.970152
POINT (-49.972818807080515 -22.241394584276186);1763218629.6;15/11/2025 11:57:10;Trator Valtra série T - 05;8;6842;ALAN TURING;PLANTIO MILHO SILAGEM;UNIMAR PLANTIO;Velocidade na Operação;;;1.949576
POINT (-49.972818807080515 -22.241394584276186);1763218629.6;15/11/2025 11:57:10;Trator Valtra série T - 05;8;6842;ALAN TURING;PLANTIO MILHO SILAGEM;UNIMAR PLANTIO;Velocidade na Operação;;;1.949576
POINT (-49.972818807080515 -22.241394584276186);1763218629.6;15/11/2025 11:57:10;Trator Valtra série T - 05;8;6842;ALAN TURING;PLANTIO MILHO SILAGEM;UNIMAR PLANTIO;Velocidade na Operação;;;1.949576
POINT (-49.97280933321164 -22.241717284849514);1763218347.3;15/11/2025 11:52:27;Trator Valtra série T - 05;8;6842;ALAN TURING;PLANTIO MILHO SILAGEM;UNIMAR PLANTIO;Velocidade na Operação;;;1.985584
POINT (-49.97280933321164 -22.241717284849514);1763218347.3;15/11/2025 11:52:27;Trator Valtra série T - 05;8;6842;ALAN TURING;PLANTIO MILHO SILAGEM;UNIMAR PLANTIO;Velocidade na Operação;;;1.985584
POINT (-49.97280933321164 -22.241717284849514);1763218347.3;15/11/2025 11:52:27;Trator Valtra série T - 05;8;6842;ALAN TURING;PLANTIO MILHO SILAGEM;UNIMAR PLANTIO;Velocidade na Operação;;;1.985584
POINT (-49.97281895935478 -22.241751045441735);1763218345.3;15/11/2025 11:52:25;Trator Valtra série T - 05;8;6842;ALAN TURING;PLANTIO MILHO SILAGEM;UNIMAR PLANTIO;Velocidade na Operação;;;1.95472
POINT (-49.97281895935478 -22.241751045441735);1763218345.3;15/11/2025 11:52:25;Trator Valtra série T - 05;8;6842;ALAN TURING;PLANTIO MILHO SILAGEM;UNIMAR PLANTIO;Velocidade na Operação;;;1.95472
POINT (-49.97281895935478 -22.241751045441735);1763218345.3;15/11/2025 11:52:25;Trator Valtra série T - 05;8;6842;ALAN TURING;PLANTIO MILHO SILAGEM;UNIMAR PLANTIO;Velocidade na Operação;;;1.95472
POINT (-49.97293210503461 -22.241906692114235);1763218334.1;15/11/2025 11:52:14;Trator Valtra série T - 05;8;6842;ALAN TURING;PLANTIO MILHO SILAGEM;UNIMAR PLANTIO;Velocidade na Operação;;;1.949576
POINT (-49.97293210503461 -22.241906692114235);1763218334.1;15/11/2025 11:52:14;Trator Valtra série T - 05;8;6842;ALAN TURING;PLANTIO MILHO SILAGEM;UNIMAR PLANTIO;Velocidade na Operação;;;1.949576
POINT (-49.97293210503461 -22.241906692114235);1763218334.1;15/11/2025 11:52:14;Trator Valtra série T - 05;8;6842;ALAN TURING;PLANTIO MILHO SILAGEM;UNIMAR PLANTIO;Velocidade na Operação;;;1.949576
POINT (-49.97285289451595 -22.24244620669477);1763218149.7;15/11/2025 11:49:10;Trator Valtra série T - 05;8;6842;ALAN TURING;PLANTIO MILHO SILAGEM;UNIMAR PLANTIO;Velocidade na Operação;;;2.217064
POINT (-49.97285289451595 -22.24244620669477);1763218149.7;15/11/2025 11:49:10;Trator Valtra série T - 05;8;6842;ALAN TURING;PLANTIO MILHO SILAGEM;UNIMAR PLANTIO;Velocidade na Operação;;;2.217064
POINT (-49.97285289451595 -22.24244620669477);1763218149.7;15/11/2025 11:49:10;Trator Valtra série T - 05;8;6842;ALAN TURING;PLANTIO MILHO SILAGEM;UNIMAR PLANTIO;Velocidade na Operação;;;2.217064
POINT (-49.97283861920937 -22.242518011995145);1763218145.9;15/11/2025 11:49:06;Trator Valtra série T - 05;8;6842;ALAN TURING;PLANTIO MILHO SILAGEM;UNIMAR PLANTIO;Velocidade na Operação;;;2.181056
POINT (-49.97283861920937 -22.242518011995145);1763218145.9;15/11/2025 11:49:06;Trator Valtra série T - 05;8;6842;ALAN TURING;PLANTIO MILHO SILAGEM;UNIMAR PLANTIO;Velocidade na Operação;;;2.181056
POINT (-49.97283861920937 -22.242518011995145);1763218145.9;15/11/2025 11:49:06;Trator Valtra série T - 05;8;6842;ALAN TURING;PLANTIO MILHO SILAGEM;UNIMAR PLANTIO;Velocidade na Operação;;;2.181056
POINT (-49.97280084173433 -22.242570053277543);1763218142;15/11/2025 11:49:02;Trator Valtra série T - 05;8;6842;ALAN TURING;PLANTIO MILHO SILAGEM;UNIMAR PLANTIO;Velocidade na Operação;;;1.990728
POINT (-49.97280084173433 -22.242570053277543);1763218142;15/11/2025 11:49:02;Trator Valtra série T - 05;8;6842;ALAN TURING;PLANTIO MILHO SILAGEM;UNIMAR PLANTIO;Velocidade na Operação;;;1.990728
POINT (-49.97280084173433 -22.242570053277543);1763218142;15/11/2025 11:49:02;Trator Valtra série T - 05;8;6842;ALAN TURING;PLANTIO MILHO SILAGEM;UNIMAR PLANTIO;Velocidade na Operação;;;1.990728
POINT (-49.97206659330045 -22.24228096801551);1763218053.5;15/11/2025 11:47:34;Trator Valtra série T - 05;8;6842;ALAN TURING;PLANTIO MILHO SILAGEM;UNIMAR PLANTIO;Velocidade na Operação;;;2.026736
POINT (-49.97206659330045 -22.24228096801551);1763218053.5;15/11/2025 11:47:34;Trator Valtra série T - 05;8;6842;ALAN TURING;PLANTIO MILHO SILAGEM;UNIMAR PLANTIO;Velocidade na Operação;;;2.026736
POINT (-49.97206659330045 -22.24228096801551);1763218053.5;15/11/2025 11:47:34;Trator Valtra série T - 05;8;6842;ALAN TURING;PLANTIO MILHO SILAGEM;UNIMAR PLANTIO;Velocidade na Operação;;;2.026736
POINT (-49.972240319235496 -22.241976663052704);1763218033.5;15/11/2025 11:47:14;Trator Valtra série T - 05;8;6842;ALAN TURING;PLANTIO MILHO SILAGEM;UNIMAR PLANTIO;Velocidade na Operação;;;1.970152
POINT (-49.972240319235496 -22.241976663052704);1763218033.5;15/11/2025 11:47:14;Trator Valtra série T - 05;8;6842;ALAN TURING;PLANTIO MILHO SILAGEM;UNIMAR PLANTIO;Velocidade na Operação;;;1.970152
POINT (-49.972240319235496 -22.241976663052704);1763218033.5;15/11/2025 11:47:14;Trator Valtra série T - 05;8;6842;ALAN TURING;PLANTIO MILHO SILAGEM;UNIMAR PLANTIO;Velocidade na Operação;;;1.970152
POINT (-49.97234306334598 -22.241649864351505);1763218013.5;15/11/2025 11:46:54;Trator Valtra série T - 05;8;6842;ALAN TURING;PLANTIO MILHO SILAGEM;UNIMAR PLANTIO;Velocidade na Operação;;;1.995872
POINT (-49.97234306334598 -22.241649864351505);1763218013.5;15/11/2025 11:46:54;Trator Valtra série T - 05;8;6842;ALAN TURING;PLANTIO MILHO SILAGEM;UNIMAR PLANTIO;Velocidade na Operação;;;1.995872
POINT (-49.97234306334598 -22.241649864351505);1763218013.5;15/11/2025 11:46:54;Trator Valtra série T - 05;8;6842;ALAN TURING;PLANTIO MILHO SILAGEM;UNIMAR PLANTIO;Velocidade na Operação;;;1.995872
POINT (-49.97278891711076 -22.240731861780137);1763217951.9;15/11/2025 11:45:52;Trator Valtra série T - 05;8;6842;ALAN TURING;PLANTIO MILHO SILAGEM;UNIMAR PLANTIO;Velocidade na Operação;;;1.949576
POINT (-49.97278891711076 -22.240731861780137);1763217951.9;15/11/2025 11:45:52;Trator Valtra série T - 05;8;6842;ALAN TURING;PLANTIO MILHO SILAGEM;UNIMAR PLANTIO;Velocidade na Operação;;;1.949576
POINT (-49.97278891711076 -22.240731861780137);1763217951.9;15/11/2025 11:45:52;Trator Valtra série T - 05;8;6842;ALAN TURING;PLANTIO MILHO SILAGEM;UNIMAR PLANTIO;Velocidade na Operação;;;1.949576
POINT (-49.973154677939775 -22.24036082163813);1763217921.9;15/11/2025 11:45:22;Trator Valtra série T - 05;8;6842;ALAN TURING;PLANTIO MILHO SILAGEM;UNIMAR PLANTIO;Velocidade na Operação;;;1.959864
POINT (-49.973154677939775 -22.24036082163813);1763217921.9;15/11/2025 11:45:22;Trator Valtra série T - 05;8;6842;ALAN TURING;PLANTIO MILHO SILAGEM;UNIMAR PLANTIO;Velocidade na Operação;;;1.959864
POINT (-49.973154677939775 -22.24036082163813);1763217921.9;15/11/2025 11:45:22;Trator Valtra série T - 05;8;6842;ALAN TURING;PLANTIO MILHO SILAGEM;UNIMAR PLANTIO;Velocidade na Operação;;;1.959864
POINT (-49.9732748907389 -22.240237775405614);1763217911.9;15/11/2025 11:45:12;Trator Valtra série T - 05;8;6842;ALAN TURING;PLANTIO MILHO SILAGEM;UNIMAR PLANTIO;Velocidade na Operação;;;1.965008
POINT (-49.9732748907389 -22.240237775405614);1763217911.9;15/11/2025 11:45:12;Trator Valtra série T - 05;8;6842;ALAN TURING;PLANTIO MILHO SILAGEM;UNIMAR PLANTIO;Velocidade na Operação;;;1.965008
POINT (-49.9732748907389 -22.240237775405614);1763217911.9;15/11/2025 11:45:12;Trator Valtra série T - 05;8;6842;ALAN TURING;PLANTIO MILHO SILAGEM;UNIMAR PLANTIO;Velocidade na Operação;;;1.965008
POINT (-49.97286526336665 -22.240738450915337);1763217756.9;15/11/2025 11:42:37;Trator Valtra série T - 05;8;6842;ALAN TURING;PLANTIO MILHO SILAGEM;UNIMAR PLANTIO;Velocidade na Operação;;;1.95472
POINT (-49.97286526336665 -22.240738450915337);1763217756.9;15/11/2025 11:42:37;Trator Valtra série T - 05;8;6842;ALAN TURING;PLANTIO MILHO SILAGEM;UNIMAR PLANTIO;Velocidade na Operação;;;1.95472
POINT (-49.97286526336665 -22.240738450915337);1763217756.9;15/11/2025 11:42:37;Trator Valtra série T - 05;8;6842;ALAN TURING;PLANTIO MILHO SILAGEM;UNIMAR PLANTIO;Velocidade na Operação;;;1.95472
POINT (-49.97214651571927 -22.242631402473293);1763217462.5;15/11/2025 11:37:42;Trator Valtra série T - 05;8;6842;ALAN TURING;PLANTIO MILHO SILAGEM;UNIMAR PLANTIO;Velocidade na Operação;;;1.975296
POINT (-49.97214651571927 -22.242631402473293);1763217462.5;15/11/2025 11:37:42;Trator Valtra série T - 05;8;6842;ALAN TURING;PLANTIO MILHO SILAGEM;UNIMAR PLANTIO;Velocidade na Operação;;;1.975296
POINT (-49.97214651571927 -22.242631402473293);1763217462.5;15/11/2025 11:37:42;Trator Valtra série T - 05;8;6842;ALAN TURING;PLANTIO MILHO SILAGEM;UNIMAR PLANTIO;Velocidade na Operação;;;1.975296
POINT (-49.972086177739556 -22.242474327029733);1763217421;15/11/2025 11:37:01;Trator Valtra série T - 05;8;6842;ALAN TURING;PLANTIO MILHO SILAGEM;UNIMAR PLANTIO;Velocidade na Operação;;;2.0010161
POINT (-49.972086177739556 -22.242474327029733);1763217421;15/11/2025 11:37:01;Trator Valtra série T - 05;8;6842;ALAN TURING;PLANTIO MILHO SILAGEM;UNIMAR PLANTIO;Velocidade na Operação;;;2.0010161
POINT (-49.972086177739556 -22.242474327029733);1763217421;15/11/2025 11:37:01;Trator Valtra série T - 05;8;6842;ALAN TURING;PLANTIO MILHO SILAGEM;UNIMAR PLANTIO;Velocidade na Operação;;;2.0010161
POINT (-49.97221250283091 -22.242626336715812);1763217409.4;15/11/2025 11:36:49;Trator Valtra série T - 05;8;6842;ALAN TURING;PLANTIO MILHO SILAGEM;UNIMAR PLANTIO;Velocidade na Operação;;;2.0215921
POINT (-49.97221250283091 -22.242626336715812);1763217409.4;15/11/2025 11:36:49;Trator Valtra série T - 05;8;6842;ALAN TURING;PLANTIO MILHO SILAGEM;UNIMAR PLANTIO;Velocidade na Operação;;;2.0215921
POINT (-49.97221250283091 -22.242626336715812);1763217409.4;15/11/2025 11:36:49;Trator Valtra série T - 05;8;6842;ALAN TURING;PLANTIO MILHO SILAGEM;UNIMAR PLANTIO;Velocidade na Operação;;;2.0215921
POINT (-49.972320674721324 -22.242635029615247);1763217371.2;15/11/2025 11:36:11;Trator Valtra série T - 05;8;6842;ALAN TURING;PLANTIO MILHO SILAGEM;UNIMAR PLANTIO;Velocidade na Operação;;;1.949576
POINT (-49.972320674721324 -22.242635029615247);1763217371.2;15/11/2025 11:36:11;Trator Valtra série T - 05;8;6842;ALAN TURING;PLANTIO MILHO SILAGEM;UNIMAR PLANTIO;Velocidade na Operação;;;1.949576
POINT (-49.972320674721324 -22.242635029615247);1763217371.2;15/11/2025 11:36:11;Trator Valtra série T - 05;8;6842;ALAN TURING;PLANTIO MILHO SILAGEM;UNIMAR PLANTIO;Velocidade na Operação;;;1.949576
POINT (-49.9723013257559 -22.24263007912349);1763217370.2;15/11/2025 11:36:10;Trator Valtra série T - 05;8;6842;ALAN TURING;PLANTIO MILHO SILAGEM;UNIMAR PLANTIO;Velocidade na Operação;;;1.98044
POINT (-49.9723013257559 -22.24263007912349);1763217370.2;15/11/2025 11:36:10;Trator Valtra série T - 05;8;6842;ALAN TURING;PLANTIO MILHO SILAGEM;UNIMAR PLANTIO;Velocidade na Operação;;;1.98044
POINT (-49.9723013257559 -22.24263007912349);1763217370.2;15/11/2025 11:36:10;Trator Valtra série T - 05;8;6842;ALAN TURING;PLANTIO MILHO SILAGEM;UNIMAR PLANTIO;Velocidade na Operação;;;1.98044
POINT (-49.972194052723374 -22.242528842457997);1763217361.7;15/11/2025 11:36:02;Trator Valtra série T - 05;8;6842;ALAN TURING;PLANTIO MILHO SILAGEM;UNIMAR PLANTIO;Velocidade na Operação;;;1.95472
POINT (-49.972194052723374 -22.242528842457997);1763217361.7;15/11/2025 11:36:02;Trator Valtra série T - 05;8;6842;ALAN TURING;PLANTIO MILHO SILAGEM;UNIMAR PLANTIO;Velocidade na Operação;;;1.95472
POINT (-49.972194052723374 -22.242528842457997);1763217361.7;15/11/2025 11:36:02;Trator Valtra série T - 05;8;6842;ALAN TURING;PLANTIO MILHO SILAGEM;UNIMAR PLANTIO;Velocidade na Operação;;;1.95472
POINT (-49.97215688036583 -22.242374975808225);1763217301.9;15/11/2025 11:35:02;Trator Valtra série T - 05;8;6842;ALAN TURING;PLANTIO MILHO SILAGEM;UNIMAR PLANTIO;Velocidade na Operação;;;2.093608
POINT (-49.97215688036583 -22.242374975808225);1763217301.9;15/11/2025 11:35:02;Trator Valtra série T - 05;8;6842;ALAN TURING;PLANTIO MILHO SILAGEM;UNIMAR PLANTIO;Velocidade na Operação;;;2.093608
POINT (-49.97215688036583 -22.242374975808225);1763217301.9;15/11/2025 11:35:02;Trator Valtra série T - 05;8;6842;ALAN TURING;PLANTIO MILHO SILAGEM;UNIMAR PLANTIO;Velocidade na Operação;;;2.093608
POINT (-49.97218104013501 -22.24242407907971);1763217298.7;15/11/2025 11:34:59;Trator Valtra série T - 05;8;6842;ALAN TURING;PLANTIO MILHO SILAGEM;UNIMAR PLANTIO;Velocidade na Operação;;;2.088464
POINT (-49.97218104013501 -22.24242407907971);1763217298.7;15/11/2025 11:34:59;Trator Valtra série T - 05;8;6842;ALAN TURING;PLANTIO MILHO SILAGEM;UNIMAR PLANTIO;Velocidade na Operação;;;2.088464
POINT (-49.97218104013501 -22.24242407907971);1763217298.7;15/11/2025 11:34:59;Trator Valtra série T - 05;8;6842;ALAN TURING;PLANTIO MILHO SILAGEM;UNIMAR PLANTIO;Velocidade na Operação;;;2.088464
POINT (-49.97241695137384 -22.24264448661122);1763217279.7;15/11/2025 11:34:40;Trator Valtra série T - 05;8;6842;ALAN TURING;PLANTIO MILHO SILAGEM;UNIMAR PLANTIO;Velocidade na Operação;;;1.975296
POINT (-49.97241695137384 -22.24264448661122);1763217279.7;15/11/2025 11:34:40;Trator Valtra série T - 05;8;6842;ALAN TURING;PLANTIO MILHO SILAGEM;UNIMAR PLANTIO;Velocidade na Operação;;;1.975296
POINT (-49.97241695137384 -22.24264448661122);1763217279.7;15/11/2025 11:34:40;Trator Valtra série T - 05;8;6842;ALAN TURING;PLANTIO MILHO SILAGEM;UNIMAR PLANTIO;Velocidade na Operação;;;1.975296
POINT (-49.97224356428581 -22.242254105084534);1763216380.3;15/11/2025 11:19:40;Trator Valtra série T - 05;8;6842;ALAN TURING;PLANTIO MILHO SILAGEM;UNIMAR PLANTIO;Velocidade na Operação;;;1.985584
POINT (-49.97224356428581 -22.242254105084534);1763216380.3;15/11/2025 11:19:40;Trator Valtra série T - 05;8;6842;ALAN TURING;PLANTIO MILHO SILAGEM;UNIMAR PLANTIO;Velocidade na Operação;;;1.985584
POINT (-49.97224356428581 -22.242254105084534);1763216380.3;15/11/2025 11:19:40;Trator Valtra série T - 05;8;6842;ALAN TURING;PLANTIO MILHO SILAGEM;UNIMAR PLANTIO;Velocidade na Operação;;;1.985584
POINT (-49.97272404370814 -22.24260314831943);1763216307.4;15/11/2025 11:18:27;Trator Valtra série T - 05;8;6842;ALAN TURING;PLANTIO MILHO SILAGEM;UNIMAR PLANTIO;Velocidade na Operação;;;2.037024
POINT (-49.97272404370814 -22.24260314831943);1763216307.4;15/11/2025 11:18:27;Trator Valtra série T - 05;8;6842;ALAN TURING;PLANTIO MILHO SILAGEM;UNIMAR PLANTIO;Velocidade na Operação;;;2.037024
POINT (-49.97272404370814 -22.24260314831943);1763216307.4;15/11/2025 11:18:27;Trator Valtra série T - 05;8;6842;ALAN TURING;PLANTIO MILHO SILAGEM;UNIMAR PLANTIO;Velocidade na Operação;;;2.037024
POINT (-49.972713199668114 -22.24260091382993);1763216306.9;15/11/2025 11:18:27;Trator Valtra série T - 05;8;6842;ALAN TURING;PLANTIO MILHO SILAGEM;UNIMAR PLANTIO;Velocidade na Operação;;;2.00616
POINT (-49.972713199668114 -22.24260091382993);1763216306.9;15/11/2025 11:18:27;Trator Valtra série T - 05;8;6842;ALAN TURING;PLANTIO MILHO SILAGEM;UNIMAR PLANTIO;Velocidade na Operação;;;2.00616
POINT (-49.972713199668114 -22.24260091382993);1763216306.9;15/11/2025 11:18:27;Trator Valtra série T - 05;8;6842;ALAN TURING;PLANTIO MILHO SILAGEM;UNIMAR PLANTIO;Velocidade na Operação;;;2.00616
POINT (-49.97265805898459 -22.242592163148384);1763216304.1;15/11/2025 11:18:24;Trator Valtra série T - 05;8;6842;ALAN TURING;PLANTIO MILHO SILAGEM;UNIMAR PLANTIO;Velocidade na Operação;;;2.0215921
POINT (-49.97265805898459 -22.242592163148384);1763216304.1;15/11/2025 11:18:24;Trator Valtra série T - 05;8;6842;ALAN TURING;PLANTIO MILHO SILAGEM;UNIMAR PLANTIO;Velocidade na Operação;;;2.0215921
POINT (-49.97265805898459 -22.242592163148384);1763216304.1;15/11/2025 11:18:24;Trator Valtra série T - 05;8;6842;ALAN TURING;PLANTIO MILHO SILAGEM;UNIMAR PLANTIO;Velocidade na Operação;;;2.0215921
POINT (-49.97261360152256 -22.242576609863946);1763216301.5;15/11/2025 11:18:22;Trator Valtra série T - 05;8;6842;ALAN TURING;PLANTIO MILHO SILAGEM;UNIMAR PLANTIO;Velocidade na Operação;;;1.959864
POINT (-49.97261360152256 -22.242576609863946);1763216301.5;15/11/2025 11:18:22;Trator Valtra série T - 05;8;6842;ALAN TURING;PLANTIO MILHO SILAGEM;UNIMAR PLANTIO;Velocidade na Operação;;;1.959864
POINT (-49.97261360152256 -22.242576609863946);1763216301.5;15/11/2025 11:18:22;Trator Valtra série T - 05;8;6842;ALAN TURING;PLANTIO MILHO SILAGEM;UNIMAR PLANTIO;Velocidade na Operação;;;1.959864
POINT (-49.9723228416273 -22.242098420402705);1763216229.8;15/11/2025 11:17:10;Trator Valtra série T - 05;8;6842;ALAN TURING;PLANTIO MILHO SILAGEM;UNIMAR PLANTIO;Velocidade na Operação;;;2.047312
POINT (-49.9723228416273 -22.242098420402705);1763216229.8;15/11/2025 11:17:10;Trator Valtra série T - 05;8;6842;ALAN TURING;PLANTIO MILHO SILAGEM;UNIMAR PLANTIO;Velocidade na Operação;;;2.047312
POINT (-49.9723228416273 -22.242098420402705);1763216229.8;15/11/2025 11:17:10;Trator Valtra série T - 05;8;6842;ALAN TURING;PLANTIO MILHO SILAGEM;UNIMAR PLANTIO;Velocidade na Operação;;;2.047312
POINT (-49.97231828573029 -22.242143658116888);1763216227.3;15/11/2025 11:17:07;Trator Valtra série T - 05;8;6842;ALAN TURING;PLANTIO MILHO SILAGEM;UNIMAR PLANTIO;Velocidade na Operação;;;2.0215921
POINT (-49.97231828573029 -22.242143658116888);1763216227.3;15/11/2025 11:17:07;Trator Valtra série T - 05;8;6842;ALAN TURING;PLANTIO MILHO SILAGEM;UNIMAR PLANTIO;Velocidade na Operação;;;2.0215921
POINT (-49.97231828573029 -22.242143658116888);1763216227.3;15/11/2025 11:17:07;Trator Valtra série T - 05;8;6842;ALAN TURING;PLANTIO MILHO SILAGEM;UNIMAR PLANTIO;Velocidade na Operação;;;2.0215921
POINT (-49.972318379757226 -22.24215268038777);1763216226.8;15/11/2025 11:17:07;Trator Valtra série T - 05;8;6842;ALAN TURING;PLANTIO MILHO SILAGEM;UNIMAR PLANTIO;Velocidade na Operação;;;1.970152
POINT (-49.972318379757226 -22.24215268038777);1763216226.8;15/11/2025 11:17:07;Trator Valtra série T - 05;8;6842;ALAN TURING;PLANTIO MILHO SILAGEM;UNIMAR PLANTIO;Velocidade na Operação;;;1.970152
POINT (-49.972318379757226 -22.24215268038777);1763216226.8;15/11/2025 11:17:07;Trator Valtra série T - 05;8;6842;ALAN TURING;PLANTIO MILHO SILAGEM;UNIMAR PLANTIO;Velocidade na Operação;;;1.970152
POINT (-49.97280231827351 -22.24252268106515);1763216120.5;15/11/2025 11:15:20;Trator Valtra série T - 05;8;6842;ALAN TURING;PLANTIO MILHO SILAGEM;UNIMAR PLANTIO;Velocidade na Operação;;;2.0627441
POINT (-49.97280231827351 -22.24252268106515);1763216120.5;15/11/2025 11:15:20;Trator Valtra série T - 05;8;6842;ALAN TURING;PLANTIO MILHO SILAGEM;UNIMAR PLANTIO;Velocidade na Operação;;;2.0627441
POINT (-49.97280231827351 -22.24252268106515);1763216120.5;15/11/2025 11:15:20;Trator Valtra série T - 05;8;6842;ALAN TURING;PLANTIO MILHO SILAGEM;UNIMAR PLANTIO;Velocidade na Operação;;;2.0627441
POINT (-49.972432792946705 -22.24181924694413);1763216051.1;15/11/2025 11:14:11;Trator Valtra série T - 05;8;6842;ALAN TURING;PLANTIO MILHO SILAGEM;UNIMAR PLANTIO;Velocidade na Operação;;;2.016448
POINT (-49.972432792946705 -22.24181924694413);1763216051.1;15/11/2025 11:14:11;Trator Valtra série T - 05;8;6842;ALAN TURING;PLANTIO MILHO SILAGEM;UNIMAR PLANTIO;Velocidade na Operação;;;2.016448
POINT (-49.972432792946705 -22.24181924694413);1763216051.1;15/11/2025 11:14:11;Trator Valtra série T - 05;8;6842;ALAN TURING;PLANTIO MILHO SILAGEM;UNIMAR PLANTIO;Velocidade na Operação;;;2.016448
POINT (-49.97233109610914 -22.24325128201668);1763215176.1;15/11/2025 10:59:36;Trator Valtra série T - 05;8;6842;ALAN TURING;PLANTIO MILHO SILAGEM;UNIMAR PLANTIO;Velocidade na Operação;;;2.016448
POINT (-49.97233109610914 -22.24325128201668);1763215176.1;15/11/2025 10:59:36;Trator Valtra série T - 05;8;6842;ALAN TURING;PLANTIO MILHO SILAGEM;UNIMAR PLANTIO;Velocidade na Operação;;;2.016448
POINT (-49.97233109610914 -22.24325128201668);1763215176.1;15/11/2025 10:59:36;Trator Valtra série T - 05;8;6842;ALAN TURING;PLANTIO MILHO SILAGEM;UNIMAR PLANTIO;Velocidade na Operação;;;2.016448
POINT (-49.9718183526845 -22.242018505377096);1763215027.3;15/11/2025 10:57:07;Trator Valtra série T - 05;8;6842;ALAN TURING;PLANTIO MILHO SILAGEM;UNIMAR PLANTIO;Velocidade na Operação;;;1.98044
POINT (-49.9718183526845 -22.242018505377096);1763215027.3;15/11/2025 10:57:07;Trator Valtra série T - 05;8;6842;ALAN TURING;PLANTIO MILHO SILAGEM;UNIMAR PLANTIO;Velocidade na Operação;;;1.98044
POINT (-49.9718183526845 -22.242018505377096);1763215027.3;15/11/2025 10:57:07;Trator Valtra série T - 05;8;6842;ALAN TURING;PLANTIO MILHO SILAGEM;UNIMAR PLANTIO;Velocidade na Operação;;;1.98044
POINT (-49.9713288896821 -22.242869964011376);1763214545.3;15/11/2025 10:49:05;Trator Valtra série T - 05;8;6842;ALAN TURING;PLANTIO MILHO SILAGEM;UNIMAR PLANTIO;Velocidade na Operação;;;1.959864
POINT (-49.9713288896821 -22.242869964011376);1763214545.3;15/11/2025 10:49:05;Trator Valtra série T - 05;8;6842;ALAN TURING;PLANTIO MILHO SILAGEM;UNIMAR PLANTIO;Velocidade na Operação;;;1.959864
POINT (-49.9713288896821 -22.242869964011376);1763214545.3;15/11/2025 10:49:05;Trator Valtra série T - 05;8;6842;ALAN TURING;PLANTIO MILHO SILAGEM;UNIMAR PLANTIO;Velocidade na Operação;;;1.959864
POINT (-49.9719814725192 -22.24325928683617);1763214480.4;15/11/2025 10:48:00;Trator Valtra série T - 05;8;6842;ALAN TURING;PLANTIO MILHO SILAGEM;UNIMAR PLANTIO;Velocidade na Operação;;;1.95472
POINT (-49.9719814725192 -22.24325928683617);1763214480.4;15/11/2025 10:48:00;Trator Valtra série T - 05;8;6842;ALAN TURING;PLANTIO MILHO SILAGEM;UNIMAR PLANTIO;Velocidade na Operação;;;1.95472
POINT (-49.9719814725192 -22.24325928683617);1763214480.4;15/11/2025 10:48:00;Trator Valtra série T - 05;8;6842;ALAN TURING;PLANTIO MILHO SILAGEM;UNIMAR PLANTIO;Velocidade na Operação;;;1.95472
POINT (-49.97134708644923 -22.242766598477612);1763214430.3;15/11/2025 10:47:10;Trator Valtra série T - 05;8;6842;ALAN TURING;PLANTIO MILHO SILAGEM;UNIMAR PLANTIO;Velocidade na Operação;;;1.965008
POINT (-49.97134708644923 -22.242766598477612);1763214430.3;15/11/2025 10:47:10;Trator Valtra série T - 05;8;6842;ALAN TURING;PLANTIO MILHO SILAGEM;UNIMAR PLANTIO;Velocidade na Operação;;;1.965008
POINT (-49.97134708644923 -22.242766598477612);1763214430.3;15/11/2025 10:47:10;Trator Valtra série T - 05;8;6842;ALAN TURING;PLANTIO MILHO SILAGEM;UNIMAR PLANTIO;Velocidade na Operação;;;1.965008
POINT (-49.97139766067745 -22.242657516931544);1763214392.1;15/11/2025 10:46:32;Trator Valtra série T - 05;8;6842;ALAN TURING;PLANTIO MILHO SILAGEM;UNIMAR PLANTIO;Velocidade na Operação;;;2.0576
POINT (-49.97139766067745 -22.242657516931544);1763214392.1;15/11/2025 10:46:32;Trator Valtra série T - 05;8;6842;ALAN TURING;PLANTIO MILHO SILAGEM;UNIMAR PLANTIO;Velocidade na Operação;;;2.0576
POINT (-49.97139766067745 -22.242657516931544);1763214392.1;15/11/2025 10:46:32;Trator Valtra série T - 05;8;6842;ALAN TURING;PLANTIO MILHO SILAGEM;UNIMAR PLANTIO;Velocidade na Operação;;;2.0576
POINT (-49.97139724040075 -22.24272008757854);1763214388.9;15/11/2025 10:46:29;Trator Valtra série T - 05;8;6842;ALAN TURING;PLANTIO MILHO SILAGEM;UNIMAR PLANTIO;Velocidade na Operação;;;2.0010161
POINT (-49.97139724040075 -22.24272008757854);1763214388.9;15/11/2025 10:46:29;Trator Valtra série T - 05;8;6842;ALAN TURING;PLANTIO MILHO SILAGEM;UNIMAR PLANTIO;Velocidade na Operação;;;2.0010161
POINT (-49.97139724040075 -22.24272008757854);1763214388.9;15/11/2025 10:46:29;Trator Valtra série T - 05;8;6842;ALAN TURING;PLANTIO MILHO SILAGEM;UNIMAR PLANTIO;Velocidade na Operação;;;2.0010161
POINT (-49.971438239450244 -22.24265532634008);1763214247.4;15/11/2025 10:44:07;Trator Valtra série T - 05;8;6842;ALAN TURING;PLANTIO MILHO SILAGEM;UNIMAR PLANTIO;Velocidade na Operação;;;1.949576
POINT (-49.971438239450244 -22.24265532634008);1763214247.4;15/11/2025 10:44:07;Trator Valtra série T - 05;8;6842;ALAN TURING;PLANTIO MILHO SILAGEM;UNIMAR PLANTIO;Velocidade na Operação;;;1.949576
POINT (-49.971438239450244 -22.24265532634008);1763214247.4;15/11/2025 10:44:07;Trator Valtra série T - 05;8;6842;ALAN TURING;PLANTIO MILHO SILAGEM;UNIMAR PLANTIO;Velocidade na Operação;;;1.949576
POINT (-49.97150759315119 -22.242581324190695);1763214210.1;15/11/2025 10:43:30;Trator Valtra série T - 05;8;6842;ALAN TURING;PLANTIO MILHO SILAGEM;UNIMAR PLANTIO;Velocidade na Operação;;;2.0627441
POINT (-49.97150759315119 -22.242581324190695);1763214210.1;15/11/2025 10:43:30;Trator Valtra série T - 05;8;6842;ALAN TURING;PLANTIO MILHO SILAGEM;UNIMAR PLANTIO;Velocidade na Operação;;;2.0627441
POINT (-49.97150759315119 -22.242581324190695);1763214210.1;15/11/2025 10:43:30;Trator Valtra série T - 05;8;6842;ALAN TURING;PLANTIO MILHO SILAGEM;UNIMAR PLANTIO;Velocidade na Operação;;;2.0627441
POINT (-49.972410843777496 -22.243072398124056);1763214095.1;15/11/2025 10:41:35;Trator Valtra série T - 05;8;6842;ALAN TURING;PLANTIO MILHO SILAGEM;UNIMAR PLANTIO;Velocidade na Operação;;;2.067888
POINT (-49.972410843777496 -22.243072398124056);1763214095.1;15/11/2025 10:41:35;Trator Valtra série T - 05;8;6842;ALAN TURING;PLANTIO MILHO SILAGEM;UNIMAR PLANTIO;Velocidade na Operação;;;2.067888
POINT (-49.972410843777496 -22.243072398124056);1763214095.1;15/11/2025 10:41:35;Trator Valtra série T - 05;8;6842;ALAN TURING;PLANTIO MILHO SILAGEM;UNIMAR PLANTIO;Velocidade na Operação;;;2.067888
POINT (-49.97153665691626 -22.242511712107497);1763214025.4;15/11/2025 10:40:25;Trator Valtra série T - 05;8;6842;ALAN TURING;PLANTIO MILHO SILAGEM;UNIMAR PLANTIO;Velocidade na Operação;;;1.959864
POINT (-49.97153665691626 -22.242511712107497);1763214025.4;15/11/2025 10:40:25;Trator Valtra série T - 05;8;6842;ALAN TURING;PLANTIO MILHO SILAGEM;UNIMAR PLANTIO;Velocidade na Operação;;;1.959864
POINT (-49.97153665691626 -22.242511712107497);1763214025.4;15/11/2025 10:40:25;Trator Valtra série T - 05;8;6842;ALAN TURING;PLANTIO MILHO SILAGEM;UNIMAR PLANTIO;Velocidade na Operação;;;1.959864
POINT (-49.97164181158444 -22.242387647771682);1763213996.7;15/11/2025 10:39:57;Trator Valtra série T - 05;8;6842;ALAN TURING;PLANTIO MILHO SILAGEM;UNIMAR PLANTIO;Velocidade na Operação;;;1.95472
POINT (-49.97164181158444 -22.242387647771682);1763213996.7;15/11/2025 10:39:57;Trator Valtra série T - 05;8;6842;ALAN TURING;PLANTIO MILHO SILAGEM;UNIMAR PLANTIO;Velocidade na Operação;;;1.95472
POINT (-49.97164181158444 -22.242387647771682);1763213996.7;15/11/2025 10:39:57;Trator Valtra série T - 05;8;6842;ALAN TURING;PLANTIO MILHO SILAGEM;UNIMAR PLANTIO;Velocidade na Operação;;;1.95472
POINT (-49.971619053947485 -22.242432243544158);1763213993.8;15/11/2025 10:39:54;Trator Valtra série T - 05;8;6842;ALAN TURING;PLANTIO MILHO SILAGEM;UNIMAR PLANTIO;Velocidade na Operação;;;2.00616
POINT (-49.971619053947485 -22.242432243544158);1763213993.8;15/11/2025 10:39:54;Trator Valtra série T - 05;8;6842;ALAN TURING;PLANTIO MILHO SILAGEM;UNIMAR PLANTIO;Velocidade na Operação;;;2.00616
POINT (-49.971619053947485 -22.242432243544158);1763213993.8;15/11/2025 10:39:54;Trator Valtra série T - 05;8;6842;ALAN TURING;PLANTIO MILHO SILAGEM;UNIMAR PLANTIO;Velocidade na Operação;;;2.00616
POINT (-49.97251474407677 -22.242983599139997);1763213687.5;15/11/2025 10:34:48;Trator Valtra série T - 05;8;6842;ALAN TURING;PLANTIO MILHO SILAGEM;UNIMAR PLANTIO;Velocidade na Operação;;;1.975296
POINT (-49.97251474407677 -22.242983599139997);1763213687.5;15/11/2025 10:34:48;Trator Valtra série T - 05;8;6842;ALAN TURING;PLANTIO MILHO SILAGEM;UNIMAR PLANTIO;Velocidade na Operação;;;1.975296
POINT (-49.97251474407677 -22.242983599139997);1763213687.5;15/11/2025 10:34:48;Trator Valtra série T - 05;8;6842;ALAN TURING;PLANTIO MILHO SILAGEM;UNIMAR PLANTIO;Velocidade na Operação;;;1.975296
POINT (-49.97200808336631 -22.242958797478106);1763213657.9;15/11/2025 10:34:18;Trator Valtra série T - 05;8;6842;ALAN TURING;PLANTIO MILHO SILAGEM;UNIMAR PLANTIO;Velocidade na Operação;;;2.10904
POINT (-49.97200808336631 -22.242958797478106);1763213657.9;15/11/2025 10:34:18;Trator Valtra série T - 05;8;6842;ALAN TURING;PLANTIO MILHO SILAGEM;UNIMAR PLANTIO;Velocidade na Operação;;;2.10904
POINT (-49.97200808336631 -22.242958797478106);1763213657.9;15/11/2025 10:34:18;Trator Valtra série T - 05;8;6842;ALAN TURING;PLANTIO MILHO SILAGEM;UNIMAR PLANTIO;Velocidade na Operação;;;2.10904
POINT (-49.97172704270452 -22.242339338611075);1763213605;15/11/2025 10:33:25;Trator Valtra série T - 05;8;6842;ALAN TURING;PLANTIO MILHO SILAGEM;UNIMAR PLANTIO;Velocidade na Operação;;;2.0576
POINT (-49.97172704270452 -22.242339338611075);1763213605;15/11/2025 10:33:25;Trator Valtra série T - 05;8;6842;ALAN TURING;PLANTIO MILHO SILAGEM;UNIMAR PLANTIO;Velocidade na Operação;;;2.0576
POINT (-49.97172704270452 -22.242339338611075);1763213605;15/11/2025 10:33:25;Trator Valtra série T - 05;8;6842;ALAN TURING;PLANTIO MILHO SILAGEM;UNIMAR PLANTIO;Velocidade na Operação;;;2.0576
POINT (-49.9717538116634 -22.242291899588952);1763213602;15/11/2025 10:33:22;Trator Valtra série T - 05;8;6842;ALAN TURING;PLANTIO MILHO SILAGEM;UNIMAR PLANTIO;Velocidade na Operação;;;2.052456
POINT (-49.9717538116634 -22.242291899588952);1763213602;15/11/2025 10:33:22;Trator Valtra série T - 05;8;6842;ALAN TURING;PLANTIO MILHO SILAGEM;UNIMAR PLANTIO;Velocidade na Operação;;;2.052456
POINT (-49.9717538116634 -22.242291899588952);1763213602;15/11/2025 10:33:22;Trator Valtra série T - 05;8;6842;ALAN TURING;PLANTIO MILHO SILAGEM;UNIMAR PLANTIO;Velocidade na Operação;;;2.052456
POINT (-49.971785730532545 -22.242239826508044);1763213598.7;15/11/2025 10:33:19;Trator Valtra série T - 05;8;6842;ALAN TURING;PLANTIO MILHO SILAGEM;UNIMAR PLANTIO;Velocidade na Operação;;;2.088464
POINT (-49.971785730532545 -22.242239826508044);1763213598.7;15/11/2025 10:33:19;Trator Valtra série T - 05;8;6842;ALAN TURING;PLANTIO MILHO SILAGEM;UNIMAR PLANTIO;Velocidade na Operação;;;2.088464
POINT (-49.971785730532545 -22.242239826508044);1763213598.7;15/11/2025 10:33:19;Trator Valtra série T - 05;8;6842;ALAN TURING;PLANTIO MILHO SILAGEM;UNIMAR PLANTIO;Velocidade na Operação;;;2.088464
POINT (-49.97180729002261 -22.242210684504755);1763213596.7;15/11/2025 10:33:17;Trator Valtra série T - 05;8;6842;ALAN TURING;PLANTIO MILHO SILAGEM;UNIMAR PLANTIO;Velocidade na Operação;;;2.0833201
POINT (-49.97180729002261 -22.242210684504755);1763213596.7;15/11/2025 10:33:17;Trator Valtra série T - 05;8;6842;ALAN TURING;PLANTIO MILHO SILAGEM;UNIMAR PLANTIO;Velocidade na Operação;;;2.0833201
POINT (-49.97180729002261 -22.242210684504755);1763213596.7;15/11/2025 10:33:17;Trator Valtra série T - 05;8;6842;ALAN TURING;PLANTIO MILHO SILAGEM;UNIMAR PLANTIO;Velocidade na Operação;;;2.0833201
POINT (-49.97182559752954 -22.242185223724505);1763213595;15/11/2025 10:33:15;Trator Valtra série T - 05;8;6842;ALAN TURING;PLANTIO MILHO SILAGEM;UNIMAR PLANTIO;Velocidade na Operação;;;2.078176
POINT (-49.97182559752954 -22.242185223724505);1763213595;15/11/2025 10:33:15;Trator Valtra série T - 05;8;6842;ALAN TURING;PLANTIO MILHO SILAGEM;UNIMAR PLANTIO;Velocidade na Operação;;;2.078176
POINT (-49.97182559752954 -22.242185223724505);1763213595;15/11/2025 10:33:15;Trator Valtra série T - 05;8;6842;ALAN TURING;PLANTIO MILHO SILAGEM;UNIMAR PLANTIO;Velocidade na Operação;;;2.078176
POINT (-49.972603482543974 -22.24287913266687);1763213259.7;15/11/2025 10:27:40;Trator Valtra série T - 05;8;6842;ALAN TURING;PLANTIO MILHO SILAGEM;UNIMAR PLANTIO;Velocidade na Operação;;;2.00616
POINT (-49.972603482543974 -22.24287913266687);1763213259.7;15/11/2025 10:27:40;Trator Valtra série T - 05;8;6842;ALAN TURING;PLANTIO MILHO SILAGEM;UNIMAR PLANTIO;Velocidade na Operação;;;2.00616
POINT (-49.972603482543974 -22.24287913266687);1763213259.7;15/11/2025 10:27:40;Trator Valtra série T - 05;8;6842;ALAN TURING;PLANTIO MILHO SILAGEM;UNIMAR PLANTIO;Velocidade na Operação;;;2.00616
POINT (-49.97219112315034 -22.241734330689034);1763213144.2;15/11/2025 10:25:44;Trator Valtra série T - 05;8;6842;ALAN TURING;PLANTIO MILHO SILAGEM;UNIMAR PLANTIO;Velocidade na Operação;;;1.95472
POINT (-49.97219112315034 -22.241734330689034);1763213144.2;15/11/2025 10:25:44;Trator Valtra série T - 05;8;6842;ALAN TURING;PLANTIO MILHO SILAGEM;UNIMAR PLANTIO;Velocidade na Operação;;;1.95472
POINT (-49.97219112315034 -22.241734330689034);1763213144.2;15/11/2025 10:25:44;Trator Valtra série T - 05;8;6842;ALAN TURING;PLANTIO MILHO SILAGEM;UNIMAR PLANTIO;Velocidade na Operação;;;1.95472
POINT (-49.97223800821498 -22.241274094598054);1763213032.9;15/11/2025 10:23:53;Trator Valtra série T - 05;8;6842;ALAN TURING;PLANTIO MILHO SILAGEM;UNIMAR PLANTIO;Velocidade na Operação;;;2.011304
POINT (-49.97223800821498 -22.241274094598054);1763213032.9;15/11/2025 10:23:53;Trator Valtra série T - 05;8;6842;ALAN TURING;PLANTIO MILHO SILAGEM;UNIMAR PLANTIO;Velocidade na Operação;;;2.011304
POINT (-49.97223800821498 -22.241274094598054);1763213032.9;15/11/2025 10:23:53;Trator Valtra série T - 05;8;6842;ALAN TURING;PLANTIO MILHO SILAGEM;UNIMAR PLANTIO;Velocidade na Operação;;;2.011304
POINT (-49.9730831207594 -22.240025039161555);1763212741.3;15/11/2025 10:19:01;Trator Valtra série T - 05;8;6842;ALAN TURING;PLANTIO MILHO SILAGEM;UNIMAR PLANTIO;Velocidade na Operação;;;1.95472
POINT (-49.9730831207594 -22.240025039161555);1763212741.3;15/11/2025 10:19:01;Trator Valtra série T - 05;8;6842;ALAN TURING;PLANTIO MILHO SILAGEM;UNIMAR PLANTIO;Velocidade na Operação;;;1.95472
POINT (-49.9730831207594 -22.240025039161555);1763212741.3;15/11/2025 10:19:01;Trator Valtra série T - 05;8;6842;ALAN TURING;PLANTIO MILHO SILAGEM;UNIMAR PLANTIO;Velocidade na Operação;;;1.95472
POINT (-49.9731898008062 -22.240040847441893);1763212685.5;15/11/2025 10:18:06;Trator Valtra série T - 05;8;6842;ALAN TURING;PLANTIO MILHO SILAGEM;UNIMAR PLANTIO;Velocidade na Operação;;;2.088464
POINT (-49.9731898008062 -22.240040847441893);1763212685.5;15/11/2025 10:18:06;Trator Valtra série T - 05;8;6842;ALAN TURING;PLANTIO MILHO SILAGEM;UNIMAR PLANTIO;Velocidade na Operação;;;2.088464
POINT (-49.9731898008062 -22.240040847441893);1763212685.5;15/11/2025 10:18:06;Trator Valtra série T - 05;8;6842;ALAN TURING;PLANTIO MILHO SILAGEM;UNIMAR PLANTIO;Velocidade na Operação;;;2.088464
POINT (-49.972421512991424 -22.24075015198598);1763212621.3;15/11/2025 10:17:01;Trator Valtra série T - 05;8;6842;ALAN TURING;PLANTIO MILHO SILAGEM;UNIMAR PLANTIO;Velocidade na Operação;;;1.959864
POINT (-49.972421512991424 -22.24075015198598);1763212621.3;15/11/2025 10:17:01;Trator Valtra série T - 05;8;6842;ALAN TURING;PLANTIO MILHO SILAGEM;UNIMAR PLANTIO;Velocidade na Operação;;;1.959864
POINT (-49.972421512991424 -22.24075015198598);1763212621.3;15/11/2025 10:17:01;Trator Valtra série T - 05;8;6842;ALAN TURING;PLANTIO MILHO SILAGEM;UNIMAR PLANTIO;Velocidade na Operação;;;1.959864
POINT (-49.97154697741687 -22.242451446817608);1763212502.5;15/11/2025 10:15:02;Trator Valtra série T - 05;8;6842;ALAN TURING;PLANTIO MILHO SILAGEM;UNIMAR PLANTIO;Velocidade na Operação;;;2.016448
POINT (-49.97154697741687 -22.242451446817608);1763212502.5;15/11/2025 10:15:02;Trator Valtra série T - 05;8;6842;ALAN TURING;PLANTIO MILHO SILAGEM;UNIMAR PLANTIO;Velocidade na Operação;;;2.016448
POINT (-49.97154697741687 -22.242451446817608);1763212502.5;15/11/2025 10:15:02;Trator Valtra série T - 05;8;6842;ALAN TURING;PLANTIO MILHO SILAGEM;UNIMAR PLANTIO;Velocidade na Operação;;;2.016448
POINT (-49.972303736284324 -22.2436090505022);1763212248.5;15/11/2025 10:10:48;Trator Valtra série T - 05;8;6842;ALAN TURING;PLANTIO MILHO SILAGEM;UNIMAR PLANTIO;Velocidade na Operação;;;1.990728
POINT (-49.972303736284324 -22.2436090505022);1763212248.5;15/11/2025 10:10:48;Trator Valtra série T - 05;8;6842;ALAN TURING;PLANTIO MILHO SILAGEM;UNIMAR PLANTIO;Velocidade na Operação;;;1.990728
POINT (-49.972303736284324 -22.2436090505022);1763212248.5;15/11/2025 10:10:48;Trator Valtra série T - 05;8;6842;ALAN TURING;PLANTIO MILHO SILAGEM;UNIMAR PLANTIO;Velocidade na Operação;;;1.990728
POINT (-49.97132401495735 -22.244201348829968);1763212177.1;15/11/2025 10:09:37;Trator Valtra série T - 05;8;6842;ALAN TURING;PLANTIO MILHO SILAGEM;UNIMAR PLANTIO;Velocidade na Operação;;;1.995872
POINT (-49.97132401495735 -22.244201348829968);1763212177.1;15/11/2025 10:09:37;Trator Valtra série T - 05;8;6842;ALAN TURING;PLANTIO MILHO SILAGEM;UNIMAR PLANTIO;Velocidade na Operação;;;1.995872
POINT (-49.97132401495735 -22.244201348829968);1763212177.1;15/11/2025 10:09:37;Trator Valtra série T - 05;8;6842;ALAN TURING;PLANTIO MILHO SILAGEM;UNIMAR PLANTIO;Velocidade na Operação;;;1.995872
POINT (-49.97100682327657 -22.24246926957106);1763212058.6;15/11/2025 10:07:39;Trator Valtra série T - 05;8;6842;ALAN TURING;PLANTIO MILHO SILAGEM;UNIMAR PLANTIO;Velocidade na Operação;;;1.965008
POINT (-49.97100682327657 -22.24246926957106);1763212058.6;15/11/2025 10:07:39;Trator Valtra série T - 05;8;6842;ALAN TURING;PLANTIO MILHO SILAGEM;UNIMAR PLANTIO;Velocidade na Operação;;;1.965008
POINT (-49.97100682327657 -22.24246926957106);1763212058.6;15/11/2025 10:07:39;Trator Valtra série T - 05;8;6842;ALAN TURING;PLANTIO MILHO SILAGEM;UNIMAR PLANTIO;Velocidade na Operação;;;1.965008
POINT (-49.97107026794646 -22.24239181228502);1763212052.9;15/11/2025 10:07:33;Trator Valtra série T - 05;8;6842;ALAN TURING;PLANTIO MILHO SILAGEM;UNIMAR PLANTIO;Velocidade na Operação;;;1.949576
POINT (-49.97107026794646 -22.24239181228502);1763212052.9;15/11/2025 10:07:33;Trator Valtra série T - 05;8;6842;ALAN TURING;PLANTIO MILHO SILAGEM;UNIMAR PLANTIO;Velocidade na Operação;;;1.949576
POINT (-49.97107026794646 -22.24239181228502);1763212052.9;15/11/2025 10:07:33;Trator Valtra série T - 05;8;6842;ALAN TURING;PLANTIO MILHO SILAGEM;UNIMAR PLANTIO;Velocidade na Operação;;;1.949576
POINT (-49.9712775029049 -22.24405945760135);1763211831.7;15/11/2025 10:03:52;Trator Valtra série T - 05;8;6842;ALAN TURING;PLANTIO MILHO SILAGEM;UNIMAR PLANTIO;Velocidade na Operação;;;1.949576
POINT (-49.9712775029049 -22.24405945760135);1763211831.7;15/11/2025 10:03:52;Trator Valtra série T - 05;8;6842;ALAN TURING;PLANTIO MILHO SILAGEM;UNIMAR PLANTIO;Velocidade na Operação;;;1.949576
POINT (-49.9712775029049 -22.24405945760135);1763211831.7;15/11/2025 10:03:52;Trator Valtra série T - 05;8;6842;ALAN TURING;PLANTIO MILHO SILAGEM;UNIMAR PLANTIO;Velocidade na Operação;;;1.949576
POINT (-49.971147315539184 -22.24386915230653);1763211673;15/11/2025 10:01:13;Trator Valtra série T - 05;8;6842;ALAN TURING;PLANTIO MILHO SILAGEM;UNIMAR PLANTIO;Velocidade na Operação;;;1.959864
POINT (-49.971147315539184 -22.24386915230653);1763211673;15/11/2025 10:01:13;Trator Valtra série T - 05;8;6842;ALAN TURING;PLANTIO MILHO SILAGEM;UNIMAR PLANTIO;Velocidade na Operação;;;1.959864
POINT (-49.971147315539184 -22.24386915230653);1763211673;15/11/2025 10:01:13;Trator Valtra série T - 05;8;6842;ALAN TURING;PLANTIO MILHO SILAGEM;UNIMAR PLANTIO;Velocidade na Operação;;;1.959864
POINT (-49.97147315873735 -22.244013601966422);1763211652.7;15/11/2025 10:00:53;Trator Valtra série T - 05;8;6842;ALAN TURING;PLANTIO MILHO SILAGEM;UNIMAR PLANTIO;Velocidade na Operação;;;1.975296
POINT (-49.97147315873735 -22.244013601966422);1763211652.7;15/11/2025 10:00:53;Trator Valtra série T - 05;8;6842;ALAN TURING;PLANTIO MILHO SILAGEM;UNIMAR PLANTIO;Velocidade na Operação;;;1.975296
POINT (-49.97147315873735 -22.244013601966422);1763211652.7;15/11/2025 10:00:53;Trator Valtra série T - 05;8;6842;ALAN TURING;PLANTIO MILHO SILAGEM;UNIMAR PLANTIO;Velocidade na Operação;;;1.975296
POINT (-49.971859887814254 -22.243922435049587);1763211595.9;15/11/2025 09:59:56;Trator Valtra série T - 05;8;6842;ALAN TURING;PLANTIO MILHO SILAGEM;UNIMAR PLANTIO;Velocidade na Operação;;;1.949576
POINT (-49.971859887814254 -22.243922435049587);1763211595.9;15/11/2025 09:59:56;Trator Valtra série T - 05;8;6842;ALAN TURING;PLANTIO MILHO SILAGEM;UNIMAR PLANTIO;Velocidade na Operação;;;1.949576
POINT (-49.971859887814254 -22.243922435049587);1763211595.9;15/11/2025 09:59:56;Trator Valtra série T - 05;8;6842;ALAN TURING;PLANTIO MILHO SILAGEM;UNIMAR PLANTIO;Velocidade na Operação;;;1.949576
POINT (-49.97171165987939 -22.243940359100513);1763211588.1;15/11/2025 09:59:48;Trator Valtra série T - 05;8;6842;ALAN TURING;PLANTIO MILHO SILAGEM;UNIMAR PLANTIO;Velocidade na Operação;;;1.965008
POINT (-49.97171165987939 -22.243940359100513);1763211588.1;15/11/2025 09:59:48;Trator Valtra série T - 05;8;6842;ALAN TURING;PLANTIO MILHO SILAGEM;UNIMAR PLANTIO;Velocidade na Operação;;;1.965008
POINT (-49.97171165987939 -22.243940359100513);1763211588.1;15/11/2025 09:59:48;Trator Valtra série T - 05;8;6842;ALAN TURING;PLANTIO MILHO SILAGEM;UNIMAR PLANTIO;Velocidade na Operação;;;1.965008
POINT (-49.97104336365001 -22.243686076165464);1763211547.7;15/11/2025 09:59:08;Trator Valtra série T - 05;8;6842;ALAN TURING;PLANTIO MILHO SILAGEM;UNIMAR PLANTIO;Velocidade na Operação;;;2.196488
POINT (-49.97104336365001 -22.243686076165464);1763211547.7;15/11/2025 09:59:08;Trator Valtra série T - 05;8;6842;ALAN TURING;PLANTIO MILHO SILAGEM;UNIMAR PLANTIO;Velocidade na Operação;;;2.196488
POINT (-49.97104336365001 -22.243686076165464);1763211547.7;15/11/2025 09:59:08;Trator Valtra série T - 05;8;6842;ALAN TURING;PLANTIO MILHO SILAGEM;UNIMAR PLANTIO;Velocidade na Operação;;;2.196488
POINT (-49.97118854245704 -22.243966205835978);1763211516.6;15/11/2025 09:58:37;Trator Valtra série T - 05;8;6842;ALAN TURING;PLANTIO MILHO SILAGEM;UNIMAR PLANTIO;Velocidade na Operação;;;2.026736
POINT (-49.97118854245704 -22.243966205835978);1763211516.6;15/11/2025 09:58:37;Trator Valtra série T - 05;8;6842;ALAN TURING;PLANTIO MILHO SILAGEM;UNIMAR PLANTIO;Velocidade na Operação;;;2.026736
POINT (-49.97118854245704 -22.243966205835978);1763211516.6;15/11/2025 09:58:37;Trator Valtra série T - 05;8;6842;ALAN TURING;PLANTIO MILHO SILAGEM;UNIMAR PLANTIO;Velocidade na Operação;;;2.026736
POINT (-49.97144078673159 -22.24406147086439);1763211501.3;15/11/2025 09:58:21;Trator Valtra série T - 05;8;6842;ALAN TURING;PLANTIO MILHO SILAGEM;UNIMAR PLANTIO;Velocidade na Operação;;;1.98044
POINT (-49.97144078673159 -22.24406147086439);1763211501.3;15/11/2025 09:58:21;Trator Valtra série T - 05;8;6842;ALAN TURING;PLANTIO MILHO SILAGEM;UNIMAR PLANTIO;Velocidade na Operação;;;1.98044
POINT (-49.97144078673159 -22.24406147086439);1763211501.3;15/11/2025 09:58:21;Trator Valtra série T - 05;8;6842;ALAN TURING;PLANTIO MILHO SILAGEM;UNIMAR PLANTIO;Velocidade na Operação;;;1.98044
POINT (-49.97184423253326 -22.243888710286207);1763211432.9;15/11/2025 09:57:13;Trator Valtra série T - 05;8;6842;ALAN TURING;PLANTIO MILHO SILAGEM;UNIMAR PLANTIO;Velocidade na Operação;;;2.0010161
POINT (-49.97184423253326 -22.243888710286207);1763211432.9;15/11/2025 09:57:13;Trator Valtra série T - 05;8;6842;ALAN TURING;PLANTIO MILHO SILAGEM;UNIMAR PLANTIO;Velocidade na Operação;;;2.0010161
POINT (-49.97184423253326 -22.243888710286207);1763211432.9;15/11/2025 09:57:13;Trator Valtra série T - 05;8;6842;ALAN TURING;PLANTIO MILHO SILAGEM;UNIMAR PLANTIO;Velocidade na Operação;;;2.0010161
POINT (-49.971715160880755 -22.24387826625254);1763211425.7;15/11/2025 09:57:06;Trator Valtra série T - 05;8;6842;ALAN TURING;PLANTIO MILHO SILAGEM;UNIMAR PLANTIO;Velocidade na Operação;;;2.098752
POINT (-49.971715160880755 -22.24387826625254);1763211425.7;15/11/2025 09:57:06;Trator Valtra série T - 05;8;6842;ALAN TURING;PLANTIO MILHO SILAGEM;UNIMAR PLANTIO;Velocidade na Operação;;;2.098752
POINT (-49.971715160880755 -22.24387826625254);1763211425.7;15/11/2025 09:57:06;Trator Valtra série T - 05;8;6842;ALAN TURING;PLANTIO MILHO SILAGEM;UNIMAR PLANTIO;Velocidade na Operação;;;2.098752
POINT (-49.97144464200734 -22.243835902602466);1763211410.3;15/11/2025 09:56:50;Trator Valtra série T - 05;8;6842;ALAN TURING;PLANTIO MILHO SILAGEM;UNIMAR PLANTIO;Velocidade na Operação;;;1.975296
POINT (-49.97144464200734 -22.243835902602466);1763211410.3;15/11/2025 09:56:50;Trator Valtra série T - 05;8;6842;ALAN TURING;PLANTIO MILHO SILAGEM;UNIMAR PLANTIO;Velocidade na Operação;;;1.975296
POINT (-49.97144464200734 -22.243835902602466);1763211410.3;15/11/2025 09:56:50;Trator Valtra série T - 05;8;6842;ALAN TURING;PLANTIO MILHO SILAGEM;UNIMAR PLANTIO;Velocidade na Operação;;;1.975296
POINT (-49.97092796419306 -22.2433956821609);1763211352.9;15/11/2025 09:55:53;Trator Valtra série T - 05;8;6842;ALAN TURING;PLANTIO MILHO SILAGEM;UNIMAR PLANTIO;Velocidade na Operação;;;2.1038961
POINT (-49.97092796419306 -22.2433956821609);1763211352.9;15/11/2025 09:55:53;Trator Valtra série T - 05;8;6842;ALAN TURING;PLANTIO MILHO SILAGEM;UNIMAR PLANTIO;Velocidade na Operação;;;2.1038961
POINT (-49.97092796419306 -22.2433956821609);1763211352.9;15/11/2025 09:55:53;Trator Valtra série T - 05;8;6842;ALAN TURING;PLANTIO MILHO SILAGEM;UNIMAR PLANTIO;Velocidade na Operação;;;2.1038961
POINT (-49.972099304109484 -22.243730205860146);1763211259.5;15/11/2025 09:54:20;Trator Valtra série T - 05;8;6842;ALAN TURING;PLANTIO MILHO SILAGEM;UNIMAR PLANTIO;Velocidade na Operação;;;2.00616
POINT (-49.972099304109484 -22.243730205860146);1763211259.5;15/11/2025 09:54:20;Trator Valtra série T - 05;8;6842;ALAN TURING;PLANTIO MILHO SILAGEM;UNIMAR PLANTIO;Velocidade na Operação;;;2.00616
POINT (-49.972099304109484 -22.243730205860146);1763211259.5;15/11/2025 09:54:20;Trator Valtra série T - 05;8;6842;ALAN TURING;PLANTIO MILHO SILAGEM;UNIMAR PLANTIO;Velocidade na Operação;;;2.00616
POINT (-49.97194969310113 -22.243778467038513);1763211251.3;15/11/2025 09:54:11;Trator Valtra série T - 05;8;6842;ALAN TURING;PLANTIO MILHO SILAGEM;UNIMAR PLANTIO;Velocidade na Operação;;;1.975296
POINT (-49.97194969310113 -22.243778467038513);1763211251.3;15/11/2025 09:54:11;Trator Valtra série T - 05;8;6842;ALAN TURING;PLANTIO MILHO SILAGEM;UNIMAR PLANTIO;Velocidade na Operação;;;1.975296
POINT (-49.97194969310113 -22.243778467038513);1763211251.3;15/11/2025 09:54:11;Trator Valtra série T - 05;8;6842;ALAN TURING;PLANTIO MILHO SILAGEM;UNIMAR PLANTIO;Velocidade na Operação;;;1.975296
POINT (-49.97181878300024 -22.243788821788872);1763211243.9;15/11/2025 09:54:04;Trator Valtra série T - 05;8;6842;ALAN TURING;PLANTIO MILHO SILAGEM;UNIMAR PLANTIO;Velocidade na Operação;;;1.959864
POINT (-49.97181878300024 -22.243788821788872);1763211243.9;15/11/2025 09:54:04;Trator Valtra série T - 05;8;6842;ALAN TURING;PLANTIO MILHO SILAGEM;UNIMAR PLANTIO;Velocidade na Operação;;;1.959864
POINT (-49.97181878300024 -22.243788821788872);1763211243.9;15/11/2025 09:54:04;Trator Valtra série T - 05;8;6842;ALAN TURING;PLANTIO MILHO SILAGEM;UNIMAR PLANTIO;Velocidade na Operação;;;1.959864
POINT (-49.97083028391008 -22.24280508873117);1763211110.5;15/11/2025 09:51:50;Trator Valtra série T - 05;8;6842;ALAN TURING;PLANTIO MILHO SILAGEM;UNIMAR PLANTIO;Velocidade na Operação;;;1.970152
POINT (-49.97083028391008 -22.24280508873117);1763211110.5;15/11/2025 09:51:50;Trator Valtra série T - 05;8;6842;ALAN TURING;PLANTIO MILHO SILAGEM;UNIMAR PLANTIO;Velocidade na Operação;;;1.970152
POINT (-49.97083028391008 -22.24280508873117);1763211110.5;15/11/2025 09:51:50;Trator Valtra série T - 05;8;6842;ALAN TURING;PLANTIO MILHO SILAGEM;UNIMAR PLANTIO;Velocidade na Operação;;;1.970152
POINT (-49.97082481162591 -22.242855175262985);1763211107.5;15/11/2025 09:51:48;Trator Valtra série T - 05;8;6842;ALAN TURING;PLANTIO MILHO SILAGEM;UNIMAR PLANTIO;Velocidade na Operação;;;2.026736
POINT (-49.97082481162591 -22.242855175262985);1763211107.5;15/11/2025 09:51:48;Trator Valtra série T - 05;8;6842;ALAN TURING;PLANTIO MILHO SILAGEM;UNIMAR PLANTIO;Velocidade na Operação;;;2.026736
POINT (-49.97082481162591 -22.242855175262985);1763211107.5;15/11/2025 09:51:48;Trator Valtra série T - 05;8;6842;ALAN TURING;PLANTIO MILHO SILAGEM;UNIMAR PLANTIO;Velocidade na Operação;;;2.026736
POINT (-49.972122218103564 -22.243852987175156);1763210935.7;15/11/2025 09:48:56;Trator Valtra série T - 05;8;6842;ALAN TURING;PLANTIO MILHO SILAGEM;UNIMAR PLANTIO;Velocidade na Operação;;;1.95472
POINT (-49.972122218103564 -22.243852987175156);1763210935.7;15/11/2025 09:48:56;Trator Valtra série T - 05;8;6842;ALAN TURING;PLANTIO MILHO SILAGEM;UNIMAR PLANTIO;Velocidade na Operação;;;1.95472
POINT (-49.972122218103564 -22.243852987175156);1763210935.7;15/11/2025 09:48:56;Trator Valtra série T - 05;8;6842;ALAN TURING;PLANTIO MILHO SILAGEM;UNIMAR PLANTIO;Velocidade na Operação;;;1.95472
POINT (-49.971001661325786 -22.24387582334379);1763210850.3;15/11/2025 09:47:30;Trator Valtra série T - 05;8;6842;ALAN TURING;PLANTIO MILHO SILAGEM;UNIMAR PLANTIO;Velocidade na Operação;;;1.959864
POINT (-49.971001661325786 -22.24387582334379);1763210850.3;15/11/2025 09:47:30;Trator Valtra série T - 05;8;6842;ALAN TURING;PLANTIO MILHO SILAGEM;UNIMAR PLANTIO;Velocidade na Operação;;;1.959864
POINT (-49.971001661325786 -22.24387582334379);1763210850.3;15/11/2025 09:47:30;Trator Valtra série T - 05;8;6842;ALAN TURING;PLANTIO MILHO SILAGEM;UNIMAR PLANTIO;Velocidade na Operação;;;1.959864
POINT (-49.97096677617554 -22.24379346102021);1763210844.9;15/11/2025 09:47:25;Trator Valtra série T - 05;8;6842;ALAN TURING;PLANTIO MILHO SILAGEM;UNIMAR PLANTIO;Velocidade na Operação;;;1.970152
POINT (-49.97096677617554 -22.24379346102021);1763210844.9;15/11/2025 09:47:25;Trator Valtra série T - 05;8;6842;ALAN TURING;PLANTIO MILHO SILAGEM;UNIMAR PLANTIO;Velocidade na Operação;;;1.970152
POINT (-49.97096677617554 -22.24379346102021);1763210844.9;15/11/2025 09:47:25;Trator Valtra série T - 05;8;6842;ALAN TURING;PLANTIO MILHO SILAGEM;UNIMAR PLANTIO;Velocidade na Operação;;;1.970152
POINT (-49.97110151390149 -22.242270016924227);1763208804.3;15/11/2025 09:13:24;Trator Valtra série T - 05;8;6842;ALAN TURING;PLANTIO MILHO SILAGEM;UNIMAR PLANTIO;Velocidade na Operação;;;2.150192
POINT (-49.97110151390149 -22.242270016924227);1763208804.3;15/11/2025 09:13:24;Trator Valtra série T - 05;8;6842;ALAN TURING;PLANTIO MILHO SILAGEM;UNIMAR PLANTIO;Velocidade na Operação;;;2.150192
POINT (-49.97110151390149 -22.242270016924227);1763208804.3;15/11/2025 09:13:24;Trator Valtra série T - 05;8;6842;ALAN TURING;PLANTIO MILHO SILAGEM;UNIMAR PLANTIO;Velocidade na Operação;;;2.150192
POINT (-49.97111927141349 -22.242245777387676);1763208802.6;15/11/2025 09:13:23;Trator Valtra série T - 05;8;6842;ALAN TURING;PLANTIO MILHO SILAGEM;UNIMAR PLANTIO;Velocidade na Operação;;;1.95472
POINT (-49.97111927141349 -22.242245777387676);1763208802.6;15/11/2025 09:13:23;Trator Valtra série T - 05;8;6842;ALAN TURING;PLANTIO MILHO SILAGEM;UNIMAR PLANTIO;Velocidade na Operação;;;1.95472
POINT (-49.97111927141349 -22.242245777387676);1763208802.6;15/11/2025 09:13:23;Trator Valtra série T - 05;8;6842;ALAN TURING;PLANTIO MILHO SILAGEM;UNIMAR PLANTIO;Velocidade na Operação;;;1.95472
POINT (-49.97115601201632 -22.24220984286451);1763208799.9;15/11/2025 09:13:20;Trator Valtra série T - 05;8;6842;ALAN TURING;PLANTIO MILHO SILAGEM;UNIMAR PLANTIO;Velocidade na Operação;;;2.114184
POINT (-49.97115601201632 -22.24220984286451);1763208799.9;15/11/2025 09:13:20;Trator Valtra série T - 05;8;6842;ALAN TURING;PLANTIO MILHO SILAGEM;UNIMAR PLANTIO;Velocidade na Operação;;;2.114184
POINT (-49.97115601201632 -22.24220984286451);1763208799.9;15/11/2025 09:13:20;Trator Valtra série T - 05;8;6842;ALAN TURING;PLANTIO MILHO SILAGEM;UNIMAR PLANTIO;Velocidade na Operação;;;2.114184
POINT (-49.971176667422206 -22.242187365825817);1763208798.2;15/11/2025 09:13:18;Trator Valtra série T - 05;8;6842;ALAN TURING;PLANTIO MILHO SILAGEM;UNIMAR PLANTIO;Velocidade na Operação;;;1.95472
POINT (-49.971176667422206 -22.242187365825817);1763208798.2;15/11/2025 09:13:18;Trator Valtra série T - 05;8;6842;ALAN TURING;PLANTIO MILHO SILAGEM;UNIMAR PLANTIO;Velocidade na Operação;;;1.95472
POINT (-49.971176667422206 -22.242187365825817);1763208798.2;15/11/2025 09:13:18;Trator Valtra série T - 05;8;6842;ALAN TURING;PLANTIO MILHO SILAGEM;UNIMAR PLANTIO;Velocidade na Operação;;;1.95472
POINT (-49.97121722534902 -22.24214660326341);1763208795.1;15/11/2025 09:13:15;Trator Valtra série T - 05;8;6842;ALAN TURING;PLANTIO MILHO SILAGEM;UNIMAR PLANTIO;Velocidade na Operação;;;1.95472
POINT (-49.97121722534902 -22.24214660326341);1763208795.1;15/11/2025 09:13:15;Trator Valtra série T - 05;8;6842;ALAN TURING;PLANTIO MILHO SILAGEM;UNIMAR PLANTIO;Velocidade na Operação;;;1.95472
POINT (-49.97121722534902 -22.24214660326341);1763208795.1;15/11/2025 09:13:15;Trator Valtra série T - 05;8;6842;ALAN TURING;PLANTIO MILHO SILAGEM;UNIMAR PLANTIO;Velocidade na Operação;;;1.95472
POINT (-49.971240434253815 -22.242124020945987);1763208793.3;15/11/2025 09:13:13;Trator Valtra série T - 05;8;6842;ALAN TURING;PLANTIO MILHO SILAGEM;UNIMAR PLANTIO;Velocidade na Operação;;;2.0215921
POINT (-49.971240434253815 -22.242124020945987);1763208793.3;15/11/2025 09:13:13;Trator Valtra série T - 05;8;6842;ALAN TURING;PLANTIO MILHO SILAGEM;UNIMAR PLANTIO;Velocidade na Operação;;;2.0215921
POINT (-49.971240434253815 -22.242124020945987);1763208793.3;15/11/2025 09:13:13;Trator Valtra série T - 05;8;6842;ALAN TURING;PLANTIO MILHO SILAGEM;UNIMAR PLANTIO;Velocidade na Operação;;;2.0215921
POINT (-49.97229067980906 -22.24352801766925);1763207874.9;15/11/2025 08:57:55;Trator Valtra série T - 05;8;6842;ALAN TURING;PLANTIO MILHO SILAGEM;UNIMAR PLANTIO;Velocidade na Operação;;;1.995872
POINT (-49.97229067980906 -22.24352801766925);1763207874.9;15/11/2025 08:57:55;Trator Valtra série T - 05;8;6842;ALAN TURING;PLANTIO MILHO SILAGEM;UNIMAR PLANTIO;Velocidade na Operação;;;1.995872
POINT (-49.97229067980906 -22.24352801766925);1763207874.9;15/11/2025 08:57:55;Trator Valtra série T - 05;8;6842;ALAN TURING;PLANTIO MILHO SILAGEM;UNIMAR PLANTIO;Velocidade na Operação;;;1.995872
POINT (-49.97225933185682 -22.24353943785235);1763207873.1;15/11/2025 08:57:53;Trator Valtra série T - 05;8;6842;ALAN TURING;PLANTIO MILHO SILAGEM;UNIMAR PLANTIO;Velocidade na Operação;;;1.959864
POINT (-49.97225933185682 -22.24353943785235);1763207873.1;15/11/2025 08:57:53;Trator Valtra série T - 05;8;6842;ALAN TURING;PLANTIO MILHO SILAGEM;UNIMAR PLANTIO;Velocidade na Operação;;;1.959864
POINT (-49.97225933185682 -22.24353943785235);1763207873.1;15/11/2025 08:57:53;Trator Valtra série T - 05;8;6842;ALAN TURING;PLANTIO MILHO SILAGEM;UNIMAR PLANTIO;Velocidade na Operação;;;1.959864
POINT (-49.97208708173162 -22.243752147809158);1763207156.7;15/11/2025 08:45:57;Trator Valtra série T - 05;8;6842;ALAN TURING;PLANTIO MILHO SILAGEM;UNIMAR PLANTIO;Velocidade na Operação;;;1.949576
POINT (-49.97208708173162 -22.243752147809158);1763207156.7;15/11/2025 08:45:57;Trator Valtra série T - 05;8;6842;ALAN TURING;PLANTIO MILHO SILAGEM;UNIMAR PLANTIO;Velocidade na Operação;;;1.949576
POINT (-49.97208708173162 -22.243752147809158);1763207156.7;15/11/2025 08:45:57;Trator Valtra série T - 05;8;6842;ALAN TURING;PLANTIO MILHO SILAGEM;UNIMAR PLANTIO;Velocidade na Operação;;;1.949576
POINT (-49.97222996979486 -22.243643568874337);1763207146.7;15/11/2025 08:45:47;Trator Valtra série T - 05;8;6842;ALAN TURING;PLANTIO MILHO SILAGEM;UNIMAR PLANTIO;Velocidade na Operação;;;2.0215921
POINT (-49.97222996979486 -22.243643568874337);1763207146.7;15/11/2025 08:45:47;Trator Valtra série T - 05;8;6842;ALAN TURING;PLANTIO MILHO SILAGEM;UNIMAR PLANTIO;Velocidade na Operação;;;2.0215921
POINT (-49.97222996979486 -22.243643568874337);1763207146.7;15/11/2025 08:45:47;Trator Valtra série T - 05;8;6842;ALAN TURING;PLANTIO MILHO SILAGEM;UNIMAR PLANTIO;Velocidade na Operação;;;2.0215921
POINT (-49.97698552953103 -22.247058075898387);1763144438.4;14/11/2025 15:20:38;Trator Valtra série T - 05;10;6842;ALAN TURING;PLANTIO MILHO GRÃO;UNIMAR PLANTIO;Velocidade na Operação;;;2.2479281
POINT (-49.97698552953103 -22.247058075898387);1763144438.4;14/11/2025 15:20:38;Trator Valtra série T - 05;10;6842;ALAN TURING;PLANTIO MILHO GRÃO;UNIMAR PLANTIO;Velocidade na Operação;;;2.2479281
POINT (-49.97698552953103 -22.247058075898387);1763144438.4;14/11/2025 15:20:38;Trator Valtra série T - 05;10;6842;ALAN TURING;PLANTIO MILHO GRÃO;UNIMAR PLANTIO;Velocidade na Operação;;;2.2479281
POINT (-49.97715829870043 -22.247273123697386);1763144417.3;14/11/2025 15:20:17;Trator Valtra série T - 05;10;6842;ALAN TURING;PLANTIO MILHO GRÃO;UNIMAR PLANTIO;Velocidade na Operação;;;1.98044
POINT (-49.97715829870043 -22.247273123697386);1763144417.3;14/11/2025 15:20:17;Trator Valtra série T - 05;10;6842;ALAN TURING;PLANTIO MILHO GRÃO;UNIMAR PLANTIO;Velocidade na Operação;;;1.98044
POINT (-49.97715829870043 -22.247273123697386);1763144417.3;14/11/2025 15:20:17;Trator Valtra série T - 05;10;6842;ALAN TURING;PLANTIO MILHO GRÃO;UNIMAR PLANTIO;Velocidade na Operação;;;1.98044
POINT (-49.978315755382184 -22.247958741849917);1763144339.1;14/11/2025 15:18:59;Trator Valtra série T - 05;10;6842;ALAN TURING;PLANTIO MILHO GRÃO;UNIMAR PLANTIO;Velocidade na Operação;;;1.970152
POINT (-49.978315755382184 -22.247958741849917);1763144339.1;14/11/2025 15:18:59;Trator Valtra série T - 05;10;6842;ALAN TURING;PLANTIO MILHO GRÃO;UNIMAR PLANTIO;Velocidade na Operação;;;1.970152
POINT (-49.978315755382184 -22.247958741849917);1763144339.1;14/11/2025 15:18:59;Trator Valtra série T - 05;10;6842;ALAN TURING;PLANTIO MILHO GRÃO;UNIMAR PLANTIO;Velocidade na Operação;;;1.970152
POINT (-49.97907021001997 -22.248962330213068);1763144265.1;14/11/2025 15:17:45;Trator Valtra série T - 05;10;6842;ALAN TURING;PLANTIO MILHO GRÃO;UNIMAR PLANTIO;Velocidade na Operação;;;1.970152
POINT (-49.97907021001997 -22.248962330213068);1763144265.1;14/11/2025 15:17:45;Trator Valtra série T - 05;10;6842;ALAN TURING;PLANTIO MILHO GRÃO;UNIMAR PLANTIO;Velocidade na Operação;;;1.970152
POINT (-49.97907021001997 -22.248962330213068);1763144265.1;14/11/2025 15:17:45;Trator Valtra série T - 05;10;6842;ALAN TURING;PLANTIO MILHO GRÃO;UNIMAR PLANTIO;Velocidade na Operação;;;1.970152
POINT (-49.97916590359322 -22.24914450543363);1763144253.3;14/11/2025 15:17:33;Trator Valtra série T - 05;10;6842;ALAN TURING;PLANTIO MILHO GRÃO;UNIMAR PLANTIO;Velocidade na Operação;;;1.949576
POINT (-49.97916590359322 -22.24914450543363);1763144253.3;14/11/2025 15:17:33;Trator Valtra série T - 05;10;6842;ALAN TURING;PLANTIO MILHO GRÃO;UNIMAR PLANTIO;Velocidade na Operação;;;1.949576
POINT (-49.97916590359322 -22.24914450543363);1763144253.3;14/11/2025 15:17:33;Trator Valtra série T - 05;10;6842;ALAN TURING;PLANTIO MILHO GRÃO;UNIMAR PLANTIO;Velocidade na Operação;;;1.949576
POINT (-49.97933665535975 -22.2492902044736);1763144240.3;14/11/2025 15:17:20;Trator Valtra série T - 05;10;6842;ALAN TURING;PLANTIO MILHO GRÃO;UNIMAR PLANTIO;Velocidade na Operação;;;2.011304
POINT (-49.97933665535975 -22.2492902044736);1763144240.3;14/11/2025 15:17:20;Trator Valtra série T - 05;10;6842;ALAN TURING;PLANTIO MILHO GRÃO;UNIMAR PLANTIO;Velocidade na Operação;;;2.011304
POINT (-49.97933665535975 -22.2492902044736);1763144240.3;14/11/2025 15:17:20;Trator Valtra série T - 05;10;6842;ALAN TURING;PLANTIO MILHO GRÃO;UNIMAR PLANTIO;Velocidade na Operação;;;2.011304
POINT (-49.97943613004675 -22.249332752067406);1763144234.3;14/11/2025 15:17:14;Trator Valtra série T - 05;10;6842;ALAN TURING;PLANTIO MILHO GRÃO;UNIMAR PLANTIO;Velocidade na Operação;;;1.990728
POINT (-49.97943613004675 -22.249332752067406);1763144234.3;14/11/2025 15:17:14;Trator Valtra série T - 05;10;6842;ALAN TURING;PLANTIO MILHO GRÃO;UNIMAR PLANTIO;Velocidade na Operação;;;1.990728
POINT (-49.97943613004675 -22.249332752067406);1763144234.3;14/11/2025 15:17:14;Trator Valtra série T - 05;10;6842;ALAN TURING;PLANTIO MILHO GRÃO;UNIMAR PLANTIO;Velocidade na Operação;;;1.990728
POINT (-49.97988618416637 -22.24924011219216);1763144208.7;14/11/2025 15:16:49;Trator Valtra série T - 05;10;6842;ALAN TURING;PLANTIO MILHO GRÃO;UNIMAR PLANTIO;Velocidade na Operação;;;1.949576
POINT (-49.97988618416637 -22.24924011219216);1763144208.7;14/11/2025 15:16:49;Trator Valtra série T - 05;10;6842;ALAN TURING;PLANTIO MILHO GRÃO;UNIMAR PLANTIO;Velocidade na Operação;;;1.949576
POINT (-49.97988618416637 -22.24924011219216);1763144208.7;14/11/2025 15:16:49;Trator Valtra série T - 05;10;6842;ALAN TURING;PLANTIO MILHO GRÃO;UNIMAR PLANTIO;Velocidade na Operação;;;1.949576
POINT (-49.98226257296048 -22.248138268799455);1763144040.5;14/11/2025 15:14:00;Trator Valtra série T - 05;10;6842;ALAN TURING;PLANTIO MILHO GRÃO;UNIMAR PLANTIO;Velocidade na Operação;;;2.011304
POINT (-49.98226257296048 -22.248138268799455);1763144040.5;14/11/2025 15:14:00;Trator Valtra série T - 05;10;6842;ALAN TURING;PLANTIO MILHO GRÃO;UNIMAR PLANTIO;Velocidade na Operação;;;2.011304
POINT (-49.98226257296048 -22.248138268799455);1763144040.5;14/11/2025 15:14:00;Trator Valtra série T - 05;10;6842;ALAN TURING;PLANTIO MILHO GRÃO;UNIMAR PLANTIO;Velocidade na Operação;;;2.011304
POINT (-49.982813576835454 -22.24808400392823);1763144008.5;14/11/2025 15:13:28;Trator Valtra série T - 05;10;6842;ALAN TURING;PLANTIO MILHO GRÃO;UNIMAR PLANTIO;Velocidade na Operação;;;1.949576
POINT (-49.982813576835454 -22.24808400392823);1763144008.5;14/11/2025 15:13:28;Trator Valtra série T - 05;10;6842;ALAN TURING;PLANTIO MILHO GRÃO;UNIMAR PLANTIO;Velocidade na Operação;;;1.949576
POINT (-49.982813576835454 -22.24808400392823);1763144008.5;14/11/2025 15:13:28;Trator Valtra série T - 05;10;6842;ALAN TURING;PLANTIO MILHO GRÃO;UNIMAR PLANTIO;Velocidade na Operação;;;1.949576
POINT (-49.982932260236254 -22.24810912294347);1763144001.6;14/11/2025 15:13:22;Trator Valtra série T - 05;10;6842;ALAN TURING;PLANTIO MILHO GRÃO;UNIMAR PLANTIO;Velocidade na Operação;;;2.011304
POINT (-49.982932260236254 -22.24810912294347);1763144001.6;14/11/2025 15:13:22;Trator Valtra série T - 05;10;6842;ALAN TURING;PLANTIO MILHO GRÃO;UNIMAR PLANTIO;Velocidade na Operação;;;2.011304
POINT (-49.982932260236254 -22.24810912294347);1763144001.6;14/11/2025 15:13:22;Trator Valtra série T - 05;10;6842;ALAN TURING;PLANTIO MILHO GRÃO;UNIMAR PLANTIO;Velocidade na Operação;;;2.011304
POINT (-49.98296742317309 -22.248121857560417);1763143999.5;14/11/2025 15:13:20;Trator Valtra série T - 05;10;6842;ALAN TURING;PLANTIO MILHO GRÃO;UNIMAR PLANTIO;Velocidade na Operação;;;1.959864
POINT (-49.98296742317309 -22.248121857560417);1763143999.5;14/11/2025 15:13:20;Trator Valtra série T - 05;10;6842;ALAN TURING;PLANTIO MILHO GRÃO;UNIMAR PLANTIO;Velocidade na Operação;;;1.959864
POINT (-49.98296742317309 -22.248121857560417);1763143999.5;14/11/2025 15:13:20;Trator Valtra série T - 05;10;6842;ALAN TURING;PLANTIO MILHO GRÃO;UNIMAR PLANTIO;Velocidade na Operação;;;1.959864
POINT (-49.982979631668606 -22.248126042738292);1763143998.8;14/11/2025 15:13:19;Trator Valtra série T - 05;10;6842;ALAN TURING;PLANTIO MILHO GRÃO;UNIMAR PLANTIO;Velocidade na Operação;;;1.970152
POINT (-49.982979631668606 -22.248126042738292);1763143998.8;14/11/2025 15:13:19;Trator Valtra série T - 05;10;6842;ALAN TURING;PLANTIO MILHO GRÃO;UNIMAR PLANTIO;Velocidade na Operação;;;1.970152
POINT (-49.982979631668606 -22.248126042738292);1763143998.8;14/11/2025 15:13:19;Trator Valtra série T - 05;10;6842;ALAN TURING;PLANTIO MILHO GRÃO;UNIMAR PLANTIO;Velocidade na Operação;;;1.970152
POINT (-49.98307903479924 -22.248180067873466);1763143992.4;14/11/2025 15:13:12;Trator Valtra série T - 05;10;6842;ALAN TURING;PLANTIO MILHO GRÃO;UNIMAR PLANTIO;Velocidade na Operação;;;2.052456
POINT (-49.98307903479924 -22.248180067873466);1763143992.4;14/11/2025 15:13:12;Trator Valtra série T - 05;10;6842;ALAN TURING;PLANTIO MILHO GRÃO;UNIMAR PLANTIO;Velocidade na Operação;;;2.052456
POINT (-49.98307903479924 -22.248180067873466);1763143992.4;14/11/2025 15:13:12;Trator Valtra série T - 05;10;6842;ALAN TURING;PLANTIO MILHO GRÃO;UNIMAR PLANTIO;Velocidade na Operação;;;2.052456
POINT (-49.9831414797975 -22.24822829400112);1763143988;14/11/2025 15:13:08;Trator Valtra série T - 05;10;6842;ALAN TURING;PLANTIO MILHO GRÃO;UNIMAR PLANTIO;Velocidade na Operação;;;2.093608
POINT (-49.9831414797975 -22.24822829400112);1763143988;14/11/2025 15:13:08;Trator Valtra série T - 05;10;6842;ALAN TURING;PLANTIO MILHO GRÃO;UNIMAR PLANTIO;Velocidade na Operação;;;2.093608
POINT (-49.9831414797975 -22.24822829400112);1763143988;14/11/2025 15:13:08;Trator Valtra série T - 05;10;6842;ALAN TURING;PLANTIO MILHO GRÃO;UNIMAR PLANTIO;Velocidade na Operação;;;2.093608
POINT (-49.98374212893219 -22.24891124966026);1763143934.7;14/11/2025 15:12:15;Trator Valtra série T - 05;10;6842;ALAN TURING;PLANTIO MILHO GRÃO;UNIMAR PLANTIO;Velocidade na Operação;;;2.098752
POINT (-49.98374212893219 -22.24891124966026);1763143934.7;14/11/2025 15:12:15;Trator Valtra série T - 05;10;6842;ALAN TURING;PLANTIO MILHO GRÃO;UNIMAR PLANTIO;Velocidade na Operação;;;2.098752
POINT (-49.98374212893219 -22.24891124966026);1763143934.7;14/11/2025 15:12:15;Trator Valtra série T - 05;10;6842;ALAN TURING;PLANTIO MILHO GRÃO;UNIMAR PLANTIO;Velocidade na Operação;;;2.098752
POINT (-49.98399618073437 -22.249288483436434);1763143908.1;14/11/2025 15:11:48;Trator Valtra série T - 05;10;6842;ALAN TURING;PLANTIO MILHO GRÃO;UNIMAR PLANTIO;Velocidade na Operação;;;2.0010161
POINT (-49.98399618073437 -22.249288483436434);1763143908.1;14/11/2025 15:11:48;Trator Valtra série T - 05;10;6842;ALAN TURING;PLANTIO MILHO GRÃO;UNIMAR PLANTIO;Velocidade na Operação;;;2.0010161
POINT (-49.98399618073437 -22.249288483436434);1763143908.1;14/11/2025 15:11:48;Trator Valtra série T - 05;10;6842;ALAN TURING;PLANTIO MILHO GRÃO;UNIMAR PLANTIO;Velocidade na Operação;;;2.0010161
POINT (-49.98445773372948 -22.249667563063344);1763143873.7;14/11/2025 15:11:14;Trator Valtra série T - 05;10;6842;ALAN TURING;PLANTIO MILHO GRÃO;UNIMAR PLANTIO;Velocidade na Operação;;;1.959864
POINT (-49.98445773372948 -22.249667563063344);1763143873.7;14/11/2025 15:11:14;Trator Valtra série T - 05;10;6842;ALAN TURING;PLANTIO MILHO GRÃO;UNIMAR PLANTIO;Velocidade na Operação;;;1.959864
POINT (-49.98445773372948 -22.249667563063344);1763143873.7;14/11/2025 15:11:14;Trator Valtra série T - 05;10;6842;ALAN TURING;PLANTIO MILHO GRÃO;UNIMAR PLANTIO;Velocidade na Operação;;;1.959864
POINT (-49.985109270282564 -22.249951997523247);1763143833.7;14/11/2025 15:10:34;Trator Valtra série T - 05;10;6842;ALAN TURING;PLANTIO MILHO GRÃO;UNIMAR PLANTIO;Velocidade na Operação;;;1.949576
POINT (-49.985109270282564 -22.249951997523247);1763143833.7;14/11/2025 15:10:34;Trator Valtra série T - 05;10;6842;ALAN TURING;PLANTIO MILHO GRÃO;UNIMAR PLANTIO;Velocidade na Operação;;;1.949576
POINT (-49.985109270282564 -22.249951997523247);1763143833.7;14/11/2025 15:10:34;Trator Valtra série T - 05;10;6842;ALAN TURING;PLANTIO MILHO GRÃO;UNIMAR PLANTIO;Velocidade na Operação;;;1.949576
POINT (-49.98527611640284 -22.249981608217436);1763143824.1;14/11/2025 15:10:24;Trator Valtra série T - 05;10;6842;ALAN TURING;PLANTIO MILHO GRÃO;UNIMAR PLANTIO;Velocidade na Operação;;;1.990728
POINT (-49.98527611640284 -22.249981608217436);1763143824.1;14/11/2025 15:10:24;Trator Valtra série T - 05;10;6842;ALAN TURING;PLANTIO MILHO GRÃO;UNIMAR PLANTIO;Velocidade na Operação;;;1.990728
POINT (-49.98527611640284 -22.249981608217436);1763143824.1;14/11/2025 15:10:24;Trator Valtra série T - 05;10;6842;ALAN TURING;PLANTIO MILHO GRÃO;UNIMAR PLANTIO;Velocidade na Operação;;;1.990728
POINT (-49.98303097342117 -22.248180723328506);1763143632.3;14/11/2025 15:07:12;Trator Valtra série T - 05;10;6842;ALAN TURING;PLANTIO MILHO GRÃO;UNIMAR PLANTIO;Velocidade na Operação;;;2.0421681
POINT (-49.98303097342117 -22.248180723328506);1763143632.3;14/11/2025 15:07:12;Trator Valtra série T - 05;10;6842;ALAN TURING;PLANTIO MILHO GRÃO;UNIMAR PLANTIO;Velocidade na Operação;;;2.0421681
POINT (-49.98303097342117 -22.248180723328506);1763143632.3;14/11/2025 15:07:12;Trator Valtra série T - 05;10;6842;ALAN TURING;PLANTIO MILHO GRÃO;UNIMAR PLANTIO;Velocidade na Operação;;;2.0421681
POINT (-49.9825251419133 -22.248085141809298);1763143603.3;14/11/2025 15:06:43;Trator Valtra série T - 05;10;6842;ALAN TURING;PLANTIO MILHO GRÃO;UNIMAR PLANTIO;Velocidade na Operação;;;2.037024
POINT (-49.9825251419133 -22.248085141809298);1763143603.3;14/11/2025 15:06:43;Trator Valtra série T - 05;10;6842;ALAN TURING;PLANTIO MILHO GRÃO;UNIMAR PLANTIO;Velocidade na Operação;;;2.037024
POINT (-49.9825251419133 -22.248085141809298);1763143603.3;14/11/2025 15:06:43;Trator Valtra série T - 05;10;6842;ALAN TURING;PLANTIO MILHO GRÃO;UNIMAR PLANTIO;Velocidade na Operação;;;2.037024
POINT (-49.982293119933274 -22.248137912674625);1763143589.9;14/11/2025 15:06:30;Trator Valtra série T - 05;10;6842;ALAN TURING;PLANTIO MILHO GRÃO;UNIMAR PLANTIO;Velocidade na Operação;;;1.965008
POINT (-49.982293119933274 -22.248137912674625);1763143589.9;14/11/2025 15:06:30;Trator Valtra série T - 05;10;6842;ALAN TURING;PLANTIO MILHO GRÃO;UNIMAR PLANTIO;Velocidade na Operação;;;1.965008
POINT (-49.982293119933274 -22.248137912674625);1763143589.9;14/11/2025 15:06:30;Trator Valtra série T - 05;10;6842;ALAN TURING;PLANTIO MILHO GRÃO;UNIMAR PLANTIO;Velocidade na Operação;;;1.965008
POINT (-49.977027809532146 -22.247022217555976);1763140784.3;14/11/2025 14:19:44;Trator Valtra série T - 05;10;6842;ALAN TURING;PLANTIO MILHO GRÃO;UNIMAR PLANTIO;Velocidade na Operação;;;1.995872
POINT (-49.977027809532146 -22.247022217555976);1763140784.3;14/11/2025 14:19:44;Trator Valtra série T - 05;10;6842;ALAN TURING;PLANTIO MILHO GRÃO;UNIMAR PLANTIO;Velocidade na Operação;;;1.995872
POINT (-49.977027809532146 -22.247022217555976);1763140784.3;14/11/2025 14:19:44;Trator Valtra série T - 05;10;6842;ALAN TURING;PLANTIO MILHO GRÃO;UNIMAR PLANTIO;Velocidade na Operação;;;1.995872
POINT (-49.977114588907234 -22.247170319830595);1763140774.3;14/11/2025 14:19:34;Trator Valtra série T - 05;10;6842;ALAN TURING;PLANTIO MILHO GRÃO;UNIMAR PLANTIO;Velocidade na Operação;;;1.959864
POINT (-49.977114588907234 -22.247170319830595);1763140774.3;14/11/2025 14:19:34;Trator Valtra série T - 05;10;6842;ALAN TURING;PLANTIO MILHO GRÃO;UNIMAR PLANTIO;Velocidade na Operação;;;1.959864
POINT (-49.977114588907234 -22.247170319830595);1763140774.3;14/11/2025 14:19:34;Trator Valtra série T - 05;10;6842;ALAN TURING;PLANTIO MILHO GRÃO;UNIMAR PLANTIO;Velocidade na Operação;;;1.959864
POINT (-49.97800246996988 -22.247595798714155);1763140717.5;14/11/2025 14:18:38;Trator Valtra série T - 05;10;6842;ALAN TURING;PLANTIO MILHO GRÃO;UNIMAR PLANTIO;Velocidade na Operação;;;2.026736
POINT (-49.97800246996988 -22.247595798714155);1763140717.5;14/11/2025 14:18:38;Trator Valtra série T - 05;10;6842;ALAN TURING;PLANTIO MILHO GRÃO;UNIMAR PLANTIO;Velocidade na Operação;;;2.026736
POINT (-49.97800246996988 -22.247595798714155);1763140717.5;14/11/2025 14:18:38;Trator Valtra série T - 05;10;6842;ALAN TURING;PLANTIO MILHO GRÃO;UNIMAR PLANTIO;Velocidade na Operação;;;2.026736
POINT (-49.97813004425894 -22.247716074528174);1763140707.5;14/11/2025 14:18:28;Trator Valtra série T - 05;10;6842;ALAN TURING;PLANTIO MILHO GRÃO;UNIMAR PLANTIO;Velocidade na Operação;;;2.047312
POINT (-49.97813004425894 -22.247716074528174);1763140707.5;14/11/2025 14:18:28;Trator Valtra série T - 05;10;6842;ALAN TURING;PLANTIO MILHO GRÃO;UNIMAR PLANTIO;Velocidade na Operação;;;2.047312
POINT (-49.97813004425894 -22.247716074528174);1763140707.5;14/11/2025 14:18:28;Trator Valtra série T - 05;10;6842;ALAN TURING;PLANTIO MILHO GRÃO;UNIMAR PLANTIO;Velocidade na Operação;;;2.047312
POINT (-49.9786123291875 -22.248153586503758);1763140670.1;14/11/2025 14:17:50;Trator Valtra série T - 05;10;6842;ALAN TURING;PLANTIO MILHO GRÃO;UNIMAR PLANTIO;Velocidade na Operação;;;2.088464
POINT (-49.9786123291875 -22.248153586503758);1763140670.1;14/11/2025 14:17:50;Trator Valtra série T - 05;10;6842;ALAN TURING;PLANTIO MILHO GRÃO;UNIMAR PLANTIO;Velocidade na Operação;;;2.088464
POINT (-49.9786123291875 -22.248153586503758);1763140670.1;14/11/2025 14:17:50;Trator Valtra série T - 05;10;6842;ALAN TURING;PLANTIO MILHO GRÃO;UNIMAR PLANTIO;Velocidade na Operação;;;2.088464
POINT (-49.978641981954105 -22.248186960018657);1763140667.5;14/11/2025 14:17:48;Trator Valtra série T - 05;10;6842;ALAN TURING;PLANTIO MILHO GRÃO;UNIMAR PLANTIO;Velocidade na Operação;;;1.995872
POINT (-49.978641981954105 -22.248186960018657);1763140667.5;14/11/2025 14:17:48;Trator Valtra série T - 05;10;6842;ALAN TURING;PLANTIO MILHO GRÃO;UNIMAR PLANTIO;Velocidade na Operação;;;1.995872
POINT (-49.978641981954105 -22.248186960018657);1763140667.5;14/11/2025 14:17:48;Trator Valtra série T - 05;10;6842;ALAN TURING;PLANTIO MILHO GRÃO;UNIMAR PLANTIO;Velocidade na Operação;;;1.995872
POINT (-49.97868413348152 -22.248231656908526);1763140663.9;14/11/2025 14:17:44;Trator Valtra série T - 05;10;6842;ALAN TURING;PLANTIO MILHO GRÃO;UNIMAR PLANTIO;Velocidade na Operação;;;1.95472
POINT (-49.97868413348152 -22.248231656908526);1763140663.9;14/11/2025 14:17:44;Trator Valtra série T - 05;10;6842;ALAN TURING;PLANTIO MILHO GRÃO;UNIMAR PLANTIO;Velocidade na Operação;;;1.95472
POINT (-49.97868413348152 -22.248231656908526);1763140663.9;14/11/2025 14:17:44;Trator Valtra série T - 05;10;6842;ALAN TURING;PLANTIO MILHO GRÃO;UNIMAR PLANTIO;Velocidade na Operação;;;1.95472
POINT (-49.97896271334128 -22.24866432617818);1763140633.9;14/11/2025 14:17:14;Trator Valtra série T - 05;10;6842;ALAN TURING;PLANTIO MILHO GRÃO;UNIMAR PLANTIO;Velocidade na Operação;;;1.959864
POINT (-49.97896271334128 -22.24866432617818);1763140633.9;14/11/2025 14:17:14;Trator Valtra série T - 05;10;6842;ALAN TURING;PLANTIO MILHO GRÃO;UNIMAR PLANTIO;Velocidade na Operação;;;1.959864
POINT (-49.97896271334128 -22.24866432617818);1763140633.9;14/11/2025 14:17:14;Trator Valtra série T - 05;10;6842;ALAN TURING;PLANTIO MILHO GRÃO;UNIMAR PLANTIO;Velocidade na Operação;;;1.959864
POINT (-49.97900178661024 -22.24874882942914);1763140628.5;14/11/2025 14:17:08;Trator Valtra série T - 05;10;6842;ALAN TURING;PLANTIO MILHO GRÃO;UNIMAR PLANTIO;Velocidade na Operação;;;2.037024
POINT (-49.97900178661024 -22.24874882942914);1763140628.5;14/11/2025 14:17:08;Trator Valtra série T - 05;10;6842;ALAN TURING;PLANTIO MILHO GRÃO;UNIMAR PLANTIO;Velocidade na Operação;;;2.037024
POINT (-49.97900178661024 -22.24874882942914);1763140628.5;14/11/2025 14:17:08;Trator Valtra série T - 05;10;6842;ALAN TURING;PLANTIO MILHO GRÃO;UNIMAR PLANTIO;Velocidade na Operação;;;2.037024
POINT (-49.979179195993765 -22.2490815641358);1763140606.3;14/11/2025 14:16:46;Trator Valtra série T - 05;10;6842;ALAN TURING;PLANTIO MILHO GRÃO;UNIMAR PLANTIO;Velocidade na Operação;;;1.990728
POINT (-49.979179195993765 -22.2490815641358);1763140606.3;14/11/2025 14:16:46;Trator Valtra série T - 05;10;6842;ALAN TURING;PLANTIO MILHO GRÃO;UNIMAR PLANTIO;Velocidade na Operação;;;1.990728
POINT (-49.979179195993765 -22.2490815641358);1763140606.3;14/11/2025 14:16:46;Trator Valtra série T - 05;10;6842;ALAN TURING;PLANTIO MILHO GRÃO;UNIMAR PLANTIO;Velocidade na Operação;;;1.990728
POINT (-49.97921159422776 -22.24912195789644);1763140603.5;14/11/2025 14:16:44;Trator Valtra série T - 05;10;6842;ALAN TURING;PLANTIO MILHO GRÃO;UNIMAR PLANTIO;Velocidade na Operação;;;2.073032
POINT (-49.97921159422776 -22.24912195789644);1763140603.5;14/11/2025 14:16:44;Trator Valtra série T - 05;10;6842;ALAN TURING;PLANTIO MILHO GRÃO;UNIMAR PLANTIO;Velocidade na Operação;;;2.073032
POINT (-49.97921159422776 -22.24912195789644);1763140603.5;14/11/2025 14:16:44;Trator Valtra série T - 05;10;6842;ALAN TURING;PLANTIO MILHO GRÃO;UNIMAR PLANTIO;Velocidade na Operação;;;2.073032
POINT (-49.97937768004505 -22.249233989676483);1763140591.9;14/11/2025 14:16:32;Trator Valtra série T - 05;10;6842;ALAN TURING;PLANTIO MILHO GRÃO;UNIMAR PLANTIO;Velocidade na Operação;;;2.0421681
POINT (-49.97937768004505 -22.249233989676483);1763140591.9;14/11/2025 14:16:32;Trator Valtra série T - 05;10;6842;ALAN TURING;PLANTIO MILHO GRÃO;UNIMAR PLANTIO;Velocidade na Operação;;;2.0421681
POINT (-49.97937768004505 -22.249233989676483);1763140591.9;14/11/2025 14:16:32;Trator Valtra série T - 05;10;6842;ALAN TURING;PLANTIO MILHO GRÃO;UNIMAR PLANTIO;Velocidade na Operação;;;2.0421681
POINT (-49.979664259945544 -22.249271003209458);1763140575.5;14/11/2025 14:16:16;Trator Valtra série T - 05;10;6842;ALAN TURING;PLANTIO MILHO GRÃO;UNIMAR PLANTIO;Velocidade na Operação;;;2.016448
POINT (-49.979664259945544 -22.249271003209458);1763140575.5;14/11/2025 14:16:16;Trator Valtra série T - 05;10;6842;ALAN TURING;PLANTIO MILHO GRÃO;UNIMAR PLANTIO;Velocidade na Operação;;;2.016448
POINT (-49.979664259945544 -22.249271003209458);1763140575.5;14/11/2025 14:16:16;Trator Valtra série T - 05;10;6842;ALAN TURING;PLANTIO MILHO GRÃO;UNIMAR PLANTIO;Velocidade na Operação;;;2.016448
POINT (-49.98005480815199 -22.24911609629388);1763140552.3;14/11/2025 14:15:52;Trator Valtra série T - 05;10;6842;ALAN TURING;PLANTIO MILHO GRÃO;UNIMAR PLANTIO;Velocidade na Operação;;;2.00616
POINT (-49.98005480815199 -22.24911609629388);1763140552.3;14/11/2025 14:15:52;Trator Valtra série T - 05;10;6842;ALAN TURING;PLANTIO MILHO GRÃO;UNIMAR PLANTIO;Velocidade na Operação;;;2.00616
POINT (-49.98005480815199 -22.24911609629388);1763140552.3;14/11/2025 14:15:52;Trator Valtra série T - 05;10;6842;ALAN TURING;PLANTIO MILHO GRÃO;UNIMAR PLANTIO;Velocidade na Operação;;;2.00616
POINT (-49.98050344536158 -22.24906111765766);1763140527.3;14/11/2025 14:15:27;Trator Valtra série T - 05;10;6842;ALAN TURING;PLANTIO MILHO GRÃO;UNIMAR PLANTIO;Velocidade na Operação;;;1.949576
POINT (-49.98050344536158 -22.24906111765766);1763140527.3;14/11/2025 14:15:27;Trator Valtra série T - 05;10;6842;ALAN TURING;PLANTIO MILHO GRÃO;UNIMAR PLANTIO;Velocidade na Operação;;;1.949576
POINT (-49.98050344536158 -22.24906111765766);1763140527.3;14/11/2025 14:15:27;Trator Valtra série T - 05;10;6842;ALAN TURING;PLANTIO MILHO GRÃO;UNIMAR PLANTIO;Velocidade na Operação;;;1.949576
POINT (-49.98165767342467 -22.24888572012387);1763140461.7;14/11/2025 14:14:22;Trator Valtra série T - 05;10;6842;ALAN TURING;PLANTIO MILHO GRÃO;UNIMAR PLANTIO;Velocidade na Operação;;;1.965008
POINT (-49.98165767342467 -22.24888572012387);1763140461.7;14/11/2025 14:14:22;Trator Valtra série T - 05;10;6842;ALAN TURING;PLANTIO MILHO GRÃO;UNIMAR PLANTIO;Velocidade na Operação;;;1.965008
POINT (-49.98165767342467 -22.24888572012387);1763140461.7;14/11/2025 14:14:22;Trator Valtra série T - 05;10;6842;ALAN TURING;PLANTIO MILHO GRÃO;UNIMAR PLANTIO;Velocidade na Operação;;;1.965008
POINT (-49.9824904824872 -22.247995049146503);1763140386.3;14/11/2025 14:13:06;Trator Valtra série T - 05;10;6842;ALAN TURING;PLANTIO MILHO GRÃO;UNIMAR PLANTIO;Velocidade na Operação;;;2.078176
POINT (-49.9824904824872 -22.247995049146503);1763140386.3;14/11/2025 14:13:06;Trator Valtra série T - 05;10;6842;ALAN TURING;PLANTIO MILHO GRÃO;UNIMAR PLANTIO;Velocidade na Operação;;;2.078176
POINT (-49.9824904824872 -22.247995049146503);1763140386.3;14/11/2025 14:13:06;Trator Valtra série T - 05;10;6842;ALAN TURING;PLANTIO MILHO GRÃO;UNIMAR PLANTIO;Velocidade na Operação;;;2.078176
POINT (-49.982669419295256 -22.248005148054315);1763140376.3;14/11/2025 14:12:56;Trator Valtra série T - 05;10;6842;ALAN TURING;PLANTIO MILHO GRÃO;UNIMAR PLANTIO;Velocidade na Operação;;;2.0421681
POINT (-49.982669419295256 -22.248005148054315);1763140376.3;14/11/2025 14:12:56;Trator Valtra série T - 05;10;6842;ALAN TURING;PLANTIO MILHO GRÃO;UNIMAR PLANTIO;Velocidade na Operação;;;2.0421681
POINT (-49.982669419295256 -22.248005148054315);1763140376.3;14/11/2025 14:12:56;Trator Valtra série T - 05;10;6842;ALAN TURING;PLANTIO MILHO GRÃO;UNIMAR PLANTIO;Velocidade na Operação;;;2.0421681
POINT (-49.98281527405527 -22.24803404109526);1763140367.9;14/11/2025 14:12:48;Trator Valtra série T - 05;10;6842;ALAN TURING;PLANTIO MILHO GRÃO;UNIMAR PLANTIO;Velocidade na Operação;;;1.995872
POINT (-49.98281527405527 -22.24803404109526);1763140367.9;14/11/2025 14:12:48;Trator Valtra série T - 05;10;6842;ALAN TURING;PLANTIO MILHO GRÃO;UNIMAR PLANTIO;Velocidade na Operação;;;1.995872
POINT (-49.98281527405527 -22.24803404109526);1763140367.9;14/11/2025 14:12:48;Trator Valtra série T - 05;10;6842;ALAN TURING;PLANTIO MILHO GRÃO;UNIMAR PLANTIO;Velocidade na Operação;;;1.995872
POINT (-49.98404783399915 -22.249250042067253);1763140264.7;14/11/2025 14:11:05;Trator Valtra série T - 05;10;6842;ALAN TURING;PLANTIO MILHO GRÃO;UNIMAR PLANTIO;Velocidade na Operação;;;1.949576
POINT (-49.98404783399915 -22.249250042067253);1763140264.7;14/11/2025 14:11:05;Trator Valtra série T - 05;10;6842;ALAN TURING;PLANTIO MILHO GRÃO;UNIMAR PLANTIO;Velocidade na Operação;;;1.949576
POINT (-49.98404783399915 -22.249250042067253);1763140264.7;14/11/2025 14:11:05;Trator Valtra série T - 05;10;6842;ALAN TURING;PLANTIO MILHO GRÃO;UNIMAR PLANTIO;Velocidade na Operação;;;1.949576
POINT (-49.98470126507899 -22.249651396455576);1763140076.1;14/11/2025 14:07:56;Trator Valtra série T - 05;10;6842;ALAN TURING;PLANTIO MILHO GRÃO;UNIMAR PLANTIO;Velocidade na Operação;;;1.98044
POINT (-49.98470126507899 -22.249651396455576);1763140076.1;14/11/2025 14:07:56;Trator Valtra série T - 05;10;6842;ALAN TURING;PLANTIO MILHO GRÃO;UNIMAR PLANTIO;Velocidade na Operação;;;1.98044
POINT (-49.98470126507899 -22.249651396455576);1763140076.1;14/11/2025 14:07:56;Trator Valtra série T - 05;10;6842;ALAN TURING;PLANTIO MILHO GRÃO;UNIMAR PLANTIO;Velocidade na Operação;;;1.98044
POINT (-49.98446337655328 -22.2495502747692);1763140061.5;14/11/2025 14:07:42;Trator Valtra série T - 05;10;6842;ALAN TURING;PLANTIO MILHO GRÃO;UNIMAR PLANTIO;Velocidade na Operação;;;1.95472
POINT (-49.98446337655328 -22.2495502747692);1763140061.5;14/11/2025 14:07:42;Trator Valtra série T - 05;10;6842;ALAN TURING;PLANTIO MILHO GRÃO;UNIMAR PLANTIO;Velocidade na Operação;;;1.95472
POINT (-49.98446337655328 -22.2495502747692);1763140061.5;14/11/2025 14:07:42;Trator Valtra série T - 05;10;6842;ALAN TURING;PLANTIO MILHO GRÃO;UNIMAR PLANTIO;Velocidade na Operação;;;1.95472
POINT (-49.98444332883605 -22.24952272706255);1763140059.7;14/11/2025 14:07:40;Trator Valtra série T - 05;10;6842;ALAN TURING;PLANTIO MILHO GRÃO;UNIMAR PLANTIO;Velocidade na Operação;;;2.098752
POINT (-49.98444332883605 -22.24952272706255);1763140059.7;14/11/2025 14:07:40;Trator Valtra série T - 05;10;6842;ALAN TURING;PLANTIO MILHO GRÃO;UNIMAR PLANTIO;Velocidade na Operação;;;2.098752
POINT (-49.98444332883605 -22.24952272706255);1763140059.7;14/11/2025 14:07:40;Trator Valtra série T - 05;10;6842;ALAN TURING;PLANTIO MILHO GRÃO;UNIMAR PLANTIO;Velocidade na Operação;;;2.098752
POINT (-49.98434514096064 -22.249474133775504);1763140053.5;14/11/2025 14:07:34;Trator Valtra série T - 05;10;6842;ALAN TURING;PLANTIO MILHO GRÃO;UNIMAR PLANTIO;Velocidade na Operação;;;2.1038961
POINT (-49.98434514096064 -22.249474133775504);1763140053.5;14/11/2025 14:07:34;Trator Valtra série T - 05;10;6842;ALAN TURING;PLANTIO MILHO GRÃO;UNIMAR PLANTIO;Velocidade na Operação;;;2.1038961
POINT (-49.98434514096064 -22.249474133775504);1763140053.5;14/11/2025 14:07:34;Trator Valtra série T - 05;10;6842;ALAN TURING;PLANTIO MILHO GRÃO;UNIMAR PLANTIO;Velocidade na Operação;;;2.1038961
POINT (-49.98430560622798 -22.249445334806275);1763140050.7;14/11/2025 14:07:31;Trator Valtra série T - 05;10;6842;ALAN TURING;PLANTIO MILHO GRÃO;UNIMAR PLANTIO;Velocidade na Operação;;;1.990728
POINT (-49.98430560622798 -22.249445334806275);1763140050.7;14/11/2025 14:07:31;Trator Valtra série T - 05;10;6842;ALAN TURING;PLANTIO MILHO GRÃO;UNIMAR PLANTIO;Velocidade na Operação;;;1.990728
POINT (-49.98430560622798 -22.249445334806275);1763140050.7;14/11/2025 14:07:31;Trator Valtra série T - 05;10;6842;ALAN TURING;PLANTIO MILHO GRÃO;UNIMAR PLANTIO;Velocidade na Operação;;;1.990728
POINT (-49.98420570579653 -22.249334975844505);1763140042.1;14/11/2025 14:07:22;Trator Valtra série T - 05;10;6842;ALAN TURING;PLANTIO MILHO GRÃO;UNIMAR PLANTIO;Velocidade na Operação;;;2.088464
POINT (-49.98420570579653 -22.249334975844505);1763140042.1;14/11/2025 14:07:22;Trator Valtra série T - 05;10;6842;ALAN TURING;PLANTIO MILHO GRÃO;UNIMAR PLANTIO;Velocidade na Operação;;;2.088464
POINT (-49.98420570579653 -22.249334975844505);1763140042.1;14/11/2025 14:07:22;Trator Valtra série T - 05;10;6842;ALAN TURING;PLANTIO MILHO GRÃO;UNIMAR PLANTIO;Velocidade na Operação;;;2.088464
POINT (-49.98270446758805 -22.247960947058708);1763139919.1;14/11/2025 14:05:19;Trator Valtra série T - 05;10;6842;ALAN TURING;PLANTIO MILHO GRÃO;UNIMAR PLANTIO;Velocidade na Operação;;;1.959864
POINT (-49.98270446758805 -22.247960947058708);1763139919.1;14/11/2025 14:05:19;Trator Valtra série T - 05;10;6842;ALAN TURING;PLANTIO MILHO GRÃO;UNIMAR PLANTIO;Velocidade na Operação;;;1.959864
POINT (-49.98270446758805 -22.247960947058708);1763139919.1;14/11/2025 14:05:19;Trator Valtra série T - 05;10;6842;ALAN TURING;PLANTIO MILHO GRÃO;UNIMAR PLANTIO;Velocidade na Operação;;;1.959864
POINT (-49.98268391903234 -22.247953587219037);1763139917.9;14/11/2025 14:05:18;Trator Valtra série T - 05;10;6842;ALAN TURING;PLANTIO MILHO GRÃO;UNIMAR PLANTIO;Velocidade na Operação;;;2.1038961
POINT (-49.98268391903234 -22.247953587219037);1763139917.9;14/11/2025 14:05:18;Trator Valtra série T - 05;10;6842;ALAN TURING;PLANTIO MILHO GRÃO;UNIMAR PLANTIO;Velocidade na Operação;;;2.1038961
POINT (-49.98268391903234 -22.247953587219037);1763139917.9;14/11/2025 14:05:18;Trator Valtra série T - 05;10;6842;ALAN TURING;PLANTIO MILHO GRÃO;UNIMAR PLANTIO;Velocidade na Operação;;;2.1038961
POINT (-49.98118281211119 -22.248930099855695);1763139804.1;14/11/2025 14:03:24;Trator Valtra série T - 05;10;6842;ALAN TURING;PLANTIO MILHO GRÃO;UNIMAR PLANTIO;Velocidade na Operação;;;2.0215921
POINT (-49.98118281211119 -22.248930099855695);1763139804.1;14/11/2025 14:03:24;Trator Valtra série T - 05;10;6842;ALAN TURING;PLANTIO MILHO GRÃO;UNIMAR PLANTIO;Velocidade na Operação;;;2.0215921
POINT (-49.98118281211119 -22.248930099855695);1763139804.1;14/11/2025 14:03:24;Trator Valtra série T - 05;10;6842;ALAN TURING;PLANTIO MILHO GRÃO;UNIMAR PLANTIO;Velocidade na Operação;;;2.0215921
POINT (-49.98114928500814 -22.248943788135865);1763139802.1;14/11/2025 14:03:22;Trator Valtra série T - 05;10;6842;ALAN TURING;PLANTIO MILHO GRÃO;UNIMAR PLANTIO;Velocidade na Operação;;;2.016448
POINT (-49.98114928500814 -22.248943788135865);1763139802.1;14/11/2025 14:03:22;Trator Valtra série T - 05;10;6842;ALAN TURING;PLANTIO MILHO GRÃO;UNIMAR PLANTIO;Velocidade na Operação;;;2.016448
POINT (-49.98114928500814 -22.248943788135865);1763139802.1;14/11/2025 14:03:22;Trator Valtra série T - 05;10;6842;ALAN TURING;PLANTIO MILHO GRÃO;UNIMAR PLANTIO;Velocidade na Operação;;;2.016448
POINT (-49.98102981745959 -22.248949574961316);1763139795.5;14/11/2025 14:03:16;Trator Valtra série T - 05;10;6842;ALAN TURING;PLANTIO MILHO GRÃO;UNIMAR PLANTIO;Velocidade na Operação;;;2.011304
POINT (-49.98102981745959 -22.248949574961316);1763139795.5;14/11/2025 14:03:16;Trator Valtra série T - 05;10;6842;ALAN TURING;PLANTIO MILHO GRÃO;UNIMAR PLANTIO;Velocidade na Operação;;;2.011304
POINT (-49.98102981745959 -22.248949574961316);1763139795.5;14/11/2025 14:03:16;Trator Valtra série T - 05;10;6842;ALAN TURING;PLANTIO MILHO GRÃO;UNIMAR PLANTIO;Velocidade na Operação;;;2.011304
POINT (-49.98101669854653 -22.248951156214577);1763139794.8;14/11/2025 14:03:15;Trator Valtra série T - 05;10;6842;ALAN TURING;PLANTIO MILHO GRÃO;UNIMAR PLANTIO;Velocidade na Operação;;;2.016448
POINT (-49.98101669854653 -22.248951156214577);1763139794.8;14/11/2025 14:03:15;Trator Valtra série T - 05;10;6842;ALAN TURING;PLANTIO MILHO GRÃO;UNIMAR PLANTIO;Velocidade na Operação;;;2.016448
POINT (-49.98101669854653 -22.248951156214577);1763139794.8;14/11/2025 14:03:15;Trator Valtra série T - 05;10;6842;ALAN TURING;PLANTIO MILHO GRÃO;UNIMAR PLANTIO;Velocidade na Operação;;;2.016448
POINT (-49.98037588822032 -22.249015751694234);1763139758.9;14/11/2025 14:02:39;Trator Valtra série T - 05;10;6842;ALAN TURING;PLANTIO MILHO GRÃO;UNIMAR PLANTIO;Velocidade na Operação;;;1.965008
POINT (-49.98037588822032 -22.249015751694234);1763139758.9;14/11/2025 14:02:39;Trator Valtra série T - 05;10;6842;ALAN TURING;PLANTIO MILHO GRÃO;UNIMAR PLANTIO;Velocidade na Operação;;;1.965008
POINT (-49.98037588822032 -22.249015751694234);1763139758.9;14/11/2025 14:02:39;Trator Valtra série T - 05;10;6842;ALAN TURING;PLANTIO MILHO GRÃO;UNIMAR PLANTIO;Velocidade na Operação;;;1.965008
POINT (-49.98032015234103 -22.249014868964604);1763139755.8;14/11/2025 14:02:36;Trator Valtra série T - 05;10;6842;ALAN TURING;PLANTIO MILHO GRÃO;UNIMAR PLANTIO;Velocidade na Operação;;;2.0010161
POINT (-49.98032015234103 -22.249014868964604);1763139755.8;14/11/2025 14:02:36;Trator Valtra série T - 05;10;6842;ALAN TURING;PLANTIO MILHO GRÃO;UNIMAR PLANTIO;Velocidade na Operação;;;2.0010161
POINT (-49.98032015234103 -22.249014868964604);1763139755.8;14/11/2025 14:02:36;Trator Valtra série T - 05;10;6842;ALAN TURING;PLANTIO MILHO GRÃO;UNIMAR PLANTIO;Velocidade na Operação;;;2.0010161
POINT (-49.979609784763184 -22.249158147757143);1763139715;14/11/2025 14:01:55;Trator Valtra série T - 05;10;6842;ALAN TURING;PLANTIO MILHO GRÃO;UNIMAR PLANTIO;Velocidade na Operação;;;1.995872
POINT (-49.979609784763184 -22.249158147757143);1763139715;14/11/2025 14:01:55;Trator Valtra série T - 05;10;6842;ALAN TURING;PLANTIO MILHO GRÃO;UNIMAR PLANTIO;Velocidade na Operação;;;1.995872
POINT (-49.979609784763184 -22.249158147757143);1763139715;14/11/2025 14:01:55;Trator Valtra série T - 05;10;6842;ALAN TURING;PLANTIO MILHO GRÃO;UNIMAR PLANTIO;Velocidade na Operação;;;1.995872
POINT (-49.979552770293004 -22.249134986556466);1763139711.6;14/11/2025 14:01:52;Trator Valtra série T - 05;10;6842;ALAN TURING;PLANTIO MILHO GRÃO;UNIMAR PLANTIO;Velocidade na Operação;;;1.985584
POINT (-49.979552770293004 -22.249134986556466);1763139711.6;14/11/2025 14:01:52;Trator Valtra série T - 05;10;6842;ALAN TURING;PLANTIO MILHO GRÃO;UNIMAR PLANTIO;Velocidade na Operação;;;1.985584
POINT (-49.979552770293004 -22.249134986556466);1763139711.6;14/11/2025 14:01:52;Trator Valtra série T - 05;10;6842;ALAN TURING;PLANTIO MILHO GRÃO;UNIMAR PLANTIO;Velocidade na Operação;;;1.985584
POINT (-49.97949858808703 -22.249120986498497);1763139708.5;14/11/2025 14:01:48;Trator Valtra série T - 05;10;6842;ALAN TURING;PLANTIO MILHO GRÃO;UNIMAR PLANTIO;Velocidade na Operação;;;2.0010161
POINT (-49.97949858808703 -22.249120986498497);1763139708.5;14/11/2025 14:01:48;Trator Valtra série T - 05;10;6842;ALAN TURING;PLANTIO MILHO GRÃO;UNIMAR PLANTIO;Velocidade na Operação;;;2.0010161
POINT (-49.97949858808703 -22.249120986498497);1763139708.5;14/11/2025 14:01:48;Trator Valtra série T - 05;10;6842;ALAN TURING;PLANTIO MILHO GRÃO;UNIMAR PLANTIO;Velocidade na Operação;;;2.0010161
POINT (-49.979385697536316 -22.249071625643893);1763139701.6;14/11/2025 14:01:42;Trator Valtra série T - 05;10;6842;ALAN TURING;PLANTIO MILHO GRÃO;UNIMAR PLANTIO;Velocidade na Operação;;;2.253072
POINT (-49.979385697536316 -22.249071625643893);1763139701.6;14/11/2025 14:01:42;Trator Valtra série T - 05;10;6842;ALAN TURING;PLANTIO MILHO GRÃO;UNIMAR PLANTIO;Velocidade na Operação;;;2.253072
POINT (-49.979385697536316 -22.249071625643893);1763139701.6;14/11/2025 14:01:42;Trator Valtra série T - 05;10;6842;ALAN TURING;PLANTIO MILHO GRÃO;UNIMAR PLANTIO;Velocidade na Operação;;;2.253072
POINT (-49.979352714043834 -22.24905451037354);1763139699.5;14/11/2025 14:01:40;Trator Valtra série T - 05;10;6842;ALAN TURING;PLANTIO MILHO GRÃO;UNIMAR PLANTIO;Velocidade na Operação;;;1.995872
POINT (-49.979352714043834 -22.24905451037354);1763139699.5;14/11/2025 14:01:40;Trator Valtra série T - 05;10;6842;ALAN TURING;PLANTIO MILHO GRÃO;UNIMAR PLANTIO;Velocidade na Operação;;;1.995872
POINT (-49.979352714043834 -22.24905451037354);1763139699.5;14/11/2025 14:01:40;Trator Valtra série T - 05;10;6842;ALAN TURING;PLANTIO MILHO GRÃO;UNIMAR PLANTIO;Velocidade na Operação;;;1.995872
POINT (-49.97933918456868 -22.249049304673402);1763139698.7;14/11/2025 14:01:39;Trator Valtra série T - 05;10;6842;ALAN TURING;PLANTIO MILHO GRÃO;UNIMAR PLANTIO;Velocidade na Operação;;;2.093608
POINT (-49.97933918456868 -22.249049304673402);1763139698.7;14/11/2025 14:01:39;Trator Valtra série T - 05;10;6842;ALAN TURING;PLANTIO MILHO GRÃO;UNIMAR PLANTIO;Velocidade na Operação;;;2.093608
POINT (-49.97933918456868 -22.249049304673402);1763139698.7;14/11/2025 14:01:39;Trator Valtra série T - 05;10;6842;ALAN TURING;PLANTIO MILHO GRÃO;UNIMAR PLANTIO;Velocidade na Operação;;;2.093608
POINT (-49.97933608652052 -22.249033670848636);1763139698.1;14/11/2025 14:01:38;Trator Valtra série T - 05;10;6842;ALAN TURING;PLANTIO MILHO GRÃO;UNIMAR PLANTIO;Velocidade na Operação;;;2.011304
POINT (-49.97933608652052 -22.249033670848636);1763139698.1;14/11/2025 14:01:38;Trator Valtra série T - 05;10;6842;ALAN TURING;PLANTIO MILHO GRÃO;UNIMAR PLANTIO;Velocidade na Operação;;;2.011304
POINT (-49.97933608652052 -22.249033670848636);1763139698.1;14/11/2025 14:01:38;Trator Valtra série T - 05;10;6842;ALAN TURING;PLANTIO MILHO GRÃO;UNIMAR PLANTIO;Velocidade na Operação;;;2.011304
POINT (-49.979700714409034 -22.24912092389938);1763139646.5;14/11/2025 14:00:46;Trator Valtra série T - 05;10;6842;ALAN TURING;PLANTIO MILHO GRÃO;UNIMAR PLANTIO;Velocidade na Operação;;;1.965008
POINT (-49.979700714409034 -22.24912092389938);1763139646.5;14/11/2025 14:00:46;Trator Valtra série T - 05;10;6842;ALAN TURING;PLANTIO MILHO GRÃO;UNIMAR PLANTIO;Velocidade na Operação;;;1.965008
POINT (-49.979700714409034 -22.24912092389938);1763139646.5;14/11/2025 14:00:46;Trator Valtra série T - 05;10;6842;ALAN TURING;PLANTIO MILHO GRÃO;UNIMAR PLANTIO;Velocidade na Operação;;;1.965008
POINT (-49.97968899389414 -22.24912128180634);1763139646;14/11/2025 14:00:46;Trator Valtra série T - 05;10;6842;ALAN TURING;PLANTIO MILHO GRÃO;UNIMAR PLANTIO;Velocidade na Operação;;;1.985584
POINT (-49.97968899389414 -22.24912128180634);1763139646;14/11/2025 14:00:46;Trator Valtra série T - 05;10;6842;ALAN TURING;PLANTIO MILHO GRÃO;UNIMAR PLANTIO;Velocidade na Operação;;;1.985584
POINT (-49.97968899389414 -22.24912128180634);1763139646;14/11/2025 14:00:46;Trator Valtra série T - 05;10;6842;ALAN TURING;PLANTIO MILHO GRÃO;UNIMAR PLANTIO;Velocidade na Operação;;;1.985584
POINT (-49.97967386872291 -22.249117505442864);1763139645.2;14/11/2025 14:00:45;Trator Valtra série T - 05;10;6842;ALAN TURING;PLANTIO MILHO GRÃO;UNIMAR PLANTIO;Velocidade na Operação;;;2.073032
POINT (-49.97967386872291 -22.249117505442864);1763139645.2;14/11/2025 14:00:45;Trator Valtra série T - 05;10;6842;ALAN TURING;PLANTIO MILHO GRÃO;UNIMAR PLANTIO;Velocidade na Operação;;;2.073032
POINT (-49.97967386872291 -22.249117505442864);1763139645.2;14/11/2025 14:00:45;Trator Valtra série T - 05;10;6842;ALAN TURING;PLANTIO MILHO GRÃO;UNIMAR PLANTIO;Velocidade na Operação;;;2.073032
POINT (-49.97966293896631 -22.249113657132437);1763139644.6;14/11/2025 14:00:45;Trator Valtra série T - 05;10;6842;ALAN TURING;PLANTIO MILHO GRÃO;UNIMAR PLANTIO;Velocidade na Operação;;;1.985584
POINT (-49.97966293896631 -22.249113657132437);1763139644.6;14/11/2025 14:00:45;Trator Valtra série T - 05;10;6842;ALAN TURING;PLANTIO MILHO GRÃO;UNIMAR PLANTIO;Velocidade na Operação;;;1.985584
POINT (-49.97966293896631 -22.249113657132437);1763139644.6;14/11/2025 14:00:45;Trator Valtra série T - 05;10;6842;ALAN TURING;PLANTIO MILHO GRÃO;UNIMAR PLANTIO;Velocidade na Operação;;;1.985584
POINT (-49.9795384603504 -22.249064340545946);1763139637.1;14/11/2025 14:00:37;Trator Valtra série T - 05;10;6842;ALAN TURING;PLANTIO MILHO GRÃO;UNIMAR PLANTIO;Velocidade na Operação;;;2.10904
POINT (-49.9795384603504 -22.249064340545946);1763139637.1;14/11/2025 14:00:37;Trator Valtra série T - 05;10;6842;ALAN TURING;PLANTIO MILHO GRÃO;UNIMAR PLANTIO;Velocidade na Operação;;;2.10904
POINT (-49.9795384603504 -22.249064340545946);1763139637.1;14/11/2025 14:00:37;Trator Valtra série T - 05;10;6842;ALAN TURING;PLANTIO MILHO GRÃO;UNIMAR PLANTIO;Velocidade na Operação;;;2.10904
POINT (-49.97948010909406 -22.249057692224333);1763139633.9;14/11/2025 14:00:34;Trator Valtra série T - 05;10;6842;ALAN TURING;PLANTIO MILHO GRÃO;UNIMAR PLANTIO;Velocidade na Operação;;;1.990728
POINT (-49.97948010909406 -22.249057692224333);1763139633.9;14/11/2025 14:00:34;Trator Valtra série T - 05;10;6842;ALAN TURING;PLANTIO MILHO GRÃO;UNIMAR PLANTIO;Velocidade na Operação;;;1.990728
POINT (-49.97948010909406 -22.249057692224333);1763139633.9;14/11/2025 14:00:34;Trator Valtra série T - 05;10;6842;ALAN TURING;PLANTIO MILHO GRÃO;UNIMAR PLANTIO;Velocidade na Operação;;;1.990728
POINT (-49.97939315948881 -22.24900130222516);1763139628.1;14/11/2025 14:00:28;Trator Valtra série T - 05;10;6842;ALAN TURING;PLANTIO MILHO GRÃO;UNIMAR PLANTIO;Velocidade na Operação;;;2.011304
POINT (-49.97939315948881 -22.24900130222516);1763139628.1;14/11/2025 14:00:28;Trator Valtra série T - 05;10;6842;ALAN TURING;PLANTIO MILHO GRÃO;UNIMAR PLANTIO;Velocidade na Operação;;;2.011304
POINT (-49.97939315948881 -22.24900130222516);1763139628.1;14/11/2025 14:00:28;Trator Valtra série T - 05;10;6842;ALAN TURING;PLANTIO MILHO GRÃO;UNIMAR PLANTIO;Velocidade na Operação;;;2.011304
POINT (-49.979336274955756 -22.248982816541083);1763139624.8;14/11/2025 14:00:25;Trator Valtra série T - 05;10;6842;ALAN TURING;PLANTIO MILHO GRÃO;UNIMAR PLANTIO;Velocidade na Operação;;;2.0627441
POINT (-49.979336274955756 -22.248982816541083);1763139624.8;14/11/2025 14:00:25;Trator Valtra série T - 05;10;6842;ALAN TURING;PLANTIO MILHO GRÃO;UNIMAR PLANTIO;Velocidade na Operação;;;2.0627441
POINT (-49.979336274955756 -22.248982816541083);1763139624.8;14/11/2025 14:00:25;Trator Valtra série T - 05;10;6842;ALAN TURING;PLANTIO MILHO GRÃO;UNIMAR PLANTIO;Velocidade na Operação;;;2.0627441
POINT (-49.97928063720793 -22.24895529809189);1763139621.3;14/11/2025 14:00:21;Trator Valtra série T - 05;10;6842;ALAN TURING;PLANTIO MILHO GRÃO;UNIMAR PLANTIO;Velocidade na Operação;;;2.026736
POINT (-49.97928063720793 -22.24895529809189);1763139621.3;14/11/2025 14:00:21;Trator Valtra série T - 05;10;6842;ALAN TURING;PLANTIO MILHO GRÃO;UNIMAR PLANTIO;Velocidade na Operação;;;2.026736
POINT (-49.97928063720793 -22.24895529809189);1763139621.3;14/11/2025 14:00:21;Trator Valtra série T - 05;10;6842;ALAN TURING;PLANTIO MILHO GRÃO;UNIMAR PLANTIO;Velocidade na Operação;;;2.026736
POINT (-49.97926915652789 -22.24895405001636);1763139620.7;14/11/2025 14:00:21;Trator Valtra série T - 05;10;6842;ALAN TURING;PLANTIO MILHO GRÃO;UNIMAR PLANTIO;Velocidade na Operação;;;1.95472
POINT (-49.97926915652789 -22.24895405001636);1763139620.7;14/11/2025 14:00:21;Trator Valtra série T - 05;10;6842;ALAN TURING;PLANTIO MILHO GRÃO;UNIMAR PLANTIO;Velocidade na Operação;;;1.95472
POINT (-49.97926915652789 -22.24895405001636);1763139620.7;14/11/2025 14:00:21;Trator Valtra série T - 05;10;6842;ALAN TURING;PLANTIO MILHO GRÃO;UNIMAR PLANTIO;Velocidade na Operação;;;1.95472
POINT (-49.97924876474484 -22.248927987228782);1763139618.9;14/11/2025 14:00:19;Trator Valtra série T - 05;10;6842;ALAN TURING;PLANTIO MILHO GRÃO;UNIMAR PLANTIO;Velocidade na Operação;;;2.0010161
POINT (-49.97924876474484 -22.248927987228782);1763139618.9;14/11/2025 14:00:19;Trator Valtra série T - 05;10;6842;ALAN TURING;PLANTIO MILHO GRÃO;UNIMAR PLANTIO;Velocidade na Operação;;;2.0010161
POINT (-49.97924876474484 -22.248927987228782);1763139618.9;14/11/2025 14:00:19;Trator Valtra série T - 05;10;6842;ALAN TURING;PLANTIO MILHO GRÃO;UNIMAR PLANTIO;Velocidade na Operação;;;2.0010161
POINT (-49.97923885424172 -22.248922766888132);1763139618.3;14/11/2025 14:00:18;Trator Valtra série T - 05;10;6842;ALAN TURING;PLANTIO MILHO GRÃO;UNIMAR PLANTIO;Velocidade na Operação;;;1.949576
POINT (-49.97923885424172 -22.248922766888132);1763139618.3;14/11/2025 14:00:18;Trator Valtra série T - 05;10;6842;ALAN TURING;PLANTIO MILHO GRÃO;UNIMAR PLANTIO;Velocidade na Operação;;;1.949576
POINT (-49.97923885424172 -22.248922766888132);1763139618.3;14/11/2025 14:00:18;Trator Valtra série T - 05;10;6842;ALAN TURING;PLANTIO MILHO GRÃO;UNIMAR PLANTIO;Velocidade na Operação;;;1.949576
POINT (-49.97917833874286 -22.24880359529794);1763139591.7;14/11/2025 13:59:52;Trator Valtra série T - 05;10;6842;ALAN TURING;PLANTIO MILHO GRÃO;UNIMAR PLANTIO;Velocidade na Operação;;;2.03188
POINT (-49.97917833874286 -22.24880359529794);1763139591.7;14/11/2025 13:59:52;Trator Valtra série T - 05;10;6842;ALAN TURING;PLANTIO MILHO GRÃO;UNIMAR PLANTIO;Velocidade na Operação;;;2.03188
POINT (-49.97917833874286 -22.24880359529794);1763139591.7;14/11/2025 13:59:52;Trator Valtra série T - 05;10;6842;ALAN TURING;PLANTIO MILHO GRÃO;UNIMAR PLANTIO;Velocidade na Operação;;;2.03188
POINT (-49.97928625708363 -22.24888902148622);1763139583.5;14/11/2025 13:59:44;Trator Valtra série T - 05;10;6842;ALAN TURING;PLANTIO MILHO GRÃO;UNIMAR PLANTIO;Velocidade na Operação;;;1.98044
POINT (-49.97928625708363 -22.24888902148622);1763139583.5;14/11/2025 13:59:44;Trator Valtra série T - 05;10;6842;ALAN TURING;PLANTIO MILHO GRÃO;UNIMAR PLANTIO;Velocidade na Operação;;;1.98044
POINT (-49.97928625708363 -22.24888902148622);1763139583.5;14/11/2025 13:59:44;Trator Valtra série T - 05;10;6842;ALAN TURING;PLANTIO MILHO GRÃO;UNIMAR PLANTIO;Velocidade na Operação;;;1.98044
POINT (-49.97934139248742 -22.248931325087767);1763139579.5;14/11/2025 13:59:40;Trator Valtra série T - 05;10;6842;ALAN TURING;PLANTIO MILHO GRÃO;UNIMAR PLANTIO;Velocidade na Operação;;;2.026736
POINT (-49.97934139248742 -22.248931325087767);1763139579.5;14/11/2025 13:59:40;Trator Valtra série T - 05;10;6842;ALAN TURING;PLANTIO MILHO GRÃO;UNIMAR PLANTIO;Velocidade na Operação;;;2.026736
POINT (-49.97934139248742 -22.248931325087767);1763139579.5;14/11/2025 13:59:40;Trator Valtra série T - 05;10;6842;ALAN TURING;PLANTIO MILHO GRÃO;UNIMAR PLANTIO;Velocidade na Operação;;;2.026736
POINT (-49.979496383947684 -22.249008990269314);1763139570.1;14/11/2025 13:59:30;Trator Valtra série T - 05;10;6842;ALAN TURING;PLANTIO MILHO GRÃO;UNIMAR PLANTIO;Velocidade na Operação;;;2.0833201
POINT (-49.979496383947684 -22.249008990269314);1763139570.1;14/11/2025 13:59:30;Trator Valtra série T - 05;10;6842;ALAN TURING;PLANTIO MILHO GRÃO;UNIMAR PLANTIO;Velocidade na Operação;;;2.0833201
POINT (-49.979496383947684 -22.249008990269314);1763139570.1;14/11/2025 13:59:30;Trator Valtra série T - 05;10;6842;ALAN TURING;PLANTIO MILHO GRÃO;UNIMAR PLANTIO;Velocidade na Operação;;;2.0833201
POINT (-49.97955370931023 -22.24902229737881);1763139566.9;14/11/2025 13:59:27;Trator Valtra série T - 05;10;6842;ALAN TURING;PLANTIO MILHO GRÃO;UNIMAR PLANTIO;Velocidade na Operação;;;2.088464
POINT (-49.97955370931023 -22.24902229737881);1763139566.9;14/11/2025 13:59:27;Trator Valtra série T - 05;10;6842;ALAN TURING;PLANTIO MILHO GRÃO;UNIMAR PLANTIO;Velocidade na Operação;;;2.088464
POINT (-49.97955370931023 -22.24902229737881);1763139566.9;14/11/2025 13:59:27;Trator Valtra série T - 05;10;6842;ALAN TURING;PLANTIO MILHO GRÃO;UNIMAR PLANTIO;Velocidade na Operação;;;2.088464
POINT (-49.979567634776394 -22.249025969485963);1763139566.1;14/11/2025 13:59:26;Trator Valtra série T - 05;10;6842;ALAN TURING;PLANTIO MILHO GRÃO;UNIMAR PLANTIO;Velocidade na Operação;;;1.95472
POINT (-49.979567634776394 -22.249025969485963);1763139566.1;14/11/2025 13:59:26;Trator Valtra série T - 05;10;6842;ALAN TURING;PLANTIO MILHO GRÃO;UNIMAR PLANTIO;Velocidade na Operação;;;1.95472
POINT (-49.979567634776394 -22.249025969485963);1763139566.1;14/11/2025 13:59:26;Trator Valtra série T - 05;10;6842;ALAN TURING;PLANTIO MILHO GRÃO;UNIMAR PLANTIO;Velocidade na Operação;;;1.95472
POINT (-49.97969103465453 -22.24906412662919);1763139558.8;14/11/2025 13:59:19;Trator Valtra série T - 05;10;6842;ALAN TURING;PLANTIO MILHO GRÃO;UNIMAR PLANTIO;Velocidade na Operação;;;1.959864
POINT (-49.97969103465453 -22.24906412662919);1763139558.8;14/11/2025 13:59:19;Trator Valtra série T - 05;10;6842;ALAN TURING;PLANTIO MILHO GRÃO;UNIMAR PLANTIO;Velocidade na Operação;;;1.959864
POINT (-49.97969103465453 -22.24906412662919);1763139558.8;14/11/2025 13:59:19;Trator Valtra série T - 05;10;6842;ALAN TURING;PLANTIO MILHO GRÃO;UNIMAR PLANTIO;Velocidade na Operação;;;1.959864
POINT (-49.97972613762344 -22.249081127039325);1763139556.7;14/11/2025 13:59:17;Trator Valtra série T - 05;10;6842;ALAN TURING;PLANTIO MILHO GRÃO;UNIMAR PLANTIO;Velocidade na Operação;;;2.052456
POINT (-49.97972613762344 -22.249081127039325);1763139556.7;14/11/2025 13:59:17;Trator Valtra série T - 05;10;6842;ALAN TURING;PLANTIO MILHO GRÃO;UNIMAR PLANTIO;Velocidade na Operação;;;2.052456
POINT (-49.97972613762344 -22.249081127039325);1763139556.7;14/11/2025 13:59:17;Trator Valtra série T - 05;10;6842;ALAN TURING;PLANTIO MILHO GRÃO;UNIMAR PLANTIO;Velocidade na Operação;;;2.052456
POINT (-49.97973913487883 -22.249087362716697);1763139555.9;14/11/2025 13:59:16;Trator Valtra série T - 05;10;6842;ALAN TURING;PLANTIO MILHO GRÃO;UNIMAR PLANTIO;Velocidade na Operação;;;1.949576
POINT (-49.97973913487883 -22.249087362716697);1763139555.9;14/11/2025 13:59:16;Trator Valtra série T - 05;10;6842;ALAN TURING;PLANTIO MILHO GRÃO;UNIMAR PLANTIO;Velocidade na Operação;;;1.949576
POINT (-49.97973913487883 -22.249087362716697);1763139555.9;14/11/2025 13:59:16;Trator Valtra série T - 05;10;6842;ALAN TURING;PLANTIO MILHO GRÃO;UNIMAR PLANTIO;Velocidade na Operação;;;1.949576
POINT (-49.979832107796106 -22.249065502189506);1763139530.4;14/11/2025 13:58:50;Trator Valtra série T - 05;10;6842;ALAN TURING;PLANTIO MILHO GRÃO;UNIMAR PLANTIO;Velocidade na Operação;;;1.970152
POINT (-49.979832107796106 -22.249065502189506);1763139530.4;14/11/2025 13:58:50;Trator Valtra série T - 05;10;6842;ALAN TURING;PLANTIO MILHO GRÃO;UNIMAR PLANTIO;Velocidade na Operação;;;1.970152
POINT (-49.979832107796106 -22.249065502189506);1763139530.4;14/11/2025 13:58:50;Trator Valtra série T - 05;10;6842;ALAN TURING;PLANTIO MILHO GRÃO;UNIMAR PLANTIO;Velocidade na Operação;;;1.970152
POINT (-49.97982477820946 -22.24905930652884);1763139529.9;14/11/2025 13:58:50;Trator Valtra série T - 05;10;6842;ALAN TURING;PLANTIO MILHO GRÃO;UNIMAR PLANTIO;Velocidade na Operação;;;1.949576
POINT (-49.97982477820946 -22.24905930652884);1763139529.9;14/11/2025 13:58:50;Trator Valtra série T - 05;10;6842;ALAN TURING;PLANTIO MILHO GRÃO;UNIMAR PLANTIO;Velocidade na Operação;;;1.949576
POINT (-49.97982477820946 -22.24905930652884);1763139529.9;14/11/2025 13:58:50;Trator Valtra série T - 05;10;6842;ALAN TURING;PLANTIO MILHO GRÃO;UNIMAR PLANTIO;Velocidade na Operação;;;1.949576
POINT (-49.97971408781683 -22.24902462630536);1763139523.5;14/11/2025 13:58:44;Trator Valtra série T - 05;10;6842;ALAN TURING;PLANTIO MILHO GRÃO;UNIMAR PLANTIO;Velocidade na Operação;;;2.0010161
POINT (-49.97971408781683 -22.24902462630536);1763139523.5;14/11/2025 13:58:44;Trator Valtra série T - 05;10;6842;ALAN TURING;PLANTIO MILHO GRÃO;UNIMAR PLANTIO;Velocidade na Operação;;;2.0010161
POINT (-49.97971408781683 -22.24902462630536);1763139523.5;14/11/2025 13:58:44;Trator Valtra série T - 05;10;6842;ALAN TURING;PLANTIO MILHO GRÃO;UNIMAR PLANTIO;Velocidade na Operação;;;2.0010161
POINT (-49.97940776826552 -22.24889102865618);1763139504.7;14/11/2025 13:58:25;Trator Valtra série T - 05;10;6842;ALAN TURING;PLANTIO MILHO GRÃO;UNIMAR PLANTIO;Velocidade na Operação;;;2.026736
POINT (-49.97940776826552 -22.24889102865618);1763139504.7;14/11/2025 13:58:25;Trator Valtra série T - 05;10;6842;ALAN TURING;PLANTIO MILHO GRÃO;UNIMAR PLANTIO;Velocidade na Operação;;;2.026736
POINT (-49.97940776826552 -22.24889102865618);1763139504.7;14/11/2025 13:58:25;Trator Valtra série T - 05;10;6842;ALAN TURING;PLANTIO MILHO GRÃO;UNIMAR PLANTIO;Velocidade na Operação;;;2.026736
POINT (-49.97920248102646 -22.248751389118294);1763139490.3;14/11/2025 13:58:10;Trator Valtra série T - 05;10;6842;ALAN TURING;PLANTIO MILHO GRÃO;UNIMAR PLANTIO;Velocidade na Operação;;;1.98044
POINT (-49.97920248102646 -22.248751389118294);1763139490.3;14/11/2025 13:58:10;Trator Valtra série T - 05;10;6842;ALAN TURING;PLANTIO MILHO GRÃO;UNIMAR PLANTIO;Velocidade na Operação;;;1.98044
POINT (-49.97920248102646 -22.248751389118294);1763139490.3;14/11/2025 13:58:10;Trator Valtra série T - 05;10;6842;ALAN TURING;PLANTIO MILHO GRÃO;UNIMAR PLANTIO;Velocidade na Operação;;;1.98044
POINT (-49.97914527831285 -22.24867619588756);1763139484.8;14/11/2025 13:58:05;Trator Valtra série T - 05;10;6842;ALAN TURING;PLANTIO MILHO GRÃO;UNIMAR PLANTIO;Velocidade na Operação;;;2.170768
POINT (-49.97914527831285 -22.24867619588756);1763139484.8;14/11/2025 13:58:05;Trator Valtra série T - 05;10;6842;ALAN TURING;PLANTIO MILHO GRÃO;UNIMAR PLANTIO;Velocidade na Operação;;;2.170768
POINT (-49.97914527831285 -22.24867619588756);1763139484.8;14/11/2025 13:58:05;Trator Valtra série T - 05;10;6842;ALAN TURING;PLANTIO MILHO GRÃO;UNIMAR PLANTIO;Velocidade na Operação;;;2.170768
POINT (-49.97904703526887 -22.24853280785031);1763139474.9;14/11/2025 13:57:55;Trator Valtra série T - 05;10;6842;ALAN TURING;PLANTIO MILHO GRÃO;UNIMAR PLANTIO;Velocidade na Operação;;;1.949576
POINT (-49.97904703526887 -22.24853280785031);1763139474.9;14/11/2025 13:57:55;Trator Valtra série T - 05;10;6842;ALAN TURING;PLANTIO MILHO GRÃO;UNIMAR PLANTIO;Velocidade na Operação;;;1.949576
POINT (-49.97904703526887 -22.24853280785031);1763139474.9;14/11/2025 13:57:55;Trator Valtra série T - 05;10;6842;ALAN TURING;PLANTIO MILHO GRÃO;UNIMAR PLANTIO;Velocidade na Operação;;;1.949576
POINT (-49.97897411972858 -22.24843574307473);1763139467.9;14/11/2025 13:57:48;Trator Valtra série T - 05;10;6842;ALAN TURING;PLANTIO MILHO GRÃO;UNIMAR PLANTIO;Velocidade na Operação;;;1.949576
POINT (-49.97897411972858 -22.24843574307473);1763139467.9;14/11/2025 13:57:48;Trator Valtra série T - 05;10;6842;ALAN TURING;PLANTIO MILHO GRÃO;UNIMAR PLANTIO;Velocidade na Operação;;;1.949576
POINT (-49.97897411972858 -22.24843574307473);1763139467.9;14/11/2025 13:57:48;Trator Valtra série T - 05;10;6842;ALAN TURING;PLANTIO MILHO GRÃO;UNIMAR PLANTIO;Velocidade na Operação;;;1.949576
POINT (-49.978967749343646 -22.24843379789754);1763139467.6;14/11/2025 13:57:48;Trator Valtra série T - 05;10;6842;ALAN TURING;PLANTIO MILHO GRÃO;UNIMAR PLANTIO;Velocidade na Operação;;;1.95472
POINT (-49.978967749343646 -22.24843379789754);1763139467.6;14/11/2025 13:57:48;Trator Valtra série T - 05;10;6842;ALAN TURING;PLANTIO MILHO GRÃO;UNIMAR PLANTIO;Velocidade na Operação;;;1.95472
POINT (-49.978967749343646 -22.24843379789754);1763139467.6;14/11/2025 13:57:48;Trator Valtra série T - 05;10;6842;ALAN TURING;PLANTIO MILHO GRÃO;UNIMAR PLANTIO;Velocidade na Operação;;;1.95472
POINT (-49.97886968805279 -22.248279807878394);1763139435.7;14/11/2025 13:57:16;Trator Valtra série T - 05;10;6842;ALAN TURING;PLANTIO MILHO GRÃO;UNIMAR PLANTIO;Velocidade na Operação;;;1.949576
POINT (-49.97886968805279 -22.248279807878394);1763139435.7;14/11/2025 13:57:16;Trator Valtra série T - 05;10;6842;ALAN TURING;PLANTIO MILHO GRÃO;UNIMAR PLANTIO;Velocidade na Operação;;;1.949576
POINT (-49.97886968805279 -22.248279807878394);1763139435.7;14/11/2025 13:57:16;Trator Valtra série T - 05;10;6842;ALAN TURING;PLANTIO MILHO GRÃO;UNIMAR PLANTIO;Velocidade na Operação;;;1.949576
POINT (-49.97892987364244 -22.24833158829734);1763139431.2;14/11/2025 13:57:11;Trator Valtra série T - 05;10;6842;ALAN TURING;PLANTIO MILHO GRÃO;UNIMAR PLANTIO;Velocidade na Operação;;;1.975296
POINT (-49.97892987364244 -22.24833158829734);1763139431.2;14/11/2025 13:57:11;Trator Valtra série T - 05;10;6842;ALAN TURING;PLANTIO MILHO GRÃO;UNIMAR PLANTIO;Velocidade na Operação;;;1.975296
POINT (-49.97892987364244 -22.24833158829734);1763139431.2;14/11/2025 13:57:11;Trator Valtra série T - 05;10;6842;ALAN TURING;PLANTIO MILHO GRÃO;UNIMAR PLANTIO;Velocidade na Operação;;;1.975296
POINT (-49.979086796371675 -22.248478362055856);1763139418.9;14/11/2025 13:56:59;Trator Valtra série T - 05;10;6842;ALAN TURING;PLANTIO MILHO GRÃO;UNIMAR PLANTIO;Velocidade na Operação;;;1.95472
POINT (-49.979086796371675 -22.248478362055856);1763139418.9;14/11/2025 13:56:59;Trator Valtra série T - 05;10;6842;ALAN TURING;PLANTIO MILHO GRÃO;UNIMAR PLANTIO;Velocidade na Operação;;;1.95472
POINT (-49.979086796371675 -22.248478362055856);1763139418.9;14/11/2025 13:56:59;Trator Valtra série T - 05;10;6842;ALAN TURING;PLANTIO MILHO GRÃO;UNIMAR PLANTIO;Velocidade na Operação;;;1.95472
POINT (-49.97933394060917 -22.248794417652658);1763139395.3;14/11/2025 13:56:35;Trator Valtra série T - 05;10;6842;ALAN TURING;PLANTIO MILHO GRÃO;UNIMAR PLANTIO;Velocidade na Operação;;;2.00616
POINT (-49.97933394060917 -22.248794417652658);1763139395.3;14/11/2025 13:56:35;Trator Valtra série T - 05;10;6842;ALAN TURING;PLANTIO MILHO GRÃO;UNIMAR PLANTIO;Velocidade na Operação;;;2.00616
POINT (-49.97933394060917 -22.248794417652658);1763139395.3;14/11/2025 13:56:35;Trator Valtra série T - 05;10;6842;ALAN TURING;PLANTIO MILHO GRÃO;UNIMAR PLANTIO;Velocidade na Operação;;;2.00616
POINT (-49.97943632054855 -22.248862176005186);1763139388.3;14/11/2025 13:56:28;Trator Valtra série T - 05;10;6842;ALAN TURING;PLANTIO MILHO GRÃO;UNIMAR PLANTIO;Velocidade na Operação;;;2.0421681
POINT (-49.97943632054855 -22.248862176005186);1763139388.3;14/11/2025 13:56:28;Trator Valtra série T - 05;10;6842;ALAN TURING;PLANTIO MILHO GRÃO;UNIMAR PLANTIO;Velocidade na Operação;;;2.0421681
POINT (-49.97943632054855 -22.248862176005186);1763139388.3;14/11/2025 13:56:28;Trator Valtra série T - 05;10;6842;ALAN TURING;PLANTIO MILHO GRÃO;UNIMAR PLANTIO;Velocidade na Operação;;;2.0421681
POINT (-49.97976947401548 -22.24900562655603);1763139368.5;14/11/2025 13:56:08;Trator Valtra série T - 05;10;6842;ALAN TURING;PLANTIO MILHO GRÃO;UNIMAR PLANTIO;Velocidade na Operação;;;1.990728
POINT (-49.97976947401548 -22.24900562655603);1763139368.5;14/11/2025 13:56:08;Trator Valtra série T - 05;10;6842;ALAN TURING;PLANTIO MILHO GRÃO;UNIMAR PLANTIO;Velocidade na Operação;;;1.990728
POINT (-49.97976947401548 -22.24900562655603);1763139368.5;14/11/2025 13:56:08;Trator Valtra série T - 05;10;6842;ALAN TURING;PLANTIO MILHO GRÃO;UNIMAR PLANTIO;Velocidade na Operação;;;1.990728
POINT (-49.97985687769604 -22.249013657063735);1763139363.8;14/11/2025 13:56:04;Trator Valtra série T - 05;10;6842;ALAN TURING;PLANTIO MILHO GRÃO;UNIMAR PLANTIO;Velocidade na Operação;;;2.0627441
POINT (-49.97985687769604 -22.249013657063735);1763139363.8;14/11/2025 13:56:04;Trator Valtra série T - 05;10;6842;ALAN TURING;PLANTIO MILHO GRÃO;UNIMAR PLANTIO;Velocidade na Operação;;;2.0627441
POINT (-49.97985687769604 -22.249013657063735);1763139363.8;14/11/2025 13:56:04;Trator Valtra série T - 05;10;6842;ALAN TURING;PLANTIO MILHO GRÃO;UNIMAR PLANTIO;Velocidade na Operação;;;2.0627441
POINT (-49.97990604718615 -22.249028501497946);1763139361;14/11/2025 13:56:01;Trator Valtra série T - 05;10;6842;ALAN TURING;PLANTIO MILHO GRÃO;UNIMAR PLANTIO;Velocidade na Operação;;;1.970152
POINT (-49.97990604718615 -22.249028501497946);1763139361;14/11/2025 13:56:01;Trator Valtra série T - 05;10;6842;ALAN TURING;PLANTIO MILHO GRÃO;UNIMAR PLANTIO;Velocidade na Operação;;;1.970152
POINT (-49.97990604718615 -22.249028501497946);1763139361;14/11/2025 13:56:01;Trator Valtra série T - 05;10;6842;ALAN TURING;PLANTIO MILHO GRÃO;UNIMAR PLANTIO;Velocidade na Operação;;;1.970152
POINT (-49.98000761229481 -22.249005928616818);1763139331.6;14/11/2025 13:55:32;Trator Valtra série T - 05;10;6842;ALAN TURING;PLANTIO MILHO GRÃO;UNIMAR PLANTIO;Velocidade na Operação;;;2.011304
POINT (-49.98000761229481 -22.249005928616818);1763139331.6;14/11/2025 13:55:32;Trator Valtra série T - 05;10;6842;ALAN TURING;PLANTIO MILHO GRÃO;UNIMAR PLANTIO;Velocidade na Operação;;;2.011304
POINT (-49.98000761229481 -22.249005928616818);1763139331.6;14/11/2025 13:55:32;Trator Valtra série T - 05;10;6842;ALAN TURING;PLANTIO MILHO GRÃO;UNIMAR PLANTIO;Velocidade na Operação;;;2.011304
POINT (-49.97992469937004 -22.24898410868831);1763139326.9;14/11/2025 13:55:27;Trator Valtra série T - 05;10;6842;ALAN TURING;PLANTIO MILHO GRÃO;UNIMAR PLANTIO;Velocidade na Operação;;;1.95472
POINT (-49.97992469937004 -22.24898410868831);1763139326.9;14/11/2025 13:55:27;Trator Valtra série T - 05;10;6842;ALAN TURING;PLANTIO MILHO GRÃO;UNIMAR PLANTIO;Velocidade na Operação;;;1.95472
POINT (-49.97992469937004 -22.24898410868831);1763139326.9;14/11/2025 13:55:27;Trator Valtra série T - 05;10;6842;ALAN TURING;PLANTIO MILHO GRÃO;UNIMAR PLANTIO;Velocidade na Operação;;;1.95472
POINT (-49.97966921309515 -22.248899098573506);1763139311.9;14/11/2025 13:55:12;Trator Valtra série T - 05;10;6842;ALAN TURING;PLANTIO MILHO GRÃO;UNIMAR PLANTIO;Velocidade na Operação;;;2.067888
POINT (-49.97966921309515 -22.248899098573506);1763139311.9;14/11/2025 13:55:12;Trator Valtra série T - 05;10;6842;ALAN TURING;PLANTIO MILHO GRÃO;UNIMAR PLANTIO;Velocidade na Operação;;;2.067888
POINT (-49.97966921309515 -22.248899098573506);1763139311.9;14/11/2025 13:55:12;Trator Valtra série T - 05;10;6842;ALAN TURING;PLANTIO MILHO GRÃO;UNIMAR PLANTIO;Velocidade na Operação;;;2.067888
POINT (-49.97955483070047 -22.24885535255191);1763139305.1;14/11/2025 13:55:05;Trator Valtra série T - 05;10;6842;ALAN TURING;PLANTIO MILHO GRÃO;UNIMAR PLANTIO;Velocidade na Operação;;;2.1450481
POINT (-49.97955483070047 -22.24885535255191);1763139305.1;14/11/2025 13:55:05;Trator Valtra série T - 05;10;6842;ALAN TURING;PLANTIO MILHO GRÃO;UNIMAR PLANTIO;Velocidade na Operação;;;2.1450481
POINT (-49.97955483070047 -22.24885535255191);1763139305.1;14/11/2025 13:55:05;Trator Valtra série T - 05;10;6842;ALAN TURING;PLANTIO MILHO GRÃO;UNIMAR PLANTIO;Velocidade na Operação;;;2.1450481
POINT (-49.97953408748749 -22.24883880193336);1763139303.7;14/11/2025 13:55:04;Trator Valtra série T - 05;10;6842;ALAN TURING;PLANTIO MILHO GRÃO;UNIMAR PLANTIO;Velocidade na Operação;;;2.00616
POINT (-49.97953408748749 -22.24883880193336);1763139303.7;14/11/2025 13:55:04;Trator Valtra série T - 05;10;6842;ALAN TURING;PLANTIO MILHO GRÃO;UNIMAR PLANTIO;Velocidade na Operação;;;2.00616
POINT (-49.97953408748749 -22.24883880193336);1763139303.7;14/11/2025 13:55:04;Trator Valtra série T - 05;10;6842;ALAN TURING;PLANTIO MILHO GRÃO;UNIMAR PLANTIO;Velocidade na Operação;;;2.00616
POINT (-49.97950416183276 -22.2488132963208);1763139301.5;14/11/2025 13:55:02;Trator Valtra série T - 05;10;6842;ALAN TURING;PLANTIO MILHO GRÃO;UNIMAR PLANTIO;Velocidade na Operação;;;1.990728
POINT (-49.97950416183276 -22.2488132963208);1763139301.5;14/11/2025 13:55:02;Trator Valtra série T - 05;10;6842;ALAN TURING;PLANTIO MILHO GRÃO;UNIMAR PLANTIO;Velocidade na Operação;;;1.990728
POINT (-49.97950416183276 -22.2488132963208);1763139301.5;14/11/2025 13:55:02;Trator Valtra série T - 05;10;6842;ALAN TURING;PLANTIO MILHO GRÃO;UNIMAR PLANTIO;Velocidade na Operação;;;1.990728
POINT (-49.97944342629616 -22.248800626961877);1763139298.1;14/11/2025 13:54:58;Trator Valtra série T - 05;10;6842;ALAN TURING;PLANTIO MILHO GRÃO;UNIMAR PLANTIO;Velocidade na Operação;;;2.037024
POINT (-49.97944342629616 -22.248800626961877);1763139298.1;14/11/2025 13:54:58;Trator Valtra série T - 05;10;6842;ALAN TURING;PLANTIO MILHO GRÃO;UNIMAR PLANTIO;Velocidade na Operação;;;2.037024
POINT (-49.97944342629616 -22.248800626961877);1763139298.1;14/11/2025 13:54:58;Trator Valtra série T - 05;10;6842;ALAN TURING;PLANTIO MILHO GRÃO;UNIMAR PLANTIO;Velocidade na Operação;;;2.037024
POINT (-49.97836189170712 -22.247747881765424);1763139210.8;14/11/2025 13:53:31;Trator Valtra série T - 05;10;6842;ALAN TURING;PLANTIO MILHO GRÃO;UNIMAR PLANTIO;Velocidade na Operação;;;1.959864
POINT (-49.97836189170712 -22.247747881765424);1763139210.8;14/11/2025 13:53:31;Trator Valtra série T - 05;10;6842;ALAN TURING;PLANTIO MILHO GRÃO;UNIMAR PLANTIO;Velocidade na Operação;;;1.959864
POINT (-49.97836189170712 -22.247747881765424);1763139210.8;14/11/2025 13:53:31;Trator Valtra série T - 05;10;6842;ALAN TURING;PLANTIO MILHO GRÃO;UNIMAR PLANTIO;Velocidade na Operação;;;1.959864
POINT (-49.97802296624914 -22.247449671766077);1763139169.9;14/11/2025 13:52:50;Trator Valtra série T - 05;10;6842;ALAN TURING;PLANTIO MILHO GRÃO;UNIMAR PLANTIO;Velocidade na Operação;;;1.965008
POINT (-49.97802296624914 -22.247449671766077);1763139169.9;14/11/2025 13:52:50;Trator Valtra série T - 05;10;6842;ALAN TURING;PLANTIO MILHO GRÃO;UNIMAR PLANTIO;Velocidade na Operação;;;1.965008
POINT (-49.97802296624914 -22.247449671766077);1763139169.9;14/11/2025 13:52:50;Trator Valtra série T - 05;10;6842;ALAN TURING;PLANTIO MILHO GRÃO;UNIMAR PLANTIO;Velocidade na Operação;;;1.965008
POINT (-49.97913946288935 -22.248365003734108);1763139086.9;14/11/2025 13:51:27;Trator Valtra série T - 05;10;6842;ALAN TURING;PLANTIO MILHO GRÃO;UNIMAR PLANTIO;Velocidade na Operação;;;1.965008
POINT (-49.97913946288935 -22.248365003734108);1763139086.9;14/11/2025 13:51:27;Trator Valtra série T - 05;10;6842;ALAN TURING;PLANTIO MILHO GRÃO;UNIMAR PLANTIO;Velocidade na Operação;;;1.965008
POINT (-49.97913946288935 -22.248365003734108);1763139086.9;14/11/2025 13:51:27;Trator Valtra série T - 05;10;6842;ALAN TURING;PLANTIO MILHO GRÃO;UNIMAR PLANTIO;Velocidade na Operação;;;1.965008
POINT (-49.979154221405885 -22.248373471460976);1763139085.9;14/11/2025 13:51:26;Trator Valtra série T - 05;10;6842;ALAN TURING;PLANTIO MILHO GRÃO;UNIMAR PLANTIO;Velocidade na Operação;;;2.03188
POINT (-49.979154221405885 -22.248373471460976);1763139085.9;14/11/2025 13:51:26;Trator Valtra série T - 05;10;6842;ALAN TURING;PLANTIO MILHO GRÃO;UNIMAR PLANTIO;Velocidade na Operação;;;2.03188
POINT (-49.979154221405885 -22.248373471460976);1763139085.9;14/11/2025 13:51:26;Trator Valtra série T - 05;10;6842;ALAN TURING;PLANTIO MILHO GRÃO;UNIMAR PLANTIO;Velocidade na Operação;;;2.03188
POINT (-49.97926183057333 -22.248570950415118);1763139072.9;14/11/2025 13:51:13;Trator Valtra série T - 05;10;6842;ALAN TURING;PLANTIO MILHO GRÃO;UNIMAR PLANTIO;Velocidade na Operação;;;1.985584
POINT (-49.97926183057333 -22.248570950415118);1763139072.9;14/11/2025 13:51:13;Trator Valtra série T - 05;10;6842;ALAN TURING;PLANTIO MILHO GRÃO;UNIMAR PLANTIO;Velocidade na Operação;;;1.985584
POINT (-49.97926183057333 -22.248570950415118);1763139072.9;14/11/2025 13:51:13;Trator Valtra série T - 05;10;6842;ALAN TURING;PLANTIO MILHO GRÃO;UNIMAR PLANTIO;Velocidade na Operação;;;1.985584
POINT (-49.97947133364532 -22.248744854279582);1763139057.3;14/11/2025 13:50:57;Trator Valtra série T - 05;10;6842;ALAN TURING;PLANTIO MILHO GRÃO;UNIMAR PLANTIO;Velocidade na Operação;;;1.959864
POINT (-49.97947133364532 -22.248744854279582);1763139057.3;14/11/2025 13:50:57;Trator Valtra série T - 05;10;6842;ALAN TURING;PLANTIO MILHO GRÃO;UNIMAR PLANTIO;Velocidade na Operação;;;1.959864
POINT (-49.97947133364532 -22.248744854279582);1763139057.3;14/11/2025 13:50:57;Trator Valtra série T - 05;10;6842;ALAN TURING;PLANTIO MILHO GRÃO;UNIMAR PLANTIO;Velocidade na Operação;;;1.959864
POINT (-49.97951347757094 -22.248783158223297);1763139054.1;14/11/2025 13:50:54;Trator Valtra série T - 05;10;6842;ALAN TURING;PLANTIO MILHO GRÃO;UNIMAR PLANTIO;Velocidade na Operação;;;2.026736
POINT (-49.97951347757094 -22.248783158223297);1763139054.1;14/11/2025 13:50:54;Trator Valtra série T - 05;10;6842;ALAN TURING;PLANTIO MILHO GRÃO;UNIMAR PLANTIO;Velocidade na Operação;;;2.026736
POINT (-49.97951347757094 -22.248783158223297);1763139054.1;14/11/2025 13:50:54;Trator Valtra série T - 05;10;6842;ALAN TURING;PLANTIO MILHO GRÃO;UNIMAR PLANTIO;Velocidade na Operação;;;2.026736
POINT (-49.97967195545685 -22.248841496856503);1763139044.8;14/11/2025 13:50:45;Trator Valtra série T - 05;10;6842;ALAN TURING;PLANTIO MILHO GRÃO;UNIMAR PLANTIO;Velocidade na Operação;;;2.0215921
POINT (-49.97967195545685 -22.248841496856503);1763139044.8;14/11/2025 13:50:45;Trator Valtra série T - 05;10;6842;ALAN TURING;PLANTIO MILHO GRÃO;UNIMAR PLANTIO;Velocidade na Operação;;;2.0215921
POINT (-49.97967195545685 -22.248841496856503);1763139044.8;14/11/2025 13:50:45;Trator Valtra série T - 05;10;6842;ALAN TURING;PLANTIO MILHO GRÃO;UNIMAR PLANTIO;Velocidade na Operação;;;2.0215921
POINT (-49.97992771066545 -22.24893422357922);1763139029.8;14/11/2025 13:50:30;Trator Valtra série T - 05;10;6842;ALAN TURING;PLANTIO MILHO GRÃO;UNIMAR PLANTIO;Velocidade na Operação;;;2.026736
POINT (-49.97992771066545 -22.24893422357922);1763139029.8;14/11/2025 13:50:30;Trator Valtra série T - 05;10;6842;ALAN TURING;PLANTIO MILHO GRÃO;UNIMAR PLANTIO;Velocidade na Operação;;;2.026736
POINT (-49.97992771066545 -22.24893422357922);1763139029.8;14/11/2025 13:50:30;Trator Valtra série T - 05;10;6842;ALAN TURING;PLANTIO MILHO GRÃO;UNIMAR PLANTIO;Velocidade na Operação;;;2.026736
POINT (-49.98004128272936 -22.248968989401614);1763139023.2;14/11/2025 13:50:23;Trator Valtra série T - 05;10;6842;ALAN TURING;PLANTIO MILHO GRÃO;UNIMAR PLANTIO;Velocidade na Operação;;;1.959864
POINT (-49.98004128272936 -22.248968989401614);1763139023.2;14/11/2025 13:50:23;Trator Valtra série T - 05;10;6842;ALAN TURING;PLANTIO MILHO GRÃO;UNIMAR PLANTIO;Velocidade na Operação;;;1.959864
POINT (-49.98004128272936 -22.248968989401614);1763139023.2;14/11/2025 13:50:23;Trator Valtra série T - 05;10;6842;ALAN TURING;PLANTIO MILHO GRÃO;UNIMAR PLANTIO;Velocidade na Operação;;;1.959864
POINT (-49.97942180643424 -22.249206013849104);1763138932.5;14/11/2025 13:48:52;Trator Valtra série T - 05;10;6842;ALAN TURING;PLANTIO MILHO GRÃO;UNIMAR PLANTIO;Velocidade na Operação;;;1.990728
POINT (-49.97942180643424 -22.249206013849104);1763138932.5;14/11/2025 13:48:52;Trator Valtra série T - 05;10;6842;ALAN TURING;PLANTIO MILHO GRÃO;UNIMAR PLANTIO;Velocidade na Operação;;;1.990728
POINT (-49.97942180643424 -22.249206013849104);1763138932.5;14/11/2025 13:48:52;Trator Valtra série T - 05;10;6842;ALAN TURING;PLANTIO MILHO GRÃO;UNIMAR PLANTIO;Velocidade na Operação;;;1.990728
POINT (-49.97926306167841 -22.249106381036395);1763138921.9;14/11/2025 13:48:42;Trator Valtra série T - 05;10;6842;ALAN TURING;PLANTIO MILHO GRÃO;UNIMAR PLANTIO;Velocidade na Operação;;;2.0576
POINT (-49.97926306167841 -22.249106381036395);1763138921.9;14/11/2025 13:48:42;Trator Valtra série T - 05;10;6842;ALAN TURING;PLANTIO MILHO GRÃO;UNIMAR PLANTIO;Velocidade na Operação;;;2.0576
POINT (-49.97926306167841 -22.249106381036395);1763138921.9;14/11/2025 13:48:42;Trator Valtra série T - 05;10;6842;ALAN TURING;PLANTIO MILHO GRÃO;UNIMAR PLANTIO;Velocidade na Operação;;;2.0576
POINT (-49.97918541028546 -22.248964179550267);1763138912.7;14/11/2025 13:48:33;Trator Valtra série T - 05;10;6842;ALAN TURING;PLANTIO MILHO GRÃO;UNIMAR PLANTIO;Velocidade na Operação;;;1.949576
POINT (-49.97918541028546 -22.248964179550267);1763138912.7;14/11/2025 13:48:33;Trator Valtra série T - 05;10;6842;ALAN TURING;PLANTIO MILHO GRÃO;UNIMAR PLANTIO;Velocidade na Operação;;;1.949576
POINT (-49.97918541028546 -22.248964179550267);1763138912.7;14/11/2025 13:48:33;Trator Valtra série T - 05;10;6842;ALAN TURING;PLANTIO MILHO GRÃO;UNIMAR PLANTIO;Velocidade na Operação;;;1.949576
POINT (-49.9791697104275 -22.248900813640976);1763138908.9;14/11/2025 13:48:29;Trator Valtra série T - 05;10;6842;ALAN TURING;PLANTIO MILHO GRÃO;UNIMAR PLANTIO;Velocidade na Operação;;;2.098752
POINT (-49.9791697104275 -22.248900813640976);1763138908.9;14/11/2025 13:48:29;Trator Valtra série T - 05;10;6842;ALAN TURING;PLANTIO MILHO GRÃO;UNIMAR PLANTIO;Velocidade na Operação;;;2.098752
POINT (-49.9791697104275 -22.248900813640976);1763138908.9;14/11/2025 13:48:29;Trator Valtra série T - 05;10;6842;ALAN TURING;PLANTIO MILHO GRÃO;UNIMAR PLANTIO;Velocidade na Operação;;;2.098752
POINT (-49.97906207855453 -22.248708593304595);1763138895.9;14/11/2025 13:48:16;Trator Valtra série T - 05;10;6842;ALAN TURING;PLANTIO MILHO GRÃO;UNIMAR PLANTIO;Velocidade na Operação;;;2.155336
POINT (-49.97906207855453 -22.248708593304595);1763138895.9;14/11/2025 13:48:16;Trator Valtra série T - 05;10;6842;ALAN TURING;PLANTIO MILHO GRÃO;UNIMAR PLANTIO;Velocidade na Operação;;;2.155336
POINT (-49.97906207855453 -22.248708593304595);1763138895.9;14/11/2025 13:48:16;Trator Valtra série T - 05;10;6842;ALAN TURING;PLANTIO MILHO GRÃO;UNIMAR PLANTIO;Velocidade na Operação;;;2.155336
POINT (-49.97895705863629 -22.248566149417936);1763138885.7;14/11/2025 13:48:06;Trator Valtra série T - 05;10;6842;ALAN TURING;PLANTIO MILHO GRÃO;UNIMAR PLANTIO;Velocidade na Operação;;;2.00616
POINT (-49.97895705863629 -22.248566149417936);1763138885.7;14/11/2025 13:48:06;Trator Valtra série T - 05;10;6842;ALAN TURING;PLANTIO MILHO GRÃO;UNIMAR PLANTIO;Velocidade na Operação;;;2.00616
POINT (-49.97895705863629 -22.248566149417936);1763138885.7;14/11/2025 13:48:06;Trator Valtra série T - 05;10;6842;ALAN TURING;PLANTIO MILHO GRÃO;UNIMAR PLANTIO;Velocidade na Operação;;;2.00616
POINT (-49.978833250644435 -22.248346270332586);1763138870.9;14/11/2025 13:47:51;Trator Valtra série T - 05;10;6842;ALAN TURING;PLANTIO MILHO GRÃO;UNIMAR PLANTIO;Velocidade na Operação;;;2.0576
POINT (-49.978833250644435 -22.248346270332586);1763138870.9;14/11/2025 13:47:51;Trator Valtra série T - 05;10;6842;ALAN TURING;PLANTIO MILHO GRÃO;UNIMAR PLANTIO;Velocidade na Operação;;;2.0576
POINT (-49.978833250644435 -22.248346270332586);1763138870.9;14/11/2025 13:47:51;Trator Valtra série T - 05;10;6842;ALAN TURING;PLANTIO MILHO GRÃO;UNIMAR PLANTIO;Velocidade na Operação;;;2.0576
POINT (-49.9779790241146 -22.247495761734186);1763138800.9;14/11/2025 13:46:41;Trator Valtra série T - 05;10;6842;ALAN TURING;PLANTIO MILHO GRÃO;UNIMAR PLANTIO;Velocidade na Operação;;;2.093608
POINT (-49.9779790241146 -22.247495761734186);1763138800.9;14/11/2025 13:46:41;Trator Valtra série T - 05;10;6842;ALAN TURING;PLANTIO MILHO GRÃO;UNIMAR PLANTIO;Velocidade na Operação;;;2.093608
POINT (-49.9779790241146 -22.247495761734186);1763138800.9;14/11/2025 13:46:41;Trator Valtra série T - 05;10;6842;ALAN TURING;PLANTIO MILHO GRÃO;UNIMAR PLANTIO;Velocidade na Operação;;;2.093608
POINT (-49.97761285329154 -22.247324998096882);1763138652.1;14/11/2025 13:44:12;Trator Valtra série T - 05;10;6842;ALAN TURING;PLANTIO MILHO GRÃO;UNIMAR PLANTIO;Velocidade na Operação;;;1.959864
POINT (-49.97761285329154 -22.247324998096882);1763138652.1;14/11/2025 13:44:12;Trator Valtra série T - 05;10;6842;ALAN TURING;PLANTIO MILHO GRÃO;UNIMAR PLANTIO;Velocidade na Operação;;;1.959864
POINT (-49.97761285329154 -22.247324998096882);1763138652.1;14/11/2025 13:44:12;Trator Valtra série T - 05;10;6842;ALAN TURING;PLANTIO MILHO GRÃO;UNIMAR PLANTIO;Velocidade na Operação;;;1.959864
POINT (-49.977533098598286 -22.247330974777892);1763138612.6;14/11/2025 13:43:33;Trator Valtra série T - 05;10;6842;ALAN TURING;PLANTIO MILHO GRÃO;UNIMAR PLANTIO;Velocidade na Operação;;;2.088464
POINT (-49.977533098598286 -22.247330974777892);1763138612.6;14/11/2025 13:43:33;Trator Valtra série T - 05;10;6842;ALAN TURING;PLANTIO MILHO GRÃO;UNIMAR PLANTIO;Velocidade na Operação;;;2.088464
POINT (-49.977533098598286 -22.247330974777892);1763138612.6;14/11/2025 13:43:33;Trator Valtra série T - 05;10;6842;ALAN TURING;PLANTIO MILHO GRÃO;UNIMAR PLANTIO;Velocidade na Operação;;;2.088464
POINT (-49.977254743009425 -22.24690073002046);1763138529.4;14/11/2025 13:42:09;Trator Valtra série T - 05;10;6842;ALAN TURING;PLANTIO MILHO GRÃO;UNIMAR PLANTIO;Velocidade na Operação;;;2.114184
POINT (-49.977254743009425 -22.24690073002046);1763138529.4;14/11/2025 13:42:09;Trator Valtra série T - 05;10;6842;ALAN TURING;PLANTIO MILHO GRÃO;UNIMAR PLANTIO;Velocidade na Operação;;;2.114184
POINT (-49.977254743009425 -22.24690073002046);1763138529.4;14/11/2025 13:42:09;Trator Valtra série T - 05;10;6842;ALAN TURING;PLANTIO MILHO GRÃO;UNIMAR PLANTIO;Velocidade na Operação;;;2.114184
POINT (-49.97739736972779 -22.247068269052008);1763138516.7;14/11/2025 13:41:57;Trator Valtra série T - 05;10;6842;ALAN TURING;PLANTIO MILHO GRÃO;UNIMAR PLANTIO;Velocidade na Operação;;;1.970152
POINT (-49.97739736972779 -22.247068269052008);1763138516.7;14/11/2025 13:41:57;Trator Valtra série T - 05;10;6842;ALAN TURING;PLANTIO MILHO GRÃO;UNIMAR PLANTIO;Velocidade na Operação;;;1.970152
POINT (-49.97739736972779 -22.247068269052008);1763138516.7;14/11/2025 13:41:57;Trator Valtra série T - 05;10;6842;ALAN TURING;PLANTIO MILHO GRÃO;UNIMAR PLANTIO;Velocidade na Operação;;;1.970152
POINT (-49.977691513387896 -22.247326156162643);1763138494;14/11/2025 13:41:34;Trator Valtra série T - 05;10;6842;ALAN TURING;PLANTIO MILHO GRÃO;UNIMAR PLANTIO;Velocidade na Operação;;;1.990728
POINT (-49.977691513387896 -22.247326156162643);1763138494;14/11/2025 13:41:34;Trator Valtra série T - 05;10;6842;ALAN TURING;PLANTIO MILHO GRÃO;UNIMAR PLANTIO;Velocidade na Operação;;;1.990728
POINT (-49.977691513387896 -22.247326156162643);1763138494;14/11/2025 13:41:34;Trator Valtra série T - 05;10;6842;ALAN TURING;PLANTIO MILHO GRÃO;UNIMAR PLANTIO;Velocidade na Operação;;;1.990728
POINT (-49.97792279836319 -22.24739594767939);1763138463.9;14/11/2025 13:41:04;Trator Valtra série T - 05;10;6842;ALAN TURING;PLANTIO MILHO GRÃO;UNIMAR PLANTIO;Velocidade na Operação;;;1.959864
POINT (-49.97792279836319 -22.24739594767939);1763138463.9;14/11/2025 13:41:04;Trator Valtra série T - 05;10;6842;ALAN TURING;PLANTIO MILHO GRÃO;UNIMAR PLANTIO;Velocidade na Operação;;;1.959864
POINT (-49.97792279836319 -22.24739594767939);1763138463.9;14/11/2025 13:41:04;Trator Valtra série T - 05;10;6842;ALAN TURING;PLANTIO MILHO GRÃO;UNIMAR PLANTIO;Velocidade na Operação;;;1.959864
POINT (-49.97781495068679 -22.247337320928217);1763138457;14/11/2025 13:40:57;Trator Valtra série T - 05;10;6842;ALAN TURING;PLANTIO MILHO GRÃO;UNIMAR PLANTIO;Velocidade na Operação;;;1.95472
POINT (-49.97781495068679 -22.247337320928217);1763138457;14/11/2025 13:40:57;Trator Valtra série T - 05;10;6842;ALAN TURING;PLANTIO MILHO GRÃO;UNIMAR PLANTIO;Velocidade na Operação;;;1.95472
POINT (-49.97781495068679 -22.247337320928217);1763138457;14/11/2025 13:40:57;Trator Valtra série T - 05;10;6842;ALAN TURING;PLANTIO MILHO GRÃO;UNIMAR PLANTIO;Velocidade na Operação;;;1.95472
POINT (-49.9773357285356 -22.246836047280123);1763131008.9;14/11/2025 11:36:49;Trator Valtra série T - 05;10;6842;ALAN TURING;PLANTIO MILHO GRÃO;UNIMAR PLANTIO;Velocidade na Operação;;;2.016448
POINT (-49.9773357285356 -22.246836047280123);1763131008.9;14/11/2025 11:36:49;Trator Valtra série T - 05;10;6842;ALAN TURING;PLANTIO MILHO GRÃO;UNIMAR PLANTIO;Velocidade na Operação;;;2.016448
POINT (-49.9773357285356 -22.246836047280123);1763131008.9;14/11/2025 11:36:49;Trator Valtra série T - 05;10;6842;ALAN TURING;PLANTIO MILHO GRÃO;UNIMAR PLANTIO;Velocidade na Operação;;;2.016448
POINT (-49.97907900549143 -22.248247979922912);1763130878.9;14/11/2025 11:34:39;Trator Valtra série T - 05;10;6842;ALAN TURING;PLANTIO MILHO GRÃO;UNIMAR PLANTIO;Velocidade na Operação;;;1.970152
POINT (-49.97907900549143 -22.248247979922912);1763130878.9;14/11/2025 11:34:39;Trator Valtra série T - 05;10;6842;ALAN TURING;PLANTIO MILHO GRÃO;UNIMAR PLANTIO;Velocidade na Operação;;;1.970152
POINT (-49.97907900549143 -22.248247979922912);1763130878.9;14/11/2025 11:34:39;Trator Valtra série T - 05;10;6842;ALAN TURING;PLANTIO MILHO GRÃO;UNIMAR PLANTIO;Velocidade na Operação;;;1.970152
POINT (-49.979308674920524 -22.248523762513763);1763130857.9;14/11/2025 11:34:18;Trator Valtra série T - 05;10;6842;ALAN TURING;PLANTIO MILHO GRÃO;UNIMAR PLANTIO;Velocidade na Operação;;;1.95472
POINT (-49.979308674920524 -22.248523762513763);1763130857.9;14/11/2025 11:34:18;Trator Valtra série T - 05;10;6842;ALAN TURING;PLANTIO MILHO GRÃO;UNIMAR PLANTIO;Velocidade na Operação;;;1.95472
POINT (-49.979308674920524 -22.248523762513763);1763130857.9;14/11/2025 11:34:18;Trator Valtra série T - 05;10;6842;ALAN TURING;PLANTIO MILHO GRÃO;UNIMAR PLANTIO;Velocidade na Operação;;;1.95472
POINT (-49.979407762717635 -22.248650248847444);1763130848.5;14/11/2025 11:34:08;Trator Valtra série T - 05;10;6842;ALAN TURING;PLANTIO MILHO GRÃO;UNIMAR PLANTIO;Velocidade na Operação;;;2.0421681
POINT (-49.979407762717635 -22.248650248847444);1763130848.5;14/11/2025 11:34:08;Trator Valtra série T - 05;10;6842;ALAN TURING;PLANTIO MILHO GRÃO;UNIMAR PLANTIO;Velocidade na Operação;;;2.0421681
POINT (-49.979407762717635 -22.248650248847444);1763130848.5;14/11/2025 11:34:08;Trator Valtra série T - 05;10;6842;ALAN TURING;PLANTIO MILHO GRÃO;UNIMAR PLANTIO;Velocidade na Operação;;;2.0421681
POINT (-49.97947215336532 -22.248705745995068);1763130843.7;14/11/2025 11:34:04;Trator Valtra série T - 05;10;6842;ALAN TURING;PLANTIO MILHO GRÃO;UNIMAR PLANTIO;Velocidade na Operação;;;1.985584
POINT (-49.97947215336532 -22.248705745995068);1763130843.7;14/11/2025 11:34:04;Trator Valtra série T - 05;10;6842;ALAN TURING;PLANTIO MILHO GRÃO;UNIMAR PLANTIO;Velocidade na Operação;;;1.985584
POINT (-49.97947215336532 -22.248705745995068);1763130843.7;14/11/2025 11:34:04;Trator Valtra série T - 05;10;6842;ALAN TURING;PLANTIO MILHO GRÃO;UNIMAR PLANTIO;Velocidade na Operação;;;1.985584
POINT (-49.97979374172972 -22.248828056570762);1763130824.7;14/11/2025 11:33:45;Trator Valtra série T - 05;10;6842;ALAN TURING;PLANTIO MILHO GRÃO;UNIMAR PLANTIO;Velocidade na Operação;;;1.965008
POINT (-49.97979374172972 -22.248828056570762);1763130824.7;14/11/2025 11:33:45;Trator Valtra série T - 05;10;6842;ALAN TURING;PLANTIO MILHO GRÃO;UNIMAR PLANTIO;Velocidade na Operação;;;1.965008
POINT (-49.97979374172972 -22.248828056570762);1763130824.7;14/11/2025 11:33:45;Trator Valtra série T - 05;10;6842;ALAN TURING;PLANTIO MILHO GRÃO;UNIMAR PLANTIO;Velocidade na Operação;;;1.965008
POINT (-49.97986328195089 -22.248859134715964);1763130820.5;14/11/2025 11:33:40;Trator Valtra série T - 05;10;6842;ALAN TURING;PLANTIO MILHO GRÃO;UNIMAR PLANTIO;Velocidade na Operação;;;2.073032
POINT (-49.97986328195089 -22.248859134715964);1763130820.5;14/11/2025 11:33:40;Trator Valtra série T - 05;10;6842;ALAN TURING;PLANTIO MILHO GRÃO;UNIMAR PLANTIO;Velocidade na Operação;;;2.073032
POINT (-49.97986328195089 -22.248859134715964);1763130820.5;14/11/2025 11:33:40;Trator Valtra série T - 05;10;6842;ALAN TURING;PLANTIO MILHO GRÃO;UNIMAR PLANTIO;Velocidade na Operação;;;2.073032
POINT (-49.97998197226617 -22.248891634927432);1763130813.7;14/11/2025 11:33:34;Trator Valtra série T - 05;10;6842;ALAN TURING;PLANTIO MILHO GRÃO;UNIMAR PLANTIO;Velocidade na Operação;;;2.093608
POINT (-49.97998197226617 -22.248891634927432);1763130813.7;14/11/2025 11:33:34;Trator Valtra série T - 05;10;6842;ALAN TURING;PLANTIO MILHO GRÃO;UNIMAR PLANTIO;Velocidade na Operação;;;2.093608
POINT (-49.97998197226617 -22.248891634927432);1763130813.7;14/11/2025 11:33:34;Trator Valtra série T - 05;10;6842;ALAN TURING;PLANTIO MILHO GRÃO;UNIMAR PLANTIO;Velocidade na Operação;;;2.093608
POINT (-49.98006707583091 -22.248933433181044);1763130808.3;14/11/2025 11:33:28;Trator Valtra série T - 05;10;6842;ALAN TURING;PLANTIO MILHO GRÃO;UNIMAR PLANTIO;Velocidade na Operação;;;2.0627441
POINT (-49.98006707583091 -22.248933433181044);1763130808.3;14/11/2025 11:33:28;Trator Valtra série T - 05;10;6842;ALAN TURING;PLANTIO MILHO GRÃO;UNIMAR PLANTIO;Velocidade na Operação;;;2.0627441
POINT (-49.98006707583091 -22.248933433181044);1763130808.3;14/11/2025 11:33:28;Trator Valtra série T - 05;10;6842;ALAN TURING;PLANTIO MILHO GRÃO;UNIMAR PLANTIO;Velocidade na Operação;;;2.0627441
POINT (-49.98016088708274 -22.24894883386399);1763130803.2;14/11/2025 11:33:23;Trator Valtra série T - 05;10;6842;ALAN TURING;PLANTIO MILHO GRÃO;UNIMAR PLANTIO;Velocidade na Operação;;;1.949576
POINT (-49.98016088708274 -22.24894883386399);1763130803.2;14/11/2025 11:33:23;Trator Valtra série T - 05;10;6842;ALAN TURING;PLANTIO MILHO GRÃO;UNIMAR PLANTIO;Velocidade na Operação;;;1.949576
POINT (-49.98016088708274 -22.24894883386399);1763130803.2;14/11/2025 11:33:23;Trator Valtra série T - 05;10;6842;ALAN TURING;PLANTIO MILHO GRÃO;UNIMAR PLANTIO;Velocidade na Operação;;;1.949576
POINT (-49.980235563575754 -22.248967509634628);1763130798.9;14/11/2025 11:33:19;Trator Valtra série T - 05;10;6842;ALAN TURING;PLANTIO MILHO GRÃO;UNIMAR PLANTIO;Velocidade na Operação;;;2.0010161
POINT (-49.980235563575754 -22.248967509634628);1763130798.9;14/11/2025 11:33:19;Trator Valtra série T - 05;10;6842;ALAN TURING;PLANTIO MILHO GRÃO;UNIMAR PLANTIO;Velocidade na Operação;;;2.0010161
POINT (-49.980235563575754 -22.248967509634628);1763130798.9;14/11/2025 11:33:19;Trator Valtra série T - 05;10;6842;ALAN TURING;PLANTIO MILHO GRÃO;UNIMAR PLANTIO;Velocidade na Operação;;;2.0010161
POINT (-49.98179161889043 -22.24859759106845);1763130684.7;14/11/2025 11:31:25;Trator Valtra série T - 05;10;6842;ALAN TURING;PLANTIO MILHO GRÃO;UNIMAR PLANTIO;Velocidade na Operação;;;2.0421681
POINT (-49.98179161889043 -22.24859759106845);1763130684.7;14/11/2025 11:31:25;Trator Valtra série T - 05;10;6842;ALAN TURING;PLANTIO MILHO GRÃO;UNIMAR PLANTIO;Velocidade na Operação;;;2.0421681
POINT (-49.98179161889043 -22.24859759106845);1763130684.7;14/11/2025 11:31:25;Trator Valtra série T - 05;10;6842;ALAN TURING;PLANTIO MILHO GRÃO;UNIMAR PLANTIO;Velocidade na Operação;;;2.0421681
POINT (-49.98173701299622 -22.248645755423432);1763130680.5;14/11/2025 11:31:20;Trator Valtra série T - 05;10;6842;ALAN TURING;PLANTIO MILHO GRÃO;UNIMAR PLANTIO;Velocidade na Operação;;;1.990728
POINT (-49.98173701299622 -22.248645755423432);1763130680.5;14/11/2025 11:31:20;Trator Valtra série T - 05;10;6842;ALAN TURING;PLANTIO MILHO GRÃO;UNIMAR PLANTIO;Velocidade na Operação;;;1.990728
POINT (-49.98173701299622 -22.248645755423432);1763130680.5;14/11/2025 11:31:20;Trator Valtra série T - 05;10;6842;ALAN TURING;PLANTIO MILHO GRÃO;UNIMAR PLANTIO;Velocidade na Operação;;;1.990728
POINT (-49.98139236203772 -22.248855880948458);1763130638.3;14/11/2025 11:30:38;Trator Valtra série T - 05;10;6842;ALAN TURING;PLANTIO MILHO GRÃO;UNIMAR PLANTIO;Velocidade na Operação;;;2.00616
POINT (-49.98139236203772 -22.248855880948458);1763130638.3;14/11/2025 11:30:38;Trator Valtra série T - 05;10;6842;ALAN TURING;PLANTIO MILHO GRÃO;UNIMAR PLANTIO;Velocidade na Operação;;;2.00616
POINT (-49.98139236203772 -22.248855880948458);1763130638.3;14/11/2025 11:30:38;Trator Valtra série T - 05;10;6842;ALAN TURING;PLANTIO MILHO GRÃO;UNIMAR PLANTIO;Velocidade na Operação;;;2.00616
POINT (-49.98192841564735 -22.248253865882006);1763130563.9;14/11/2025 11:29:24;Trator Valtra série T - 05;10;6842;ALAN TURING;PLANTIO MILHO GRÃO;UNIMAR PLANTIO;Velocidade na Operação;;;1.995872
POINT (-49.98192841564735 -22.248253865882006);1763130563.9;14/11/2025 11:29:24;Trator Valtra série T - 05;10;6842;ALAN TURING;PLANTIO MILHO GRÃO;UNIMAR PLANTIO;Velocidade na Operação;;;1.995872
POINT (-49.98192841564735 -22.248253865882006);1763130563.9;14/11/2025 11:29:24;Trator Valtra série T - 05;10;6842;ALAN TURING;PLANTIO MILHO GRÃO;UNIMAR PLANTIO;Velocidade na Operação;;;1.995872
POINT (-49.981918528341836 -22.24825786677913);1763130563.4;14/11/2025 11:29:23;Trator Valtra série T - 05;10;6842;ALAN TURING;PLANTIO MILHO GRÃO;UNIMAR PLANTIO;Velocidade na Operação;;;1.985584
POINT (-49.981918528341836 -22.24825786677913);1763130563.4;14/11/2025 11:29:23;Trator Valtra série T - 05;10;6842;ALAN TURING;PLANTIO MILHO GRÃO;UNIMAR PLANTIO;Velocidade na Operação;;;1.985584
POINT (-49.981918528341836 -22.24825786677913);1763130563.4;14/11/2025 11:29:23;Trator Valtra série T - 05;10;6842;ALAN TURING;PLANTIO MILHO GRÃO;UNIMAR PLANTIO;Velocidade na Operação;;;1.985584
POINT (-49.981338323522706 -22.248834269867547);1763130515.4;14/11/2025 11:28:35;Trator Valtra série T - 05;10;6842;ALAN TURING;PLANTIO MILHO GRÃO;UNIMAR PLANTIO;Velocidade na Operação;;;2.047312
POINT (-49.981338323522706 -22.248834269867547);1763130515.4;14/11/2025 11:28:35;Trator Valtra série T - 05;10;6842;ALAN TURING;PLANTIO MILHO GRÃO;UNIMAR PLANTIO;Velocidade na Operação;;;2.047312
POINT (-49.981338323522706 -22.248834269867547);1763130515.4;14/11/2025 11:28:35;Trator Valtra série T - 05;10;6842;ALAN TURING;PLANTIO MILHO GRÃO;UNIMAR PLANTIO;Velocidade na Operação;;;2.047312
POINT (-49.981290504291344 -22.24885431174568);1763130512.6;14/11/2025 11:28:33;Trator Valtra série T - 05;10;6842;ALAN TURING;PLANTIO MILHO GRÃO;UNIMAR PLANTIO;Velocidade na Operação;;;2.0421681
POINT (-49.981290504291344 -22.24885431174568);1763130512.6;14/11/2025 11:28:33;Trator Valtra série T - 05;10;6842;ALAN TURING;PLANTIO MILHO GRÃO;UNIMAR PLANTIO;Velocidade na Operação;;;2.0421681
POINT (-49.981290504291344 -22.24885431174568);1763130512.6;14/11/2025 11:28:33;Trator Valtra série T - 05;10;6842;ALAN TURING;PLANTIO MILHO GRÃO;UNIMAR PLANTIO;Velocidade na Operação;;;2.0421681
POINT (-49.981255283458715 -22.24887098637644);1763130510.6;14/11/2025 11:28:31;Trator Valtra série T - 05;10;6842;ALAN TURING;PLANTIO MILHO GRÃO;UNIMAR PLANTIO;Velocidade na Operação;;;2.114184
POINT (-49.981255283458715 -22.24887098637644);1763130510.6;14/11/2025 11:28:31;Trator Valtra série T - 05;10;6842;ALAN TURING;PLANTIO MILHO GRÃO;UNIMAR PLANTIO;Velocidade na Operação;;;2.114184
POINT (-49.981255283458715 -22.24887098637644);1763130510.6;14/11/2025 11:28:31;Trator Valtra série T - 05;10;6842;ALAN TURING;PLANTIO MILHO GRÃO;UNIMAR PLANTIO;Velocidade na Operação;;;2.114184
POINT (-49.98110908742026 -22.248872488070862);1763130479.6;14/11/2025 11:28:00;Trator Valtra série T - 05;10;6842;ALAN TURING;PLANTIO MILHO GRÃO;UNIMAR PLANTIO;Velocidade na Operação;;;2.0833201
POINT (-49.98110908742026 -22.248872488070862);1763130479.6;14/11/2025 11:28:00;Trator Valtra série T - 05;10;6842;ALAN TURING;PLANTIO MILHO GRÃO;UNIMAR PLANTIO;Velocidade na Operação;;;2.0833201
POINT (-49.98110908742026 -22.248872488070862);1763130479.6;14/11/2025 11:28:00;Trator Valtra série T - 05;10;6842;ALAN TURING;PLANTIO MILHO GRÃO;UNIMAR PLANTIO;Velocidade na Operação;;;2.0833201
POINT (-49.98113678344091 -22.248861962436706);1763130478;14/11/2025 11:27:58;Trator Valtra série T - 05;10;6842;ALAN TURING;PLANTIO MILHO GRÃO;UNIMAR PLANTIO;Velocidade na Operação;;;1.949576
POINT (-49.98113678344091 -22.248861962436706);1763130478;14/11/2025 11:27:58;Trator Valtra série T - 05;10;6842;ALAN TURING;PLANTIO MILHO GRÃO;UNIMAR PLANTIO;Velocidade na Operação;;;1.949576
POINT (-49.98113678344091 -22.248861962436706);1763130478;14/11/2025 11:27:58;Trator Valtra série T - 05;10;6842;ALAN TURING;PLANTIO MILHO GRÃO;UNIMAR PLANTIO;Velocidade na Operação;;;1.949576
POINT (-49.98115024696129 -22.24885632969423);1763130477.2;14/11/2025 11:27:57;Trator Valtra série T - 05;10;6842;ALAN TURING;PLANTIO MILHO GRÃO;UNIMAR PLANTIO;Velocidade na Operação;;;1.975296
POINT (-49.98115024696129 -22.24885632969423);1763130477.2;14/11/2025 11:27:57;Trator Valtra série T - 05;10;6842;ALAN TURING;PLANTIO MILHO GRÃO;UNIMAR PLANTIO;Velocidade na Operação;;;1.975296
POINT (-49.98115024696129 -22.24885632969423);1763130477.2;14/11/2025 11:27:57;Trator Valtra série T - 05;10;6842;ALAN TURING;PLANTIO MILHO GRÃO;UNIMAR PLANTIO;Velocidade na Operação;;;1.975296
POINT (-49.98126391712242 -22.24880687678595);1763130470.3;14/11/2025 11:27:50;Trator Valtra série T - 05;10;6842;ALAN TURING;PLANTIO MILHO GRÃO;UNIMAR PLANTIO;Velocidade na Operação;;;1.949576
POINT (-49.98126391712242 -22.24880687678595);1763130470.3;14/11/2025 11:27:50;Trator Valtra série T - 05;10;6842;ALAN TURING;PLANTIO MILHO GRÃO;UNIMAR PLANTIO;Velocidade na Operação;;;1.949576
POINT (-49.98126391712242 -22.24880687678595);1763130470.3;14/11/2025 11:27:50;Trator Valtra série T - 05;10;6842;ALAN TURING;PLANTIO MILHO GRÃO;UNIMAR PLANTIO;Velocidade na Operação;;;1.949576
POINT (-49.98156926453862 -22.24858960602713);1763130449.1;14/11/2025 11:27:29;Trator Valtra série T - 05;10;6842;ALAN TURING;PLANTIO MILHO GRÃO;UNIMAR PLANTIO;Velocidade na Operação;;;1.95472
POINT (-49.98156926453862 -22.24858960602713);1763130449.1;14/11/2025 11:27:29;Trator Valtra série T - 05;10;6842;ALAN TURING;PLANTIO MILHO GRÃO;UNIMAR PLANTIO;Velocidade na Operação;;;1.95472
POINT (-49.98156926453862 -22.24858960602713);1763130449.1;14/11/2025 11:27:29;Trator Valtra série T - 05;10;6842;ALAN TURING;PLANTIO MILHO GRÃO;UNIMAR PLANTIO;Velocidade na Operação;;;1.95472
POINT (-49.98179137661692 -22.248329762496265);1763130429.1;14/11/2025 11:27:09;Trator Valtra série T - 05;10;6842;ALAN TURING;PLANTIO MILHO GRÃO;UNIMAR PLANTIO;Velocidade na Operação;;;2.0010161
POINT (-49.98179137661692 -22.248329762496265);1763130429.1;14/11/2025 11:27:09;Trator Valtra série T - 05;10;6842;ALAN TURING;PLANTIO MILHO GRÃO;UNIMAR PLANTIO;Velocidade na Operação;;;2.0010161
POINT (-49.98179137661692 -22.248329762496265);1763130429.1;14/11/2025 11:27:09;Trator Valtra série T - 05;10;6842;ALAN TURING;PLANTIO MILHO GRÃO;UNIMAR PLANTIO;Velocidade na Operação;;;2.0010161
POINT (-49.981939846000294 -22.248156837576172);1763130415.7;14/11/2025 11:26:56;Trator Valtra série T - 05;10;6842;ALAN TURING;PLANTIO MILHO GRÃO;UNIMAR PLANTIO;Velocidade na Operação;;;1.98044
POINT (-49.981939846000294 -22.248156837576172);1763130415.7;14/11/2025 11:26:56;Trator Valtra série T - 05;10;6842;ALAN TURING;PLANTIO MILHO GRÃO;UNIMAR PLANTIO;Velocidade na Operação;;;1.98044
POINT (-49.981939846000294 -22.248156837576172);1763130415.7;14/11/2025 11:26:56;Trator Valtra série T - 05;10;6842;ALAN TURING;PLANTIO MILHO GRÃO;UNIMAR PLANTIO;Velocidade na Operação;;;1.98044
POINT (-49.98201251431455 -22.248080980444012);1763130409.7;14/11/2025 11:26:50;Trator Valtra série T - 05;10;6842;ALAN TURING;PLANTIO MILHO GRÃO;UNIMAR PLANTIO;Velocidade na Operação;;;1.95472
POINT (-49.98201251431455 -22.248080980444012);1763130409.7;14/11/2025 11:26:50;Trator Valtra série T - 05;10;6842;ALAN TURING;PLANTIO MILHO GRÃO;UNIMAR PLANTIO;Velocidade na Operação;;;1.95472
POINT (-49.98201251431455 -22.248080980444012);1763130409.7;14/11/2025 11:26:50;Trator Valtra série T - 05;10;6842;ALAN TURING;PLANTIO MILHO GRÃO;UNIMAR PLANTIO;Velocidade na Operação;;;1.95472
POINT (-49.98323336893267 -22.247990606831596);1763130335;14/11/2025 11:25:35;Trator Valtra série T - 05;10;6842;ALAN TURING;PLANTIO MILHO GRÃO;UNIMAR PLANTIO;Velocidade na Operação;;;1.959864
POINT (-49.98323336893267 -22.247990606831596);1763130335;14/11/2025 11:25:35;Trator Valtra série T - 05;10;6842;ALAN TURING;PLANTIO MILHO GRÃO;UNIMAR PLANTIO;Velocidade na Operação;;;1.959864
POINT (-49.98323336893267 -22.247990606831596);1763130335;14/11/2025 11:25:35;Trator Valtra série T - 05;10;6842;ALAN TURING;PLANTIO MILHO GRÃO;UNIMAR PLANTIO;Velocidade na Operação;;;1.959864
POINT (-49.98328805345424 -22.248014730901478);1763130331.7;14/11/2025 11:25:32;Trator Valtra série T - 05;10;6842;ALAN TURING;PLANTIO MILHO GRÃO;UNIMAR PLANTIO;Velocidade na Operação;;;1.95472
POINT (-49.98328805345424 -22.248014730901478);1763130331.7;14/11/2025 11:25:32;Trator Valtra série T - 05;10;6842;ALAN TURING;PLANTIO MILHO GRÃO;UNIMAR PLANTIO;Velocidade na Operação;;;1.95472
POINT (-49.98328805345424 -22.248014730901478);1763130331.7;14/11/2025 11:25:32;Trator Valtra série T - 05;10;6842;ALAN TURING;PLANTIO MILHO GRÃO;UNIMAR PLANTIO;Velocidade na Operação;;;1.95472
POINT (-49.98330242178955 -22.248018724288993);1763130330.9;14/11/2025 11:25:31;Trator Valtra série T - 05;10;6842;ALAN TURING;PLANTIO MILHO GRÃO;UNIMAR PLANTIO;Velocidade na Operação;;;1.949576
POINT (-49.98330242178955 -22.248018724288993);1763130330.9;14/11/2025 11:25:31;Trator Valtra série T - 05;10;6842;ALAN TURING;PLANTIO MILHO GRÃO;UNIMAR PLANTIO;Velocidade na Operação;;;1.949576
POINT (-49.98330242178955 -22.248018724288993);1763130330.9;14/11/2025 11:25:31;Trator Valtra série T - 05;10;6842;ALAN TURING;PLANTIO MILHO GRÃO;UNIMAR PLANTIO;Velocidade na Operação;;;1.949576
POINT (-49.983311268326595 -22.24802102500528);1763130330.4;14/11/2025 11:25:30;Trator Valtra série T - 05;10;6842;ALAN TURING;PLANTIO MILHO GRÃO;UNIMAR PLANTIO;Velocidade na Operação;;;2.047312
POINT (-49.983311268326595 -22.24802102500528);1763130330.4;14/11/2025 11:25:30;Trator Valtra série T - 05;10;6842;ALAN TURING;PLANTIO MILHO GRÃO;UNIMAR PLANTIO;Velocidade na Operação;;;2.047312
POINT (-49.983311268326595 -22.24802102500528);1763130330.4;14/11/2025 11:25:30;Trator Valtra série T - 05;10;6842;ALAN TURING;PLANTIO MILHO GRÃO;UNIMAR PLANTIO;Velocidade na Operação;;;2.047312
POINT (-49.98332056571538 -22.248027283475153);1763130329.8;14/11/2025 11:25:30;Trator Valtra série T - 05;10;6842;ALAN TURING;PLANTIO MILHO GRÃO;UNIMAR PLANTIO;Velocidade na Operação;;;2.03188
POINT (-49.98332056571538 -22.248027283475153);1763130329.8;14/11/2025 11:25:30;Trator Valtra série T - 05;10;6842;ALAN TURING;PLANTIO MILHO GRÃO;UNIMAR PLANTIO;Velocidade na Operação;;;2.03188
POINT (-49.98332056571538 -22.248027283475153);1763130329.8;14/11/2025 11:25:30;Trator Valtra série T - 05;10;6842;ALAN TURING;PLANTIO MILHO GRÃO;UNIMAR PLANTIO;Velocidade na Operação;;;2.03188
POINT (-49.983353318355604 -22.24804089542712);1763130327.8;14/11/2025 11:25:28;Trator Valtra série T - 05;10;6842;ALAN TURING;PLANTIO MILHO GRÃO;UNIMAR PLANTIO;Velocidade na Operação;;;1.959864
POINT (-49.983353318355604 -22.24804089542712);1763130327.8;14/11/2025 11:25:28;Trator Valtra série T - 05;10;6842;ALAN TURING;PLANTIO MILHO GRÃO;UNIMAR PLANTIO;Velocidade na Operação;;;1.959864
POINT (-49.983353318355604 -22.24804089542712);1763130327.8;14/11/2025 11:25:28;Trator Valtra série T - 05;10;6842;ALAN TURING;PLANTIO MILHO GRÃO;UNIMAR PLANTIO;Velocidade na Operação;;;1.959864
POINT (-49.98344940547813 -22.24808140512642);1763130322.1;14/11/2025 11:25:22;Trator Valtra série T - 05;10;6842;ALAN TURING;PLANTIO MILHO GRÃO;UNIMAR PLANTIO;Velocidade na Operação;;;2.13476
POINT (-49.98344940547813 -22.24808140512642);1763130322.1;14/11/2025 11:25:22;Trator Valtra série T - 05;10;6842;ALAN TURING;PLANTIO MILHO GRÃO;UNIMAR PLANTIO;Velocidade na Operação;;;2.13476
POINT (-49.98344940547813 -22.24808140512642);1763130322.1;14/11/2025 11:25:22;Trator Valtra série T - 05;10;6842;ALAN TURING;PLANTIO MILHO GRÃO;UNIMAR PLANTIO;Velocidade na Operação;;;2.13476
POINT (-49.98350430907411 -22.24809910437111);1763130318.8;14/11/2025 11:25:19;Trator Valtra série T - 05;10;6842;ALAN TURING;PLANTIO MILHO GRÃO;UNIMAR PLANTIO;Velocidade na Operação;;;2.03188
POINT (-49.98350430907411 -22.24809910437111);1763130318.8;14/11/2025 11:25:19;Trator Valtra série T - 05;10;6842;ALAN TURING;PLANTIO MILHO GRÃO;UNIMAR PLANTIO;Velocidade na Operação;;;2.03188
POINT (-49.98350430907411 -22.24809910437111);1763130318.8;14/11/2025 11:25:19;Trator Valtra série T - 05;10;6842;ALAN TURING;PLANTIO MILHO GRÃO;UNIMAR PLANTIO;Velocidade na Operação;;;2.03188
POINT (-49.98470446908839 -22.249261668385305);1763129578.5;14/11/2025 11:12:58;Trator Valtra série T - 05;10;6842;ALAN TURING;PLANTIO MILHO GRÃO;UNIMAR PLANTIO;Velocidade na Operação;;;1.959864
POINT (-49.98470446908839 -22.249261668385305);1763129578.5;14/11/2025 11:12:58;Trator Valtra série T - 05;10;6842;ALAN TURING;PLANTIO MILHO GRÃO;UNIMAR PLANTIO;Velocidade na Operação;;;1.959864
POINT (-49.98470446908839 -22.249261668385305);1763129578.5;14/11/2025 11:12:58;Trator Valtra série T - 05;10;6842;ALAN TURING;PLANTIO MILHO GRÃO;UNIMAR PLANTIO;Velocidade na Operação;;;1.959864
POINT (-49.98430352736339 -22.248957584331766);1763129464.7;14/11/2025 11:11:05;Trator Valtra série T - 05;10;6842;ALAN TURING;PLANTIO MILHO GRÃO;UNIMAR PLANTIO;Velocidade na Operação;;;1.990728
POINT (-49.98430352736339 -22.248957584331766);1763129464.7;14/11/2025 11:11:05;Trator Valtra série T - 05;10;6842;ALAN TURING;PLANTIO MILHO GRÃO;UNIMAR PLANTIO;Velocidade na Operação;;;1.990728
POINT (-49.98430352736339 -22.248957584331766);1763129464.7;14/11/2025 11:11:05;Trator Valtra série T - 05;10;6842;ALAN TURING;PLANTIO MILHO GRÃO;UNIMAR PLANTIO;Velocidade na Operação;;;1.990728
POINT (-49.984391341647125 -22.249067075873377);1763129456.5;14/11/2025 11:10:56;Trator Valtra série T - 05;10;6842;ALAN TURING;PLANTIO MILHO GRÃO;UNIMAR PLANTIO;Velocidade na Operação;;;1.959864
POINT (-49.984391341647125 -22.249067075873377);1763129456.5;14/11/2025 11:10:56;Trator Valtra série T - 05;10;6842;ALAN TURING;PLANTIO MILHO GRÃO;UNIMAR PLANTIO;Velocidade na Operação;;;1.959864
POINT (-49.984391341647125 -22.249067075873377);1763129456.5;14/11/2025 11:10:56;Trator Valtra série T - 05;10;6842;ALAN TURING;PLANTIO MILHO GRÃO;UNIMAR PLANTIO;Velocidade na Operação;;;1.959864
POINT (-49.98474043402277 -22.24933030105572);1763129430.7;14/11/2025 11:10:31;Trator Valtra série T - 05;10;6842;ALAN TURING;PLANTIO MILHO GRÃO;UNIMAR PLANTIO;Velocidade na Operação;;;1.995872
POINT (-49.98474043402277 -22.24933030105572);1763129430.7;14/11/2025 11:10:31;Trator Valtra série T - 05;10;6842;ALAN TURING;PLANTIO MILHO GRÃO;UNIMAR PLANTIO;Velocidade na Operação;;;1.995872
POINT (-49.98474043402277 -22.24933030105572);1763129430.7;14/11/2025 11:10:31;Trator Valtra série T - 05;10;6842;ALAN TURING;PLANTIO MILHO GRÃO;UNIMAR PLANTIO;Velocidade na Operação;;;1.995872
POINT (-49.98458748489916 -22.249310997070797);1763129355.5;14/11/2025 11:09:16;Trator Valtra série T - 05;10;6842;ALAN TURING;PLANTIO MILHO GRÃO;UNIMAR PLANTIO;Velocidade na Operação;;;1.959864
POINT (-49.98458748489916 -22.249310997070797);1763129355.5;14/11/2025 11:09:16;Trator Valtra série T - 05;10;6842;ALAN TURING;PLANTIO MILHO GRÃO;UNIMAR PLANTIO;Velocidade na Operação;;;1.959864
POINT (-49.98458748489916 -22.249310997070797);1763129355.5;14/11/2025 11:09:16;Trator Valtra série T - 05;10;6842;ALAN TURING;PLANTIO MILHO GRÃO;UNIMAR PLANTIO;Velocidade na Operação;;;1.959864
POINT (-49.98407326344523 -22.248822038200228);1763129148.7;14/11/2025 11:05:49;Trator Valtra série T - 05;10;6842;ALAN TURING;PLANTIO MILHO GRÃO;UNIMAR PLANTIO;Velocidade na Operação;;;1.995872
POINT (-49.98407326344523 -22.248822038200228);1763129148.7;14/11/2025 11:05:49;Trator Valtra série T - 05;10;6842;ALAN TURING;PLANTIO MILHO GRÃO;UNIMAR PLANTIO;Velocidade na Operação;;;1.995872
POINT (-49.98407326344523 -22.248822038200228);1763129148.7;14/11/2025 11:05:49;Trator Valtra série T - 05;10;6842;ALAN TURING;PLANTIO MILHO GRÃO;UNIMAR PLANTIO;Velocidade na Operação;;;1.995872
POINT (-49.98443771441292 -22.249274965464007);1763129113.7;14/11/2025 11:05:14;Trator Valtra série T - 05;10;6842;ALAN TURING;PLANTIO MILHO GRÃO;UNIMAR PLANTIO;Velocidade na Operação;;;2.093608
POINT (-49.98443771441292 -22.249274965464007);1763129113.7;14/11/2025 11:05:14;Trator Valtra série T - 05;10;6842;ALAN TURING;PLANTIO MILHO GRÃO;UNIMAR PLANTIO;Velocidade na Operação;;;2.093608
POINT (-49.98443771441292 -22.249274965464007);1763129113.7;14/11/2025 11:05:14;Trator Valtra série T - 05;10;6842;ALAN TURING;PLANTIO MILHO GRÃO;UNIMAR PLANTIO;Velocidade na Operação;;;2.093608
POINT (-49.98465227209159 -22.249405580172553);1763129099.3;14/11/2025 11:04:59;Trator Valtra série T - 05;10;6842;ALAN TURING;PLANTIO MILHO GRÃO;UNIMAR PLANTIO;Velocidade na Operação;;;1.949576
POINT (-49.98465227209159 -22.249405580172553);1763129099.3;14/11/2025 11:04:59;Trator Valtra série T - 05;10;6842;ALAN TURING;PLANTIO MILHO GRÃO;UNIMAR PLANTIO;Velocidade na Operação;;;1.949576
POINT (-49.98465227209159 -22.249405580172553);1763129099.3;14/11/2025 11:04:59;Trator Valtra série T - 05;10;6842;ALAN TURING;PLANTIO MILHO GRÃO;UNIMAR PLANTIO;Velocidade na Operação;;;1.949576
POINT (-49.98517805113463 -22.2496886625242);1763129027.7;14/11/2025 11:03:48;Trator Valtra série T - 05;10;6842;ALAN TURING;PLANTIO MILHO GRÃO;UNIMAR PLANTIO;Velocidade na Operação;;;1.95472
POINT (-49.98517805113463 -22.2496886625242);1763129027.7;14/11/2025 11:03:48;Trator Valtra série T - 05;10;6842;ALAN TURING;PLANTIO MILHO GRÃO;UNIMAR PLANTIO;Velocidade na Operação;;;1.95472
POINT (-49.98517805113463 -22.2496886625242);1763129027.7;14/11/2025 11:03:48;Trator Valtra série T - 05;10;6842;ALAN TURING;PLANTIO MILHO GRÃO;UNIMAR PLANTIO;Velocidade na Operação;;;1.95472
POINT (-49.9843553469287 -22.249251686288808);1763128974.3;14/11/2025 11:02:54;Trator Valtra série T - 05;10;6842;ALAN TURING;PLANTIO MILHO GRÃO;UNIMAR PLANTIO;Velocidade na Operação;;;2.0833201
POINT (-49.9843553469287 -22.249251686288808);1763128974.3;14/11/2025 11:02:54;Trator Valtra série T - 05;10;6842;ALAN TURING;PLANTIO MILHO GRÃO;UNIMAR PLANTIO;Velocidade na Operação;;;2.0833201
POINT (-49.9843553469287 -22.249251686288808);1763128974.3;14/11/2025 11:02:54;Trator Valtra série T - 05;10;6842;ALAN TURING;PLANTIO MILHO GRÃO;UNIMAR PLANTIO;Velocidade na Operação;;;2.0833201
POINT (-49.98408233295016 -22.248900341094455);1763128948.7;14/11/2025 11:02:29;Trator Valtra série T - 05;10;6842;ALAN TURING;PLANTIO MILHO GRÃO;UNIMAR PLANTIO;Velocidade na Operação;;;1.970152
POINT (-49.98408233295016 -22.248900341094455);1763128948.7;14/11/2025 11:02:29;Trator Valtra série T - 05;10;6842;ALAN TURING;PLANTIO MILHO GRÃO;UNIMAR PLANTIO;Velocidade na Operação;;;1.970152
POINT (-49.98408233295016 -22.248900341094455);1763128948.7;14/11/2025 11:02:29;Trator Valtra série T - 05;10;6842;ALAN TURING;PLANTIO MILHO GRÃO;UNIMAR PLANTIO;Velocidade na Operação;;;1.970152
POINT (-49.983514784844196 -22.248193803135322);1763128895.3;14/11/2025 11:01:35;Trator Valtra série T - 05;10;6842;ALAN TURING;PLANTIO MILHO GRÃO;UNIMAR PLANTIO;Velocidade na Operação;;;2.067888
POINT (-49.983514784844196 -22.248193803135322);1763128895.3;14/11/2025 11:01:35;Trator Valtra série T - 05;10;6842;ALAN TURING;PLANTIO MILHO GRÃO;UNIMAR PLANTIO;Velocidade na Operação;;;2.067888
POINT (-49.983514784844196 -22.248193803135322);1763128895.3;14/11/2025 11:01:35;Trator Valtra série T - 05;10;6842;ALAN TURING;PLANTIO MILHO GRÃO;UNIMAR PLANTIO;Velocidade na Operação;;;2.067888
POINT (-49.98339798312273 -22.248148690513222);1763128772.7;14/11/2025 10:59:33;Trator Valtra série T - 05;10;6842;ALAN TURING;PLANTIO MILHO GRÃO;UNIMAR PLANTIO;Velocidade na Operação;;;2.0010161
POINT (-49.98339798312273 -22.248148690513222);1763128772.7;14/11/2025 10:59:33;Trator Valtra série T - 05;10;6842;ALAN TURING;PLANTIO MILHO GRÃO;UNIMAR PLANTIO;Velocidade na Operação;;;2.0010161
POINT (-49.98339798312273 -22.248148690513222);1763128772.7;14/11/2025 10:59:33;Trator Valtra série T - 05;10;6842;ALAN TURING;PLANTIO MILHO GRÃO;UNIMAR PLANTIO;Velocidade na Operação;;;2.0010161
POINT (-49.98353203906959 -22.24829877726423);1763128760.9;14/11/2025 10:59:21;Trator Valtra série T - 05;10;6842;ALAN TURING;PLANTIO MILHO GRÃO;UNIMAR PLANTIO;Velocidade na Operação;;;2.0215921
POINT (-49.98353203906959 -22.24829877726423);1763128760.9;14/11/2025 10:59:21;Trator Valtra série T - 05;10;6842;ALAN TURING;PLANTIO MILHO GRÃO;UNIMAR PLANTIO;Velocidade na Operação;;;2.0215921
POINT (-49.98353203906959 -22.24829877726423);1763128760.9;14/11/2025 10:59:21;Trator Valtra série T - 05;10;6842;ALAN TURING;PLANTIO MILHO GRÃO;UNIMAR PLANTIO;Velocidade na Operação;;;2.0215921
POINT (-49.9840624688574 -22.248978686094688);1763128709.7;14/11/2025 10:58:30;Trator Valtra série T - 05;10;6842;ALAN TURING;PLANTIO MILHO GRÃO;UNIMAR PLANTIO;Velocidade na Operação;;;1.959864
POINT (-49.9840624688574 -22.248978686094688);1763128709.7;14/11/2025 10:58:30;Trator Valtra série T - 05;10;6842;ALAN TURING;PLANTIO MILHO GRÃO;UNIMAR PLANTIO;Velocidade na Operação;;;1.959864
POINT (-49.9840624688574 -22.248978686094688);1763128709.7;14/11/2025 10:58:30;Trator Valtra série T - 05;10;6842;ALAN TURING;PLANTIO MILHO GRÃO;UNIMAR PLANTIO;Velocidade na Operação;;;1.959864
POINT (-49.98447628437701 -22.249436295634553);1763128673.1;14/11/2025 10:57:53;Trator Valtra série T - 05;10;6842;ALAN TURING;PLANTIO MILHO GRÃO;UNIMAR PLANTIO;Velocidade na Operação;;;1.949576
POINT (-49.98447628437701 -22.249436295634553);1763128673.1;14/11/2025 10:57:53;Trator Valtra série T - 05;10;6842;ALAN TURING;PLANTIO MILHO GRÃO;UNIMAR PLANTIO;Velocidade na Operação;;;1.949576
POINT (-49.98447628437701 -22.249436295634553);1763128673.1;14/11/2025 10:57:53;Trator Valtra série T - 05;10;6842;ALAN TURING;PLANTIO MILHO GRÃO;UNIMAR PLANTIO;Velocidade na Operação;;;1.949576
POINT (-49.98457699615199 -22.249496231870587);1763128666.5;14/11/2025 10:57:46;Trator Valtra série T - 05;10;6842;ALAN TURING;PLANTIO MILHO GRÃO;UNIMAR PLANTIO;Velocidade na Operação;;;1.975296
POINT (-49.98457699615199 -22.249496231870587);1763128666.5;14/11/2025 10:57:46;Trator Valtra série T - 05;10;6842;ALAN TURING;PLANTIO MILHO GRÃO;UNIMAR PLANTIO;Velocidade na Operação;;;1.975296
POINT (-49.98457699615199 -22.249496231870587);1763128666.5;14/11/2025 10:57:46;Trator Valtra série T - 05;10;6842;ALAN TURING;PLANTIO MILHO GRÃO;UNIMAR PLANTIO;Velocidade na Operação;;;1.975296
POINT (-49.9852467439206 -22.249822462509265);1763128347.7;14/11/2025 10:52:28;Trator Valtra série T - 05;10;6842;ALAN TURING;PLANTIO MILHO GRÃO;UNIMAR PLANTIO;Velocidade na Operação;;;1.995872
POINT (-49.9852467439206 -22.249822462509265);1763128347.7;14/11/2025 10:52:28;Trator Valtra série T - 05;10;6842;ALAN TURING;PLANTIO MILHO GRÃO;UNIMAR PLANTIO;Velocidade na Operação;;;1.995872
POINT (-49.9852467439206 -22.249822462509265);1763128347.7;14/11/2025 10:52:28;Trator Valtra série T - 05;10;6842;ALAN TURING;PLANTIO MILHO GRÃO;UNIMAR PLANTIO;Velocidade na Operação;;;1.995872
POINT (-49.98465665349252 -22.24958008354458);1763128312.3;14/11/2025 10:51:52;Trator Valtra série T - 05;10;6842;ALAN TURING;PLANTIO MILHO GRÃO;UNIMAR PLANTIO;Velocidade na Operação;;;2.047312
POINT (-49.98465665349252 -22.24958008354458);1763128312.3;14/11/2025 10:51:52;Trator Valtra série T - 05;10;6842;ALAN TURING;PLANTIO MILHO GRÃO;UNIMAR PLANTIO;Velocidade na Operação;;;2.047312
POINT (-49.98465665349252 -22.24958008354458);1763128312.3;14/11/2025 10:51:52;Trator Valtra série T - 05;10;6842;ALAN TURING;PLANTIO MILHO GRÃO;UNIMAR PLANTIO;Velocidade na Operação;;;2.047312
POINT (-49.98403171960904 -22.249037098640926);1763128264;14/11/2025 10:51:04;Trator Valtra série T - 05;10;6842;ALAN TURING;PLANTIO MILHO GRÃO;UNIMAR PLANTIO;Velocidade na Operação;;;2.016448
POINT (-49.98403171960904 -22.249037098640926);1763128264;14/11/2025 10:51:04;Trator Valtra série T - 05;10;6842;ALAN TURING;PLANTIO MILHO GRÃO;UNIMAR PLANTIO;Velocidade na Operação;;;2.016448
POINT (-49.98403171960904 -22.249037098640926);1763128264;14/11/2025 10:51:04;Trator Valtra série T - 05;10;6842;ALAN TURING;PLANTIO MILHO GRÃO;UNIMAR PLANTIO;Velocidade na Operação;;;2.016448
POINT (-49.98388066150069 -22.24882318916826);1763127408.9;14/11/2025 10:36:49;Trator Valtra série T - 05;10;6842;ALAN TURING;PLANTIO MILHO GRÃO;UNIMAR PLANTIO;Velocidade na Operação;;;2.03188
POINT (-49.98388066150069 -22.24882318916826);1763127408.9;14/11/2025 10:36:49;Trator Valtra série T - 05;10;6842;ALAN TURING;PLANTIO MILHO GRÃO;UNIMAR PLANTIO;Velocidade na Operação;;;2.03188
POINT (-49.98388066150069 -22.24882318916826);1763127408.9;14/11/2025 10:36:49;Trator Valtra série T - 05;10;6842;ALAN TURING;PLANTIO MILHO GRÃO;UNIMAR PLANTIO;Velocidade na Operação;;;2.03188
POINT (-49.98196437004951 -22.248213521518412);1763127237.8;14/11/2025 10:33:58;Trator Valtra série T - 05;10;6842;ALAN TURING;PLANTIO MILHO GRÃO;UNIMAR PLANTIO;Velocidade na Operação;;;1.95472
POINT (-49.98196437004951 -22.248213521518412);1763127237.8;14/11/2025 10:33:58;Trator Valtra série T - 05;10;6842;ALAN TURING;PLANTIO MILHO GRÃO;UNIMAR PLANTIO;Velocidade na Operação;;;1.95472
POINT (-49.98196437004951 -22.248213521518412);1763127237.8;14/11/2025 10:33:58;Trator Valtra série T - 05;10;6842;ALAN TURING;PLANTIO MILHO GRÃO;UNIMAR PLANTIO;Velocidade na Operação;;;1.95472
POINT (-49.98188798880521 -22.248369943028298);1763127227.4;14/11/2025 10:33:47;Trator Valtra série T - 05;10;6842;ALAN TURING;PLANTIO MILHO GRÃO;UNIMAR PLANTIO;Velocidade na Operação;;;1.98044
POINT (-49.98188798880521 -22.248369943028298);1763127227.4;14/11/2025 10:33:47;Trator Valtra série T - 05;10;6842;ALAN TURING;PLANTIO MILHO GRÃO;UNIMAR PLANTIO;Velocidade na Operação;;;1.98044
POINT (-49.98188798880521 -22.248369943028298);1763127227.4;14/11/2025 10:33:47;Trator Valtra série T - 05;10;6842;ALAN TURING;PLANTIO MILHO GRÃO;UNIMAR PLANTIO;Velocidade na Operação;;;1.98044
POINT (-49.98098074942705 -22.248901038586286);1763127122.8;14/11/2025 10:32:03;Trator Valtra série T - 05;10;6842;ALAN TURING;PLANTIO MILHO GRÃO;UNIMAR PLANTIO;Velocidade na Operação;;;2.00616
POINT (-49.98098074942705 -22.248901038586286);1763127122.8;14/11/2025 10:32:03;Trator Valtra série T - 05;10;6842;ALAN TURING;PLANTIO MILHO GRÃO;UNIMAR PLANTIO;Velocidade na Operação;;;2.00616
POINT (-49.98098074942705 -22.248901038586286);1763127122.8;14/11/2025 10:32:03;Trator Valtra série T - 05;10;6842;ALAN TURING;PLANTIO MILHO GRÃO;UNIMAR PLANTIO;Velocidade na Operação;;;2.00616
POINT (-49.98085131647235 -22.248916270581404);1763127115.5;14/11/2025 10:31:56;Trator Valtra série T - 05;10;6842;ALAN TURING;PLANTIO MILHO GRÃO;UNIMAR PLANTIO;Velocidade na Operação;;;2.03188
POINT (-49.98085131647235 -22.248916270581404);1763127115.5;14/11/2025 10:31:56;Trator Valtra série T - 05;10;6842;ALAN TURING;PLANTIO MILHO GRÃO;UNIMAR PLANTIO;Velocidade na Operação;;;2.03188
POINT (-49.98085131647235 -22.248916270581404);1763127115.5;14/11/2025 10:31:56;Trator Valtra série T - 05;10;6842;ALAN TURING;PLANTIO MILHO GRÃO;UNIMAR PLANTIO;Velocidade na Operação;;;2.03188
POINT (-49.980429928211294 -22.248958744806895);1763127091.8;14/11/2025 10:31:32;Trator Valtra série T - 05;10;6842;ALAN TURING;PLANTIO MILHO GRÃO;UNIMAR PLANTIO;Velocidade na Operação;;;1.95472
POINT (-49.980429928211294 -22.248958744806895);1763127091.8;14/11/2025 10:31:32;Trator Valtra série T - 05;10;6842;ALAN TURING;PLANTIO MILHO GRÃO;UNIMAR PLANTIO;Velocidade na Operação;;;1.95472
POINT (-49.980429928211294 -22.248958744806895);1763127091.8;14/11/2025 10:31:32;Trator Valtra série T - 05;10;6842;ALAN TURING;PLANTIO MILHO GRÃO;UNIMAR PLANTIO;Velocidade na Operação;;;1.95472
POINT (-49.97986917621943 -22.24906319140456);1763127059.7;14/11/2025 10:31:00;Trator Valtra série T - 05;10;6842;ALAN TURING;PLANTIO MILHO GRÃO;UNIMAR PLANTIO;Velocidade na Operação;;;1.949576
POINT (-49.97986917621943 -22.24906319140456);1763127059.7;14/11/2025 10:31:00;Trator Valtra série T - 05;10;6842;ALAN TURING;PLANTIO MILHO GRÃO;UNIMAR PLANTIO;Velocidade na Operação;;;1.949576
POINT (-49.97986917621943 -22.24906319140456);1763127059.7;14/11/2025 10:31:00;Trator Valtra série T - 05;10;6842;ALAN TURING;PLANTIO MILHO GRÃO;UNIMAR PLANTIO;Velocidade na Operação;;;1.949576
POINT (-49.979708509199526 -22.249139330420512);1763127049.7;14/11/2025 10:30:50;Trator Valtra série T - 05;10;6842;ALAN TURING;PLANTIO MILHO GRÃO;UNIMAR PLANTIO;Velocidade na Operação;;;2.0215921
POINT (-49.979708509199526 -22.249139330420512);1763127049.7;14/11/2025 10:30:50;Trator Valtra série T - 05;10;6842;ALAN TURING;PLANTIO MILHO GRÃO;UNIMAR PLANTIO;Velocidade na Operação;;;2.0215921
POINT (-49.979708509199526 -22.249139330420512);1763127049.7;14/11/2025 10:30:50;Trator Valtra série T - 05;10;6842;ALAN TURING;PLANTIO MILHO GRÃO;UNIMAR PLANTIO;Velocidade na Operação;;;2.0215921
POINT (-49.979644658581364 -22.249159400820258);1763127045.9;14/11/2025 10:30:46;Trator Valtra série T - 05;10;6842;ALAN TURING;PLANTIO MILHO GRÃO;UNIMAR PLANTIO;Velocidade na Operação;;;2.0010161
POINT (-49.979644658581364 -22.249159400820258);1763127045.9;14/11/2025 10:30:46;Trator Valtra série T - 05;10;6842;ALAN TURING;PLANTIO MILHO GRÃO;UNIMAR PLANTIO;Velocidade na Operação;;;2.0010161
POINT (-49.979644658581364 -22.249159400820258);1763127045.9;14/11/2025 10:30:46;Trator Valtra série T - 05;10;6842;ALAN TURING;PLANTIO MILHO GRÃO;UNIMAR PLANTIO;Velocidade na Operação;;;2.0010161
POINT (-49.979570133406625 -22.249172219840613);1763127041.7;14/11/2025 10:30:42;Trator Valtra série T - 05;10;6842;ALAN TURING;PLANTIO MILHO GRÃO;UNIMAR PLANTIO;Velocidade na Operação;;;2.037024
POINT (-49.979570133406625 -22.249172219840613);1763127041.7;14/11/2025 10:30:42;Trator Valtra série T - 05;10;6842;ALAN TURING;PLANTIO MILHO GRÃO;UNIMAR PLANTIO;Velocidade na Operação;;;2.037024
POINT (-49.979570133406625 -22.249172219840613);1763127041.7;14/11/2025 10:30:42;Trator Valtra série T - 05;10;6842;ALAN TURING;PLANTIO MILHO GRÃO;UNIMAR PLANTIO;Velocidade na Operação;;;2.037024
POINT (-49.97951663847942 -22.249174175719812);1763127038.7;14/11/2025 10:30:39;Trator Valtra série T - 05;10;6842;ALAN TURING;PLANTIO MILHO GRÃO;UNIMAR PLANTIO;Velocidade na Operação;;;2.0576
POINT (-49.97951663847942 -22.249174175719812);1763127038.7;14/11/2025 10:30:39;Trator Valtra série T - 05;10;6842;ALAN TURING;PLANTIO MILHO GRÃO;UNIMAR PLANTIO;Velocidade na Operação;;;2.0576
POINT (-49.97951663847942 -22.249174175719812);1763127038.7;14/11/2025 10:30:39;Trator Valtra série T - 05;10;6842;ALAN TURING;PLANTIO MILHO GRÃO;UNIMAR PLANTIO;Velocidade na Operação;;;2.0576
POINT (-49.979305785007114 -22.249077550261713);1763127025.5;14/11/2025 10:30:26;Trator Valtra série T - 05;10;6842;ALAN TURING;PLANTIO MILHO GRÃO;UNIMAR PLANTIO;Velocidade na Operação;;;2.0833201
POINT (-49.979305785007114 -22.249077550261713);1763127025.5;14/11/2025 10:30:26;Trator Valtra série T - 05;10;6842;ALAN TURING;PLANTIO MILHO GRÃO;UNIMAR PLANTIO;Velocidade na Operação;;;2.0833201
POINT (-49.979305785007114 -22.249077550261713);1763127025.5;14/11/2025 10:30:26;Trator Valtra série T - 05;10;6842;ALAN TURING;PLANTIO MILHO GRÃO;UNIMAR PLANTIO;Velocidade na Operação;;;2.0833201
POINT (-49.97926322884535 -22.248992468416706);1763127020.3;14/11/2025 10:30:20;Trator Valtra série T - 05;10;6842;ALAN TURING;PLANTIO MILHO GRÃO;UNIMAR PLANTIO;Velocidade na Operação;;;1.995872
POINT (-49.97926322884535 -22.248992468416706);1763127020.3;14/11/2025 10:30:20;Trator Valtra série T - 05;10;6842;ALAN TURING;PLANTIO MILHO GRÃO;UNIMAR PLANTIO;Velocidade na Operação;;;1.995872
POINT (-49.97926322884535 -22.248992468416706);1763127020.3;14/11/2025 10:30:20;Trator Valtra série T - 05;10;6842;ALAN TURING;PLANTIO MILHO GRÃO;UNIMAR PLANTIO;Velocidade na Operação;;;1.995872
POINT (-49.97923750071112 -22.248939846188044);1763127016.9;14/11/2025 10:30:17;Trator Valtra série T - 05;10;6842;ALAN TURING;PLANTIO MILHO GRÃO;UNIMAR PLANTIO;Velocidade na Operação;;;1.959864
POINT (-49.97923750071112 -22.248939846188044);1763127016.9;14/11/2025 10:30:17;Trator Valtra série T - 05;10;6842;ALAN TURING;PLANTIO MILHO GRÃO;UNIMAR PLANTIO;Velocidade na Operação;;;1.959864
POINT (-49.97923750071112 -22.248939846188044);1763127016.9;14/11/2025 10:30:17;Trator Valtra série T - 05;10;6842;ALAN TURING;PLANTIO MILHO GRÃO;UNIMAR PLANTIO;Velocidade na Operação;;;1.959864
POINT (-49.97910812859834 -22.248685869960987);1763126999.9;14/11/2025 10:30:00;Trator Valtra série T - 05;10;6842;ALAN TURING;PLANTIO MILHO GRÃO;UNIMAR PLANTIO;Velocidade na Operação;;;2.114184
POINT (-49.97910812859834 -22.248685869960987);1763126999.9;14/11/2025 10:30:00;Trator Valtra série T - 05;10;6842;ALAN TURING;PLANTIO MILHO GRÃO;UNIMAR PLANTIO;Velocidade na Operação;;;2.114184
POINT (-49.97910812859834 -22.248685869960987);1763126999.9;14/11/2025 10:30:00;Trator Valtra série T - 05;10;6842;ALAN TURING;PLANTIO MILHO GRÃO;UNIMAR PLANTIO;Velocidade na Operação;;;2.114184
POINT (-49.97888555068839 -22.24831811538982);1763126974.9;14/11/2025 10:29:35;Trator Valtra série T - 05;10;6842;ALAN TURING;PLANTIO MILHO GRÃO;UNIMAR PLANTIO;Velocidade na Operação;;;2.0010161
POINT (-49.97888555068839 -22.24831811538982);1763126974.9;14/11/2025 10:29:35;Trator Valtra série T - 05;10;6842;ALAN TURING;PLANTIO MILHO GRÃO;UNIMAR PLANTIO;Velocidade na Operação;;;2.0010161
POINT (-49.97888555068839 -22.24831811538982);1763126974.9;14/11/2025 10:29:35;Trator Valtra série T - 05;10;6842;ALAN TURING;PLANTIO MILHO GRÃO;UNIMAR PLANTIO;Velocidade na Operação;;;2.0010161
POINT (-49.97809600292416 -22.247527862124112);1763126909.9;14/11/2025 10:28:30;Trator Valtra série T - 05;10;6842;ALAN TURING;PLANTIO MILHO GRÃO;UNIMAR PLANTIO;Velocidade na Operação;;;1.959864
POINT (-49.97809600292416 -22.247527862124112);1763126909.9;14/11/2025 10:28:30;Trator Valtra série T - 05;10;6842;ALAN TURING;PLANTIO MILHO GRÃO;UNIMAR PLANTIO;Velocidade na Operação;;;1.959864
POINT (-49.97809600292416 -22.247527862124112);1763126909.9;14/11/2025 10:28:30;Trator Valtra série T - 05;10;6842;ALAN TURING;PLANTIO MILHO GRÃO;UNIMAR PLANTIO;Velocidade na Operação;;;1.959864
POINT (-49.977376285071486 -22.24680926261948);1763126755.5;14/11/2025 10:25:56;Trator Valtra série T - 05;10;6842;ALAN TURING;PLANTIO MILHO GRÃO;UNIMAR PLANTIO;Velocidade na Operação;;;1.965008
POINT (-49.977376285071486 -22.24680926261948);1763126755.5;14/11/2025 10:25:56;Trator Valtra série T - 05;10;6842;ALAN TURING;PLANTIO MILHO GRÃO;UNIMAR PLANTIO;Velocidade na Operação;;;1.965008
POINT (-49.977376285071486 -22.24680926261948);1763126755.5;14/11/2025 10:25:56;Trator Valtra série T - 05;10;6842;ALAN TURING;PLANTIO MILHO GRÃO;UNIMAR PLANTIO;Velocidade na Operação;;;1.965008
POINT (-49.979428396752354 -22.24860625727882);1763126595.9;14/11/2025 10:23:16;Trator Valtra série T - 05;10;6842;ALAN TURING;PLANTIO MILHO GRÃO;UNIMAR PLANTIO;Velocidade na Operação;;;1.949576
POINT (-49.979428396752354 -22.24860625727882);1763126595.9;14/11/2025 10:23:16;Trator Valtra série T - 05;10;6842;ALAN TURING;PLANTIO MILHO GRÃO;UNIMAR PLANTIO;Velocidade na Operação;;;1.949576
POINT (-49.979428396752354 -22.24860625727882);1763126595.9;14/11/2025 10:23:16;Trator Valtra série T - 05;10;6842;ALAN TURING;PLANTIO MILHO GRÃO;UNIMAR PLANTIO;Velocidade na Operação;;;1.949576
POINT (-49.97969650419702 -22.248742698028142);1763126579.3;14/11/2025 10:22:59;Trator Valtra série T - 05;10;6842;ALAN TURING;PLANTIO MILHO GRÃO;UNIMAR PLANTIO;Velocidade na Operação;;;2.011304
POINT (-49.97969650419702 -22.248742698028142);1763126579.3;14/11/2025 10:22:59;Trator Valtra série T - 05;10;6842;ALAN TURING;PLANTIO MILHO GRÃO;UNIMAR PLANTIO;Velocidade na Operação;;;2.011304
POINT (-49.97969650419702 -22.248742698028142);1763126579.3;14/11/2025 10:22:59;Trator Valtra série T - 05;10;6842;ALAN TURING;PLANTIO MILHO GRÃO;UNIMAR PLANTIO;Velocidade na Operação;;;2.011304
POINT (-49.97986508440183 -22.24879259960052);1763126569.5;14/11/2025 10:22:50;Trator Valtra série T - 05;10;6842;ALAN TURING;PLANTIO MILHO GRÃO;UNIMAR PLANTIO;Velocidade na Operação;;;2.037024
POINT (-49.97986508440183 -22.24879259960052);1763126569.5;14/11/2025 10:22:50;Trator Valtra série T - 05;10;6842;ALAN TURING;PLANTIO MILHO GRÃO;UNIMAR PLANTIO;Velocidade na Operação;;;2.037024
POINT (-49.97986508440183 -22.24879259960052);1763126569.5;14/11/2025 10:22:50;Trator Valtra série T - 05;10;6842;ALAN TURING;PLANTIO MILHO GRÃO;UNIMAR PLANTIO;Velocidade na Operação;;;2.037024
POINT (-49.97994053013572 -22.248816421058162);1763126565.1;14/11/2025 10:22:45;Trator Valtra série T - 05;10;6842;ALAN TURING;PLANTIO MILHO GRÃO;UNIMAR PLANTIO;Velocidade na Operação;;;1.959864
POINT (-49.97994053013572 -22.248816421058162);1763126565.1;14/11/2025 10:22:45;Trator Valtra série T - 05;10;6842;ALAN TURING;PLANTIO MILHO GRÃO;UNIMAR PLANTIO;Velocidade na Operação;;;1.959864
POINT (-49.97994053013572 -22.248816421058162);1763126565.1;14/11/2025 10:22:45;Trator Valtra série T - 05;10;6842;ALAN TURING;PLANTIO MILHO GRÃO;UNIMAR PLANTIO;Velocidade na Operação;;;1.959864
POINT (-49.98002091672619 -22.248856068561235);1763126560.1;14/11/2025 10:22:40;Trator Valtra série T - 05;10;6842;ALAN TURING;PLANTIO MILHO GRÃO;UNIMAR PLANTIO;Velocidade na Operação;;;2.0627441
POINT (-49.98002091672619 -22.248856068561235);1763126560.1;14/11/2025 10:22:40;Trator Valtra série T - 05;10;6842;ALAN TURING;PLANTIO MILHO GRÃO;UNIMAR PLANTIO;Velocidade na Operação;;;2.0627441
POINT (-49.98002091672619 -22.248856068561235);1763126560.1;14/11/2025 10:22:40;Trator Valtra série T - 05;10;6842;ALAN TURING;PLANTIO MILHO GRÃO;UNIMAR PLANTIO;Velocidade na Operação;;;2.0627441
POINT (-49.98026270542943 -22.24891264951812);1763126546.3;14/11/2025 10:22:26;Trator Valtra série T - 05;10;6842;ALAN TURING;PLANTIO MILHO GRÃO;UNIMAR PLANTIO;Velocidade na Operação;;;2.1244721
POINT (-49.98026270542943 -22.24891264951812);1763126546.3;14/11/2025 10:22:26;Trator Valtra série T - 05;10;6842;ALAN TURING;PLANTIO MILHO GRÃO;UNIMAR PLANTIO;Velocidade na Operação;;;2.1244721
POINT (-49.98026270542943 -22.24891264951812);1763126546.3;14/11/2025 10:22:26;Trator Valtra série T - 05;10;6842;ALAN TURING;PLANTIO MILHO GRÃO;UNIMAR PLANTIO;Velocidade na Operação;;;2.1244721
POINT (-49.98165889296649 -22.248405634186906);1763126455.5;14/11/2025 10:20:56;Trator Valtra série T - 05;10;6842;ALAN TURING;PLANTIO MILHO GRÃO;UNIMAR PLANTIO;Velocidade na Operação;;;1.990728
POINT (-49.98165889296649 -22.248405634186906);1763126455.5;14/11/2025 10:20:56;Trator Valtra série T - 05;10;6842;ALAN TURING;PLANTIO MILHO GRÃO;UNIMAR PLANTIO;Velocidade na Operação;;;1.990728
POINT (-49.98165889296649 -22.248405634186906);1763126455.5;14/11/2025 10:20:56;Trator Valtra série T - 05;10;6842;ALAN TURING;PLANTIO MILHO GRÃO;UNIMAR PLANTIO;Velocidade na Operação;;;1.990728
POINT (-49.98187096015239 -22.248148382096872);1763126435.9;14/11/2025 10:20:36;Trator Valtra série T - 05;10;6842;ALAN TURING;PLANTIO MILHO GRÃO;UNIMAR PLANTIO;Velocidade na Operação;;;1.949576
POINT (-49.98187096015239 -22.248148382096872);1763126435.9;14/11/2025 10:20:36;Trator Valtra série T - 05;10;6842;ALAN TURING;PLANTIO MILHO GRÃO;UNIMAR PLANTIO;Velocidade na Operação;;;1.949576
POINT (-49.98187096015239 -22.248148382096872);1763126435.9;14/11/2025 10:20:36;Trator Valtra série T - 05;10;6842;ALAN TURING;PLANTIO MILHO GRÃO;UNIMAR PLANTIO;Velocidade na Operação;;;1.949576
POINT (-49.9833631012293 -22.247926690831058);1763126277.1;14/11/2025 10:17:57;Trator Valtra série T - 05;10;6842;ALAN TURING;PLANTIO MILHO GRÃO;UNIMAR PLANTIO;Velocidade na Operação;;;1.965008
POINT (-49.9833631012293 -22.247926690831058);1763126277.1;14/11/2025 10:17:57;Trator Valtra série T - 05;10;6842;ALAN TURING;PLANTIO MILHO GRÃO;UNIMAR PLANTIO;Velocidade na Operação;;;1.965008
POINT (-49.9833631012293 -22.247926690831058);1763126277.1;14/11/2025 10:17:57;Trator Valtra série T - 05;10;6842;ALAN TURING;PLANTIO MILHO GRÃO;UNIMAR PLANTIO;Velocidade na Operação;;;1.965008
POINT (-49.981462789494024 -22.24854389884206);1763126148.3;14/11/2025 10:15:48;Trator Valtra série T - 05;10;6842;ALAN TURING;PLANTIO MILHO GRÃO;UNIMAR PLANTIO;Velocidade na Operação;;;2.011304
POINT (-49.981462789494024 -22.24854389884206);1763126148.3;14/11/2025 10:15:48;Trator Valtra série T - 05;10;6842;ALAN TURING;PLANTIO MILHO GRÃO;UNIMAR PLANTIO;Velocidade na Operação;;;2.011304
POINT (-49.981462789494024 -22.24854389884206);1763126148.3;14/11/2025 10:15:48;Trator Valtra série T - 05;10;6842;ALAN TURING;PLANTIO MILHO GRÃO;UNIMAR PLANTIO;Velocidade na Operação;;;2.011304
POINT (-49.98004170107517 -22.248802478523913);1763126063.3;14/11/2025 10:14:23;Trator Valtra série T - 05;10;6842;ALAN TURING;PLANTIO MILHO GRÃO;UNIMAR PLANTIO;Velocidade na Operação;;;1.975296
POINT (-49.98004170107517 -22.248802478523913);1763126063.3;14/11/2025 10:14:23;Trator Valtra série T - 05;10;6842;ALAN TURING;PLANTIO MILHO GRÃO;UNIMAR PLANTIO;Velocidade na Operação;;;1.975296
POINT (-49.98004170107517 -22.248802478523913);1763126063.3;14/11/2025 10:14:23;Trator Valtra série T - 05;10;6842;ALAN TURING;PLANTIO MILHO GRÃO;UNIMAR PLANTIO;Velocidade na Operação;;;1.975296
POINT (-49.97976801926636 -22.248705796774164);1763126047.1;14/11/2025 10:14:07;Trator Valtra série T - 05;10;6842;ALAN TURING;PLANTIO MILHO GRÃO;UNIMAR PLANTIO;Velocidade na Operação;;;2.047312
POINT (-49.97976801926636 -22.248705796774164);1763126047.1;14/11/2025 10:14:07;Trator Valtra série T - 05;10;6842;ALAN TURING;PLANTIO MILHO GRÃO;UNIMAR PLANTIO;Velocidade na Operação;;;2.047312
POINT (-49.97976801926636 -22.248705796774164);1763126047.1;14/11/2025 10:14:07;Trator Valtra série T - 05;10;6842;ALAN TURING;PLANTIO MILHO GRÃO;UNIMAR PLANTIO;Velocidade na Operação;;;2.047312
POINT (-49.97905868122802 -22.24808379215464);1763125991.7;14/11/2025 10:13:12;Trator Valtra série T - 05;10;6842;ALAN TURING;PLANTIO MILHO GRÃO;UNIMAR PLANTIO;Velocidade na Operação;;;1.95472
POINT (-49.97905868122802 -22.24808379215464);1763125991.7;14/11/2025 10:13:12;Trator Valtra série T - 05;10;6842;ALAN TURING;PLANTIO MILHO GRÃO;UNIMAR PLANTIO;Velocidade na Operação;;;1.95472
POINT (-49.97905868122802 -22.24808379215464);1763125991.7;14/11/2025 10:13:12;Trator Valtra série T - 05;10;6842;ALAN TURING;PLANTIO MILHO GRÃO;UNIMAR PLANTIO;Velocidade na Operação;;;1.95472
POINT (-49.975978341088414 -22.248529900234487);1763381906;17/11/2025 09:18:26;Trator John Deere Série 6J - 6166;6;2025;ALUNO DA MANHÃ;MEDIÇÃO DE ÁREA;UNIMAR SERVIÇOS GERAIS;Tempo Máximo de Motor Ocioso;00:01:44;Sem evento;
POINT (-49.9759584527435 -22.24828341717225);1763382051;17/11/2025 09:20:51;Trator John Deere Série 6J - 6166;6;2025;ALUNO DA MANHÃ;MEDIÇÃO DE ÁREA;UNIMAR SERVIÇOS GERAIS;Tempo Máximo de Motor Ocioso;00:05:14;Sem evento;
POINT (-49.96534430969819 -22.240641043960558);1763383017;17/11/2025 09:36:57;Trator John Deere Série 6J - 6166;6;2025;ALUNO DA MANHÃ;MEDIÇÃO DE ÁREA;UNIMAR SERVIÇOS GERAIS;Tempo Máximo de Motor Ocioso;00:08:29;Sem evento;
POINT (-49.96545523721176 -22.24054450302784);1763383566;17/11/2025 09:46:06;Trator John Deere Série 6J - 6166;6;2025;ALUNO DA MANHÃ;MEDIÇÃO DE ÁREA;UNIMAR SERVIÇOS GERAIS;Tempo Máximo de Motor Ocioso;00:05:17;Sem evento;
POINT (-49.96530277686158 -22.240636650257677);1763383940;17/11/2025 09:52:20;Trator John Deere Série 6J - 6166;6;2025;ALUNO DA MANHÃ;MEDIÇÃO DE ÁREA;UNIMAR SERVIÇOS GERAIS;Tempo Máximo de Motor Ocioso;00:01:19;Sem evento;
POINT (-49.96528812458536 -22.240761767652508);1763384759;17/11/2025 10:05:59;Trator John Deere Série 6J - 6166;6;2025;ALUNO DA MANHÃ;MEDIÇÃO DE ÁREA;UNIMAR SERVIÇOS GERAIS;Tempo Máximo de Motor Ocioso;00:00:41;Sem evento;
POINT (-49.96528812458536 -22.240761767652508);1763385361;17/11/2025 10:16:01;Trator John Deere Série 6J - 6166;6;2025;ALUNO DA MANHÃ;MEDIÇÃO DE ÁREA;UNIMAR SERVIÇOS GERAIS;Tempo Máximo de Motor Ocioso;00:00:56;Sem evento;
POINT (-49.97611689050559 -22.24890566171941);1763546654.3;19/11/2025 07:04:14;Trator John Deere Série 6J - 6166;6;2025;ALUNO DA MANHÃ;MEDIÇÃO DE ÁREA;UNIMAR SERVIÇOS GERAIS;Tempo Máximo de Motor Ocioso;00:16:59;Sem evento;
POINT (-49.963517403032654 -22.26805336208791);1763553119.9;19/11/2025 08:52:00;Trator John Deere Série 6J - 6166;6;2025;ALUNO DA MANHÃ;MEDIÇÃO DE ÁREA;UNIMAR SERVIÇOS GERAIS;Tempo Máximo de Motor Ocioso;00:00:29;Sem evento;
POINT (-49.96524144428279 -22.26614513917171);1763554903.7;19/11/2025 09:21:44;Trator John Deere Série 6J - 6166;6;2025;ALUNO DA MANHÃ;MEDIÇÃO DE ÁREA;UNIMAR SERVIÇOS GERAIS;Tempo Máximo de Motor Ocioso;00:00:44;Sem evento;
POINT (-49.963201205469865 -22.265644045092248);1763555943.2;19/11/2025 09:39:03;Trator John Deere Série 6J - 6166;6;2025;ALUNO DA MANHÃ;MEDIÇÃO DE ÁREA;UNIMAR SERVIÇOS GERAIS;Tempo Máximo de Motor Ocioso;00:04:04;Sem evento;
POINT (-49.963501823630175 -22.265632967592772);1763556247.1;19/11/2025 09:44:07;Trator John Deere Série 6J - 6166;6;2025;ALUNO DA MANHÃ;MEDIÇÃO DE ÁREA;UNIMAR SERVIÇOS GERAIS;Tempo Máximo de Motor Ocioso;00:07:25;Sem evento;
POINT (-49.97562861226485 -22.24871007397168);1763557523.3;19/11/2025 10:05:23;Trator John Deere Série 6J - 6166;6;2025;ALUNO DA MANHÃ;MEDIÇÃO DE ÁREA;UNIMAR SERVIÇOS GERAIS;Tempo Máximo de Motor Ocioso;00:00:31;Sem evento;
POINT (-49.96516648769835 -22.240679608596796);1763558028.3;19/11/2025 10:13:48;Trator John Deere Série 6J - 6166;6;2025;ALUNO DA MANHÃ;MEDIÇÃO DE ÁREA;UNIMAR SERVIÇOS GERAIS;Tempo Máximo de Motor Ocioso;00:17:29;Sem evento;
POINT (-49.973201543278584 -22.246363658587587);1763560019.6;19/11/2025 10:47:00;Trator John Deere Série 6J - 6166;6;2025;ALUNO DA MANHÃ;MEDIÇÃO DE ÁREA;UNIMAR SERVIÇOS GERAIS;Tempo Máximo de Motor Ocioso;00:12:29;Sem evento;
POINT (-49.975630139141515 -22.24871062671632);1763560953.9;19/11/2025 11:02:34;Trator John Deere Série 6J - 6166;6;2025;ALUNO DA MANHÃ;MEDIÇÃO DE ÁREA;UNIMAR SERVIÇOS GERAIS;Tempo Máximo de Motor Ocioso;00:00:34;Sem evento;
POINT (-49.976129157175066 -22.24866675737861);1763561049.3;19/11/2025 11:04:09;Trator John Deere Série 6J - 6166;6;2025;ALUNO DA MANHÃ;MEDIÇÃO DE ÁREA;UNIMAR SERVIÇOS GERAIS;Tempo Máximo de Motor Ocioso;00:20:34;Sem evento;
POINT (-49.975428765464706 -22.24856255848401);1763562396.3;19/11/2025 11:26:36;Trator John Deere Série 6J - 6166;6;2025;ALUNO DA MANHÃ;MEDIÇÃO DE ÁREA;UNIMAR SERVIÇOS GERAIS;Tempo Máximo de Motor Ocioso;00:04:30;Sem evento;
POINT (-49.96436300860744 -22.26429106043068);1763573448.2;19/11/2025 14:30:48;Trator John Deere Série 6J - 6166;6;2025;ALUNO DA MANHÃ;MEDIÇÃO DE ÁREA;UNIMAR SERVIÇOS GERAIS;Tempo Máximo de Motor Ocioso;00:00:49;Sem evento;
POINT (-49.9687732970213 -22.263516974298998);1763574383.5;19/11/2025 14:46:24;Trator John Deere Série 6J - 6166;6;2025;ALUNO DA MANHÃ;MEDIÇÃO DE ÁREA;UNIMAR SERVIÇOS GERAIS;Tempo Máximo de Motor Ocioso;00:01:50;Sem evento;
POINT (-49.96632777952064 -22.26509833171915);1763575443.5;19/11/2025 15:04:04;Trator John Deere Série 6J - 6166;6;2025;ALUNO DA MANHÃ;MEDIÇÃO DE ÁREA;UNIMAR SERVIÇOS GERAIS;Tempo Máximo de Motor Ocioso;00:09:55;Sem evento;
POINT (-49.975620933124034 -22.248738687423593);1763576966;19/11/2025 15:29:26;Trator John Deere Série 6J - 6166;6;2025;ALUNO DA MANHÃ;MEDIÇÃO DE ÁREA;UNIMAR SERVIÇOS GERAIS;Tempo Máximo de Motor Ocioso;00:04:45;Sem evento;
POINT (-49.973172203675986 -22.24634430578496);1763577489.3;19/11/2025 15:38:09;Trator John Deere Série 6J - 6166;6;2025;ALUNO DA MANHÃ;MEDIÇÃO DE ÁREA;UNIMAR SERVIÇOS GERAIS;Tempo Máximo de Motor Ocioso;00:15:39;Sem evento;
POINT (-49.972777449266495 -22.24664562830633);1763578598.6;19/11/2025 15:56:39;Trator John Deere Série 6J - 6166;6;2025;ALUNO DA MANHÃ;MEDIÇÃO DE ÁREA;UNIMAR SERVIÇOS GERAIS;Tempo Máximo de Motor Ocioso;00:03:29;Sem evento;
POINT (-49.972777449266495 -22.24664562830633);1763578803.6;19/11/2025 16:00:04;Trator John Deere Série 6J - 6166;6;2025;ALUNO DA MANHÃ;MEDIÇÃO DE ÁREA;UNIMAR SERVIÇOS GERAIS;Tempo Máximo de Motor Ocioso;00:34:04;Sem evento;
POINT (-49.97277962470682 -22.24656669896608);1763580678.5;19/11/2025 16:31:18;Trator John Deere Série 6J - 6166;6;2025;ALUNO DA MANHÃ;MEDIÇÃO DE ÁREA;UNIMAR SERVIÇOS GERAIS;Tempo Máximo de Motor Ocioso;00:00:35;Sem evento;
POINT (-49.97568644188101 -22.24878816980041);1763580992.6;19/11/2025 16:36:33;Trator John Deere Série 6J - 6166;6;2025;ALUNO DA MANHÃ;MEDIÇÃO DE ÁREA;UNIMAR SERVIÇOS GERAIS;Tempo Máximo de Motor Ocioso;00:13:49;Sem evento;
POINT (-49.97612026472371 -22.24866997814416);1763631711.3;20/11/2025 06:41:51;Trator John Deere Série 6J - 6166;6;2025;ALUNO DA MANHÃ;MEDIÇÃO DE ÁREA;UNIMAR SERVIÇOS GERAIS;Tempo Máximo de Motor Ocioso;00:17:05;Sem evento;
POINT (-49.97567520108984 -22.24877578633274);1763632809.4;20/11/2025 07:00:09;Trator John Deere Série 6J - 6166;6;2025;ALUNO DA MANHÃ;MEDIÇÃO DE ÁREA;UNIMAR SERVIÇOS GERAIS;Tempo Máximo de Motor Ocioso;00:17:58;Sem evento;
POINT (-49.97798575630275 -22.242107042861537);1763634137.8;20/11/2025 07:22:18;Trator John Deere Série 6J - 6166;6;2025;ALUNO DA MANHÃ;MEDIÇÃO DE ÁREA;UNIMAR SERVIÇOS GERAIS;Tempo Máximo de Motor Ocioso;00:00:25;Sem evento;
POINT (-50.03454784895112 -22.249040736970304);1763635259.8;20/11/2025 07:41:00;Trator John Deere Série 6J - 6166;6;2025;ALUNO DA MANHÃ;MEDIÇÃO DE ÁREA;UNIMAR SERVIÇOS GERAIS;Tempo Máximo de Motor Ocioso;00:00:19;Sem evento;
POINT (-50.0342296424789 -22.248034885225774);1763636077.4;20/11/2025 07:54:37;Trator John Deere Série 6J - 6166;6;2025;ALUNO DA MANHÃ;MEDIÇÃO DE ÁREA;UNIMAR SERVIÇOS GERAIS;Tempo Máximo de Motor Ocioso;00:02:34;Sem evento;
POINT (-50.034322165843086 -22.247977995476038);1763636269.2;20/11/2025 07:57:49;Trator John Deere Série 6J - 6166;6;2025;ALUNO DA MANHÃ;MEDIÇÃO DE ÁREA;UNIMAR SERVIÇOS GERAIS;Tempo Máximo de Motor Ocioso;00:02:20;Sem evento;
POINT (-50.034322165843086 -22.247977995476038);1763636404.2;20/11/2025 08:00:04;Trator John Deere Série 6J - 6166;6;2025;ALUNO DA MANHÃ;MEDIÇÃO DE ÁREA;UNIMAR SERVIÇOS GERAIS;Tempo Máximo de Motor Ocioso;00:05:00;Sem evento;
POINT (-50.03516270654357 -22.246375278708495);1763638106.9;20/11/2025 08:28:27;Trator John Deere Série 6J - 6166;6;2025;ALUNO DA MANHÃ;MEDIÇÃO DE ÁREA;UNIMAR SERVIÇOS GERAIS;Tempo Máximo de Motor Ocioso;00:19:19;Sem evento;
POINT (-50.034497777829564 -22.243660914201804);1763643548.4;20/11/2025 09:59:08;Trator John Deere Série 6J - 6166;6;2025;ALUNO DA MANHÃ;MEDIÇÃO DE ÁREA;UNIMAR SERVIÇOS GERAIS;Tempo Máximo de Motor Ocioso;00:00:59;Sem evento;
POINT (-50.034497777829564 -22.243660914201804);1763643603.4;20/11/2025 10:00:03;Trator John Deere Série 6J - 6166;6;2025;ALUNO DA MANHÃ;MEDIÇÃO DE ÁREA;UNIMAR SERVIÇOS GERAIS;Tempo Máximo de Motor Ocioso;00:01:54;Sem evento;
POINT (-50.0351755839809 -22.2442602166965);1763643775;20/11/2025 10:02:55;Trator John Deere Série 6J - 6166;6;2025;ALUNO DA MANHÃ;MEDIÇÃO DE ÁREA;UNIMAR SERVIÇOS GERAIS;Tempo Máximo de Motor Ocioso;00:00:13;Sem evento;
POINT (-50.03524241939395 -22.244193364123078);1763643827.2;20/11/2025 10:03:47;Trator John Deere Série 6J - 6166;6;2025;ALUNO DA MANHÃ;MEDIÇÃO DE ÁREA;UNIMAR SERVIÇOS GERAIS;Tempo Máximo de Motor Ocioso;00:13:00;Sem evento;
POINT (-50.0349741926186 -22.249260586167843);1763645626.3;20/11/2025 10:33:46;Trator John Deere Série 6J - 6166;6;2025;ALUNO DA MANHÃ;MEDIÇÃO DE ÁREA;UNIMAR SERVIÇOS GERAIS;Tempo Máximo de Motor Ocioso;00:04:05;Sem evento;
POINT (-50.034705666500315 -22.249087671771758);1763646566.7;20/11/2025 10:49:27;Trator John Deere Série 6J - 6166;6;2025;ALUNO DA MANHÃ;MEDIÇÃO DE ÁREA;UNIMAR SERVIÇOS GERAIS;Tempo Máximo de Motor Ocioso;00:01:30;Sem evento;
POINT (-49.97786020308315 -22.242133144649607);1763647996.9;20/11/2025 11:13:17;Trator John Deere Série 6J - 6166;6;2025;ALUNO DA MANHÃ;MEDIÇÃO DE ÁREA;UNIMAR SERVIÇOS GERAIS;Tempo Máximo de Motor Ocioso;00:14:04;Sem evento;
POINT (-49.97859461184385 -22.250296209869028);1763649083.2;20/11/2025 11:31:23;Trator John Deere Série 6J - 6166;6;2025;ALUNO DA MANHÃ;MEDIÇÃO DE ÁREA;UNIMAR SERVIÇOS GERAIS;Tempo Máximo de Motor Ocioso;00:14:25;Sem evento;
POINT (-49.9786047531194 -22.24999926724682);1763650005.7;20/11/2025 11:46:46;Trator John Deere Série 6J - 6166;6;2025;ALUNO DA MANHÃ;MEDIÇÃO DE ÁREA;UNIMAR SERVIÇOS GERAIS;Tempo Máximo de Motor Ocioso;00:00:29;Sem evento;
POINT (-49.978446739476524 -22.2502003735213);1763650363.6;20/11/2025 11:52:44;Trator John Deere Série 6J - 6166;6;2025;ALUNO DA MANHÃ;MEDIÇÃO DE ÁREA;UNIMAR SERVIÇOS GERAIS;Tempo Máximo de Motor Ocioso;00:07:24;Sem evento;
POINT (-49.978446739476524 -22.2502003735213);1763650803.6;20/11/2025 12:00:04;Trator John Deere Série 6J - 6166;6;2025;ALUNO DA MANHÃ;MEDIÇÃO DE ÁREA;UNIMAR SERVIÇOS GERAIS;Tempo Máximo de Motor Ocioso;00:13:24;Sem evento;
POINT (-49.97189849747736 -22.24864690458843);1763655705.9;20/11/2025 13:21:46;Trator John Deere Série 6J - 6166;6;2025;ALUNO DA MANHÃ;MEDIÇÃO DE ÁREA;UNIMAR SERVIÇOS GERAIS;Tempo Máximo de Motor Ocioso;00:09:04;Sem evento;
POINT (-49.97185528478904 -22.24864151991244);1763656291.7;20/11/2025 13:31:32;Trator John Deere Série 6J - 6166;6;2025;ALUNO DA MANHÃ;MEDIÇÃO DE ÁREA;UNIMAR SERVIÇOS GERAIS;Tempo Máximo de Motor Ocioso;00:06:29;Sem evento;
POINT (-49.9732053030298 -22.24636464510766);1763657062.8;20/11/2025 13:44:23;Trator John Deere Série 6J - 6166;6;2025;ALUNO DA MANHÃ;MEDIÇÃO DE ÁREA;UNIMAR SERVIÇOS GERAIS;Tempo Máximo de Motor Ocioso;00:00:59;Sem evento;
POINT (-49.97326489198261 -22.246407424851174);1763657154;20/11/2025 13:45:54;Trator John Deere Série 6J - 6166;6;2025;ALUNO DA MANHÃ;MEDIÇÃO DE ÁREA;UNIMAR SERVIÇOS GERAIS;Tempo Máximo de Motor Ocioso;00:02:39;Sem evento;
POINT (-49.973264827268785 -22.246407831181624);1763657344;20/11/2025 13:49:04;Trator John Deere Série 6J - 6166;6;2025;ALUNO DA MANHÃ;MEDIÇÃO DE ÁREA;UNIMAR SERVIÇOS GERAIS;Tempo Máximo de Motor Ocioso;00:00:51;Sem evento;
POINT (-49.97326528062216 -22.246399689317567);1763657433.9;20/11/2025 13:50:34;Trator John Deere Série 6J - 6166;6;2025;ALUNO DA MANHÃ;MEDIÇÃO DE ÁREA;UNIMAR SERVIÇOS GERAIS;Tempo Máximo de Motor Ocioso;00:01:04;Sem evento;
POINT (-49.97318299113997 -22.2463827967135);1763657531;20/11/2025 13:52:11;Trator John Deere Série 6J - 6166;6;2025;ALUNO DA MANHÃ;MEDIÇÃO DE ÁREA;UNIMAR SERVIÇOS GERAIS;Tempo Máximo de Motor Ocioso;00:00:14;Sem evento;
POINT (-49.97265247607814 -22.24717279616236);1763657998.5;20/11/2025 13:59:58;Trator John Deere Série 6J - 6166;6;2025;ALUNO DA MANHÃ;MEDIÇÃO DE ÁREA;UNIMAR SERVIÇOS GERAIS;Tempo Máximo de Motor Ocioso;00:00:09;Sem evento;
POINT (-49.97265247607814 -22.24717279616236);1763658003.5;20/11/2025 14:00:04;Trator John Deere Série 6J - 6166;6;2025;ALUNO DA MANHÃ;MEDIÇÃO DE ÁREA;UNIMAR SERVIÇOS GERAIS;Tempo Máximo de Motor Ocioso;00:02:14;Sem evento;
POINT (-49.97269896895184 -22.247047147100947);1763658266.8;20/11/2025 14:04:27;Trator John Deere Série 6J - 6166;6;2025;ALUNO DA MANHÃ;MEDIÇÃO DE ÁREA;UNIMAR SERVIÇOS GERAIS;Tempo Máximo de Motor Ocioso;00:00:34;Sem evento;
POINT (-49.97265519080847 -22.246818427105584);1763658375.5;20/11/2025 14:06:16;Trator John Deere Série 6J - 6166;6;2025;ALUNO DA MANHÃ;MEDIÇÃO DE ÁREA;UNIMAR SERVIÇOS GERAIS;Tempo Máximo de Motor Ocioso;00:03:04;Sem evento;
POINT (-49.97269388816713 -22.247037223348606);1763658624;20/11/2025 14:10:24;Trator John Deere Série 6J - 6166;6;2025;ALUNO DA MANHÃ;MEDIÇÃO DE ÁREA;UNIMAR SERVIÇOS GERAIS;Tempo Máximo de Motor Ocioso;00:01:19;Sem evento;
POINT (-49.972703400705115 -22.2470572880892);1763658753.2;20/11/2025 14:12:33;Trator John Deere Série 6J - 6166;6;2025;ALUNO DA MANHÃ;MEDIÇÃO DE ÁREA;UNIMAR SERVIÇOS GERAIS;Tempo Máximo de Motor Ocioso;00:00:50;Sem evento;
POINT (-49.97271522936884 -22.246947685197934);1763658844.8;20/11/2025 14:14:05;Trator John Deere Série 6J - 6166;6;2025;ALUNO DA MANHÃ;MEDIÇÃO DE ÁREA;UNIMAR SERVIÇOS GERAIS;Tempo Máximo de Motor Ocioso;00:02:29;Sem evento;
POINT (-49.97270230820217 -22.24703268095345);1763659046.8;20/11/2025 14:17:27;Trator John Deere Série 6J - 6166;6;2025;ALUNO DA MANHÃ;MEDIÇÃO DE ÁREA;UNIMAR SERVIÇOS GERAIS;Tempo Máximo de Motor Ocioso;00:00:09;Sem evento;
POINT (-49.97269548655329 -22.24704051632533);1763659113.8;20/11/2025 14:18:34;Trator John Deere Série 6J - 6166;6;2025;ALUNO DA MANHÃ;MEDIÇÃO DE ÁREA;UNIMAR SERVIÇOS GERAIS;Tempo Máximo de Motor Ocioso;00:03:19;Sem evento;
POINT (-49.97270024703633 -22.2470399456159);1763659358;20/11/2025 14:22:38;Trator John Deere Série 6J - 6166;6;2025;ALUNO DA MANHÃ;MEDIÇÃO DE ÁREA;UNIMAR SERVIÇOS GERAIS;Tempo Máximo de Motor Ocioso;00:00:19;Sem evento;
POINT (-49.972706434904424 -22.24702819237576);1763659421;20/11/2025 14:23:41;Trator John Deere Série 6J - 6166;6;2025;ALUNO DA MANHÃ;MEDIÇÃO DE ÁREA;UNIMAR SERVIÇOS GERAIS;Tempo Máximo de Motor Ocioso;00:07:55;Sem evento;
POINT (-49.973355188154 -22.246629918130665);1763659943;20/11/2025 14:32:23;Trator John Deere Série 6J - 6166;6;2025;ALUNO DA MANHÃ;MEDIÇÃO DE ÁREA;UNIMAR SERVIÇOS GERAIS;Tempo Máximo de Motor Ocioso;00:03:18;Sem evento;
POINT (-49.97326901626402 -22.246495635699855);1763660190;20/11/2025 14:36:30;Trator John Deere Série 6J - 6166;6;2025;ALUNO DA MANHÃ;MEDIÇÃO DE ÁREA;UNIMAR SERVIÇOS GERAIS;Tempo Máximo de Motor Ocioso;00:06:12;Sem evento;
POINT (-49.972985462360334 -22.246777406662968);1763660626;20/11/2025 14:43:46;Trator John Deere Série 6J - 6166;6;2025;ALUNO DA MANHÃ;MEDIÇÃO DE ÁREA;UNIMAR SERVIÇOS GERAIS;Tempo Máximo de Motor Ocioso;00:12:42;Sem evento;
POINT (-49.97296535897266 -22.24722939506371);1763661430;20/11/2025 14:57:10;Trator John Deere Série 6J - 6166;6;2025;ALUNO DA MANHÃ;MEDIÇÃO DE ÁREA;UNIMAR SERVIÇOS GERAIS;Tempo Máximo de Motor Ocioso;00:02:52;Sem evento;
POINT (-49.97296535897266 -22.24722939506371);1763661600;20/11/2025 15:00:00;Trator John Deere Série 6J - 6166;6;2025;ALUNO DA MANHÃ;MEDIÇÃO DE ÁREA;UNIMAR SERVIÇOS GERAIS;Tempo Máximo de Motor Ocioso;00:17:37;Sem evento;
POINT (-49.97321975785175 -22.246405713260852);1763662892;20/11/2025 15:21:32;Trator John Deere Série 6J - 6166;6;2025;ALUNO DA MANHÃ;MEDIÇÃO DE ÁREA;UNIMAR SERVIÇOS GERAIS;Tempo Máximo de Motor Ocioso;00:13:27;Sem evento;
POINT (-49.967185140208976 -22.24375349815898);1763663913;20/11/2025 15:38:33;Trator John Deere Série 6J - 6166;6;2025;ALUNO DA MANHÃ;MEDIÇÃO DE ÁREA;UNIMAR SERVIÇOS GERAIS;Tempo Máximo de Motor Ocioso;00:07:23;Sem evento;
POINT (-49.975448085455014 -22.248564099765474);1763664694;20/11/2025 15:51:34;Trator John Deere Série 6J - 6166;6;2025;ALUNO DA MANHÃ;MEDIÇÃO DE ÁREA;UNIMAR SERVIÇOS GERAIS;Tempo Máximo de Motor Ocioso;00:00:43;Sem evento;
POINT (-49.972715034816446 -22.248930444064374);1763205030.3;15/11/2025 08:10:30;Trator Valtra série T - 05;8;6842;ALAN TURING;PLANTIO MILHO SILAGEM;UNIMAR PLANTIO;Tempo Máximo de Motor Ocioso;00:01:35;Sem evento;
POINT (-49.972715034816446 -22.248930444064374);1763205030.3;15/11/2025 08:10:30;Trator Valtra série T - 05;8;6842;ALAN TURING;PLANTIO MILHO SILAGEM;UNIMAR PLANTIO;Tempo Máximo de Motor Ocioso;00:01:35;Sem evento;
POINT (-49.972715034816446 -22.248930444064374);1763205030.3;15/11/2025 08:10:30;Trator Valtra série T - 05;8;6842;ALAN TURING;PLANTIO MILHO SILAGEM;UNIMAR PLANTIO;Tempo Máximo de Motor Ocioso;00:01:35;Sem evento;
POINT (-49.97226571784943 -22.243419277725103);1763206847.9;15/11/2025 08:40:48;Trator Valtra série T - 05;8;6842;ALAN TURING;PLANTIO MILHO SILAGEM;UNIMAR PLANTIO;Tempo Máximo de Motor Ocioso;00:00:08;Sem evento;
POINT (-49.97226571784943 -22.243419277725103);1763206847.9;15/11/2025 08:40:48;Trator Valtra série T - 05;8;6842;ALAN TURING;PLANTIO MILHO SILAGEM;UNIMAR PLANTIO;Tempo Máximo de Motor Ocioso;00:00:08;Sem evento;
POINT (-49.97226571784943 -22.243419277725103);1763206847.9;15/11/2025 08:40:48;Trator Valtra série T - 05;8;6842;ALAN TURING;PLANTIO MILHO SILAGEM;UNIMAR PLANTIO;Tempo Máximo de Motor Ocioso;00:00:08;Sem evento;
POINT (-49.97232878566348 -22.243542277203186);1763206992.9;15/11/2025 08:43:13;Trator Valtra série T - 05;8;6842;ALAN TURING;PLANTIO MILHO SILAGEM;UNIMAR PLANTIO;Tempo Máximo de Motor Ocioso;00:00:08;Sem evento;
POINT (-49.97232878566348 -22.243542277203186);1763206992.9;15/11/2025 08:43:13;Trator Valtra série T - 05;8;6842;ALAN TURING;PLANTIO MILHO SILAGEM;UNIMAR PLANTIO;Tempo Máximo de Motor Ocioso;00:00:08;Sem evento;
POINT (-49.97232878566348 -22.243542277203186);1763206992.9;15/11/2025 08:43:13;Trator Valtra série T - 05;8;6842;ALAN TURING;PLANTIO MILHO SILAGEM;UNIMAR PLANTIO;Tempo Máximo de Motor Ocioso;00:00:08;Sem evento;
POINT (-49.97526222592512 -22.240894848733138);1763221653.3;15/11/2025 12:47:33;Trator Valtra série T - 05;8;6842;ALAN TURING;PLANTIO MILHO SILAGEM;UNIMAR PLANTIO;Tempo Máximo de Motor Ocioso;00:00:08;Sem evento;
POINT (-49.97526222592512 -22.240894848733138);1763221653.3;15/11/2025 12:47:33;Trator Valtra série T - 05;8;6842;ALAN TURING;PLANTIO MILHO SILAGEM;UNIMAR PLANTIO;Tempo Máximo de Motor Ocioso;00:00:08;Sem evento;
POINT (-49.97526222592512 -22.240894848733138);1763221653.3;15/11/2025 12:47:33;Trator Valtra série T - 05;8;6842;ALAN TURING;PLANTIO MILHO SILAGEM;UNIMAR PLANTIO;Tempo Máximo de Motor Ocioso;00:00:08;Sem evento;
POINT (-49.97602489383709 -22.2430420411006);1763226389.1;15/11/2025 14:06:29;Trator Valtra série T - 05;8;6842;ALAN TURING;PLANTIO MILHO SILAGEM;UNIMAR PLANTIO;Tempo Máximo de Motor Ocioso;00:00:09;Sem evento;
POINT (-49.97602489383709 -22.2430420411006);1763226389.1;15/11/2025 14:06:29;Trator Valtra série T - 05;8;6842;ALAN TURING;PLANTIO MILHO SILAGEM;UNIMAR PLANTIO;Tempo Máximo de Motor Ocioso;00:00:09;Sem evento;
POINT (-49.97602489383709 -22.2430420411006);1763226389.1;15/11/2025 14:06:29;Trator Valtra série T - 05;8;6842;ALAN TURING;PLANTIO MILHO SILAGEM;UNIMAR PLANTIO;Tempo Máximo de Motor Ocioso;00:00:09;Sem evento;
POINT (-49.97529626257853 -22.242089240361217);1763227967;15/11/2025 14:32:47;Trator Valtra série T - 05;9;6842;ALAN TURING;PLANTIO MILHO SILAGEM;UNIMAR PLANTIO;Tempo Máximo de Motor Ocioso;00:00:32;Sem evento;
POINT (-49.97529626257853 -22.242089240361217);1763227967;15/11/2025 14:32:47;Trator Valtra série T - 05;9;6842;ALAN TURING;PLANTIO MILHO SILAGEM;UNIMAR PLANTIO;Tempo Máximo de Motor Ocioso;00:00:32;Sem evento;
POINT (-49.97529626257853 -22.242089240361217);1763227967;15/11/2025 14:32:47;Trator Valtra série T - 05;9;6842;ALAN TURING;PLANTIO MILHO SILAGEM;UNIMAR PLANTIO;Tempo Máximo de Motor Ocioso;00:00:32;Sem evento;
POINT (-49.97089512918089 -22.24404976776934);1763239091.3;15/11/2025 17:38:11;Trator Valtra série T - 05;9;6842;ALAN TURING;PLANTIO MILHO SILAGEM;UNIMAR PLANTIO;Tempo Máximo de Motor Ocioso;00:01:04;Sem evento;
POINT (-49.97089512918089 -22.24404976776934);1763239091.3;15/11/2025 17:38:11;Trator Valtra série T - 05;9;6842;ALAN TURING;PLANTIO MILHO SILAGEM;UNIMAR PLANTIO;Tempo Máximo de Motor Ocioso;00:01:04;Sem evento;
POINT (-49.97089512918089 -22.24404976776934);1763239091.3;15/11/2025 17:38:11;Trator Valtra série T - 05;9;6842;ALAN TURING;PLANTIO MILHO SILAGEM;UNIMAR PLANTIO;Tempo Máximo de Motor Ocioso;00:01:04;Sem evento;
POINT (-49.975520632380736 -22.24805916452973);1763121654.5;14/11/2025 09:00:54;Trator Valtra série T - 05;10;6842;ALAN TURING;PLANTIO MILHO GRÃO;UNIMAR PLANTIO;Tempo Máximo de Motor Ocioso;00:01:35;Sem evento;
POINT (-49.975520632380736 -22.24805916452973);1763121654.5;14/11/2025 09:00:54;Trator Valtra série T - 05;10;6842;ALAN TURING;PLANTIO MILHO GRÃO;UNIMAR PLANTIO;Tempo Máximo de Motor Ocioso;00:01:35;Sem evento;
POINT (-49.975520632380736 -22.24805916452973);1763121654.5;14/11/2025 09:00:54;Trator Valtra série T - 05;10;6842;ALAN TURING;PLANTIO MILHO GRÃO;UNIMAR PLANTIO;Tempo Máximo de Motor Ocioso;00:01:35;Sem evento;
POINT (-49.97555549099997 -22.248140548290028);1763121808.7;14/11/2025 09:03:29;Trator Valtra série T - 05;10;6842;ALAN TURING;PLANTIO MILHO GRÃO;UNIMAR PLANTIO;Tempo Máximo de Motor Ocioso;00:03:06;Sem evento;
POINT (-49.97555549099997 -22.248140548290028);1763121808.7;14/11/2025 09:03:29;Trator Valtra série T - 05;10;6842;ALAN TURING;PLANTIO MILHO GRÃO;UNIMAR PLANTIO;Tempo Máximo de Motor Ocioso;00:03:06;Sem evento;
POINT (-49.97555549099997 -22.248140548290028);1763121808.7;14/11/2025 09:03:29;Trator Valtra série T - 05;10;6842;ALAN TURING;PLANTIO MILHO GRÃO;UNIMAR PLANTIO;Tempo Máximo de Motor Ocioso;00:03:06;Sem evento;
POINT (-49.97559676568825 -22.24817228613124);1763122060.9;14/11/2025 09:07:41;Trator Valtra série T - 05;10;6842;ALAN TURING;PLANTIO MILHO GRÃO;UNIMAR PLANTIO;Tempo Máximo de Motor Ocioso;00:02:49;Sem evento;
POINT (-49.97559676568825 -22.24817228613124);1763122060.9;14/11/2025 09:07:41;Trator Valtra série T - 05;10;6842;ALAN TURING;PLANTIO MILHO GRÃO;UNIMAR PLANTIO;Tempo Máximo de Motor Ocioso;00:02:49;Sem evento;
POINT (-49.97559676568825 -22.24817228613124);1763122060.9;14/11/2025 09:07:41;Trator Valtra série T - 05;10;6842;ALAN TURING;PLANTIO MILHO GRÃO;UNIMAR PLANTIO;Tempo Máximo de Motor Ocioso;00:02:49;Sem evento;
POINT (-49.975615426166925 -22.248169980431292);1763122262.9;14/11/2025 09:11:03;Trator Valtra série T - 05;10;6842;ALAN TURING;PLANTIO MILHO GRÃO;UNIMAR PLANTIO;Tempo Máximo de Motor Ocioso;00:00:09;Sem evento;
POINT (-49.975615426166925 -22.248169980431292);1763122262.9;14/11/2025 09:11:03;Trator Valtra série T - 05;10;6842;ALAN TURING;PLANTIO MILHO GRÃO;UNIMAR PLANTIO;Tempo Máximo de Motor Ocioso;00:00:09;Sem evento;
POINT (-49.975615426166925 -22.248169980431292);1763122262.9;14/11/2025 09:11:03;Trator Valtra série T - 05;10;6842;ALAN TURING;PLANTIO MILHO GRÃO;UNIMAR PLANTIO;Tempo Máximo de Motor Ocioso;00:00:09;Sem evento;
POINT (-49.975817361418855 -22.247547454444597);1763122476.5;14/11/2025 09:14:36;Trator Valtra série T - 05;10;6842;ALAN TURING;PLANTIO MILHO GRÃO;UNIMAR PLANTIO;Tempo Máximo de Motor Ocioso;00:09:05;Sem evento;
POINT (-49.975817361418855 -22.247547454444597);1763122476.5;14/11/2025 09:14:36;Trator Valtra série T - 05;10;6842;ALAN TURING;PLANTIO MILHO GRÃO;UNIMAR PLANTIO;Tempo Máximo de Motor Ocioso;00:09:05;Sem evento;
POINT (-49.975817361418855 -22.247547454444597);1763122476.5;14/11/2025 09:14:36;Trator Valtra série T - 05;10;6842;ALAN TURING;PLANTIO MILHO GRÃO;UNIMAR PLANTIO;Tempo Máximo de Motor Ocioso;00:09:05;Sem evento;
POINT (-49.97579873924503 -22.247658428385204);1763123053.3;14/11/2025 09:24:13;Trator Valtra série T - 05;10;6842;ALAN TURING;PLANTIO MILHO GRÃO;UNIMAR PLANTIO;Tempo Máximo de Motor Ocioso;00:01:29;Sem evento;
POINT (-49.97579873924503 -22.247658428385204);1763123053.3;14/11/2025 09:24:13;Trator Valtra série T - 05;10;6842;ALAN TURING;PLANTIO MILHO GRÃO;UNIMAR PLANTIO;Tempo Máximo de Motor Ocioso;00:01:29;Sem evento;
POINT (-49.97579873924503 -22.247658428385204);1763123053.3;14/11/2025 09:24:13;Trator Valtra série T - 05;10;6842;ALAN TURING;PLANTIO MILHO GRÃO;UNIMAR PLANTIO;Tempo Máximo de Motor Ocioso;00:01:29;Sem evento;
POINT (-49.97574691468473 -22.247581621474552);1763123177.7;14/11/2025 09:26:18;Trator Valtra série T - 05;10;6842;ALAN TURING;PLANTIO MILHO GRÃO;UNIMAR PLANTIO;Tempo Máximo de Motor Ocioso;00:25:35;Sem evento;
POINT (-49.97574691468473 -22.247581621474552);1763123177.7;14/11/2025 09:26:18;Trator Valtra série T - 05;10;6842;ALAN TURING;PLANTIO MILHO GRÃO;UNIMAR PLANTIO;Tempo Máximo de Motor Ocioso;00:25:35;Sem evento;
POINT (-49.97574691468473 -22.247581621474552);1763123177.7;14/11/2025 09:26:18;Trator Valtra série T - 05;10;6842;ALAN TURING;PLANTIO MILHO GRÃO;UNIMAR PLANTIO;Tempo Máximo de Motor Ocioso;00:25:35;Sem evento;
POINT (-49.97574681568472 -22.24758167214119);1763124760.1;14/11/2025 09:52:40;Trator Valtra série T - 05;10;6842;ALAN TURING;PLANTIO MILHO GRÃO;UNIMAR PLANTIO;Tempo Máximo de Motor Ocioso;00:07:24;Sem evento;
POINT (-49.97574681568472 -22.24758167214119);1763124760.1;14/11/2025 09:52:40;Trator Valtra série T - 05;10;6842;ALAN TURING;PLANTIO MILHO GRÃO;UNIMAR PLANTIO;Tempo Máximo de Motor Ocioso;00:07:24;Sem evento;
POINT (-49.97574681568472 -22.24758167214119);1763124760.1;14/11/2025 09:52:40;Trator Valtra série T - 05;10;6842;ALAN TURING;PLANTIO MILHO GRÃO;UNIMAR PLANTIO;Tempo Máximo de Motor Ocioso;00:07:24;Sem evento;
POINT (-49.97574681568472 -22.24758167214119);1763125200.1;14/11/2025 10:00:00;Trator Valtra série T - 05;10;6842;ALAN TURING;PLANTIO MILHO GRÃO;UNIMAR PLANTIO;Tempo Máximo de Motor Ocioso;00:12:58;Sem evento;
POINT (-49.97574681568472 -22.24758167214119);1763125200.1;14/11/2025 10:00:00;Trator Valtra série T - 05;10;6842;ALAN TURING;PLANTIO MILHO GRÃO;UNIMAR PLANTIO;Tempo Máximo de Motor Ocioso;00:12:58;Sem evento;
POINT (-49.97574681568472 -22.24758167214119);1763125200.1;14/11/2025 10:00:00;Trator Valtra série T - 05;10;6842;ALAN TURING;PLANTIO MILHO GRÃO;UNIMAR PLANTIO;Tempo Máximo de Motor Ocioso;00:12:58;Sem evento;
POINT (-49.97738924451765 -22.246711872274574);1763125694.5;14/11/2025 10:08:14;Trator Valtra série T - 05;10;6842;ALAN TURING;PLANTIO MILHO GRÃO;UNIMAR PLANTIO;Tempo Máximo de Motor Ocioso;00:00:19;Sem evento;
POINT (-49.97738924451765 -22.246711872274574);1763125694.5;14/11/2025 10:08:14;Trator Valtra série T - 05;10;6842;ALAN TURING;PLANTIO MILHO GRÃO;UNIMAR PLANTIO;Tempo Máximo de Motor Ocioso;00:00:19;Sem evento;
POINT (-49.97738924451765 -22.246711872274574);1763125694.5;14/11/2025 10:08:14;Trator Valtra série T - 05;10;6842;ALAN TURING;PLANTIO MILHO GRÃO;UNIMAR PLANTIO;Tempo Máximo de Motor Ocioso;00:00:19;Sem evento;
POINT (-49.983963443787104 -22.248946587084916);1763127446.6;14/11/2025 10:37:27;Trator Valtra série T - 05;10;6842;ALAN TURING;PLANTIO MILHO GRÃO;UNIMAR PLANTIO;Tempo Máximo de Motor Ocioso;00:13:01;Sem evento;
POINT (-49.983963443787104 -22.248946587084916);1763127446.6;14/11/2025 10:37:27;Trator Valtra série T - 05;10;6842;ALAN TURING;PLANTIO MILHO GRÃO;UNIMAR PLANTIO;Tempo Máximo de Motor Ocioso;00:13:01;Sem evento;
POINT (-49.983963443787104 -22.248946587084916);1763127446.6;14/11/2025 10:37:27;Trator Valtra série T - 05;10;6842;ALAN TURING;PLANTIO MILHO GRÃO;UNIMAR PLANTIO;Tempo Máximo de Motor Ocioso;00:13:01;Sem evento;
POINT (-49.98393257048354 -22.248472819886402);1763129671.3;14/11/2025 11:14:31;Trator Valtra série T - 05;10;6842;ALAN TURING;PLANTIO MILHO GRÃO;UNIMAR PLANTIO;Tempo Máximo de Motor Ocioso;00:00:49;Sem evento;
POINT (-49.98393257048354 -22.248472819886402);1763129671.3;14/11/2025 11:14:31;Trator Valtra série T - 05;10;6842;ALAN TURING;PLANTIO MILHO GRÃO;UNIMAR PLANTIO;Tempo Máximo de Motor Ocioso;00:00:49;Sem evento;
POINT (-49.98393257048354 -22.248472819886402);1763129671.3;14/11/2025 11:14:31;Trator Valtra série T - 05;10;6842;ALAN TURING;PLANTIO MILHO GRÃO;UNIMAR PLANTIO;Tempo Máximo de Motor Ocioso;00:00:49;Sem evento;
POINT (-49.97729626559555 -22.246761649193655);1763131049.9;14/11/2025 11:37:30;Trator Valtra série T - 05;10;6842;ALAN TURING;PLANTIO MILHO GRÃO;UNIMAR PLANTIO;Tempo Máximo de Motor Ocioso;00:02:59;Sem evento;
POINT (-49.97729626559555 -22.246761649193655);1763131049.9;14/11/2025 11:37:30;Trator Valtra série T - 05;10;6842;ALAN TURING;PLANTIO MILHO GRÃO;UNIMAR PLANTIO;Tempo Máximo de Motor Ocioso;00:02:59;Sem evento;
POINT (-49.97729626559555 -22.246761649193655);1763131049.9;14/11/2025 11:37:30;Trator Valtra série T - 05;10;6842;ALAN TURING;PLANTIO MILHO GRÃO;UNIMAR PLANTIO;Tempo Máximo de Motor Ocioso;00:02:59;Sem evento;
POINT (-49.97575963570583 -22.248110824772407);1763131739.3;14/11/2025 11:48:59;Trator Valtra série T - 05;10;6842;ALAN TURING;PLANTIO MILHO GRÃO;UNIMAR PLANTIO;Tempo Máximo de Motor Ocioso;00:00:05;Sem evento;
POINT (-49.97575963570583 -22.248110824772407);1763131739.3;14/11/2025 11:48:59;Trator Valtra série T - 05;10;6842;ALAN TURING;PLANTIO MILHO GRÃO;UNIMAR PLANTIO;Tempo Máximo de Motor Ocioso;00:00:05;Sem evento;
POINT (-49.97575963570583 -22.248110824772407);1763131739.3;14/11/2025 11:48:59;Trator Valtra série T - 05;10;6842;ALAN TURING;PLANTIO MILHO GRÃO;UNIMAR PLANTIO;Tempo Máximo de Motor Ocioso;00:00:05;Sem evento;
POINT (-49.97574409708275 -22.248109437653767);1763137280.8;14/11/2025 13:21:21;Trator Valtra série T - 05;10;6842;ALAN TURING;PLANTIO MILHO GRÃO;UNIMAR PLANTIO;Tempo Máximo de Motor Ocioso;00:01:13;Sem evento;
POINT (-49.97574409708275 -22.248109437653767);1763137280.8;14/11/2025 13:21:21;Trator Valtra série T - 05;10;6842;ALAN TURING;PLANTIO MILHO GRÃO;UNIMAR PLANTIO;Tempo Máximo de Motor Ocioso;00:01:13;Sem evento;
POINT (-49.97574409708275 -22.248109437653767);1763137280.8;14/11/2025 13:21:21;Trator Valtra série T - 05;10;6842;ALAN TURING;PLANTIO MILHO GRÃO;UNIMAR PLANTIO;Tempo Máximo de Motor Ocioso;00:01:13;Sem evento;
POINT (-49.97574432441714 -22.248105182153875);1763137370.8;14/11/2025 13:22:51;Trator Valtra série T - 05;10;6842;ALAN TURING;PLANTIO MILHO GRÃO;UNIMAR PLANTIO;Tempo Máximo de Motor Ocioso;00:04:36;Sem evento;
POINT (-49.97574432441714 -22.248105182153875);1763137370.8;14/11/2025 13:22:51;Trator Valtra série T - 05;10;6842;ALAN TURING;PLANTIO MILHO GRÃO;UNIMAR PLANTIO;Tempo Máximo de Motor Ocioso;00:04:36;Sem evento;
POINT (-49.97574432441714 -22.248105182153875);1763137370.8;14/11/2025 13:22:51;Trator Valtra série T - 05;10;6842;ALAN TURING;PLANTIO MILHO GRÃO;UNIMAR PLANTIO;Tempo Máximo de Motor Ocioso;00:04:36;Sem evento;
POINT (-49.97574439658384 -22.248105160820554);1763137680.8;14/11/2025 13:28:01;Trator Valtra série T - 05;10;6842;ALAN TURING;PLANTIO MILHO GRÃO;UNIMAR PLANTIO;Tempo Máximo de Motor Ocioso;00:05:42;Sem evento;
POINT (-49.97574439658384 -22.248105160820554);1763137680.8;14/11/2025 13:28:01;Trator Valtra série T - 05;10;6842;ALAN TURING;PLANTIO MILHO GRÃO;UNIMAR PLANTIO;Tempo Máximo de Motor Ocioso;00:05:42;Sem evento;
POINT (-49.97574439658384 -22.248105160820554);1763137680.8;14/11/2025 13:28:01;Trator Valtra série T - 05;10;6842;ALAN TURING;PLANTIO MILHO GRÃO;UNIMAR PLANTIO;Tempo Máximo de Motor Ocioso;00:05:42;Sem evento;
POINT (-49.97583460713741 -22.248054970764112);1763138083.9;14/11/2025 13:34:44;Trator Valtra série T - 05;10;6842;ALAN TURING;PLANTIO MILHO GRÃO;UNIMAR PLANTIO;Tempo Máximo de Motor Ocioso;00:02:00;Sem evento;
POINT (-49.97583460713741 -22.248054970764112);1763138083.9;14/11/2025 13:34:44;Trator Valtra série T - 05;10;6842;ALAN TURING;PLANTIO MILHO GRÃO;UNIMAR PLANTIO;Tempo Máximo de Motor Ocioso;00:02:00;Sem evento;
POINT (-49.97583460713741 -22.248054970764112);1763138083.9;14/11/2025 13:34:44;Trator Valtra série T - 05;10;6842;ALAN TURING;PLANTIO MILHO GRÃO;UNIMAR PLANTIO;Tempo Máximo de Motor Ocioso;00:02:00;Sem evento;
POINT (-49.977030660147555 -22.246947311723467);1763142344.4;14/11/2025 14:45:44;Trator Valtra série T - 05;10;6842;ALAN TURING;PLANTIO MILHO GRÃO;UNIMAR PLANTIO;Tempo Máximo de Motor Ocioso;00:01:16;Sem evento;
POINT (-49.977030660147555 -22.246947311723467);1763142344.4;14/11/2025 14:45:44;Trator Valtra série T - 05;10;6842;ALAN TURING;PLANTIO MILHO GRÃO;UNIMAR PLANTIO;Tempo Máximo de Motor Ocioso;00:01:16;Sem evento;
POINT (-49.977030660147555 -22.246947311723467);1763142344.4;14/11/2025 14:45:44;Trator Valtra série T - 05;10;6842;ALAN TURING;PLANTIO MILHO GRÃO;UNIMAR PLANTIO;Tempo Máximo de Motor Ocioso;00:01:16;Sem evento;
POINT (-49.97701414711411 -22.247051169283125);1763142449.5;14/11/2025 14:47:30;Trator Valtra série T - 05;10;6842;ALAN TURING;PLANTIO MILHO GRÃO;UNIMAR PLANTIO;Tempo Máximo de Motor Ocioso;00:11:01;Sem evento;
POINT (-49.97701414711411 -22.247051169283125);1763142449.5;14/11/2025 14:47:30;Trator Valtra série T - 05;10;6842;ALAN TURING;PLANTIO MILHO GRÃO;UNIMAR PLANTIO;Tempo Máximo de Motor Ocioso;00:11:01;Sem evento;
POINT (-49.97701414711411 -22.247051169283125);1763142449.5;14/11/2025 14:47:30;Trator Valtra série T - 05;10;6842;ALAN TURING;PLANTIO MILHO GRÃO;UNIMAR PLANTIO;Tempo Máximo de Motor Ocioso;00:11:01;Sem evento;
POINT (-49.976983395097704 -22.247059929560244);1763144487.9;14/11/2025 15:21:28;Trator Valtra série T - 05;10;6842;ALAN TURING;PLANTIO MILHO GRÃO;UNIMAR PLANTIO;Tempo Máximo de Motor Ocioso;00:00:32;Sem evento;
POINT (-49.976983395097704 -22.247059929560244);1763144487.9;14/11/2025 15:21:28;Trator Valtra série T - 05;10;6842;ALAN TURING;PLANTIO MILHO GRÃO;UNIMAR PLANTIO;Tempo Máximo de Motor Ocioso;00:00:32;Sem evento;
POINT (-49.976983395097704 -22.247059929560244);1763144487.9;14/11/2025 15:21:28;Trator Valtra série T - 05;10;6842;ALAN TURING;PLANTIO MILHO GRÃO;UNIMAR PLANTIO;Tempo Máximo de Motor Ocioso;00:00:32;Sem evento;
POINT (-49.97581335672988 -22.24765804142761);1763144778.2;14/11/2025 15:26:18;Trator Valtra série T - 05;10;6842;ALAN TURING;PLANTIO MILHO GRÃO;UNIMAR PLANTIO;Tempo Máximo de Motor Ocioso;00:18:23;Sem evento;
POINT (-49.97581335672988 -22.24765804142761);1763144778.2;14/11/2025 15:26:18;Trator Valtra série T - 05;10;6842;ALAN TURING;PLANTIO MILHO GRÃO;UNIMAR PLANTIO;Tempo Máximo de Motor Ocioso;00:18:23;Sem evento;
POINT (-49.97581335672988 -22.24765804142761);1763144778.2;14/11/2025 15:26:18;Trator Valtra série T - 05;10;6842;ALAN TURING;PLANTIO MILHO GRÃO;UNIMAR PLANTIO;Tempo Máximo de Motor Ocioso;00:18:23;Sem evento;
POINT (-49.975779032408425 -22.247619301018734);1763145938.4;14/11/2025 15:45:38;Trator Valtra série T - 05;10;6842;ALAN TURING;PLANTIO MILHO GRÃO;UNIMAR PLANTIO;Tempo Máximo de Motor Ocioso;00:01:08;Sem evento;
POINT (-49.975779032408425 -22.247619301018734);1763145938.4;14/11/2025 15:45:38;Trator Valtra série T - 05;10;6842;ALAN TURING;PLANTIO MILHO GRÃO;UNIMAR PLANTIO;Tempo Máximo de Motor Ocioso;00:01:08;Sem evento;
POINT (-49.975779032408425 -22.247619301018734);1763145938.4;14/11/2025 15:45:38;Trator Valtra série T - 05;10;6842;ALAN TURING;PLANTIO MILHO GRÃO;UNIMAR PLANTIO;Tempo Máximo de Motor Ocioso;00:01:08;Sem evento;
POINT (-49.97580038369784 -22.247553775294925);1763146058.9;14/11/2025 15:47:39;Trator Valtra série T - 05;10;6842;ALAN TURING;PLANTIO MILHO GRÃO;UNIMAR PLANTIO;Tempo Máximo de Motor Ocioso;00:12:29;Sem evento;
POINT (-49.97580038369784 -22.247553775294925);1763146058.9;14/11/2025 15:47:39;Trator Valtra série T - 05;10;6842;ALAN TURING;PLANTIO MILHO GRÃO;UNIMAR PLANTIO;Tempo Máximo de Motor Ocioso;00:12:29;Sem evento;
POINT (-49.97580038369784 -22.247553775294925);1763146058.9;14/11/2025 15:47:39;Trator Valtra série T - 05;10;6842;ALAN TURING;PLANTIO MILHO GRÃO;UNIMAR PLANTIO;Tempo Máximo de Motor Ocioso;00:12:29;Sem evento;
POINT (-49.97580038369784 -22.247553775294925);1763146803.9;14/11/2025 16:00:04;Trator Valtra série T - 05;10;6842;ALAN TURING;PLANTIO MILHO GRÃO;UNIMAR PLANTIO;Tempo Máximo de Motor Ocioso;00:30:59;Sem evento;
POINT (-49.97580038369784 -22.247553775294925);1763146803.9;14/11/2025 16:00:04;Trator Valtra série T - 05;10;6842;ALAN TURING;PLANTIO MILHO GRÃO;UNIMAR PLANTIO;Tempo Máximo de Motor Ocioso;00:30:59;Sem evento;
POINT (-49.97580038369784 -22.247553775294925);1763146803.9;14/11/2025 16:00:04;Trator Valtra série T - 05;10;6842;ALAN TURING;PLANTIO MILHO GRÃO;UNIMAR PLANTIO;Tempo Máximo de Motor Ocioso;00:30:59;Sem evento;
POINT (-49.97580038369784 -22.247553775294925);1763147914.3;14/11/2025 16:18:34;Trator Valtra série T - 05;12;6842;ALAN TURING;Plantio;UNIMAR PLANTIO;Tempo Máximo de Motor Ocioso;00:31:04;Sem evento;
POINT (-49.97580038369784 -22.247553775294925);1763147914.3;14/11/2025 16:18:34;Trator Valtra série T - 05;12;6842;ALAN TURING;Plantio;UNIMAR PLANTIO;Tempo Máximo de Motor Ocioso;00:31:04;Sem evento;
POINT (-49.97580038369784 -22.247553775294925);1763147914.3;14/11/2025 16:18:34;Trator Valtra série T - 05;12;6842;ALAN TURING;Plantio;UNIMAR PLANTIO;Tempo Máximo de Motor Ocioso;00:31:04;Sem evento;
POINT (-49.9765188290149 -22.246755232033316);1763148120.4;14/11/2025 16:22:00;Trator Valtra série T - 05;12;6842;ALAN TURING;Plantio;UNIMAR PLANTIO;Tempo Máximo de Motor Ocioso;00:00:46;Sem evento;
POINT (-49.9765188290149 -22.246755232033316);1763148120.4;14/11/2025 16:22:00;Trator Valtra série T - 05;12;6842;ALAN TURING;Plantio;UNIMAR PLANTIO;Tempo Máximo de Motor Ocioso;00:00:46;Sem evento;
POINT (-49.9765188290149 -22.246755232033316);1763148120.4;14/11/2025 16:22:00;Trator Valtra série T - 05;12;6842;ALAN TURING;Plantio;UNIMAR PLANTIO;Tempo Máximo de Motor Ocioso;00:00:46;Sem evento;
POINT (-49.97599892283621 -22.248388263565406);1763149723.8;14/11/2025 16:48:44;Trator Valtra série T - 05;12;6842;ALAN TURING;Plantio;UNIMAR PLANTIO;Tempo Máximo de Motor Ocioso;00:00:15;Sem evento;
POINT (-49.97599892283621 -22.248388263565406);1763149723.8;14/11/2025 16:48:44;Trator Valtra série T - 05;12;6842;ALAN TURING;Plantio;UNIMAR PLANTIO;Tempo Máximo de Motor Ocioso;00:00:15;Sem evento;
POINT (-49.97599892283621 -22.248388263565406);1763149723.8;14/11/2025 16:48:44;Trator Valtra série T - 05;12;6842;ALAN TURING;Plantio;UNIMAR PLANTIO;Tempo Máximo de Motor Ocioso;00:00:15;Sem evento;
POINT (-49.97277767957489 -22.249028906622687);1763152859.1;14/11/2025 17:40:59;Trator Valtra série T - 05;12;6842;ALAN TURING;Plantio;UNIMAR PLANTIO;Tempo Máximo de Motor Ocioso;00:00:34;Sem evento;
POINT (-49.97277767957489 -22.249028906622687);1763152859.1;14/11/2025 17:40:59;Trator Valtra série T - 05;12;6842;ALAN TURING;Plantio;UNIMAR PLANTIO;Tempo Máximo de Motor Ocioso;00:00:34;Sem evento;
POINT (-49.97277767957489 -22.249028906622687);1763152859.1;14/11/2025 17:40:59;Trator Valtra série T - 05;12;6842;ALAN TURING;Plantio;UNIMAR PLANTIO;Tempo Máximo de Motor Ocioso;00:00:34;Sem evento;
POINT (-49.97279297150021 -22.249002622440003);1763155634.8;14/11/2025 18:27:15;Trator Valtra série T - 05;12;6842;ALAN TURING;Plantio;UNIMAR PLANTIO;Tempo Máximo de Motor Ocioso;00:16:55;Sem evento;
POINT (-49.97279297150021 -22.249002622440003);1763155634.8;14/11/2025 18:27:15;Trator Valtra série T - 05;12;6842;ALAN TURING;Plantio;UNIMAR PLANTIO;Tempo Máximo de Motor Ocioso;00:16:55;Sem evento;
POINT (-49.97279297150021 -22.249002622440003);1763155634.8;14/11/2025 18:27:15;Trator Valtra série T - 05;12;6842;ALAN TURING;Plantio;UNIMAR PLANTIO;Tempo Máximo de Motor Ocioso;00:16:55;Sem evento;
POINT (-49.97276159285826 -22.24900607516159);1763202063.7;15/11/2025 07:21:04;Trator Valtra série T - 05;12;6842;ALAN TURING;Plantio;UNIMAR PLANTIO;Tempo Máximo de Motor Ocioso;00:38:58;Sem evento;
POINT (-49.97276159285826 -22.24900607516159);1763202063.7;15/11/2025 07:21:04;Trator Valtra série T - 05;12;6842;ALAN TURING;Plantio;UNIMAR PLANTIO;Tempo Máximo de Motor Ocioso;00:38:58;Sem evento;
POINT (-49.97276159285826 -22.24900607516159);1763202063.7;15/11/2025 07:21:04;Trator Valtra série T - 05;12;6842;ALAN TURING;Plantio;UNIMAR PLANTIO;Tempo Máximo de Motor Ocioso;00:38:58;Sem evento;
POINT (-49.97276159285826 -22.24900607516159);1763204401;15/11/2025 08:00:01;Trator Valtra série T - 05;12;6842;ALAN TURING;Plantio;UNIMAR PLANTIO;Tempo Máximo de Motor Ocioso;00:47:26;Sem evento;
POINT (-49.97276159285826 -22.24900607516159);1763204401;15/11/2025 08:00:01;Trator Valtra série T - 05;12;6842;ALAN TURING;Plantio;UNIMAR PLANTIO;Tempo Máximo de Motor Ocioso;00:47:26;Sem evento;
POINT (-49.97276159285826 -22.24900607516159);1763204401;15/11/2025 08:00:01;Trator Valtra série T - 05;12;6842;ALAN TURING;Plantio;UNIMAR PLANTIO;Tempo Máximo de Motor Ocioso;00:47:26;Sem evento;
POINT (-49.972715034816446 -22.248930444064374);1763204944.3;15/11/2025 08:09:04;Trator Valtra série T - 05;12;6842;ALAN TURING;Plantio;UNIMAR PLANTIO;Tempo Máximo de Motor Ocioso;00:01:30;Sem evento;
POINT (-49.972715034816446 -22.248930444064374);1763204944.3;15/11/2025 08:09:04;Trator Valtra série T - 05;12;6842;ALAN TURING;Plantio;UNIMAR PLANTIO;Tempo Máximo de Motor Ocioso;00:01:30;Sem evento;
POINT (-49.972715034816446 -22.248930444064374);1763204944.3;15/11/2025 08:09:04;Trator Valtra série T - 05;12;6842;ALAN TURING;Plantio;UNIMAR PLANTIO;Tempo Máximo de Motor Ocioso;00:01:30;Sem evento;
POINT (-49.9709223424101 -22.242178574066365);1763239604;15/11/2025 17:46:44;Trator Valtra série T - 05;12;6842;ALAN TURING;Plantio;UNIMAR PLANTIO;Tempo Máximo de Motor Ocioso;00:06:26;Sem evento;
POINT (-49.9709223424101 -22.242178574066365);1763239604;15/11/2025 17:46:44;Trator Valtra série T - 05;12;6842;ALAN TURING;Plantio;UNIMAR PLANTIO;Tempo Máximo de Motor Ocioso;00:06:26;Sem evento;
POINT (-49.9709223424101 -22.242178574066365);1763239604;15/11/2025 17:46:44;Trator Valtra série T - 05;12;6842;ALAN TURING;Plantio;UNIMAR PLANTIO;Tempo Máximo de Motor Ocioso;00:06:26;Sem evento;
POINT (-49.972750075550344 -22.249028616662123);1763240493;15/11/2025 18:01:33;Trator Valtra série T - 05;12;6842;ALAN TURING;Plantio;UNIMAR PLANTIO;Tempo Máximo de Motor Ocioso;00:02:21;Sem evento;
POINT (-49.972750075550344 -22.249028616662123);1763240493;15/11/2025 18:01:33;Trator Valtra série T - 05;12;6842;ALAN TURING;Plantio;UNIMAR PLANTIO;Tempo Máximo de Motor Ocioso;00:02:11;Sem evento;
POINT (-49.972750075550344 -22.249028616662123);1763240493;15/11/2025 18:01:33;Trator Valtra série T - 05;12;6842;ALAN TURING;Plantio;UNIMAR PLANTIO;Tempo Máximo de Motor Ocioso;00:02:11;Sem evento;
POINT (-49.97288189300342 -22.249041359599428);1763373720.5;17/11/2025 07:02:00;Trator Valtra série T - 05;12;6842;ALAN TURING;Plantio;UNIMAR PLANTIO;Tempo Máximo de Motor Ocioso;00:02:03;Sem evento;
POINT (-49.975808179224984 -22.248012062211277);1763374139.5;17/11/2025 07:09:00;Trator Valtra série T - 05;12;6842;ALAN TURING;Plantio;UNIMAR PLANTIO;Tempo Máximo de Motor Ocioso;00:00:36;Sem evento;
POINT (-49.975858691598354 -22.248026929858987);1763382574.4;17/11/2025 09:29:34;Trator Valtra série T - 05;12;6842;ALAN TURING;Plantio;UNIMAR PLANTIO;Tempo Máximo de Motor Ocioso;00:06:22;Sem evento;
POINT (-49.975849767268684 -22.24803289952892);1763382976.7;17/11/2025 09:36:17;Trator Valtra série T - 05;12;6842;ALAN TURING;Plantio;UNIMAR PLANTIO;Tempo Máximo de Motor Ocioso;00:02:55;Sem evento;
POINT (-49.97086219061845 -22.243983118589263);1763383500.3;17/11/2025 09:45:00;Trator Valtra série T - 05;12;6842;ALAN TURING;Plantio;UNIMAR PLANTIO;Tempo Máximo de Motor Ocioso;00:07:36;Sem evento;
POINT (-49.97553889750112 -22.24824336925888);1763385302.7;17/11/2025 10:15:03;Trator Valtra série T - 05;12;6842;ALAN TURING;Plantio;UNIMAR PLANTIO;Tempo Máximo de Motor Ocioso;00:02:54;Sem evento;
POINT (-49.975547922966044 -22.248165317151983);1763385543.5;17/11/2025 10:19:04;Trator Valtra série T - 05;12;6842;ALAN TURING;Plantio;UNIMAR PLANTIO;Tempo Máximo de Motor Ocioso;00:01:09;Sem evento;
POINT (-49.975537887896024 -22.24816555282342);1763385645.7;17/11/2025 10:20:46;Trator Valtra série T - 05;12;6842;ALAN TURING;Plantio;UNIMAR PLANTIO;Tempo Máximo de Motor Ocioso;00:01:59;Sem evento;
POINT (-49.96517911937105 -22.240652802070404);1763386198.5;17/11/2025 10:29:58;Trator Valtra série T - 05;12;6842;ALAN TURING;Plantio;UNIMAR PLANTIO;Tempo Máximo de Motor Ocioso;00:00:14;Sem evento;
POINT (-49.96514790515985 -22.24055743885267);1763386259.1;17/11/2025 10:30:59;Trator Valtra série T - 05;12;6842;ALAN TURING;Plantio;UNIMAR PLANTIO;Tempo Máximo de Motor Ocioso;00:03:44;Sem evento;
POINT (-49.96518226071976 -22.240612053513924);1763386523.1;17/11/2025 10:35:23;Trator Valtra série T - 05;12;6842;ALAN TURING;Plantio;UNIMAR PLANTIO;Tempo Máximo de Motor Ocioso;00:00:29;Sem evento;
POINT (-49.96505181877765 -22.240961523166447);1763386621.3;17/11/2025 10:37:01;Trator Valtra série T - 05;12;6842;ALAN TURING;Plantio;UNIMAR PLANTIO;Tempo Máximo de Motor Ocioso;00:00:59;Sem evento;
POINT (-49.96504946022431 -22.240960758610992);1763386716.3;17/11/2025 10:38:36;Trator Valtra série T - 05;12;6842;ALAN TURING;Plantio;UNIMAR PLANTIO;Tempo Máximo de Motor Ocioso;00:07:45;Sem evento;
POINT (-49.96504947039098 -22.240960756444338);1763387211.3;17/11/2025 10:46:51;Trator Valtra série T - 05;12;6842;ALAN TURING;Plantio;UNIMAR PLANTIO;Tempo Máximo de Motor Ocioso;00:01:34;Sem evento;
POINT (-49.9757489335287 -22.248126895076258);1763399139.4;17/11/2025 14:05:39;Trator Valtra série T - 05;12;6842;ALAN TURING;Plantio;UNIMAR PLANTIO;Tempo Máximo de Motor Ocioso;00:01:05;Sem evento;
POINT (-49.97579803899417 -22.2479973362533);1763399224.9;17/11/2025 14:07:05;Trator Valtra série T - 05;12;6842;ALAN TURING;Plantio;UNIMAR PLANTIO;Tempo Máximo de Motor Ocioso;00:01:59;Sem evento;
POINT (-49.97553174890336 -22.248223914256);1763399443.5;17/11/2025 14:10:44;Trator Valtra série T - 05;12;6842;ALAN TURING;Plantio;UNIMAR PLANTIO;Tempo Máximo de Motor Ocioso;00:11:03;Sem evento;
POINT (-49.975616719763345 -22.248482807035714);1763718857;21/11/2025 06:54:17;Trator John Deere Série 6J - 6166;6;2025;ALUNO DA MANHÃ;MEDIÇÃO DE ÁREA;UNIMAR SERVIÇOS GERAIS;Tempo Máximo de Motor Ocioso;00:00:40;Sem evento;
POINT (-49.976056912566875 -22.248735152787145);1763718969.6;21/11/2025 06:56:10;Trator John Deere Série 6J - 6166;6;2025;ALUNO DA MANHÃ;MEDIÇÃO DE ÁREA;UNIMAR SERVIÇOS GERAIS;Tempo Máximo de Motor Ocioso;00:03:58;Sem evento;
POINT (-49.976056912566875 -22.248735152787145);1763719204.6;21/11/2025 07:00:05;Trator John Deere Série 6J - 6166;6;2025;ALUNO DA MANHÃ;MEDIÇÃO DE ÁREA;UNIMAR SERVIÇOS GERAIS;Tempo Máximo de Motor Ocioso;00:53:43;Sem evento;
POINT (-49.965076206270616 -22.240951988949085);1763722798.6;21/11/2025 07:59:59;Trator John Deere Série 6J - 6166;6;2025;ALUNO DA MANHÃ;MEDIÇÃO DE ÁREA;UNIMAR SERVIÇOS GERAIS;Tempo Máximo de Motor Ocioso;00:00:10;Sem evento;
POINT (-49.965076206270616 -22.240951988949085);1763722803.6;21/11/2025 08:00:04;Trator John Deere Série 6J - 6166;6;2025;ALUNO DA MANHÃ;MEDIÇÃO DE ÁREA;UNIMAR SERVIÇOS GERAIS;Tempo Máximo de Motor Ocioso;00:00:35;Sem evento;
POINT (-49.96441774687591 -22.258999163377894);1763726019.4;21/11/2025 08:53:39;Trator John Deere Série 6J - 6166;6;2025;ALUNO DA MANHÃ;MEDIÇÃO DE ÁREA;UNIMAR SERVIÇOS GERAIS;Tempo Máximo de Motor Ocioso;00:01:04;Sem evento;
POINT (-49.964363096704844 -22.259028400309475);1763726131.9;21/11/2025 08:55:32;Trator John Deere Série 6J - 6166;6;2025;ALUNO DA MANHÃ;MEDIÇÃO DE ÁREA;UNIMAR SERVIÇOS GERAIS;Tempo Máximo de Motor Ocioso;00:00:09;Sem evento;
POINT (-49.96227604302586 -22.24482958045213);1763727969.5;21/11/2025 09:26:10;Trator John Deere Série 6J - 6166;6;2025;ALUNO DA MANHÃ;MEDIÇÃO DE ÁREA;UNIMAR SERVIÇOS GERAIS;Tempo Máximo de Motor Ocioso;00:00:14;Sem evento;
POINT (-49.96258506554819 -22.24421098444815);1763729447.7;21/11/2025 09:50:48;Trator John Deere Série 6J - 6166;6;2025;ALUNO DA MANHÃ;MEDIÇÃO DE ÁREA;UNIMAR SERVIÇOS GERAIS;Tempo Máximo de Motor Ocioso;00:00:59;Sem evento;
POINT (-49.965926291695816 -22.243066575943995);1763732010;21/11/2025 10:33:30;Trator John Deere Série 6J - 6166;6;2025;ALUNO DA MANHÃ;MEDIÇÃO DE ÁREA;UNIMAR SERVIÇOS GERAIS;Tempo Máximo de Motor Ocioso;00:00:14;Sem evento;
POINT (-49.97482921929181 -22.23958269850524);1763734216.9;21/11/2025 11:10:17;Trator John Deere Série 6J - 6166;6;2025;ALUNO DA MANHÃ;MEDIÇÃO DE ÁREA;UNIMAR SERVIÇOS GERAIS;Tempo Máximo de Motor Ocioso;00:00:14;Sem evento;
POINT (-49.97920925528115 -22.243527694542124);1763734595.9;21/11/2025 11:16:36;Trator John Deere Série 6J - 6166;6;2025;ALUNO DA MANHÃ;MEDIÇÃO DE ÁREA;UNIMAR SERVIÇOS GERAIS;Tempo Máximo de Motor Ocioso;00:00:09;Sem evento;
POINT (-49.977818031249534 -22.24222121602187);1763734719;21/11/2025 11:18:39;Trator John Deere Série 6J - 6166;6;2025;ALUNO DA MANHÃ;MEDIÇÃO DE ÁREA;UNIMAR SERVIÇOS GERAIS;Tempo Máximo de Motor Ocioso;00:00:34;Sem evento;
POINT (-49.97320636249572 -22.246359241978826);1763736282.5;21/11/2025 11:44:42;Trator John Deere Série 6J - 6166;6;2025;ALUNO DA MANHÃ;MEDIÇÃO DE ÁREA;UNIMAR SERVIÇOS GERAIS;Tempo Máximo de Motor Ocioso;00:07:19;Sem evento;
POINT (-49.97612620568312 -22.24866346246684);1763741046.5;21/11/2025 13:04:06;Trator John Deere Série 6J - 6166;6;2025;ALUNO DA MANHÃ;MEDIÇÃO DE ÁREA;UNIMAR SERVIÇOS GERAIS;Tempo Máximo de Motor Ocioso;00:15:04;Sem evento;
POINT (-49.97988510117787 -22.254158187448954);1763748292.5;21/11/2025 15:04:52;Trator John Deere Série 6J - 6166;6;2025;ALUNO DA MANHÃ;MEDIÇÃO DE ÁREA;UNIMAR SERVIÇOS GERAIS;Tempo Máximo de Motor Ocioso;00:01:14;Sem evento;
POINT (-49.973205296550574 -22.246354086870987);1763750560.6;21/11/2025 15:42:41;Trator John Deere Série 6J - 6166;6;2025;ALUNO DA MANHÃ;MEDIÇÃO DE ÁREA;UNIMAR SERVIÇOS GERAIS;Tempo Máximo de Motor Ocioso;00:05:04;Sem evento;
POINT (-49.976131907105504 -22.248681911453783);1763751039;21/11/2025 15:50:39;Trator John Deere Série 6J - 6166;6;2025;ALUNO DA MANHÃ;MEDIÇÃO DE ÁREA;UNIMAR SERVIÇOS GERAIS;Tempo Máximo de Motor Ocioso;00:06:39;Sem evento;
POINT (-49.97948800844801 -22.24560407440999);1763755099.6;21/11/2025 16:58:20;Trator John Deere Série 6J - 6166;6;2025;ALUNO DA MANHÃ;MEDIÇÃO DE ÁREA;UNIMAR SERVIÇOS GERAIS;Tempo Máximo de Motor Ocioso;00:01:49;Sem evento;
POINT (-49.97948800844801 -22.24560407440999);1763755204.6;21/11/2025 17:00:05;Trator John Deere Série 6J - 6166;6;2025;ALUNO DA MANHÃ;MEDIÇÃO DE ÁREA;UNIMAR SERVIÇOS GERAIS;Tempo Máximo de Motor Ocioso;00:03:19;Sem evento;
POINT (-49.9757008692468 -22.247758763223988);1763755585;21/11/2025 17:06:25;Trator John Deere Série 6J - 6166;6;2025;ALUNO DA MANHÃ;MEDIÇÃO DE ÁREA;UNIMAR SERVIÇOS GERAIS;Tempo Máximo de Motor Ocioso;00:00:52;Sem evento;
POINT (-49.97548980809244 -22.248678867640727);1763755729;21/11/2025 17:08:49;Trator John Deere Série 6J - 6166;6;2025;ALUNO DA MANHÃ;MEDIÇÃO DE ÁREA;UNIMAR SERVIÇOS GERAIS;Tempo Máximo de Motor Ocioso;00:02:15;Sem evento;
POINT (-49.980986862878694 -22.246260757556914);1763813651;22/11/2025 09:14:11;Trator John Deere Série 6J - 6166;6;2025;ALUNO DA MANHÃ;MEDIÇÃO DE ÁREA;UNIMAR SERVIÇOS GERAIS;Tempo Máximo de Motor Ocioso;00:02:00;Sem evento;
POINT (-49.97554506947986 -22.24811874667634);1763813864;22/11/2025 09:17:44;Trator John Deere Série 6J - 6166;6;2025;ALUNO DA MANHÃ;MEDIÇÃO DE ÁREA;UNIMAR SERVIÇOS GERAIS;Tempo Máximo de Motor Ocioso;00:00:44;Sem evento;
POINT (-49.97566409421651 -22.248480424766864);1763896117;23/11/2025 08:08:37;Trator John Deere Série 6J - 6166;6;2025;ALUNO DA MANHÃ;MEDIÇÃO DE ÁREA;UNIMAR SERVIÇOS GERAIS;Tempo Máximo de Motor Ocioso;00:04:40;Sem evento;
POINT (-49.973705734616395 -22.24975879475064);1764069908;25/11/2025 08:25:08;Trator John Deere Série 6J - 6166;6;2025;ALUNO DA MANHÃ;MEDIÇÃO DE ÁREA;UNIMAR SERVIÇOS GERAIS;Tempo Máximo de Motor Ocioso;00:03:10;Sem evento;
POINT (-49.9737086938949 -22.249729144332793);1764071245;25/11/2025 08:47:25;Trator John Deere Série 6J - 6166;6;2025;ALUNO DA MANHÃ;MEDIÇÃO DE ÁREA;UNIMAR SERVIÇOS GERAIS;Tempo Máximo de Motor Ocioso;00:12:40;Sem evento;
POINT (-49.9737086938949 -22.249729144332793);1764072000;25/11/2025 09:00:00;Trator John Deere Série 6J - 6166;6;2025;ALUNO DA MANHÃ;MEDIÇÃO DE ÁREA;UNIMAR SERVIÇOS GERAIS;Tempo Máximo de Motor Ocioso;00:33:00;Sem evento;
POINT (-49.97580098675636 -22.248005073621044);1764073407;25/11/2025 09:23:27;Trator John Deere Série 6J - 6166;6;2025;ALUNO DA MANHÃ;MEDIÇÃO DE ÁREA;UNIMAR SERVIÇOS GERAIS;Tempo Máximo de Motor Ocioso;00:36:38;Sem evento;
POINT (-49.97580098675636 -22.248005073621044);1764075602;25/11/2025 10:00:02;Trator John Deere Série 6J - 6166;6;2025;ALUNO DA MANHÃ;MEDIÇÃO DE ÁREA;UNIMAR SERVIÇOS GERAIS;Tempo Máximo de Motor Ocioso;00:43:13;Sem evento;
POINT (-49.97522682172814 -22.247711877992344);1764076968;25/11/2025 10:22:48;Trator John Deere Série 6J - 6166;6;2025;ALUNO DA MANHÃ;MEDIÇÃO DE ÁREA;UNIMAR SERVIÇOS GERAIS;Tempo Máximo de Motor Ocioso;00:02:48;Sem evento;
POINT (-49.97322333333332 -22.246384999999986);1764497830.6;30/11/2025 07:17:11;Trator John Deere Série 6J - 6166;14;6842;ALAN TURING;INSETICIDA+HERBICIDA;UNIMAR PULVERIZAÇÃO;Tempo Máximo de Motor Ocioso;00:00:34;Sem evento;
POINT (-49.97322166666665 -22.246384999999986);1764497903.1;30/11/2025 07:18:23;Trator John Deere Série 6J - 6166;14;6842;ALAN TURING;INSETICIDA+HERBICIDA;UNIMAR PULVERIZAÇÃO;Tempo Máximo de Motor Ocioso;00:08:38;Sem evento;
POINT (-49.973224999999985 -22.246384999999986);1764498480.9;30/11/2025 07:28:01;Trator John Deere Série 6J - 6166;14;6842;ALAN TURING;INSETICIDA+HERBICIDA;UNIMAR PULVERIZAÇÃO;Tempo Máximo de Motor Ocioso;00:00:29;Sem evento;
POINT (-49.973224999999985 -22.246384999999986);1764498545.1;30/11/2025 07:29:05;Trator John Deere Série 6J - 6166;14;6842;ALAN TURING;INSETICIDA+HERBICIDA;UNIMAR PULVERIZAÇÃO;Tempo Máximo de Motor Ocioso;00:00:14;Sem evento;
POINT (-49.973224999999985 -22.246384999999986);1764498591.2;30/11/2025 07:29:51;Trator John Deere Série 6J - 6166;14;6842;ALAN TURING;INSETICIDA+HERBICIDA;UNIMAR PULVERIZAÇÃO;Tempo Máximo de Motor Ocioso;00:15:59;Sem evento;
POINT (-49.97587433481644 -22.248289964331548);1764503825.4;30/11/2025 08:57:05;Trator John Deere Série 6J - 6166;14;6842;ALAN TURING;INSETICIDA+HERBICIDA;UNIMAR PULVERIZAÇÃO;Tempo Máximo de Motor Ocioso;00:19:39;Sem evento;
POINT (-49.97796363934144 -22.24644990536438);1764504081.5;30/11/2025 09:01:22;Trator John Deere Série 6J - 6166;14;6842;ALAN TURING;INSETICIDA+HERBICIDA;UNIMAR PULVERIZAÇÃO;Tempo Máximo de Motor Ocioso;00:03:48;Sem evento;
POINT (-49.97917918031948 -22.24600856618218);1764504914;30/11/2025 09:15:14;Trator John Deere Série 6J - 6166;14;6842;ALAN TURING;INSETICIDA+HERBICIDA;UNIMAR PULVERIZAÇÃO;Tempo Máximo de Motor Ocioso;00:00:39;Sem evento;
POINT (-49.97824209014934 -22.246603582550946);1764513935.4;30/11/2025 11:45:35;Trator John Deere Série 6J - 6166;14;6842;ALAN TURING;INSETICIDA+HERBICIDA;UNIMAR PULVERIZAÇÃO;Tempo Máximo de Motor Ocioso;00:00:14;Sem evento;
POINT (-49.980163282353494 -22.249089048053225);1764515608;30/11/2025 12:13:28;Trator John Deere Série 6J - 6166;14;6842;ALAN TURING;INSETICIDA+HERBICIDA;UNIMAR PULVERIZAÇÃO;Tempo Máximo de Motor Ocioso;00:02:45;Sem evento;
POINT (-49.97320956669171 -22.24643729508168);1764525395.1;30/11/2025 14:56:35;Trator John Deere Série 6J - 6166;14;6842;ALAN TURING;INSETICIDA+HERBICIDA;UNIMAR PULVERIZAÇÃO;Tempo Máximo de Motor Ocioso;00:03:30;Sem evento;
POINT (-49.97320956669171 -22.24643729508168);1764525600.1;30/11/2025 15:00:00;Trator John Deere Série 6J - 6166;14;6842;ALAN TURING;INSETICIDA+HERBICIDA;UNIMAR PULVERIZAÇÃO;Tempo Máximo de Motor Ocioso;00:05:10;Sem evento;
POINT (-49.97327351212952 -22.246395044366377);1764525739.4;30/11/2025 15:02:19;Trator John Deere Série 6J - 6166;14;6842;ALAN TURING;INSETICIDA+HERBICIDA;UNIMAR PULVERIZAÇÃO;Tempo Máximo de Motor Ocioso;00:02:09;Sem evento;
POINT (-49.9769043741567 -22.24701058168951);1764528880.9;30/11/2025 15:54:41;Trator John Deere Série 6J - 6166;14;6842;ALAN TURING;INSETICIDA+HERBICIDA;UNIMAR PULVERIZAÇÃO;Tempo Máximo de Motor Ocioso;00:02:44;Sem evento;
POINT (-49.98229520784865 -22.249153358878043);1764685546.2;02/12/2025 11:25:46;Trator John Deere Série 6J - 6166;15;6842;ALAN TURING;INSETICIDA+HERBICIDA;UNIMAR PULVERIZAÇÃO;Tempo Máximo de Motor Ocioso;00:00:15;Sem evento;
POINT (-49.976285411306336 -22.24740448866057);1764686627.6;02/12/2025 11:43:48;Trator John Deere Série 6J - 6166;15;6842;ALAN TURING;INSETICIDA+HERBICIDA;UNIMAR PULVERIZAÇÃO;Tempo Máximo de Motor Ocioso;00:00:44;Sem evento;
POINT (-49.97790439714397 -22.248940593685948);1764692655.3;02/12/2025 13:24:15;Trator John Deere Série 6J - 6166;15;6842;ALAN TURING;INSETICIDA+HERBICIDA;UNIMAR PULVERIZAÇÃO;Tempo Máximo de Motor Ocioso;00:05:19;Sem evento;
POINT (-49.97557419786349 -22.2481974233403);1764534569;30/11/2025 17:29:29;Trator John Deere Série 6J - 6166;17;6842;ALAN TURING;INSETICIDA+HERBICIDA;UNIMAR PULVERIZAÇÃO;Tempo Máximo de Motor Ocioso;00:08:31;Sem evento;
POINT (-49.965330386795145 -22.240683362178977);1764588575.3;01/12/2025 08:29:35;Trator John Deere Série 6J - 6166;17;6842;ALAN TURING;INSETICIDA+HERBICIDA;UNIMAR PULVERIZAÇÃO;Tempo Máximo de Motor Ocioso;00:18:32;Sem evento;
POINT (-49.97559239572819 -22.24817163497107);1764597460;01/12/2025 10:57:40;Trator John Deere Série 6J - 6166;17;6842;ALAN TURING;INSETICIDA+HERBICIDA;UNIMAR PULVERIZAÇÃO;Tempo Máximo de Motor Ocioso;00:01:35;Sem evento;
POINT (-49.97669825347365 -22.24970057755031);1764605680;01/12/2025 13:14:40;Trator John Deere Série 6J - 6166;17;6842;ALAN TURING;INSETICIDA+HERBICIDA;UNIMAR PULVERIZAÇÃO;Tempo Máximo de Motor Ocioso;00:02:45;Sem evento;
POINT (-49.97574132544491 -22.248505261424075);1764605883;01/12/2025 13:18:03;Trator John Deere Série 6J - 6166;17;6842;ALAN TURING;INSETICIDA+HERBICIDA;UNIMAR PULVERIZAÇÃO;Tempo Máximo de Motor Ocioso;00:04:03;Sem evento;
POINT (-49.97564064904869 -22.248275079145827);1764606287;01/12/2025 13:24:47;Trator John Deere Série 6J - 6166;17;6842;ALAN TURING;INSETICIDA+HERBICIDA;UNIMAR PULVERIZAÇÃO;Tempo Máximo de Motor Ocioso;00:21:43;Sem evento;
POINT (-49.97587908698686 -22.24815438731604);1764607629;01/12/2025 13:47:09;Trator John Deere Série 6J - 6166;17;6842;ALAN TURING;INSETICIDA+HERBICIDA;UNIMAR PULVERIZAÇÃO;Tempo Máximo de Motor Ocioso;00:11:37;Sem evento;
POINT (-49.9755275934633 -22.247929442683606);1764608371;01/12/2025 13:59:31;Trator John Deere Série 6J - 6166;17;6842;ALAN TURING;INSETICIDA+HERBICIDA;UNIMAR PULVERIZAÇÃO;Tempo Máximo de Motor Ocioso;00:00:32;Sem evento;
POINT (-49.9755275934633 -22.247929442683606);1764608401;01/12/2025 14:00:01;Trator John Deere Série 6J - 6166;17;6842;ALAN TURING;INSETICIDA+HERBICIDA;UNIMAR PULVERIZAÇÃO;Tempo Máximo de Motor Ocioso;00:05:17;Sem evento;
POINT (-49.9754999053873 -22.24814259897055);1764608791;01/12/2025 14:06:31;Trator John Deere Série 6J - 6166;17;6842;ALAN TURING;INSETICIDA+HERBICIDA;UNIMAR PULVERIZAÇÃO;Tempo Máximo de Motor Ocioso;00:02:08;Sem evento;
POINT (-49.975591545138286 -22.247974592997956);1764609026;01/12/2025 14:10:26;Trator John Deere Série 6J - 6166;17;6842;ALAN TURING;INSETICIDA+HERBICIDA;UNIMAR PULVERIZAÇÃO;Tempo Máximo de Motor Ocioso;00:02:06;Sem evento;
POINT (-49.9755859387242 -22.248237614470355);1764609195;01/12/2025 14:13:15;Trator John Deere Série 6J - 6166;17;6842;ALAN TURING;INSETICIDA+HERBICIDA;UNIMAR PULVERIZAÇÃO;Tempo Máximo de Motor Ocioso;00:19:08;Sem evento;
POINT (-49.97564552880838 -22.248093591862954);1764610383;01/12/2025 14:33:03;Trator John Deere Série 6J - 6166;17;6842;ALAN TURING;INSETICIDA+HERBICIDA;UNIMAR PULVERIZAÇÃO;Tempo Máximo de Motor Ocioso;00:03:43;Sem evento;
POINT (-49.975640382242574 -22.24818463151604);1764610648;01/12/2025 14:37:28;Trator John Deere Série 6J - 6166;17;6842;ALAN TURING;INSETICIDA+HERBICIDA;UNIMAR PULVERIZAÇÃO;Tempo Máximo de Motor Ocioso;00:16:07;Sem evento;
POINT (-49.9758381086004 -22.247764963461883);1764611673;01/12/2025 14:54:33;Trator John Deere Série 6J - 6166;17;6842;ALAN TURING;INSETICIDA+HERBICIDA;UNIMAR PULVERIZAÇÃO;Tempo Máximo de Motor Ocioso;00:02:23;Sem evento;
POINT (-49.97633947276905 -22.24119579389623);1764618710.9;01/12/2025 16:51:51;Trator John Deere Série 6J - 6166;17;6842;ALAN TURING;INSETICIDA+HERBICIDA;UNIMAR PULVERIZAÇÃO;Tempo Máximo de Motor Ocioso;00:00:19;Sem evento;
POINT (-49.97523130177546 -22.24132627824875);1764619168.9;01/12/2025 16:59:29;Trator John Deere Série 6J - 6166;17;6842;ALAN TURING;INSETICIDA+HERBICIDA;UNIMAR PULVERIZAÇÃO;Tempo Máximo de Motor Ocioso;00:00:39;Sem evento;
POINT (-49.97523130177546 -22.24132627824875);1764619203.9;01/12/2025 17:00:04;Trator John Deere Série 6J - 6166;17;6842;ALAN TURING;INSETICIDA+HERBICIDA;UNIMAR PULVERIZAÇÃO;Tempo Máximo de Motor Ocioso;00:01:49;Sem evento;
POINT (-49.976082836596134 -22.248636428647924);1764681323.9;02/12/2025 10:15:24;Trator John Deere Série 6J - 6166;17;6842;ALAN TURING;INSETICIDA+HERBICIDA;UNIMAR PULVERIZAÇÃO;Tempo Máximo de Motor Ocioso;00:18:04;Sem evento;
POINT (-49.9723682207573 -22.24370698168773);1764683828;02/12/2025 10:57:08;Trator John Deere Série 6J - 6166;17;6842;ALAN TURING;INSETICIDA+HERBICIDA;UNIMAR PULVERIZAÇÃO;Tempo Máximo de Motor Ocioso;00:00:09;Sem evento;
POINT (-49.97612611460546 -22.248636578761886);1764499961.8;30/11/2025 07:52:42;Trator John Deere Série 6J - 6166;18;6842;ALAN TURING;PULVERIZAÇÃO GERAL;UNIMAR PULVERIZAÇÃO;Tempo Máximo de Motor Ocioso;00:07:25;Sem evento;
POINT (-49.97612611460546 -22.248636578761886);1764500402;30/11/2025 08:00:02;Trator John Deere Série 6J - 6166;18;6842;ALAN TURING;PULVERIZAÇÃO GERAL;UNIMAR PULVERIZAÇÃO;Tempo Máximo de Motor Ocioso;00:41:44;Sem evento;
POINT (-49.97615935076452 -22.248672650726625);1764502502.4;30/11/2025 08:35:02;Trator John Deere Série 6J - 6166;18;6842;ALAN TURING;PULVERIZAÇÃO GERAL;UNIMAR PULVERIZAÇÃO;Tempo Máximo de Motor Ocioso;00:01:34;Sem evento;
POINT (-49.97587433481644 -22.248289964331548);1764502675.4;30/11/2025 08:37:55;Trator John Deere Série 6J - 6166;18;6842;ALAN TURING;PULVERIZAÇÃO GERAL;UNIMAR PULVERIZAÇÃO;Tempo Máximo de Motor Ocioso;00:19:14;Sem evento;
POINT (-49.975673023001384 -22.24806970800958);1764759460;03/12/2025 07:57:40;Trator John Deere Série 6J - 6166;18;6842;ALAN TURING;PULVERIZAÇÃO GERAL;UNIMAR PULVERIZAÇÃO;Tempo Máximo de Motor Ocioso;00:02:25;Sem evento;
POINT (-49.975673023001384 -22.24806970800958);1764759600;03/12/2025 08:00:00;Trator John Deere Série 6J - 6166;18;6842;ALAN TURING;PULVERIZAÇÃO GERAL;UNIMAR PULVERIZAÇÃO;Tempo Máximo de Motor Ocioso;00:07:47;Sem evento;
POINT (-49.976366415412684 -22.247376403904404);1764760055.2;03/12/2025 08:07:35;Trator John Deere Série 6J - 6166;18;6842;ALAN TURING;PULVERIZAÇÃO GERAL;UNIMAR PULVERIZAÇÃO;Tempo Máximo de Motor Ocioso;00:00:16;Sem evento;
POINT (-49.963295807537506 -22.258748179166794);1764770361.8;03/12/2025 10:59:22;Trator John Deere Série 6J - 6166;18;6842;ALAN TURING;PULVERIZAÇÃO GERAL;UNIMAR PULVERIZAÇÃO;Tempo Máximo de Motor Ocioso;00:00:44;Sem evento;
POINT (-49.963295807537506 -22.258748179166794);1764770401.8;03/12/2025 11:00:02;Trator John Deere Série 6J - 6166;18;6842;ALAN TURING;PULVERIZAÇÃO GERAL;UNIMAR PULVERIZAÇÃO;Tempo Máximo de Motor Ocioso;00:01:29;Sem evento;
POINT (-49.96281295947535 -22.255194678286678);1764772753;03/12/2025 11:39:13;Trator John Deere Série 6J - 6166;18;6842;ALAN TURING;PULVERIZAÇÃO GERAL;UNIMAR PULVERIZAÇÃO;Tempo Máximo de Motor Ocioso;00:00:10;Sem evento;
POINT (-49.97111263079958 -22.252977717020308);1764776438.5;03/12/2025 12:40:38;Trator John Deere Série 6J - 6166;18;6842;ALAN TURING;PULVERIZAÇÃO GERAL;UNIMAR PULVERIZAÇÃO;Tempo Máximo de Motor Ocioso;00:00:45;Sem evento;
POINT (-49.97602443257685 -22.248682528464684);1764785258;03/12/2025 15:07:38;Trator John Deere Série 6J - 6166;18;6842;ALAN TURING;PULVERIZAÇÃO GERAL;UNIMAR PULVERIZAÇÃO;Tempo Máximo de Motor Ocioso;00:22:59;Sem evento;
POINT (-49.97477827276638 -22.248966149530283);1764786743;03/12/2025 15:32:23;Trator John Deere Série 6J - 6166;18;6842;ALAN TURING;PULVERIZAÇÃO GERAL;UNIMAR PULVERIZAÇÃO;Tempo Máximo de Motor Ocioso;00:00:07;Sem evento;
POINT (-49.97477827276638 -22.248966149530283);1764786783;03/12/2025 15:33:03;Trator John Deere Série 6J - 6166;18;6842;ALAN TURING;PULVERIZAÇÃO GERAL;UNIMAR PULVERIZAÇÃO;Tempo Máximo de Motor Ocioso;00:00:19;Sem evento;
POINT (-49.97562912658336 -22.247894245390587);1764843769;04/12/2025 07:22:49;Trator John Deere Série 6J - 6166;18;6842;ALAN TURING;PULVERIZAÇÃO GERAL;UNIMAR PULVERIZAÇÃO;Tempo Máximo de Motor Ocioso;00:02:47;Sem evento;
POINT (-49.97562912658336 -22.247894245390587);1764843954;04/12/2025 07:25:54;Trator John Deere Série 6J - 6166;18;6842;ALAN TURING;PULVERIZAÇÃO GERAL;UNIMAR PULVERIZAÇÃO;Tempo Máximo de Motor Ocioso;00:04:27;Sem evento;
POINT (-49.97556203563111 -22.248191009272237);1764844169;04/12/2025 07:29:29;Trator John Deere Série 6J - 6166;18;6842;ALAN TURING;PULVERIZAÇÃO GERAL;UNIMAR PULVERIZAÇÃO;Tempo Máximo de Motor Ocioso;00:00:58;Sem evento;
POINT (-49.975522764415636 -22.248124506610306);1764844254;04/12/2025 07:30:54;Trator John Deere Série 6J - 6166;18;6842;ALAN TURING;PULVERIZAÇÃO GERAL;UNIMAR PULVERIZAÇÃO;Tempo Máximo de Motor Ocioso;00:00:59;Sem evento;
POINT (-49.975582528911985 -22.24816862099719);1764844352;04/12/2025 07:32:32;Trator John Deere Série 6J - 6166;18;6842;ALAN TURING;PULVERIZAÇÃO GERAL;UNIMAR PULVERIZAÇÃO;Tempo Máximo de Motor Ocioso;00:02:38;Sem evento;
POINT (-49.975582528911985 -22.24816862099719);1764844517;04/12/2025 07:35:17;Trator John Deere Série 6J - 6166;18;6842;ALAN TURING;PULVERIZAÇÃO GERAL;UNIMAR PULVERIZAÇÃO;Tempo Máximo de Motor Ocioso;00:03:13;Sem evento;
POINT (-49.975582528911985 -22.24816862099719);1764844552;04/12/2025 07:35:52;Trator John Deere Série 6J - 6166;18;6842;ALAN TURING;PULVERIZAÇÃO GERAL;UNIMAR PULVERIZAÇÃO;Tempo Máximo de Motor Ocioso;00:05:33;Sem evento;
POINT (-49.96448210101746 -22.260822189482727);1764845310.6;04/12/2025 07:48:31;Trator John Deere Série 6J - 6166;18;6842;ALAN TURING;PULVERIZAÇÃO GERAL;UNIMAR PULVERIZAÇÃO;Tempo Máximo de Motor Ocioso;00:04:33;Sem evento;
POINT (-49.96240571955003 -22.261512053131185);1764846156.5;04/12/2025 08:02:36;Trator John Deere Série 6J - 6166;18;6842;ALAN TURING;PULVERIZAÇÃO GERAL;UNIMAR PULVERIZAÇÃO;Tempo Máximo de Motor Ocioso;00:04:10;Sem evento;
POINT (-49.96214614880563 -22.261348617665107);1764846521.8;04/12/2025 08:08:42;Trator John Deere Série 6J - 6166;18;6842;ALAN TURING;PULVERIZAÇÃO GERAL;UNIMAR PULVERIZAÇÃO;Tempo Máximo de Motor Ocioso;00:12:04;Sem evento;
POINT (-49.96541017221474 -22.263611996395554);1764852588.2;04/12/2025 09:49:48;Trator John Deere Série 6J - 6166;18;6842;ALAN TURING;PULVERIZAÇÃO GERAL;UNIMAR PULVERIZAÇÃO;Tempo Máximo de Motor Ocioso;00:00:24;Sem evento;
POINT (-49.969782012536896 -22.25406736002732);1764853020.1;04/12/2025 09:57:00;Trator John Deere Série 6J - 6166;18;6842;ALAN TURING;PULVERIZAÇÃO GERAL;UNIMAR PULVERIZAÇÃO;Tempo Máximo de Motor Ocioso;00:00:49;Sem evento;
POINT (-49.97324590543805 -22.246339055393058);1764853351.8;04/12/2025 10:02:32;Trator John Deere Série 6J - 6166;18;6842;ALAN TURING;PULVERIZAÇÃO GERAL;UNIMAR PULVERIZAÇÃO;Tempo Máximo de Motor Ocioso;00:02:59;Sem evento;
POINT (-49.97547992646478 -22.248163710986933);1764866156;04/12/2025 13:35:56;Trator John Deere Série 6J - 6166;18;6842;ALAN TURING;PULVERIZAÇÃO GERAL;UNIMAR PULVERIZAÇÃO;Tempo Máximo de Motor Ocioso;00:00:50;Sem evento;
POINT (-49.97600000190153 -22.24845096512374);1764866277.1;04/12/2025 13:37:57;Trator John Deere Série 6J - 6166;18;6842;ALAN TURING;PULVERIZAÇÃO GERAL;UNIMAR PULVERIZAÇÃO;Tempo Máximo de Motor Ocioso;00:01:05;Sem evento;
POINT (-49.97328321720124 -22.24639727465804);1764868004.4;04/12/2025 14:06:44;Trator John Deere Série 6J - 6166;18;6842;ALAN TURING;PULVERIZAÇÃO GERAL;UNIMAR PULVERIZAÇÃO;Tempo Máximo de Motor Ocioso;00:01:54;Sem evento;
POINT (-49.97327876034456 -22.24641747188618);1764868151.1;04/12/2025 14:09:11;Trator John Deere Série 6J - 6166;18;6842;ALAN TURING;PULVERIZAÇÃO GERAL;UNIMAR PULVERIZAÇÃO;Tempo Máximo de Motor Ocioso;00:02:04;Sem evento;
POINT (-49.97320712544394 -22.246462655560666);1764870788;04/12/2025 14:53:08;Trator John Deere Série 6J - 6166;18;6842;ALAN TURING;PULVERIZAÇÃO GERAL;UNIMAR PULVERIZAÇÃO;Tempo Máximo de Motor Ocioso;00:06:59;Sem evento;
POINT (-49.97320712544394 -22.246462655560666);1764871203;04/12/2025 15:00:03;Trator John Deere Série 6J - 6166;18;6842;ALAN TURING;PULVERIZAÇÃO GERAL;UNIMAR PULVERIZAÇÃO;Tempo Máximo de Motor Ocioso;00:07:59;Sem evento;
POINT (-49.976092739962866 -22.248744189089372);1764871427.5;04/12/2025 15:03:48;Trator John Deere Série 6J - 6166;18;6842;ALAN TURING;PULVERIZAÇÃO GERAL;UNIMAR PULVERIZAÇÃO;Tempo Máximo de Motor Ocioso;00:24:49;Sem evento;
POINT (-49.96284714458567 -22.265130541620902);1764873947.4;04/12/2025 15:45:47;Trator John Deere Série 6J - 6166;18;6842;ALAN TURING;PULVERIZAÇÃO GERAL;UNIMAR PULVERIZAÇÃO;Tempo Máximo de Motor Ocioso;00:00:49;Sem evento;
POINT (-49.96193200305378 -22.26737478484474);1764874210.7;04/12/2025 15:50:11;Trator John Deere Série 6J - 6166;18;6842;ALAN TURING;PULVERIZAÇÃO GERAL;UNIMAR PULVERIZAÇÃO;Tempo Máximo de Motor Ocioso;00:01:14;Sem evento;
POINT (-49.96220004151115 -22.26941857116302);1764874428.5;04/12/2025 15:53:48;Trator John Deere Série 6J - 6166;18;6842;ALAN TURING;PULVERIZAÇÃO GERAL;UNIMAR PULVERIZAÇÃO;Tempo Máximo de Motor Ocioso;00:00:34;Sem evento;
POINT (-49.964168193458 -22.265532046498823);1764880869.5;04/12/2025 17:41:10;Trator John Deere Série 6J - 6166;18;6842;ALAN TURING;PULVERIZAÇÃO GERAL;UNIMAR PULVERIZAÇÃO;Tempo Máximo de Motor Ocioso;00:00:24;Sem evento;
POINT (-49.97687896673487 -22.250826734696467);1764929828;05/12/2025 07:17:08;Trator John Deere Série 6J - 6166;18;6842;ALAN TURING;PULVERIZAÇÃO GERAL;UNIMAR PULVERIZAÇÃO;Tempo Máximo de Motor Ocioso;00:00:28;Sem evento;
POINT (-49.975690300617 -22.24791005020944);1764929929.8;05/12/2025 07:18:50;Trator John Deere Série 6J - 6166;18;6842;ALAN TURING;PULVERIZAÇÃO GERAL;UNIMAR PULVERIZAÇÃO;Tempo Máximo de Motor Ocioso;00:01:06;Sem evento;
POINT (-49.97328736772101 -22.24188587152579);1765225569.8;08/12/2025 17:26:10;Trator John Deere Série 6J - 6166;18;6842;ALAN TURING;PULVERIZAÇÃO GERAL;UNIMAR PULVERIZAÇÃO;Tempo Máximo de Motor Ocioso;00:00:09;Sem evento;
POINT (-49.97528982072476 -22.2480327093655);1765227374;08/12/2025 17:56:14;Trator John Deere Série 6J - 6166;18;6842;ALAN TURING;PULVERIZAÇÃO GERAL;UNIMAR PULVERIZAÇÃO;Tempo Máximo de Motor Ocioso;00:02:07;Sem evento;
POINT (-49.97606970499185 -22.248637711312966);1765301956;09/12/2025 14:39:16;Trator John Deere Série 6J - 6166;18;6842;ALAN TURING;PULVERIZAÇÃO GERAL;UNIMAR PULVERIZAÇÃO;Tempo Máximo de Motor Ocioso;00:00:54;Sem evento;
POINT (-49.97606970499185 -22.248637711312966);1765302041;09/12/2025 14:40:41;Trator John Deere Série 6J - 6166;18;6842;ALAN TURING;PULVERIZAÇÃO GERAL;UNIMAR PULVERIZAÇÃO;Tempo Máximo de Motor Ocioso;00:07:05;Sem evento;
POINT (-49.97562155162963 -22.248285584482424);1765302545;09/12/2025 14:49:05;Trator John Deere Série 6J - 6166;18;6842;ALAN TURING;PULVERIZAÇÃO GERAL;UNIMAR PULVERIZAÇÃO;Tempo Máximo de Motor Ocioso;00:02:37;Sem evento;
POINT (-49.97353817317783 -22.249539076641117);1765304587;09/12/2025 15:23:07;Trator John Deere Série 6J - 6166;18;6842;ALAN TURING;PULVERIZAÇÃO GERAL;UNIMAR PULVERIZAÇÃO;Tempo Máximo de Motor Ocioso;00:04:31;Sem evento;
POINT (-49.97353817317783 -22.249539076641117);1765304917;09/12/2025 15:28:37;Trator John Deere Série 6J - 6166;18;6842;ALAN TURING;PULVERIZAÇÃO GERAL;UNIMAR PULVERIZAÇÃO;Tempo Máximo de Motor Ocioso;00:03:25;Sem evento;
POINT (-49.973803613512814 -22.2495975714469);1765305182;09/12/2025 15:33:02;Trator John Deere Série 6J - 6166;18;6842;ALAN TURING;PULVERIZAÇÃO GERAL;UNIMAR PULVERIZAÇÃO;Tempo Máximo de Motor Ocioso;00:00:14;Sem evento;
POINT (-49.97350240552472 -22.249613051657114);1765305259;09/12/2025 15:34:19;Trator John Deere Série 6J - 6166;18;6842;ALAN TURING;PULVERIZAÇÃO GERAL;UNIMAR PULVERIZAÇÃO;Tempo Máximo de Motor Ocioso;00:01:59;Sem evento;
POINT (-49.97376144854908 -22.249608850940014);1765305440;09/12/2025 15:37:20;Trator John Deere Série 6J - 6166;18;6842;ALAN TURING;PULVERIZAÇÃO GERAL;UNIMAR PULVERIZAÇÃO;Tempo Máximo de Motor Ocioso;00:11:09;Sem evento;
POINT (-49.965288727504564 -22.240637551636304);1765306623;09/12/2025 15:57:03;Trator John Deere Série 6J - 6166;18;6842;ALAN TURING;PULVERIZAÇÃO GERAL;UNIMAR PULVERIZAÇÃO;Tempo Máximo de Motor Ocioso;00:03:04;Sem evento;
POINT (-49.965288727504564 -22.240637551636304);1765306803;09/12/2025 16:00:03;Trator John Deere Série 6J - 6166;18;6842;ALAN TURING;PULVERIZAÇÃO GERAL;UNIMAR PULVERIZAÇÃO;Tempo Máximo de Motor Ocioso;00:19:34;Sem evento;
POINT (-49.97583736642697 -22.247638895178397);1765309549;09/12/2025 16:45:49;Trator John Deere Série 6J - 6166;18;6842;ALAN TURING;PULVERIZAÇÃO GERAL;UNIMAR PULVERIZAÇÃO;Tempo Máximo de Motor Ocioso;00:00:54;Sem evento;
POINT (-50.08579426492703 -22.32753020526999);1765365788.8;10/12/2025 08:23:09;Trator John Deere Série 6J - 6166;18;6842;ALAN TURING;PULVERIZAÇÃO GERAL;UNIMAR PULVERIZAÇÃO;Tempo Máximo de Motor Ocioso;00:01:00;Sem evento;
POINT (-50.085545288592904 -22.3297059055747);1765370300.7;10/12/2025 09:38:21;Trator John Deere Série 6J - 6166;18;6842;ALAN TURING;PULVERIZAÇÃO GERAL;UNIMAR PULVERIZAÇÃO;Tempo Máximo de Motor Ocioso;00:01:15;Sem evento;
POINT (-50.08538024381223 -22.330237149940526);1765370539.9;10/12/2025 09:42:20;Trator John Deere Série 6J - 6166;18;6842;ALAN TURING;PULVERIZAÇÃO GERAL;UNIMAR PULVERIZAÇÃO;Tempo Máximo de Motor Ocioso;00:00:39;Sem evento;
POINT (-50.084115653293836 -22.331337963331933);1765371867.6;10/12/2025 10:04:28;Trator John Deere Série 6J - 6166;18;6842;ALAN TURING;PULVERIZAÇÃO GERAL;UNIMAR PULVERIZAÇÃO;Tempo Máximo de Motor Ocioso;00:01:44;Sem evento;
POINT (-50.0836403803075 -22.328559068039098);1765374233.1;10/12/2025 10:43:53;Trator John Deere Série 6J - 6166;18;6842;ALAN TURING;PULVERIZAÇÃO GERAL;UNIMAR PULVERIZAÇÃO;Tempo Máximo de Motor Ocioso;00:00:29;Sem evento;
POINT (-50.08298649856528 -22.327908821624074);1765383040.4;10/12/2025 13:10:40;Trator John Deere Série 6J - 6166;18;6842;ALAN TURING;PULVERIZAÇÃO GERAL;UNIMAR PULVERIZAÇÃO;Tempo Máximo de Motor Ocioso;00:07:19;Sem evento;
POINT (-50.082791447721114 -22.32844921159134);1765383566.1;10/12/2025 13:19:26;Trator John Deere Série 6J - 6166;18;6842;ALAN TURING;PULVERIZAÇÃO GERAL;UNIMAR PULVERIZAÇÃO;Tempo Máximo de Motor Ocioso;00:02:00;Sem evento;
POINT (-50.08283850158485 -22.32979234583842);1765383793.8;10/12/2025 13:23:14;Trator John Deere Série 6J - 6166;18;6842;ALAN TURING;PULVERIZAÇÃO GERAL;UNIMAR PULVERIZAÇÃO;Tempo Máximo de Motor Ocioso;00:00:19;Sem evento;
POINT (-50.08004982243871 -22.325103450246292);1765389662.6;10/12/2025 15:01:03;Trator John Deere Série 6J - 6166;18;6842;ALAN TURING;PULVERIZAÇÃO GERAL;UNIMAR PULVERIZAÇÃO;Tempo Máximo de Motor Ocioso;00:32:08;Sem evento;
POINT (-49.97584196902976 -22.24858262957043);1765447674;11/12/2025 07:07:54;Trator John Deere Série 6J - 6166;18;6842;ALAN TURING;PULVERIZAÇÃO GERAL;UNIMAR PULVERIZAÇÃO;Tempo Máximo de Motor Ocioso;00:01:47;Sem evento;
POINT (-49.975574899913234 -22.248193076815078);1765447831;11/12/2025 07:10:31;Trator John Deere Série 6J - 6166;18;6842;ALAN TURING;PULVERIZAÇÃO GERAL;UNIMAR PULVERIZAÇÃO;Tempo Máximo de Motor Ocioso;00:01:48;Sem evento;
POINT (-49.97549945456368 -22.248212472317892);1765447976;11/12/2025 07:12:56;Trator John Deere Série 6J - 6166;18;6842;ALAN TURING;PULVERIZAÇÃO GERAL;UNIMAR PULVERIZAÇÃO;Tempo Máximo de Motor Ocioso;00:08:14;Sem evento;
POINT (-49.9755748100029 -22.248195048187267);1765448510;11/12/2025 07:21:50;Trator John Deere Série 6J - 6166;18;6842;ALAN TURING;PULVERIZAÇÃO GERAL;UNIMAR PULVERIZAÇÃO;Tempo Máximo de Motor Ocioso;00:00:59;Sem evento;
POINT (-49.97596986819858 -22.248544733636415);1765452195.3;11/12/2025 08:23:15;Trator John Deere Série 6J - 6166;19;6842;ALAN TURING;ADUBAÇÃO DE COBERTURA (20-00-20);UNIMAR ADUBAÇÃO;Tempo Máximo de Motor Ocioso;00:03:44;Sem evento;
POINT (-49.972812933092 -22.249107940941254);1765456434.7;11/12/2025 09:33:55;Trator John Deere Série 6J - 6166;19;6842;ALAN TURING;ADUBAÇÃO DE COBERTURA (20-00-20);UNIMAR ADUBAÇÃO;Tempo Máximo de Motor Ocioso;00:01:04;Sem evento;
POINT (-49.97282757064061 -22.249136807451826);1765458340.7;11/12/2025 10:05:41;Trator John Deere Série 6J - 6166;19;6842;ALAN TURING;ADUBAÇÃO DE COBERTURA (20-00-20);UNIMAR ADUBAÇÃO;Tempo Máximo de Motor Ocioso;00:01:15;Sem evento;
POINT (-49.972633784212505 -22.249101673596428);1765458838.8;11/12/2025 10:13:59;Trator John Deere Série 6J - 6166;19;6842;ALAN TURING;ADUBAÇÃO DE COBERTURA (20-00-20);UNIMAR ADUBAÇÃO;Tempo Máximo de Motor Ocioso;00:00:39;Sem evento;
POINT (-49.97272062422913 -22.24917343663555);1765458992.9;11/12/2025 10:16:33;Trator John Deere Série 6J - 6166;19;6842;ALAN TURING;ADUBAÇÃO DE COBERTURA (20-00-20);UNIMAR ADUBAÇÃO;Tempo Máximo de Motor Ocioso;00:00:12;Sem evento;
POINT (-49.9727973398723 -22.24917118442662);1765460762;11/12/2025 10:46:02;Trator John Deere Série 6J - 6166;19;6842;ALAN TURING;ADUBAÇÃO DE COBERTURA (20-00-20);UNIMAR ADUBAÇÃO;Tempo Máximo de Motor Ocioso;00:00:09;Sem evento;
POINT (-49.975446961142744 -22.248621945515676);1765460922.8;11/12/2025 10:48:43;Trator John Deere Série 6J - 6166;19;6842;ALAN TURING;ADUBAÇÃO DE COBERTURA (20-00-20);UNIMAR ADUBAÇÃO;Tempo Máximo de Motor Ocioso;00:01:54;Sem evento;
POINT (-49.97275466948446 -22.24943418397206);1765480847.2;11/12/2025 16:20:47;Trator John Deere Série 6J - 6166;20;6842;ALAN TURING;ADUBAÇÃO DE COBERTURA (20-00-20);UNIMAR ADUBAÇÃO;Tempo Máximo de Motor Ocioso;00:00:54;Sem evento;
POINT (-49.97197758383186 -22.24411485697281);1765462547.9;11/12/2025 11:15:48;Trator John Deere Série 6J - 6166;21;6842;ALAN TURING;ADUBAÇÃO DE COBERTURA (20-00-20);UNIMAR ADUBAÇÃO;Tempo Máximo de Motor Ocioso;00:00:54;Sem evento;
POINT (-49.972738472037015 -22.249129232151986);1765463156.5;11/12/2025 11:25:56;Trator John Deere Série 6J - 6166;21;6842;ALAN TURING;ADUBAÇÃO DE COBERTURA (20-00-20);UNIMAR ADUBAÇÃO;Tempo Máximo de Motor Ocioso;00:00:09;Sem evento;
POINT (-49.97274232006735 -22.249122624555714);1765463287.8;11/12/2025 11:28:08;Trator John Deere Série 6J - 6166;21;6842;ALAN TURING;ADUBAÇÃO DE COBERTURA (20-00-20);UNIMAR ADUBAÇÃO;Tempo Máximo de Motor Ocioso;00:00:14;Sem evento;
POINT (-49.972741059464546 -22.24912202755225);1765463368.4;11/12/2025 11:29:28;Trator John Deere Série 6J - 6166;21;6842;ALAN TURING;ADUBAÇÃO DE COBERTURA (20-00-20);UNIMAR ADUBAÇÃO;Tempo Máximo de Motor Ocioso;00:00:44;Sem evento;
POINT (-49.97227102642527 -22.243188760661063);1765466031.5;11/12/2025 12:13:52;Trator John Deere Série 6J - 6166;21;6842;ALAN TURING;ADUBAÇÃO DE COBERTURA (20-00-20);UNIMAR ADUBAÇÃO;Tempo Máximo de Motor Ocioso;00:00:14;Sem evento;
POINT (-49.97273444511711 -22.24909934808684);1765467496.7;11/12/2025 12:38:17;Trator John Deere Série 6J - 6166;21;6842;ALAN TURING;ADUBAÇÃO DE COBERTURA (20-00-20);UNIMAR ADUBAÇÃO;Tempo Máximo de Motor Ocioso;00:00:14;Sem evento;
POINT (-49.97192517778369 -22.245395936676918);1765220727;08/12/2025 16:05:27;Trator John Deere Série 6J - 6166;25;6842;ALAN TURING;INSETICIDA + FERTILIZANTE FOLIAR;UNIMAR PULVERIZAÇÃO;Tempo Máximo de Motor Ocioso;00:00:42;Sem evento;
POINT (-49.97606035579449 -22.24871245587861);1765201307.8;08/12/2025 10:41:48;Trator John Deere Série 6J - 6166;26;6842;ALAN TURING;INSETICIDA + FERTILIZANTE FOLIAR;UNIMAR PULVERIZAÇÃO;Tempo Máximo de Motor Ocioso;00:34:32;Sem evento;
POINT (-49.975690300617 -22.24791005020944);1764929994.8;05/12/2025 07:19:55;Trator John Deere Série 6J - 6166;18;7616;LINUS TORVALDS;PULVERIZAÇÃO GERAL;UNIMAR PULVERIZAÇÃO;Tempo Máximo de Motor Ocioso;00:01:56;Sem evento;
POINT (-49.97303058144026 -22.23823925768448);1764934642.7;05/12/2025 08:37:23;Trator John Deere Série 6J - 6166;18;7616;LINUS TORVALDS;PULVERIZAÇÃO GERAL;UNIMAR PULVERIZAÇÃO;Tempo Máximo de Motor Ocioso;00:00:20;Sem evento;
POINT (-49.976851510659515 -22.245413874803983);1764941805.6;05/12/2025 10:36:46;Trator John Deere Série 6J - 6166;18;7616;LINUS TORVALDS;PULVERIZAÇÃO GERAL;UNIMAR PULVERIZAÇÃO;Tempo Máximo de Motor Ocioso;00:00:59;Sem evento;
POINT (-49.97552184894758 -22.248379580824135);1764958802;05/12/2025 15:20:02;Trator John Deere Série 6J - 6166;26;7616;LINUS TORVALDS;INSETICIDA + FERTILIZANTE FOLIAR;UNIMAR PULVERIZAÇÃO;Tempo Máximo de Motor Ocioso;00:00:42;Sem evento;
POINT (-49.97306746493439 -22.24645324555514);1764961360;05/12/2025 16:02:40;Trator John Deere Série 6J - 6166;26;7616;LINUS TORVALDS;INSETICIDA + FERTILIZANTE FOLIAR;UNIMAR PULVERIZAÇÃO;Tempo Máximo de Motor Ocioso;00:00:28;Sem evento;
POINT (-49.9728098610678 -22.248165010550196);1764961841;05/12/2025 16:10:41;Trator John Deere Série 6J - 6166;26;7616;LINUS TORVALDS;INSETICIDA + FERTILIZANTE FOLIAR;UNIMAR PULVERIZAÇÃO;Tempo Máximo de Motor Ocioso;00:06:14;Sem evento;
POINT (-49.97571704748076 -22.24748103366042);1765019715.4;06/12/2025 08:15:15;Trator John Deere Série 6J - 6166;26;7616;LINUS TORVALDS;INSETICIDA + FERTILIZANTE FOLIAR;UNIMAR PULVERIZAÇÃO;Tempo Máximo de Motor Ocioso;00:35:54;Sem evento;
POINT (-49.975711418157914 -22.24759568417757);1765022655.2;06/12/2025 09:04:15;Trator John Deere Série 6J - 6166;26;7616;LINUS TORVALDS;INSETICIDA + FERTILIZANTE FOLIAR;UNIMAR PULVERIZAÇÃO;Tempo Máximo de Motor Ocioso;00:00:55;Sem evento;
POINT (-49.972845017323586 -22.24668016267757);1765022845.7;06/12/2025 09:07:26;Trator John Deere Série 6J - 6166;26;7616;LINUS TORVALDS;INSETICIDA + FERTILIZANTE FOLIAR;UNIMAR PULVERIZAÇÃO;Tempo Máximo de Motor Ocioso;00:00:20;Sem evento;
POINT (-49.97256244101568 -22.246643087378377);1765023221.7;06/12/2025 09:13:42;Trator John Deere Série 6J - 6166;26;7616;LINUS TORVALDS;INSETICIDA + FERTILIZANTE FOLIAR;UNIMAR PULVERIZAÇÃO;Tempo Máximo de Motor Ocioso;00:00:34;Sem evento;
POINT (-49.97302541361337 -22.24659449390912);1765023648.9;06/12/2025 09:20:49;Trator John Deere Série 6J - 6166;26;7616;LINUS TORVALDS;INSETICIDA + FERTILIZANTE FOLIAR;UNIMAR PULVERIZAÇÃO;Tempo Máximo de Motor Ocioso;00:03:04;Sem evento;
POINT (-49.97198188177848 -22.24536051148686);1765196528;08/12/2025 09:22:08;Trator John Deere Série 6J - 6166;26;7616;LINUS TORVALDS;INSETICIDA + FERTILIZANTE FOLIAR;UNIMAR PULVERIZAÇÃO;Tempo Máximo de Motor Ocioso;00:19:04;Sem evento;
POINT (-49.97375289580531 -22.24959567289457);1765197958;08/12/2025 09:45:58;Trator John Deere Série 6J - 6166;26;7616;LINUS TORVALDS;INSETICIDA + FERTILIZANTE FOLIAR;UNIMAR PULVERIZAÇÃO;Tempo Máximo de Motor Ocioso;00:01:53;Sem evento;
POINT (-49.97555296412784 -22.248037301384198);1765198758;08/12/2025 09:59:18;Trator John Deere Série 6J - 6166;26;7616;LINUS TORVALDS;INSETICIDA + FERTILIZANTE FOLIAR;UNIMAR PULVERIZAÇÃO;Tempo Máximo de Motor Ocioso;00:00:47;Sem evento;
POINT (-49.97555296412784 -22.248037301384198);1765198803;08/12/2025 10:00:03;Trator John Deere Série 6J - 6166;26;7616;LINUS TORVALDS;INSETICIDA + FERTILIZANTE FOLIAR;UNIMAR PULVERIZAÇÃO;Tempo Máximo de Motor Ocioso;00:04:27;Sem evento;
POINT (-49.97606035579449 -22.24871245587861);1765199086;08/12/2025 10:04:46;Trator John Deere Série 6J - 6166;26;7616;LINUS TORVALDS;INSETICIDA + FERTILIZANTE FOLIAR;UNIMAR PULVERIZAÇÃO;Tempo Máximo de Motor Ocioso;00:02:14;Sem evento;
POINT (-49.97606035579449 -22.24871245587861);1765199254.1;08/12/2025 10:07:34;Trator John Deere Série 6J - 6166;26;7616;LINUS TORVALDS;INSETICIDA + FERTILIZANTE FOLIAR;UNIMAR PULVERIZAÇÃO;Tempo Máximo de Motor Ocioso;00:34:17;Sem evento;
POINT (-49.97579011757547 -22.247688563994817);1765905786.1;16/12/2025 14:23:06;Trator John Deere Série 6J - 6166;19;6842;ALAN TURING;ADUBAÇÃO DE COBERTURA (20-00-20);UNIMAR ADUBAÇÃO;Tempo Máximo de Motor Ocioso;00:07:33;Sem evento;
POINT (-49.97573701450904 -22.247607005878574);1765912850.3;16/12/2025 16:20:50;Trator John Deere Série 6J - 6166;19;6842;ALAN TURING;ADUBAÇÃO DE COBERTURA (20-00-20);UNIMAR ADUBAÇÃO;Tempo Máximo de Motor Ocioso;00:02:44;Sem evento;
POINT (-49.97326786377991 -22.24910540678733);1765916450.3;16/12/2025 17:20:50;Trator John Deere Série 6J - 6166;21;6842;ALAN TURING;ADUBAÇÃO DE COBERTURA (20-00-20);UNIMAR ADUBAÇÃO;Tempo Máximo de Motor Ocioso;00:13:14;Sem evento;
POINT (-49.97233739657088 -22.24349669883535);1765969409;17/12/2025 08:03:29;Trator John Deere Série 6J - 6166;21;6842;ALAN TURING;ADUBAÇÃO DE COBERTURA (20-00-20);UNIMAR ADUBAÇÃO;Tempo Máximo de Motor Ocioso;00:03:09;Sem evento;
POINT (-49.97237211055574 -22.243471760518812);1765969646.1;17/12/2025 08:07:26;Trator John Deere Série 6J - 6166;21;6842;ALAN TURING;ADUBAÇÃO DE COBERTURA (20-00-20);UNIMAR ADUBAÇÃO;Tempo Máximo de Motor Ocioso;00:05:37;Sem evento;
POINT (-49.97369274145639 -22.249264351188085);1765972098;17/12/2025 08:48:18;Trator John Deere Série 6J - 6166;21;6842;ALAN TURING;ADUBAÇÃO DE COBERTURA (20-00-20);UNIMAR ADUBAÇÃO;Tempo Máximo de Motor Ocioso;00:00:10;Sem evento;
POINT (-49.97369274145639 -22.249264351188085);1765972222;17/12/2025 08:50:22;Trator John Deere Série 6J - 6166;21;6842;ALAN TURING;ADUBAÇÃO DE COBERTURA (20-00-20);UNIMAR ADUBAÇÃO;Tempo Máximo de Motor Ocioso;00:00:20;Sem evento;
POINT (-49.97369274145639 -22.249264351188085);1765972321;17/12/2025 08:52:01;Trator John Deere Série 6J - 6166;21;6842;ALAN TURING;ADUBAÇÃO DE COBERTURA (20-00-20);UNIMAR ADUBAÇÃO;Tempo Máximo de Motor Ocioso;00:00:11;Sem evento;
POINT (-49.9726064990985 -22.242927673659857);1765990537.9;17/12/2025 13:55:38;Trator John Deere Série 6J - 6166;21;6842;ALAN TURING;ADUBAÇÃO DE COBERTURA (20-00-20);UNIMAR ADUBAÇÃO;Tempo Máximo de Motor Ocioso;00:01:13;Sem evento;
POINT (-49.972507113194794 -22.242907818217056);1765990686.3;17/12/2025 13:58:06;Trator John Deere Série 6J - 6166;21;6842;ALAN TURING;ADUBAÇÃO DE COBERTURA (20-00-20);UNIMAR ADUBAÇÃO;Tempo Máximo de Motor Ocioso;00:00:09;Sem evento;
POINT (-49.97572693407338 -22.24815419772625);1766000463.6;17/12/2025 16:41:04;Trator John Deere Série 6J - 6166;21;6842;ALAN TURING;ADUBAÇÃO DE COBERTURA (20-00-20);UNIMAR ADUBAÇÃO;Tempo Máximo de Motor Ocioso;00:06:55;Sem evento;
POINT (-49.965316818117 -22.24067425928081);1765561290.6;12/12/2025 14:41:31;Trator John Deere Série 6J - 6166;22;6842;ALAN TURING;ADUBAÇÃO DE COBERTURA (20-00-20);UNIMAR ADUBAÇÃO;Tempo Máximo de Motor Ocioso;00:06:10;Sem evento;
POINT (-49.965316818117 -22.24067425928081);1765561963.1;12/12/2025 14:52:43;Trator John Deere Série 6J - 6166;22;6842;ALAN TURING;ADUBAÇÃO DE COBERTURA (20-00-20);UNIMAR ADUBAÇÃO;Tempo Máximo de Motor Ocioso;00:07:25;Sem evento;
POINT (-49.965316818117 -22.24067425928081);1765562403.1;12/12/2025 15:00:03;Trator John Deere Série 6J - 6166;22;6842;ALAN TURING;ADUBAÇÃO DE COBERTURA (20-00-20);UNIMAR ADUBAÇÃO;Tempo Máximo de Motor Ocioso;00:33:31;Sem evento;
POINT (-49.97579011757547 -22.247688563994817);1765905366.9;16/12/2025 14:16:07;Trator John Deere Série 6J - 6166;22;6842;ALAN TURING;ADUBAÇÃO DE COBERTURA (20-00-20);UNIMAR ADUBAÇÃO;Tempo Máximo de Motor Ocioso;00:07:03;Sem evento;
POINT (-49.97558034756676 -22.248302674790494);1766001378;17/12/2025 16:56:18;Trator John Deere Série 6J - 6166;22;6842;ALAN TURING;ADUBAÇÃO DE COBERTURA (20-00-20);UNIMAR ADUBAÇÃO;Tempo Máximo de Motor Ocioso;00:00:19;Sem evento;
POINT (-49.97555176826442 -22.248457804670792);1766052423;18/12/2025 07:07:03;Trator John Deere Série 6J - 6166;22;6842;ALAN TURING;ADUBAÇÃO DE COBERTURA (20-00-20);UNIMAR ADUBAÇÃO;Tempo Máximo de Motor Ocioso;00:03:03;Sem evento;
POINT (-49.975637024655576 -22.248580200141394);1766052649;18/12/2025 07:10:49;Trator John Deere Série 6J - 6166;22;6842;ALAN TURING;ADUBAÇÃO DE COBERTURA (20-00-20);UNIMAR ADUBAÇÃO;Tempo Máximo de Motor Ocioso;00:00:53;Sem evento;
POINT (-49.97561998877403 -22.248506358233943);1766052741;18/12/2025 07:12:21;Trator John Deere Série 6J - 6166;22;6842;ALAN TURING;ADUBAÇÃO DE COBERTURA (20-00-20);UNIMAR ADUBAÇÃO;Tempo Máximo de Motor Ocioso;00:03:36;Sem evento;
POINT (-49.9757920005075 -22.24769228480908);1766053853.3;18/12/2025 07:30:53;Trator John Deere Série 6J - 6166;22;6842;ALAN TURING;ADUBAÇÃO DE COBERTURA (20-00-20);UNIMAR ADUBAÇÃO;Tempo Máximo de Motor Ocioso;00:02:03;Sem evento;
POINT (-49.973040242262535 -22.24973916422428);1766077958.6;18/12/2025 14:12:39;Trator John Deere Série 6J - 6166;20;7616;LINUS TORVALDS;ADUBAÇÃO DE COBERTURA (20-00-20);UNIMAR ADUBAÇÃO;Tempo Máximo de Motor Ocioso;00:07:44;Sem evento;
POINT (-49.973683271311 -22.249685680179006);1766081263;18/12/2025 15:07:43;Trator John Deere Série 6J - 6166;20;7616;LINUS TORVALDS;ADUBAÇÃO DE COBERTURA (20-00-20);UNIMAR ADUBAÇÃO;Tempo Máximo de Motor Ocioso;00:00:53;Sem evento;
POINT (-49.97369789671214 -22.249630943692956);1766081352;18/12/2025 15:09:12;Trator John Deere Série 6J - 6166;20;7616;LINUS TORVALDS;ADUBAÇÃO DE COBERTURA (20-00-20);UNIMAR ADUBAÇÃO;Tempo Máximo de Motor Ocioso;00:01:29;Sem evento;
POINT (-49.97369789671214 -22.249630943692956);1766081482;18/12/2025 15:11:22;Trator John Deere Série 6J - 6166;20;7616;LINUS TORVALDS;ADUBAÇÃO DE COBERTURA (20-00-20);UNIMAR ADUBAÇÃO;Tempo Máximo de Motor Ocioso;00:02:49;Sem evento;
POINT (-49.97369789671214 -22.249630943692956);1766081527;18/12/2025 15:12:07;Trator John Deere Série 6J - 6166;20;7616;LINUS TORVALDS;ADUBAÇÃO DE COBERTURA (20-00-20);UNIMAR ADUBAÇÃO;Tempo Máximo de Motor Ocioso;00:03:04;Sem evento;
POINT (-49.97305322849864 -22.249940935801707);1766081765;18/12/2025 15:16:05;Trator John Deere Série 6J - 6166;20;7616;LINUS TORVALDS;ADUBAÇÃO DE COBERTURA (20-00-20);UNIMAR ADUBAÇÃO;Tempo Máximo de Motor Ocioso;00:01:12;Sem evento;
POINT (-49.975828565517524 -22.248333180643193);1766082065;18/12/2025 15:21:05;Trator John Deere Série 6J - 6166;20;7616;LINUS TORVALDS;ADUBAÇÃO DE COBERTURA (20-00-20);UNIMAR ADUBAÇÃO;Tempo Máximo de Motor Ocioso;00:00:18;Sem evento;
POINT (-49.973654920178305 -22.249244659102114);1766094330;18/12/2025 18:45:30;Trator John Deere Série 6J - 6166;20;7616;LINUS TORVALDS;ADUBAÇÃO DE COBERTURA (20-00-20);UNIMAR ADUBAÇÃO;Tempo Máximo de Motor Ocioso;00:05:42;Sem evento;
POINT (-49.97294771141962 -22.24980372075774);1766094757;18/12/2025 18:52:37;Trator John Deere Série 6J - 6166;20;7616;LINUS TORVALDS;ADUBAÇÃO DE COBERTURA (20-00-20);UNIMAR ADUBAÇÃO;Tempo Máximo de Motor Ocioso;00:00:19;Sem evento;
POINT (-49.97284611201824 -22.24973955079211);1766094861;18/12/2025 18:54:21;Trator John Deere Série 6J - 6166;20;7616;LINUS TORVALDS;ADUBAÇÃO DE COBERTURA (20-00-20);UNIMAR ADUBAÇÃO;Tempo Máximo de Motor Ocioso;00:05:44;Sem evento;
POINT (-49.97284611201824 -22.24973955079211);1766095201;18/12/2025 19:00:01;Trator John Deere Série 6J - 6166;20;7616;LINUS TORVALDS;ADUBAÇÃO DE COBERTURA (20-00-20);UNIMAR ADUBAÇÃO;Tempo Máximo de Motor Ocioso;00:14:09;Sem evento;
POINT (-49.97206396661434 -22.245375573790263);1766173536.1;19/12/2025 16:45:36;Trator John Deere Série 6J - 6166;18;6842;ALAN TURING;PULVERIZAÇÃO GERAL;UNIMAR PULVERIZAÇÃO;Tempo Máximo de Motor Ocioso;00:01:24;Sem evento;
POINT (-49.97617664918271 -22.248676682329883);1766225468;20/12/2025 07:11:08;Trator John Deere Série 6J - 6166;18;6842;ALAN TURING;PULVERIZAÇÃO GERAL;UNIMAR PULVERIZAÇÃO;Tempo Máximo de Motor Ocioso;00:00:30;Sem evento;
POINT (-50.03460652934437 -22.249032595499592);1766407056.8;22/12/2025 09:37:37;Trator John Deere Série 6J - 6166;18;6842;ALAN TURING;PULVERIZAÇÃO GERAL;UNIMAR PULVERIZAÇÃO;Tempo Máximo de Motor Ocioso;00:00:24;Sem evento;
POINT (-50.034766204305576 -22.246235355845997);1766409942.5;22/12/2025 10:25:42;Trator John Deere Série 6J - 6166;18;6842;ALAN TURING;PULVERIZAÇÃO GERAL;UNIMAR PULVERIZAÇÃO;Tempo Máximo de Motor Ocioso;00:01:40;Sem evento;
POINT (-50.03520425420181 -22.245404642528325);1766412794;22/12/2025 11:13:14;Trator John Deere Série 6J - 6166;18;6842;ALAN TURING;PULVERIZAÇÃO GERAL;UNIMAR PULVERIZAÇÃO;Tempo Máximo de Motor Ocioso;00:02:20;Sem evento;
POINT (-50.03427600261067 -22.24386299261647);1766417649.9;22/12/2025 12:34:10;Trator John Deere Série 6J - 6166;18;6842;ALAN TURING;PULVERIZAÇÃO GERAL;UNIMAR PULVERIZAÇÃO;Tempo Máximo de Motor Ocioso;00:00:09;Sem evento;
POINT (-50.03523192353111 -22.249310852258905);1766419235.7;22/12/2025 13:00:36;Trator John Deere Série 6J - 6166;18;6842;ALAN TURING;PULVERIZAÇÃO GERAL;UNIMAR PULVERIZAÇÃO;Tempo Máximo de Motor Ocioso;00:00:19;Sem evento;
POINT (-49.975944864542264 -22.24829783427459);1766421130.6;22/12/2025 13:32:11;Trator John Deere Série 6J - 6166;18;6842;ALAN TURING;PULVERIZAÇÃO GERAL;UNIMAR PULVERIZAÇÃO;Tempo Máximo de Motor Ocioso;00:00:17;Sem evento;
POINT (-49.975933048691466 -22.248290461351452);1766424301;22/12/2025 14:25:01;Trator John Deere Série 6J - 6166;18;6842;ALAN TURING;PULVERIZAÇÃO GERAL;UNIMAR PULVERIZAÇÃO;Tempo Máximo de Motor Ocioso;00:03:41;Sem evento;
POINT (-49.97204757224327 -22.245424586183955);1766424690;22/12/2025 14:31:30;Trator John Deere Série 6J - 6166;18;6842;ALAN TURING;PULVERIZAÇÃO GERAL;UNIMAR PULVERIZAÇÃO;Tempo Máximo de Motor Ocioso;00:20:09;Sem evento;
POINT (-49.9735488237881 -22.24924571047647);1766426188;22/12/2025 14:56:28;Trator John Deere Série 6J - 6166;18;6842;ALAN TURING;PULVERIZAÇÃO GERAL;UNIMAR PULVERIZAÇÃO;Tempo Máximo de Motor Ocioso;00:03:39;Sem evento;
POINT (-49.9735488237881 -22.24924571047647);1766426403;22/12/2025 15:00:03;Trator John Deere Série 6J - 6166;18;6842;ALAN TURING;PULVERIZAÇÃO GERAL;UNIMAR PULVERIZAÇÃO;Tempo Máximo de Motor Ocioso;00:10:24;Sem evento;
POINT (-49.97601970781055 -22.248815362360414);1766427000.1;22/12/2025 15:10:00;Trator John Deere Série 6J - 6166;18;6842;ALAN TURING;PULVERIZAÇÃO GERAL;UNIMAR PULVERIZAÇÃO;Tempo Máximo de Motor Ocioso;00:16:15;Sem evento;
POINT (-49.977085927800466 -22.24898979855445);1766428329.5;22/12/2025 15:32:10;Trator John Deere Série 6J - 6166;18;6842;ALAN TURING;PULVERIZAÇÃO GERAL;UNIMAR PULVERIZAÇÃO;Tempo Máximo de Motor Ocioso;00:00:44;Sem evento;
POINT (-49.977334415683345 -22.25007419547151);1766433337.2;22/12/2025 16:55:37;Trator John Deere Série 6J - 6166;18;6842;ALAN TURING;PULVERIZAÇÃO GERAL;UNIMAR PULVERIZAÇÃO;Tempo Máximo de Motor Ocioso;00:00:45;Sem evento;
POINT (-49.969415170649484 -22.253354981251327);1766434796.2;22/12/2025 17:19:56;Trator John Deere Série 6J - 6166;18;6842;ALAN TURING;PULVERIZAÇÃO GERAL;UNIMAR PULVERIZAÇÃO;Tempo Máximo de Motor Ocioso;00:00:40;Sem evento;
POINT (-49.97562586254931 -22.248213922832026);1766435174;22/12/2025 17:26:14;Trator John Deere Série 6J - 6166;18;6842;ALAN TURING;PULVERIZAÇÃO GERAL;UNIMAR PULVERIZAÇÃO;Tempo Máximo de Motor Ocioso;00:02:33;Sem evento;
POINT (-49.97571706783611 -22.24824226311657);1766435380;22/12/2025 17:29:40;Trator John Deere Série 6J - 6166;18;6842;ALAN TURING;PULVERIZAÇÃO GERAL;UNIMAR PULVERIZAÇÃO;Tempo Máximo de Motor Ocioso;00:00:33;Sem evento;
POINT (-49.97605097898828 -22.248652812106965);1766161965.1;19/12/2025 13:32:45;Trator John Deere Série 6J - 6166;20;6842;ALAN TURING;ADUBAÇÃO DE COBERTURA (20-00-20);UNIMAR ADUBAÇÃO;Tempo Máximo de Motor Ocioso;01:22:01;Sem evento;
POINT (-49.97605097898828 -22.248652812106965);1766161975.1;19/12/2025 13:32:55;Trator John Deere Série 6J - 6166;24;6842;ALAN TURING;INSETICIDA + FERTILIZANTE FOLIAR;UNIMAR PULVERIZAÇÃO;Tempo Máximo de Motor Ocioso;01:22:06;Sem evento;
POINT (-49.97617664918271 -22.248676682329883);1766225528.1;20/12/2025 07:12:08;Trator John Deere Série 6J - 6166;26;6842;ALAN TURING;INSETICIDA + FERTILIZANTE FOLIAR;UNIMAR PULVERIZAÇÃO;Tempo Máximo de Motor Ocioso;00:02:46;Sem evento;
POINT (-49.972062536905526 -22.24539161132684);1766250169.7;20/12/2025 14:02:50;Trator John Deere Série 6J - 6166;26;6842;ALAN TURING;INSETICIDA + FERTILIZANTE FOLIAR;UNIMAR PULVERIZAÇÃO;Tempo Máximo de Motor Ocioso;00:09:39;Sem evento;
POINT (-49.97201700843055 -22.245293834994666);1766250785.6;20/12/2025 14:13:06;Trator John Deere Série 6J - 6166;26;6842;ALAN TURING;INSETICIDA + FERTILIZANTE FOLIAR;UNIMAR PULVERIZAÇÃO;Tempo Máximo de Motor Ocioso;00:05:14;Sem evento;
POINT (-49.973693029432354 -22.24708425250605);1766398636;22/12/2025 07:17:16;Trator John Deere Série 6J - 6166;26;6842;ALAN TURING;INSETICIDA + FERTILIZANTE FOLIAR;UNIMAR PULVERIZAÇÃO;Tempo Máximo de Motor Ocioso;00:02:45;Sem evento;
POINT (-49.97610618149881 -22.24871794379735);1766398919;22/12/2025 07:21:59;Trator John Deere Série 6J - 6166;26;6842;ALAN TURING;INSETICIDA + FERTILIZANTE FOLIAR;UNIMAR PULVERIZAÇÃO;Tempo Máximo de Motor Ocioso;00:38:08;Sem evento;
POINT (-49.97610618149881 -22.24871794379735);1766401204;22/12/2025 08:00:04;Trator John Deere Série 6J - 6166;26;6842;ALAN TURING;INSETICIDA + FERTILIZANTE FOLIAR;UNIMAR PULVERIZAÇÃO;Tempo Máximo de Motor Ocioso;01:38:08;Sem evento;
POINT (-49.97610618149881 -22.24871794379735);1766404804;22/12/2025 09:00:04;Trator John Deere Série 6J - 6166;26;6842;ALAN TURING;INSETICIDA + FERTILIZANTE FOLIAR;UNIMAR PULVERIZAÇÃO;Tempo Máximo de Motor Ocioso;01:53:23;Sem evento;
POINT (-49.97552335040788 -22.24862969078239);1766151996;19/12/2025 10:46:36;Trator John Deere Série 6J - 6166;20;7616;LINUS TORVALDS;ADUBAÇÃO DE COBERTURA (20-00-20);UNIMAR ADUBAÇÃO;Tempo Máximo de Motor Ocioso;00:06:51;Sem evento;
POINT (-49.973724008830466 -22.24962036682818);1766152642;19/12/2025 10:57:22;Trator John Deere Série 6J - 6166;20;7616;LINUS TORVALDS;ADUBAÇÃO DE COBERTURA (20-00-20);UNIMAR ADUBAÇÃO;Tempo Máximo de Motor Ocioso;00:02:19;Sem evento;
POINT (-49.97279760290442 -22.246915582473864);1766152956.4;19/12/2025 11:02:36;Trator John Deere Série 6J - 6166;20;7616;LINUS TORVALDS;ADUBAÇÃO DE COBERTURA (20-00-20);UNIMAR ADUBAÇÃO;Tempo Máximo de Motor Ocioso;00:07:00;Sem evento;
POINT (-49.972797785805305 -22.246876534004524);1766153411.2;19/12/2025 11:10:11;Trator John Deere Série 6J - 6166;20;7616;LINUS TORVALDS;ADUBAÇÃO DE COBERTURA (20-00-20);UNIMAR ADUBAÇÃO;Tempo Máximo de Motor Ocioso;00:17:09;Sem evento;
POINT (-49.97206884507102 -22.245357376014653);1766154596;19/12/2025 11:29:56;Trator John Deere Série 6J - 6166;20;7616;LINUS TORVALDS;ADUBAÇÃO DE COBERTURA (20-00-20);UNIMAR ADUBAÇÃO;Tempo Máximo de Motor Ocioso;00:12:54;Sem evento;
POINT (-49.97197288454359 -22.24537075455513);1766155411.1;19/12/2025 11:43:31;Trator John Deere Série 6J - 6166;20;7616;LINUS TORVALDS;ADUBAÇÃO DE COBERTURA (20-00-20);UNIMAR ADUBAÇÃO;Tempo Máximo de Motor Ocioso;00:00:54;Sem evento;
POINT (-49.97614800973671 -22.24867137574303);1766155681.1;19/12/2025 11:48:01;Trator John Deere Série 6J - 6166;20;7616;LINUS TORVALDS;ADUBAÇÃO DE COBERTURA (20-00-20);UNIMAR ADUBAÇÃO;Tempo Máximo de Motor Ocioso;00:12:04;Sem evento;
POINT (-49.97614800973671 -22.24867137574303);1766156401.1;19/12/2025 12:00:01;Trator John Deere Série 6J - 6166;20;7616;LINUS TORVALDS;ADUBAÇÃO DE COBERTURA (20-00-20);UNIMAR ADUBAÇÃO;Tempo Máximo de Motor Ocioso;00:22:24;Sem evento;
POINT (-49.97605097898828 -22.248652812106965);1766157058.7;19/12/2025 12:10:59;Trator John Deere Série 6J - 6166;20;7616;LINUS TORVALDS;ADUBAÇÃO DE COBERTURA (20-00-20);UNIMAR ADUBAÇÃO;Tempo Máximo de Motor Ocioso;00:49:10;Sem evento;
POINT (-49.97605097898828 -22.248652812106965);1766160004;19/12/2025 13:00:04;Trator John Deere Série 6J - 6166;20;7616;LINUS TORVALDS;ADUBAÇÃO DE COBERTURA (20-00-20);UNIMAR ADUBAÇÃO;Tempo Máximo de Motor Ocioso;01:21:51;Sem evento;
POINT (-49.97548637239474 -22.248584495289254);1766745909;26/12/2025 07:45:09;Trator John Deere Série 6J - 6166;18;6842;ALAN TURING;PULVERIZAÇÃO GERAL;UNIMAR PULVERIZAÇÃO;Tempo Máximo de Motor Ocioso;00:01:44;Sem evento;
POINT (-49.97567264450831 -22.248085811802504);1766746052;26/12/2025 07:47:32;Trator John Deere Série 6J - 6166;18;6842;ALAN TURING;PULVERIZAÇÃO GERAL;UNIMAR PULVERIZAÇÃO;Tempo Máximo de Motor Ocioso;00:01:34;Sem evento;
POINT (-49.975739390239646 -22.247561221579666);1766749033.1;26/12/2025 08:37:13;Trator John Deere Série 6J - 6166;18;6842;ALAN TURING;PULVERIZAÇÃO GERAL;UNIMAR PULVERIZAÇÃO;Tempo Máximo de Motor Ocioso;00:22:55;Sem evento;
POINT (-49.975739390239646 -22.247561221579666);1766750403.1;26/12/2025 09:00:03;Trator John Deere Série 6J - 6166;18;6842;ALAN TURING;PULVERIZAÇÃO GERAL;UNIMAR PULVERIZAÇÃO;Tempo Máximo de Motor Ocioso;00:36:40;Sem evento;
POINT (-49.97573518245841 -22.247411016839788);1766751275.1;26/12/2025 09:14:35;Trator John Deere Série 6J - 6166;18;6842;ALAN TURING;PULVERIZAÇÃO GERAL;UNIMAR PULVERIZAÇÃO;Tempo Máximo de Motor Ocioso;00:13:44;Sem evento;
POINT (-49.975495787784375 -22.248163505384785);1766752166.5;26/12/2025 09:29:26;Trator John Deere Série 6J - 6166;18;6842;ALAN TURING;PULVERIZAÇÃO GERAL;UNIMAR PULVERIZAÇÃO;Tempo Máximo de Motor Ocioso;00:04:38;Sem evento;
POINT (-49.97276671897075 -22.24902709503778);1766752664.1;26/12/2025 09:37:44;Trator John Deere Série 6J - 6166;18;6842;ALAN TURING;PULVERIZAÇÃO GERAL;UNIMAR PULVERIZAÇÃO;Tempo Máximo de Motor Ocioso;00:00:24;Sem evento;
POINT (-49.97277229708218 -22.249018492678125);1766752745;26/12/2025 09:39:05;Trator John Deere Série 6J - 6166;18;6842;ALAN TURING;PULVERIZAÇÃO GERAL;UNIMAR PULVERIZAÇÃO;Tempo Máximo de Motor Ocioso;00:01:20;Sem evento;
POINT (-49.972755147621825 -22.24902710994525);1766752872.5;26/12/2025 09:41:12;Trator John Deere Série 6J - 6166;18;6842;ALAN TURING;PULVERIZAÇÃO GERAL;UNIMAR PULVERIZAÇÃO;Tempo Máximo de Motor Ocioso;00:04:05;Sem evento;
POINT (-49.97285659343311 -22.24908522724577);1766753151.1;26/12/2025 09:45:51;Trator John Deere Série 6J - 6166;18;6842;ALAN TURING;PULVERIZAÇÃO GERAL;UNIMAR PULVERIZAÇÃO;Tempo Máximo de Motor Ocioso;00:00:59;Sem evento;
POINT (-49.97276408938563 -22.2490297701521);1766753341.8;26/12/2025 09:49:02;Trator John Deere Série 6J - 6166;18;6842;ALAN TURING;PULVERIZAÇÃO GERAL;UNIMAR PULVERIZAÇÃO;Tempo Máximo de Motor Ocioso;00:00:14;Sem evento;
POINT (-49.97275106294939 -22.249042926006222);1766753493.7;26/12/2025 09:51:34;Trator John Deere Série 6J - 6166;18;6842;ALAN TURING;PULVERIZAÇÃO GERAL;UNIMAR PULVERIZAÇÃO;Tempo Máximo de Motor Ocioso;00:00:44;Sem evento;
POINT (-49.97285161409311 -22.249095806905956);1766753572.9;26/12/2025 09:52:53;Trator John Deere Série 6J - 6166;18;6842;ALAN TURING;PULVERIZAÇÃO GERAL;UNIMAR PULVERIZAÇÃO;Tempo Máximo de Motor Ocioso;00:00:10;Sem evento;
POINT (-49.97270184805711 -22.24896954623801);1766753639.4;26/12/2025 09:53:59;Trator John Deere Série 6J - 6166;18;6842;ALAN TURING;PULVERIZAÇÃO GERAL;UNIMAR PULVERIZAÇÃO;Tempo Máximo de Motor Ocioso;00:03:30;Sem evento;
POINT (-49.96537544589891 -22.240685589240805);1766755211.3;26/12/2025 10:20:11;Trator John Deere Série 6J - 6166;18;6842;ALAN TURING;PULVERIZAÇÃO GERAL;UNIMAR PULVERIZAÇÃO;Tempo Máximo de Motor Ocioso;00:10:44;Sem evento;
POINT (-49.96537544589891 -22.240685589240805);1766755889.8;26/12/2025 10:31:30;Trator John Deere Série 6J - 6166;18;6842;ALAN TURING;PULVERIZAÇÃO GERAL;UNIMAR PULVERIZAÇÃO;Tempo Máximo de Motor Ocioso;00:02:00;Sem evento;
POINT (-49.9652694328376 -22.240662363100093);1766756061.9;26/12/2025 10:34:22;Trator John Deere Série 6J - 6166;18;6842;ALAN TURING;PULVERIZAÇÃO GERAL;UNIMAR PULVERIZAÇÃO;Tempo Máximo de Motor Ocioso;00:10:29;Sem evento;
POINT (-49.97559014655544 -22.248188252591977);1766757151;26/12/2025 10:52:31;Trator John Deere Série 6J - 6166;18;6842;ALAN TURING;PULVERIZAÇÃO GERAL;UNIMAR PULVERIZAÇÃO;Tempo Máximo de Motor Ocioso;00:00:34;Sem evento;
POINT (-49.97634886578407 -22.248688084363465);1766757255;26/12/2025 10:54:15;Trator John Deere Série 6J - 6166;18;6842;ALAN TURING;PULVERIZAÇÃO GERAL;UNIMAR PULVERIZAÇÃO;Tempo Máximo de Motor Ocioso;00:03:53;Sem evento;
POINT (-49.97664445068423 -22.25010938027576);1767019870;29/12/2025 11:51:10;Trator John Deere Série 6J - 6166;18;6842;ALAN TURING;PULVERIZAÇÃO GERAL;UNIMAR PULVERIZAÇÃO;Tempo Máximo de Motor Ocioso;00:02:45;Sem evento;
POINT (-49.97544369700295 -22.248086703191138);1767020080;29/12/2025 11:54:40;Trator John Deere Série 6J - 6166;18;6842;ALAN TURING;PULVERIZAÇÃO GERAL;UNIMAR PULVERIZAÇÃO;Tempo Máximo de Motor Ocioso;00:00:33;Sem evento;
POINT (-49.975663616228346 -22.248212530249432);1767020171;29/12/2025 11:56:11;Trator John Deere Série 6J - 6166;18;6842;ALAN TURING;PULVERIZAÇÃO GERAL;UNIMAR PULVERIZAÇÃO;Tempo Máximo de Motor Ocioso;00:02:53;Sem evento;
POINT (-49.97375152964091 -22.249195221315883);1767610550;05/01/2026 07:55:50;Trator John Deere Série 6J - 6166;18;6842;ALAN TURING;PULVERIZAÇÃO GERAL;UNIMAR PULVERIZAÇÃO;Tempo Máximo de Motor Ocioso;00:00:20;Sem evento;
POINT (-49.97375152964091 -22.249195221315883);1767610624;05/01/2026 07:57:04;Trator John Deere Série 6J - 6166;18;6842;ALAN TURING;PULVERIZAÇÃO GERAL;UNIMAR PULVERIZAÇÃO;Tempo Máximo de Motor Ocioso;00:01:17;Sem evento;
POINT (-49.97375152964091 -22.249195221315883);1767610734;05/01/2026 07:58:54;Trator John Deere Série 6J - 6166;18;6842;ALAN TURING;PULVERIZAÇÃO GERAL;UNIMAR PULVERIZAÇÃO;Tempo Máximo de Motor Ocioso;00:00:12;Sem evento;
POINT (-49.97604662495864 -22.248803994709085);1767700427;06/01/2026 08:53:47;Trator John Deere Série 6J - 6166;18;6842;ALAN TURING;PULVERIZAÇÃO GERAL;UNIMAR PULVERIZAÇÃO;Tempo Máximo de Motor Ocioso;00:06:20;Sem evento;
POINT (-49.97604662495864 -22.248803994709085);1767700802;06/01/2026 09:00:02;Trator John Deere Série 6J - 6166;18;6842;ALAN TURING;PULVERIZAÇÃO GERAL;UNIMAR PULVERIZAÇÃO;Tempo Máximo de Motor Ocioso;00:12:30;Sem evento;
POINT (-49.97604662495864 -22.248803994709085);1767701207;06/01/2026 09:06:47;Trator John Deere Série 6J - 6166;18;6842;ALAN TURING;PULVERIZAÇÃO GERAL;UNIMAR PULVERIZAÇÃO;Tempo Máximo de Motor Ocioso;00:01:14;Sem evento;
POINT (-49.972054848581585 -22.24539390451291);1767701662.6;06/01/2026 09:14:23;Trator John Deere Série 6J - 6166;18;6842;ALAN TURING;PULVERIZAÇÃO GERAL;UNIMAR PULVERIZAÇÃO;Tempo Máximo de Motor Ocioso;00:01:04;Sem evento;
POINT (-49.96440009999999 -22.26689269999998);1770124973.5;03/02/2026 10:22:54;Forage Cruiser FFR500 New Holland;1;2;;CALAGEM;UNIMAR ADUBAÇÃO;Tempo Máximo de Motor Ocioso;00:03:34;Sem evento;
POINT (-49.96511819999999 -22.2675387);1770125933.5;03/02/2026 10:38:54;Forage Cruiser FFR500 New Holland;1;2;;CALAGEM;UNIMAR ADUBAÇÃO;Tempo Máximo de Motor Ocioso;00:00:18;Sem evento;
POINT (-49.96511069999998 -22.26909989999999);1770126123.5;03/02/2026 10:42:04;Forage Cruiser FFR500 New Holland;1;2;;CALAGEM;UNIMAR ADUBAÇÃO;Tempo Máximo de Motor Ocioso;00:00:06;Sem evento;
POINT (-49.964760699999985 -22.2686982);1770126838.5;03/02/2026 10:53:58;Forage Cruiser FFR500 New Holland;1;2;;CALAGEM;UNIMAR ADUBAÇÃO;Tempo Máximo de Motor Ocioso;00:06:10;Sem evento;
POINT (-49.964760699999985 -22.2686982);1770127203.5;03/02/2026 11:00:04;Forage Cruiser FFR500 New Holland;1;2;;CALAGEM;UNIMAR ADUBAÇÃO;Tempo Máximo de Motor Ocioso;00:10:10;Sem evento;
POINT (-49.9641716 -22.2686943);1770129753.5;03/02/2026 11:42:34;Forage Cruiser FFR500 New Holland;1;2;;CALAGEM;UNIMAR ADUBAÇÃO;Tempo Máximo de Motor Ocioso;00:02:24;Sem evento;
POINT (-49.965032900000004 -22.269445299999987);1770130673.75;03/02/2026 11:57:54;Forage Cruiser FFR500 New Holland;1;2;;CALAGEM;UNIMAR ADUBAÇÃO;Tempo Máximo de Motor Ocioso;00:02:13;Sem evento;
POINT (-49.965032900000004 -22.269445299999987);1770130803.75;03/02/2026 12:00:04;Forage Cruiser FFR500 New Holland;1;2;;CALAGEM;UNIMAR ADUBAÇÃO;Tempo Máximo de Motor Ocioso;00:06:28;Sem evento;
POINT (-49.963951099999996 -22.259201299999987);1770132858.75;03/02/2026 12:34:19;Forage Cruiser FFR500 New Holland;1;2;;CALAGEM;UNIMAR ADUBAÇÃO;Tempo Máximo de Motor Ocioso;00:03:44;Sem evento;
POINT (-49.964064400000005 -22.245022300000006);1770141263;03/02/2026 14:54:23;Forage Cruiser FFR500 New Holland;1;2;;CALAGEM;UNIMAR ADUBAÇÃO;Tempo Máximo de Motor Ocioso;00:03:10;Sem evento;
POINT (-49.96240709999999 -22.246326899999985);1770142376;03/02/2026 15:12:56;Forage Cruiser FFR500 New Holland;1;2;;CALAGEM;UNIMAR ADUBAÇÃO;Tempo Máximo de Motor Ocioso;00:00:34;Sem evento;
POINT (-49.96330859999999 -22.245079799999996);1770144690;03/02/2026 15:51:30;Forage Cruiser FFR500 New Holland;1;2;;CALAGEM;UNIMAR ADUBAÇÃO;Tempo Máximo de Motor Ocioso;00:01:45;Sem evento;
POINT (-49.966474899999994 -22.244120299999995);1770197976.75;04/02/2026 06:39:37;Forage Cruiser FFR500 New Holland;1;2;;CALAGEM;UNIMAR ADUBAÇÃO;Tempo Máximo de Motor Ocioso;00:00:52;Sem evento;
POINT (-49.962190199999995 -22.24565990000001);1770198340.5;04/02/2026 06:45:40;Forage Cruiser FFR500 New Holland;1;2;;CALAGEM;UNIMAR ADUBAÇÃO;Tempo Máximo de Motor Ocioso;00:00:14;Sem evento;
POINT (-49.96233049999999 -22.244694199999977);1770199169.5;04/02/2026 06:59:30;Forage Cruiser FFR500 New Holland;1;2;;CALAGEM;UNIMAR ADUBAÇÃO;Tempo Máximo de Motor Ocioso;00:00:38;Sem evento;
POINT (-49.96233049999999 -22.244694199999977);1770199204.5;04/02/2026 07:00:04;Forage Cruiser FFR500 New Holland;1;2;;CALAGEM;UNIMAR ADUBAÇÃO;Tempo Máximo de Motor Ocioso;00:00:43;Sem evento;
POINT (-49.96392709999999 -22.2435612);1770199520.5;04/02/2026 07:05:20;Forage Cruiser FFR500 New Holland;1;2;;CALAGEM;UNIMAR ADUBAÇÃO;Tempo Máximo de Motor Ocioso;00:03:13;Sem evento;
POINT (-49.967449099999996 -22.241766699999985);1770204032;04/02/2026 08:20:32;Forage Cruiser FFR500 New Holland;1;2;;CALAGEM;UNIMAR ADUBAÇÃO;Tempo Máximo de Motor Ocioso;00:00:47;Sem evento;
POINT (-49.96738469999999 -22.24184889999999);1770204348;04/02/2026 08:25:48;Forage Cruiser FFR500 New Holland;1;2;;CALAGEM;UNIMAR ADUBAÇÃO;Tempo Máximo de Motor Ocioso;00:00:18;Sem evento;
POINT (-49.9666424 -22.244045899999993);1770204833;04/02/2026 08:33:53;Forage Cruiser FFR500 New Holland;1;2;;CALAGEM;UNIMAR ADUBAÇÃO;Tempo Máximo de Motor Ocioso;00:00:32;Sem evento;
POINT (-49.967654599999996 -22.24120089999998);1770206305;04/02/2026 08:58:25;Forage Cruiser FFR500 New Holland;1;2;;CALAGEM;UNIMAR ADUBAÇÃO;Tempo Máximo de Motor Ocioso;00:00:08;Sem evento;
POINT (-49.96786830000001 -22.240585300000003);1770206474;04/02/2026 09:01:14;Forage Cruiser FFR500 New Holland;1;2;;CALAGEM;UNIMAR ADUBAÇÃO;Tempo Máximo de Motor Ocioso;00:00:39;Sem evento;
POINT (-49.96757100000001 -22.241283399999997);1770206646;04/02/2026 09:04:06;Forage Cruiser FFR500 New Holland;1;2;;CALAGEM;UNIMAR ADUBAÇÃO;Tempo Máximo de Motor Ocioso;00:00:29;Sem evento;
POINT (-49.96771459999999 -22.241140899999994);1770207118;04/02/2026 09:11:58;Forage Cruiser FFR500 New Holland;1;2;;CALAGEM;UNIMAR ADUBAÇÃO;Tempo Máximo de Motor Ocioso;00:00:44;Sem evento;
POINT (-49.96763359999999 -22.241318999999987);1770207286;04/02/2026 09:14:46;Forage Cruiser FFR500 New Holland;1;2;;CALAGEM;UNIMAR ADUBAÇÃO;Tempo Máximo de Motor Ocioso;00:00:24;Sem evento;
POINT (-49.967378700000005 -22.241614499999983);1770207842;04/02/2026 09:24:02;Forage Cruiser FFR500 New Holland;1;2;;CALAGEM;UNIMAR ADUBAÇÃO;Tempo Máximo de Motor Ocioso;00:00:45;Sem evento;
POINT (-49.96735119999998 -22.241771499999984);1770207981;04/02/2026 09:26:21;Forage Cruiser FFR500 New Holland;1;2;;CALAGEM;UNIMAR ADUBAÇÃO;Tempo Máximo de Motor Ocioso;00:00:45;Sem evento;
POINT (-49.966639900000004 -22.244060699999984);1770208233;04/02/2026 09:30:33;Forage Cruiser FFR500 New Holland;1;2;;CALAGEM;UNIMAR ADUBAÇÃO;Tempo Máximo de Motor Ocioso;00:07:49;Sem evento;
POINT (-49.97280819999999 -22.24890029999999);1770209214;04/02/2026 09:46:54;Forage Cruiser FFR500 New Holland;1;2;;CALAGEM;UNIMAR ADUBAÇÃO;Tempo Máximo de Motor Ocioso;00:05:09;Sem evento;
POINT (-49.9720856 -22.2488282);1770210632;04/02/2026 10:10:32;Forage Cruiser FFR500 New Holland;1;2;;CALAGEM;UNIMAR ADUBAÇÃO;Tempo Máximo de Motor Ocioso;00:00:49;Sem evento;
POINT (-49.970105600000004 -22.24023459999999);1770212329;04/02/2026 10:38:49;Forage Cruiser FFR500 New Holland;1;2;;CALAGEM;UNIMAR ADUBAÇÃO;Tempo Máximo de Motor Ocioso;00:00:33;Sem evento;
POINT (-49.97069089999998 -22.239665399999993);1770213347.25;04/02/2026 10:55:47;Forage Cruiser FFR500 New Holland;1;2;;CALAGEM;UNIMAR ADUBAÇÃO;Tempo Máximo de Motor Ocioso;00:01:54;Sem evento;
POINT (-49.97012359999998 -22.239173399999977);1770214532.25;04/02/2026 11:15:32;Forage Cruiser FFR500 New Holland;1;2;;CALAGEM;UNIMAR ADUBAÇÃO;Tempo Máximo de Motor Ocioso;00:00:34;Sem evento;
POINT (-49.9709751 -22.2390897);1770215546.25;04/02/2026 11:32:26;Forage Cruiser FFR500 New Holland;1;2;;CALAGEM;UNIMAR ADUBAÇÃO;Tempo Máximo de Motor Ocioso;00:00:48;Sem evento;
POINT (-49.9695052 -22.240997399999976);1770215859.25;04/02/2026 11:37:39;Forage Cruiser FFR500 New Holland;1;2;;CALAGEM;UNIMAR ADUBAÇÃO;Tempo Máximo de Motor Ocioso;00:00:23;Sem evento;
POINT (-49.96647589999999 -22.244097800000002);1770216179;04/02/2026 11:42:59;Forage Cruiser FFR500 New Holland;1;2;;CALAGEM;UNIMAR ADUBAÇÃO;Tempo Máximo de Motor Ocioso;00:00:07;Sem evento;
POINT (-49.96671929999998 -22.24393619999999);1770216568;04/02/2026 11:49:28;Forage Cruiser FFR500 New Holland;1;2;;CALAGEM;UNIMAR ADUBAÇÃO;Tempo Máximo de Motor Ocioso;00:02:16;Sem evento;
POINT (-49.966717299999985 -22.243943399999992);1770219612;04/02/2026 12:40:12;Forage Cruiser FFR500 New Holland;1;2;;CALAGEM;UNIMAR ADUBAÇÃO;Tempo Máximo de Motor Ocioso;00:17:52;Sem evento;
POINT (-49.96671959999999 -22.243953299999998);1770221448.75;04/02/2026 13:10:49;Forage Cruiser FFR500 New Holland;1;2;;CALAGEM;UNIMAR ADUBAÇÃO;Tempo Máximo de Motor Ocioso;00:19:17;Sem evento;
POINT (-49.96675069999999 -22.24401149999998);1770222686.75;04/02/2026 13:31:27;Forage Cruiser FFR500 New Holland;1;2;;CALAGEM;UNIMAR ADUBAÇÃO;Tempo Máximo de Motor Ocioso;00:00:20;Sem evento;
POINT (-49.97069979999999 -22.2390964);1770223782.75;04/02/2026 13:49:43;Forage Cruiser FFR500 New Holland;1;2;;CALAGEM;UNIMAR ADUBAÇÃO;Tempo Máximo de Motor Ocioso;00:02:09;Sem evento;
POINT (-49.9708342 -22.23914829999999);1770223985.75;04/02/2026 13:53:06;Forage Cruiser FFR500 New Holland;1;2;;CALAGEM;UNIMAR ADUBAÇÃO;Tempo Máximo de Motor Ocioso;00:00:14;Sem evento;
POINT (-49.97212799999999 -22.23948839999998);1770224194.75;04/02/2026 13:56:35;Forage Cruiser FFR500 New Holland;1;2;;CALAGEM;UNIMAR ADUBAÇÃO;Tempo Máximo de Motor Ocioso;00:02:29;Sem evento;
POINT (-49.97296579999999 -22.238279599999988);1770225494.75;04/02/2026 14:18:15;Forage Cruiser FFR500 New Holland;1;2;;CALAGEM;UNIMAR ADUBAÇÃO;Tempo Máximo de Motor Ocioso;00:00:54;Sem evento;
POINT (-49.97227510000001 -22.238770099999993);1770226610;04/02/2026 14:36:50;Forage Cruiser FFR500 New Holland;1;2;;CALAGEM;UNIMAR ADUBAÇÃO;Tempo Máximo de Motor Ocioso;00:01:23;Sem evento;
POINT (-49.97191979999999 -22.238762099999985);1770226811;04/02/2026 14:40:11;Forage Cruiser FFR500 New Holland;1;2;;CALAGEM;UNIMAR ADUBAÇÃO;Tempo Máximo de Motor Ocioso;00:00:14;Sem evento;
POINT (-49.9729848 -22.23791389999998);1770227129;04/02/2026 14:45:29;Forage Cruiser FFR500 New Holland;1;2;;CALAGEM;UNIMAR ADUBAÇÃO;Tempo Máximo de Motor Ocioso;00:00:14;Sem evento;
POINT (-49.973132100000015 -22.237761700000004);1770227347;04/02/2026 14:49:07;Forage Cruiser FFR500 New Holland;1;2;;CALAGEM;UNIMAR ADUBAÇÃO;Tempo Máximo de Motor Ocioso;00:00:34;Sem evento;
POINT (-49.97310760000001 -22.237810100000004);1770227552;04/02/2026 14:52:32;Forage Cruiser FFR500 New Holland;1;2;;CALAGEM;UNIMAR ADUBAÇÃO;Tempo Máximo de Motor Ocioso;00:02:09;Sem evento;
POINT (-49.9730566 -22.237844100000007);1770227848;04/02/2026 14:57:28;Forage Cruiser FFR500 New Holland;1;2;;CALAGEM;UNIMAR ADUBAÇÃO;Tempo Máximo de Motor Ocioso;00:00:44;Sem evento;
POINT (-49.97412060000001 -22.239793899999977);1770228734;04/02/2026 15:12:14;Forage Cruiser FFR500 New Holland;1;2;;CALAGEM;UNIMAR ADUBAÇÃO;Tempo Máximo de Motor Ocioso;00:00:14;Sem evento;
POINT (-49.97416919999999 -22.240043699999987);1770229093;04/02/2026 15:18:13;Forage Cruiser FFR500 New Holland;1;2;;CALAGEM;UNIMAR ADUBAÇÃO;Tempo Máximo de Motor Ocioso;00:01:28;Sem evento;
POINT (-49.97437390000001 -22.239865999999992);1770229665;04/02/2026 15:27:45;Forage Cruiser FFR500 New Holland;1;2;;CALAGEM;UNIMAR ADUBAÇÃO;Tempo Máximo de Motor Ocioso;00:02:03;Sem evento;
POINT (-49.9747541 -22.239494099999987);1770230202;04/02/2026 15:36:42;Forage Cruiser FFR500 New Holland;1;2;;CALAGEM;UNIMAR ADUBAÇÃO;Tempo Máximo de Motor Ocioso;00:00:19;Sem evento;
POINT (-49.97466260000001 -22.23957349999999);1770230409;04/02/2026 15:40:09;Forage Cruiser FFR500 New Holland;1;2;;CALAGEM;UNIMAR ADUBAÇÃO;Tempo Máximo de Motor Ocioso;00:00:20;Sem evento;
POINT (-49.97287899999999 -22.24268099999999);1770230925;04/02/2026 15:48:45;Forage Cruiser FFR500 New Holland;1;2;;CALAGEM;UNIMAR ADUBAÇÃO;Tempo Máximo de Motor Ocioso;00:01:39;Sem evento;
POINT (-49.9763976 -22.247378600000005);1770231385;04/02/2026 15:56:25;Forage Cruiser FFR500 New Holland;1;2;;CALAGEM;UNIMAR ADUBAÇÃO;Tempo Máximo de Motor Ocioso;00:01:44;Sem evento;
POINT (-49.97650129999998 -22.247264399999988);1770232198;04/02/2026 16:09:58;Forage Cruiser FFR500 New Holland;1;2;;CALAGEM;UNIMAR ADUBAÇÃO;Tempo Máximo de Motor Ocioso;00:01:00;Sem evento;
POINT (-49.97655099999999 -22.24350289999999);1770233888;04/02/2026 16:38:08;Forage Cruiser FFR500 New Holland;1;2;;CALAGEM;UNIMAR ADUBAÇÃO;Tempo Máximo de Motor Ocioso;00:02:40;Sem evento;
POINT (-49.97611600000001 -22.246291599999996);1770234319;04/02/2026 16:45:19;Forage Cruiser FFR500 New Holland;1;2;;CALAGEM;UNIMAR ADUBAÇÃO;Tempo Máximo de Motor Ocioso;00:07:35;Sem evento;
POINT (-49.966473300000004 -22.244121999999987);1770237208;04/02/2026 17:33:28;Forage Cruiser FFR500 New Holland;1;2;;CALAGEM;UNIMAR ADUBAÇÃO;Tempo Máximo de Motor Ocioso;00:00:44;Sem evento;
POINT (-49.966480799999985 -22.2441252);1770284062;05/02/2026 06:34:22;Forage Cruiser FFR500 New Holland;1;2;;CALAGEM;UNIMAR ADUBAÇÃO;Tempo Máximo de Motor Ocioso;00:02:00;Sem evento;
POINT (-49.9727732 -22.2491395);1770284686;05/02/2026 06:44:46;Forage Cruiser FFR500 New Holland;1;2;;CALAGEM;UNIMAR ADUBAÇÃO;Tempo Máximo de Motor Ocioso;00:00:10;Sem evento;
POINT (-49.9727012 -22.249151800000003);1770290985.25;05/02/2026 08:29:45;Forage Cruiser FFR500 New Holland;1;2;;CALAGEM;UNIMAR ADUBAÇÃO;Tempo Máximo de Motor Ocioso;00:01:20;Sem evento;
POINT (-49.9727343 -22.249231999999985);1770292690.5;05/02/2026 08:58:10;Forage Cruiser FFR500 New Holland;1;2;;CALAGEM;UNIMAR ADUBAÇÃO;Tempo Máximo de Motor Ocioso;00:01:49;Sem evento;
POINT (-49.9726994 -22.24917759999998);1770292854.5;05/02/2026 09:00:54;Forage Cruiser FFR500 New Holland;1;2;;CALAGEM;UNIMAR ADUBAÇÃO;Tempo Máximo de Motor Ocioso;00:09:15;Sem evento;
POINT (-49.9728377 -22.249207199999983);1770293795;05/02/2026 09:16:35;Forage Cruiser FFR500 New Holland;1;2;;CALAGEM;UNIMAR ADUBAÇÃO;Tempo Máximo de Motor Ocioso;00:02:42;Sem evento;
POINT (-49.97278239999999 -22.249161299999976);1770295392.5;05/02/2026 09:43:12;Forage Cruiser FFR500 New Holland;1;2;;CALAGEM;UNIMAR ADUBAÇÃO;Tempo Máximo de Motor Ocioso;00:07:07;Sem evento;
POINT (-49.97270679999998 -22.249109899999986);1770295903.5;05/02/2026 09:51:44;Forage Cruiser FFR500 New Holland;1;2;;CALAGEM;UNIMAR ADUBAÇÃO;Tempo Máximo de Motor Ocioso;00:05:35;Sem evento;
POINT (-49.972889099999996 -22.249238000000002);1770299600;05/02/2026 10:53:20;Forage Cruiser FFR500 New Holland;1;2;;CALAGEM;UNIMAR ADUBAÇÃO;Tempo Máximo de Motor Ocioso;00:00:26;Sem evento;
POINT (-49.97280149999999 -22.249141699999978);1770300113.75;05/02/2026 11:01:54;Forage Cruiser FFR500 New Holland;1;2;;CALAGEM;UNIMAR ADUBAÇÃO;Tempo Máximo de Motor Ocioso;00:01:27;Sem evento;
POINT (-49.97278049999999 -22.249103500000004);1770300240.75;05/02/2026 11:04:01;Forage Cruiser FFR500 New Holland;1;2;;CALAGEM;UNIMAR ADUBAÇÃO;Tempo Máximo de Motor Ocioso;00:03:15;Sem evento;
POINT (-49.97277429999999 -22.24911989999999);1770301980;05/02/2026 11:33:00;Forage Cruiser FFR500 New Holland;1;2;;CALAGEM;UNIMAR ADUBAÇÃO;Tempo Máximo de Motor Ocioso;00:00:25;Sem evento;
POINT (-49.9727274 -22.24911719999998);1770302042;05/02/2026 11:34:02;Forage Cruiser FFR500 New Holland;1;2;;CALAGEM;UNIMAR ADUBAÇÃO;Tempo Máximo de Motor Ocioso;00:01:04;Sem evento;
POINT (-49.972771800000004 -22.2490843);1770302193;05/02/2026 11:36:33;Forage Cruiser FFR500 New Holland;1;2;;CALAGEM;UNIMAR ADUBAÇÃO;Tempo Máximo de Motor Ocioso;00:01:18;Sem evento;
POINT (-49.97277870000001 -22.249048900000002);1770302307;05/02/2026 11:38:27;Forage Cruiser FFR500 New Holland;1;2;;CALAGEM;UNIMAR ADUBAÇÃO;Tempo Máximo de Motor Ocioso;00:07:28;Sem evento;
POINT (-49.972804899999986 -22.249138900000005);1770302791;05/02/2026 11:46:31;Forage Cruiser FFR500 New Holland;1;2;;CALAGEM;UNIMAR ADUBAÇÃO;Tempo Máximo de Motor Ocioso;00:00:59;Sem evento;
POINT (-49.97282459999999 -22.2491567);1770305452.5;05/02/2026 12:30:52;Forage Cruiser FFR500 New Holland;1;2;;CALAGEM;UNIMAR ADUBAÇÃO;Tempo Máximo de Motor Ocioso;00:04:57;Sem evento;
POINT (-49.972867599999994 -22.24911619999999);1770305789.5;05/02/2026 12:36:30;Forage Cruiser FFR500 New Holland;1;2;;CALAGEM;UNIMAR ADUBAÇÃO;Tempo Máximo de Motor Ocioso;00:00:15;Sem evento;
POINT (-49.97285409999999 -22.24915470000001);1770305838.5;05/02/2026 12:37:18;Forage Cruiser FFR500 New Holland;1;2;;CALAGEM;UNIMAR ADUBAÇÃO;Tempo Máximo de Motor Ocioso;00:14:10;Sem evento;
POINT (-49.97280439999999 -22.249181199999995);1770306728.5;05/02/2026 12:52:08;Forage Cruiser FFR500 New Holland;1;2;;CALAGEM;UNIMAR ADUBAÇÃO;Tempo Máximo de Motor Ocioso;00:00:22;Sem evento;
POINT (-49.98011049999999 -22.251619700000006);1770308379;05/02/2026 13:19:39;Forage Cruiser FFR500 New Holland;1;2;;CALAGEM;UNIMAR ADUBAÇÃO;Tempo Máximo de Motor Ocioso;00:00:58;Sem evento;
POINT (-49.979127999999996 -22.251495899999988);1770309114;05/02/2026 13:31:54;Forage Cruiser FFR500 New Holland;1;2;;CALAGEM;UNIMAR ADUBAÇÃO;Tempo Máximo de Motor Ocioso;00:00:18;Sem evento;
POINT (-49.97954749999998 -22.252965799999977);1770310593;05/02/2026 13:56:33;Forage Cruiser FFR500 New Holland;1;2;;CALAGEM;UNIMAR ADUBAÇÃO;Tempo Máximo de Motor Ocioso;00:00:09;Sem evento;
POINT (-49.978674500000004 -22.251511899999983);1770311032;05/02/2026 14:03:52;Forage Cruiser FFR500 New Holland;1;2;;CALAGEM;UNIMAR ADUBAÇÃO;Tempo Máximo de Motor Ocioso;00:02:39;Sem evento;
POINT (-49.98034900000001 -22.252821699999984);1770312586;05/02/2026 14:29:46;Forage Cruiser FFR500 New Holland;1;2;;CALAGEM;UNIMAR ADUBAÇÃO;Tempo Máximo de Motor Ocioso;00:00:54;Sem evento;
POINT (-49.978335400000006 -22.251600499999984);1770314683.25;05/02/2026 15:04:43;Forage Cruiser FFR500 New Holland;1;2;;CALAGEM;UNIMAR ADUBAÇÃO;Tempo Máximo de Motor Ocioso;00:01:39;Sem evento;
POINT (-49.98002390000001 -22.253362899999996);1770315691.25;05/02/2026 15:21:31;Forage Cruiser FFR500 New Holland;1;2;;CALAGEM;UNIMAR ADUBAÇÃO;Tempo Máximo de Motor Ocioso;00:00:14;Sem evento;
POINT (-49.978644300000006 -22.252730199999988);1770316421.25;05/02/2026 15:33:41;Forage Cruiser FFR500 New Holland;1;2;;CALAGEM;UNIMAR ADUBAÇÃO;Tempo Máximo de Motor Ocioso;00:00:06;Sem evento;
POINT (-49.97980280000001 -22.25353169999998);1770316595.25;05/02/2026 15:36:35;Forage Cruiser FFR500 New Holland;1;2;;CALAGEM;UNIMAR ADUBAÇÃO;Tempo Máximo de Motor Ocioso;00:00:09;Sem evento;
POINT (-49.978483000000004 -22.252586599999987);1770317420.25;05/02/2026 15:50:20;Forage Cruiser FFR500 New Holland;1;2;;CALAGEM;UNIMAR ADUBAÇÃO;Tempo Máximo de Motor Ocioso;00:00:29;Sem evento;
POINT (-49.9797426 -22.25350439999998);1770317719.25;05/02/2026 15:55:19;Forage Cruiser FFR500 New Holland;1;2;;CALAGEM;UNIMAR ADUBAÇÃO;Tempo Máximo de Motor Ocioso;00:00:35;Sem evento;
POINT (-49.97965400000001 -22.253454299999998);1770317848.25;05/02/2026 15:57:28;Forage Cruiser FFR500 New Holland;1;2;;CALAGEM;UNIMAR ADUBAÇÃO;Tempo Máximo de Motor Ocioso;00:00:30;Sem evento;
POINT (-49.97965400000001 -22.253454299999998);1770318405.25;05/02/2026 16:06:45;Forage Cruiser FFR500 New Holland;1;2;;CALAGEM;UNIMAR ADUBAÇÃO;Tempo Máximo de Motor Ocioso;00:00:25;Sem evento;
POINT (-49.98075919999998 -22.25351869999999);1770319528.5;05/02/2026 16:25:28;Forage Cruiser FFR500 New Holland;1;2;;CALAGEM;UNIMAR ADUBAÇÃO;Tempo Máximo de Motor Ocioso;00:00:34;Sem evento;
POINT (-49.978888699999985 -22.253318300000004);1770319776.5;05/02/2026 16:29:36;Forage Cruiser FFR500 New Holland;1;2;;CALAGEM;UNIMAR ADUBAÇÃO;Tempo Máximo de Motor Ocioso;00:00:54;Sem evento;
POINT (-49.98168459999999 -22.252917399999987);1770320315.5;05/02/2026 16:38:36;Forage Cruiser FFR500 New Holland;1;2;;CALAGEM;UNIMAR ADUBAÇÃO;Tempo Máximo de Motor Ocioso;00:00:24;Sem evento;
POINT (-49.97887260000002 -22.254693799999995);1770320704.5;05/02/2026 16:45:04;Forage Cruiser FFR500 New Holland;1;2;;CALAGEM;UNIMAR ADUBAÇÃO;Tempo Máximo de Motor Ocioso;00:00:39;Sem evento;
POINT (-49.978871399999996 -22.254692499999987);1770320782.5;05/02/2026 16:46:22;Forage Cruiser FFR500 New Holland;1;2;;CALAGEM;UNIMAR ADUBAÇÃO;Tempo Máximo de Motor Ocioso;00:05:47;Sem evento;
POINT (-49.97887600000001 -22.25469929999998);1770321168.5;05/02/2026 16:52:48;Forage Cruiser FFR500 New Holland;1;2;;CALAGEM;UNIMAR ADUBAÇÃO;Tempo Máximo de Motor Ocioso;00:01:27;Sem evento;
POINT (-49.978998899999986 -22.25451990000001);1770322017.5;05/02/2026 17:06:58;Forage Cruiser FFR500 New Holland;1;2;;CALAGEM;UNIMAR ADUBAÇÃO;Tempo Máximo de Motor Ocioso;00:01:58;Sem evento;
POINT (-49.97900359999999 -22.254527699999997);1770322174.5;05/02/2026 17:09:34;Forage Cruiser FFR500 New Holland;1;2;;CALAGEM;UNIMAR ADUBAÇÃO;Tempo Máximo de Motor Ocioso;00:04:27;Sem evento;
POINT (-49.97839319999999 -22.253223499999997);1770322652.5;05/02/2026 17:17:32;Forage Cruiser FFR500 New Holland;1;2;;CALAGEM;UNIMAR ADUBAÇÃO;Tempo Máximo de Motor Ocioso;00:04:08;Sem evento;
POINT (-49.9788766 -22.254682999999975);1770323745.5;05/02/2026 17:35:46;Forage Cruiser FFR500 New Holland;1;2;;CALAGEM;UNIMAR ADUBAÇÃO;Tempo Máximo de Motor Ocioso;00:05:39;Sem evento;
POINT (-49.978667800000004 -22.253837799999996);1770324255.75;05/02/2026 17:44:16;Forage Cruiser FFR500 New Holland;1;2;;CALAGEM;UNIMAR ADUBAÇÃO;Tempo Máximo de Motor Ocioso;00:00:08;Sem evento;
POINT (-49.978278299999985 -22.2537406);1770324566.75;05/02/2026 17:49:27;Forage Cruiser FFR500 New Holland;1;2;;CALAGEM;UNIMAR ADUBAÇÃO;Tempo Máximo de Motor Ocioso;00:06:23;Sem evento;
POINT (-49.97830949999999 -22.25389759999999);1770324999.75;05/02/2026 17:56:40;Forage Cruiser FFR500 New Holland;1;2;;CALAGEM;UNIMAR ADUBAÇÃO;Tempo Máximo de Motor Ocioso;00:00:43;Sem evento;
POINT (-49.9814359 -22.253174699999995);1770325488.75;05/02/2026 18:04:49;Forage Cruiser FFR500 New Holland;1;2;;CALAGEM;UNIMAR ADUBAÇÃO;Tempo Máximo de Motor Ocioso;00:00:14;Sem evento;
POINT (-49.97840379999999 -22.252659100000002);1770325926.75;05/02/2026 18:12:07;Forage Cruiser FFR500 New Holland;1;2;;CALAGEM;UNIMAR ADUBAÇÃO;Tempo Máximo de Motor Ocioso;00:04:53;Sem evento;
POINT (-49.97841569999999 -22.25265900000001);1770326260.75;05/02/2026 18:17:41;Forage Cruiser FFR500 New Holland;1;2;;CALAGEM;UNIMAR ADUBAÇÃO;Tempo Máximo de Motor Ocioso;00:01:28;Sem evento;
POINT (-49.9784127 -22.252657999999983);1770326381.75;05/02/2026 18:19:42;Forage Cruiser FFR500 New Holland;1;2;;CALAGEM;UNIMAR ADUBAÇÃO;Tempo Máximo de Motor Ocioso;00:21:49;Sem evento;
POINT (-49.9784127 -22.252657999999983);1770327768.5;05/02/2026 18:42:48;Forage Cruiser FFR500 New Holland;1;2;;CALAGEM;UNIMAR ADUBAÇÃO;Tempo Máximo de Motor Ocioso;00:00:10;Sem evento;
POINT (-49.97841569999999 -22.25266659999998);1770328028;05/02/2026 18:47:08;Forage Cruiser FFR500 New Holland;1;2;;CALAGEM;UNIMAR ADUBAÇÃO;Tempo Máximo de Motor Ocioso;00:12:56;Sem evento;
POINT (-49.97841569999999 -22.25266659999998);1770328803;05/02/2026 19:00:03;Forage Cruiser FFR500 New Holland;1;2;;CALAGEM;UNIMAR ADUBAÇÃO;Tempo Máximo de Motor Ocioso;00:18:17;Sem evento;
POINT (-49.9784141 -22.252645499999975);1770329166;05/02/2026 19:06:06;Forage Cruiser FFR500 New Holland;1;2;;CALAGEM;UNIMAR ADUBAÇÃO;Tempo Máximo de Motor Ocioso;00:01:34;Sem evento;
POINT (-49.96649809999999 -22.24412429999999);1770330548.75;05/02/2026 19:29:09;Forage Cruiser FFR500 New Holland;1;2;;CALAGEM;UNIMAR ADUBAÇÃO;Tempo Máximo de Motor Ocioso;00:06:21;Sem evento;
POINT (-49.9646929 -22.24169289999999);1770370100.5;06/02/2026 06:28:20;Forage Cruiser FFR500 New Holland;1;2;;CALAGEM;UNIMAR ADUBAÇÃO;Tempo Máximo de Motor Ocioso;00:02:49;Sem evento;
POINT (-49.96644460000001 -22.2441376);1770370420.5;06/02/2026 06:33:40;Forage Cruiser FFR500 New Holland;1;2;;CALAGEM;UNIMAR ADUBAÇÃO;Tempo Máximo de Motor Ocioso;00:08:19;Sem evento;
POINT (-49.97533459999999 -22.248458799999998);1770371329.5;06/02/2026 06:48:50;Forage Cruiser FFR500 New Holland;1;2;;CALAGEM;UNIMAR ADUBAÇÃO;Tempo Máximo de Motor Ocioso;00:02:06;Sem evento;
POINT (-49.98092640000001 -22.253447100000002);1770371808.5;06/02/2026 06:56:48;Forage Cruiser FFR500 New Holland;1;2;;CALAGEM;UNIMAR ADUBAÇÃO;Tempo Máximo de Motor Ocioso;00:03:19;Sem evento;
POINT (-49.98092640000001 -22.253447100000002);1770372003.75;06/02/2026 07:00:04;Forage Cruiser FFR500 New Holland;1;2;;CALAGEM;UNIMAR ADUBAÇÃO;Tempo Máximo de Motor Ocioso;00:08:29;Sem evento;
POINT (-49.978369199999996 -22.252799699999976);1770372672.75;06/02/2026 07:11:13;Forage Cruiser FFR500 New Holland;1;2;;CALAGEM;UNIMAR ADUBAÇÃO;Tempo Máximo de Motor Ocioso;00:00:09;Sem evento;
POINT (-49.979794999999996 -22.253830399999984);1770372848.75;06/02/2026 07:14:09;Forage Cruiser FFR500 New Holland;1;2;;CALAGEM;UNIMAR ADUBAÇÃO;Tempo Máximo de Motor Ocioso;00:00:45;Sem evento;
POINT (-49.98062280000001 -22.25363389999999);1770373028.75;06/02/2026 07:17:09;Forage Cruiser FFR500 New Holland;1;2;;CALAGEM;UNIMAR ADUBAÇÃO;Tempo Máximo de Motor Ocioso;00:00:59;Sem evento;
POINT (-49.9789368 -22.253535199999995);1770373461.75;06/02/2026 07:24:22;Forage Cruiser FFR500 New Holland;1;2;;CALAGEM;UNIMAR ADUBAÇÃO;Tempo Máximo de Motor Ocioso;00:00:29;Sem evento;
POINT (-49.97905110000001 -22.25379249999998);1770373823.75;06/02/2026 07:30:24;Forage Cruiser FFR500 New Holland;1;2;;CALAGEM;UNIMAR ADUBAÇÃO;Tempo Máximo de Motor Ocioso;00:04:44;Sem evento;
POINT (-49.97839580000001 -22.253727799999997);1770374943.75;06/02/2026 07:49:04;Forage Cruiser FFR500 New Holland;1;2;;CALAGEM;UNIMAR ADUBAÇÃO;Tempo Máximo de Motor Ocioso;00:00:14;Sem evento;
POINT (-49.97848369999999 -22.253872399999988);1770375313.75;06/02/2026 07:55:14;Forage Cruiser FFR500 New Holland;1;2;;CALAGEM;UNIMAR ADUBAÇÃO;Tempo Máximo de Motor Ocioso;00:00:19;Sem evento;
POINT (-49.97848670000001 -22.25393609999998);1770375391.75;06/02/2026 07:56:32;Forage Cruiser FFR500 New Holland;1;2;;CALAGEM;UNIMAR ADUBAÇÃO;Tempo Máximo de Motor Ocioso;00:01:49;Sem evento;
POINT (-49.97819929999999 -22.2531139);1770375819.75;06/02/2026 08:03:40;Forage Cruiser FFR500 New Holland;1;2;;CALAGEM;UNIMAR ADUBAÇÃO;Tempo Máximo de Motor Ocioso;00:00:13;Sem evento;
POINT (-49.97831720000001 -22.253213900000002);1770375888.75;06/02/2026 08:04:49;Forage Cruiser FFR500 New Holland;1;2;;CALAGEM;UNIMAR ADUBAÇÃO;Tempo Máximo de Motor Ocioso;00:00:33;Sem evento;
POINT (-49.978473300000005 -22.25476809999999);1770376125.75;06/02/2026 08:08:46;Forage Cruiser FFR500 New Holland;1;2;;CALAGEM;UNIMAR ADUBAÇÃO;Tempo Máximo de Motor Ocioso;00:02:19;Sem evento;
POINT (-49.9774135 -22.254271499999994);1770377109.75;06/02/2026 08:25:10;Forage Cruiser FFR500 New Holland;1;2;;CALAGEM;UNIMAR ADUBAÇÃO;Tempo Máximo de Motor Ocioso;00:00:29;Sem evento;
POINT (-49.97737890000001 -22.254189499999974);1770377192.75;06/02/2026 08:26:33;Forage Cruiser FFR500 New Holland;1;2;;CALAGEM;UNIMAR ADUBAÇÃO;Tempo Máximo de Motor Ocioso;00:00:09;Sem evento;
POINT (-49.977612500000006 -22.254375599999985);1770377503.75;06/02/2026 08:31:44;Forage Cruiser FFR500 New Holland;1;2;;CALAGEM;UNIMAR ADUBAÇÃO;Tempo Máximo de Motor Ocioso;00:04:39;Sem evento;
POINT (-49.97802530000001 -22.253866999999993);1770378578;06/02/2026 08:49:38;Forage Cruiser FFR500 New Holland;1;2;;CALAGEM;UNIMAR ADUBAÇÃO;Tempo Máximo de Motor Ocioso;00:01:28;Sem evento;
POINT (-49.97963910000001 -22.255693599999983);1770380126;06/02/2026 09:15:26;Forage Cruiser FFR500 New Holland;1;2;;CALAGEM;UNIMAR ADUBAÇÃO;Tempo Máximo de Motor Ocioso;00:02:40;Sem evento;
POINT (-49.976926799999994 -22.255353699999976);1770380557;06/02/2026 09:22:37;Forage Cruiser FFR500 New Holland;1;2;;CALAGEM;UNIMAR ADUBAÇÃO;Tempo Máximo de Motor Ocioso;00:00:20;Sem evento;
POINT (-49.981636 -22.253552900000006);1770381229;06/02/2026 09:33:49;Forage Cruiser FFR500 New Holland;1;2;;CALAGEM;UNIMAR ADUBAÇÃO;Tempo Máximo de Motor Ocioso;00:00:24;Sem evento;
POINT (-49.98037139999999 -22.254114499999996);1770381431;06/02/2026 09:37:11;Forage Cruiser FFR500 New Holland;1;2;;CALAGEM;UNIMAR ADUBAÇÃO;Tempo Máximo de Motor Ocioso;00:01:30;Sem evento;
POINT (-49.980416700000006 -22.254116400000004);1770381560;06/02/2026 09:39:20;Forage Cruiser FFR500 New Holland;1;2;;CALAGEM;UNIMAR ADUBAÇÃO;Tempo Máximo de Motor Ocioso;00:00:20;Sem evento;
POINT (-49.981534599999996 -22.253648499999976);1770381779;06/02/2026 09:42:59;Forage Cruiser FFR500 New Holland;1;2;;CALAGEM;UNIMAR ADUBAÇÃO;Tempo Máximo de Motor Ocioso;00:03:04;Sem evento;
POINT (-49.977886000000005 -22.25492599999999);1770384123;06/02/2026 10:22:03;Forage Cruiser FFR500 New Holland;1;2;;CALAGEM;UNIMAR ADUBAÇÃO;Tempo Máximo de Motor Ocioso;00:00:15;Sem evento;
POINT (-49.977341999999986 -22.25516269999998);1770384764;06/02/2026 10:32:44;Forage Cruiser FFR500 New Holland;1;2;;CALAGEM;UNIMAR ADUBAÇÃO;Tempo Máximo de Motor Ocioso;00:02:44;Sem evento;
POINT (-49.9769066 -22.254373699999977);1770385505;06/02/2026 10:45:05;Forage Cruiser FFR500 New Holland;1;2;;CALAGEM;UNIMAR ADUBAÇÃO;Tempo Máximo de Motor Ocioso;00:00:20;Sem evento;
POINT (-49.97684320000001 -22.254764599999994);1770386589;06/02/2026 11:03:09;Forage Cruiser FFR500 New Holland;1;2;;CALAGEM;UNIMAR ADUBAÇÃO;Tempo Máximo de Motor Ocioso;00:00:18;Sem evento;
POINT (-49.976518600000006 -22.25541180000001);1770387003;06/02/2026 11:10:03;Forage Cruiser FFR500 New Holland;1;2;;CALAGEM;UNIMAR ADUBAÇÃO;Tempo Máximo de Motor Ocioso;00:01:28;Sem evento;
POINT (-49.98005120000001 -22.254947599999994);1770388110;06/02/2026 11:28:30;Forage Cruiser FFR500 New Holland;1;2;;CALAGEM;UNIMAR ADUBAÇÃO;Tempo Máximo de Motor Ocioso;00:00:38;Sem evento;
POINT (-49.97948150000001 -22.255545499999997);1770389190;06/02/2026 11:46:30;Forage Cruiser FFR500 New Holland;1;2;;CALAGEM;UNIMAR ADUBAÇÃO;Tempo Máximo de Motor Ocioso;00:00:29;Sem evento;
POINT (-49.98192610000001 -22.25361279999999);1770389553;06/02/2026 11:52:33;Forage Cruiser FFR500 New Holland;1;2;;CALAGEM;UNIMAR ADUBAÇÃO;Tempo Máximo de Motor Ocioso;00:00:28;Sem evento;
POINT (-49.981981899999994 -22.253190099999994);1770389700;06/02/2026 11:55:00;Forage Cruiser FFR500 New Holland;1;2;;CALAGEM;UNIMAR ADUBAÇÃO;Tempo Máximo de Motor Ocioso;00:00:09;Sem evento;
POINT (-49.98037909999999 -22.254217499999992);1770390476;06/02/2026 12:07:56;Forage Cruiser FFR500 New Holland;1;2;;CALAGEM;UNIMAR ADUBAÇÃO;Tempo Máximo de Motor Ocioso;00:00:15;Sem evento;
POINT (-49.97922479999999 -22.255427399999984);1770391244;06/02/2026 12:20:44;Forage Cruiser FFR500 New Holland;1;2;;CALAGEM;UNIMAR ADUBAÇÃO;Tempo Máximo de Motor Ocioso;00:00:13;Sem evento;
POINT (-49.975809700000006 -22.247764699999987);1770391616.25;06/02/2026 12:26:56;Forage Cruiser FFR500 New Holland;1;2;;CALAGEM;UNIMAR ADUBAÇÃO;Tempo Máximo de Motor Ocioso;00:00:43;Sem evento;
POINT (-49.977421199999995 -22.2426943);1770397088;06/02/2026 13:58:08;Forage Cruiser FFR500 New Holland;1;2;;CALAGEM;UNIMAR ADUBAÇÃO;Tempo Máximo de Motor Ocioso;00:00:28;Sem evento;
POINT (-49.9770741 -22.246925599999983);1770397500;06/02/2026 14:05:00;Forage Cruiser FFR500 New Holland;1;2;;CALAGEM;UNIMAR ADUBAÇÃO;Tempo Máximo de Motor Ocioso;00:00:23;Sem evento;
POINT (-49.9772734 -22.24428039999999);1770397758;06/02/2026 14:09:18;Forage Cruiser FFR500 New Holland;1;2;;CALAGEM;UNIMAR ADUBAÇÃO;Tempo Máximo de Motor Ocioso;00:00:08;Sem evento;
POINT (-49.977707900000006 -22.242470499999985);1770399585;06/02/2026 14:39:45;Forage Cruiser FFR500 New Holland;1;2;;CALAGEM;UNIMAR ADUBAÇÃO;Tempo Máximo de Motor Ocioso;00:10:18;Sem evento;
POINT (-49.9781724 -22.2463058);1770401784;06/02/2026 15:16:24;Forage Cruiser FFR500 New Holland;1;2;;CALAGEM;UNIMAR ADUBAÇÃO;Tempo Máximo de Motor Ocioso;00:06:04;Sem evento;
POINT (-49.97846280000001 -22.24617819999999);1770405360.25;06/02/2026 16:16:00;Forage Cruiser FFR500 New Holland;1;2;;CALAGEM;UNIMAR ADUBAÇÃO;Tempo Máximo de Motor Ocioso;00:24:53;Sem evento;
POINT (-49.978472599999996 -22.24618789999998);1770408222.75;06/02/2026 17:03:43;Forage Cruiser FFR500 New Holland;1;2;;CALAGEM;UNIMAR ADUBAÇÃO;Tempo Máximo de Motor Ocioso;00:00:07;Sem evento;
POINT (-49.97864219999999 -22.24601539999999);1770409091.75;06/02/2026 17:18:12;Forage Cruiser FFR500 New Holland;1;2;;CALAGEM;UNIMAR ADUBAÇÃO;Tempo Máximo de Motor Ocioso;00:00:30;Sem evento;
POINT (-49.97912100000001 -22.24408019999999);1770413632;06/02/2026 18:33:52;Forage Cruiser FFR500 New Holland;1;2;;CALAGEM;UNIMAR ADUBAÇÃO;Tempo Máximo de Motor Ocioso;00:05:58;Sem evento;
POINT (-49.97563849999999 -22.24759039999999);1770461122.75;07/02/2026 07:45:23;Forage Cruiser FFR500 New Holland;1;2;;CALAGEM;UNIMAR ADUBAÇÃO;Tempo Máximo de Motor Ocioso;00:14:42;Sem evento;
POINT (-49.97563849999999 -22.24759039999999);1770462002.75;07/02/2026 08:00:03;Forage Cruiser FFR500 New Holland;1;2;;CALAGEM;UNIMAR ADUBAÇÃO;Tempo Máximo de Motor Ocioso;00:21:12;Sem evento;
POINT (-50.08027599999999 -22.325513399999988);1770466268;07/02/2026 09:11:08;Forage Cruiser FFR500 New Holland;1;2;;CALAGEM;UNIMAR ADUBAÇÃO;Tempo Máximo de Motor Ocioso;00:01:35;Sem evento;
POINT (-50.080466300000005 -22.325531699999996);1770643992;09/02/2026 10:33:12;Forage Cruiser FFR500 New Holland;1;2;;CALAGEM;UNIMAR ADUBAÇÃO;Tempo Máximo de Motor Ocioso;00:02:10;Sem evento;
POINT (-50.0805439 -22.32552660000001);1770645723;09/02/2026 11:02:03;Forage Cruiser FFR500 New Holland;1;2;;CALAGEM;UNIMAR ADUBAÇÃO;Tempo Máximo de Motor Ocioso;00:08:02;Sem evento;
POINT (-50.08141199999999 -22.324538900000007);1770646359;09/02/2026 11:12:39;Forage Cruiser FFR500 New Holland;1;2;;CALAGEM;UNIMAR ADUBAÇÃO;Tempo Máximo de Motor Ocioso;00:02:12;Sem evento;
POINT (-50.084513500000014 -22.32188290000002);1770647262;09/02/2026 11:27:42;Forage Cruiser FFR500 New Holland;1;2;;CALAGEM;UNIMAR ADUBAÇÃO;Tempo Máximo de Motor Ocioso;00:08:22;Sem evento;
POINT (-50.0845582 -22.322441299999998);1770648907;09/02/2026 11:55:07;Forage Cruiser FFR500 New Holland;1;2;;CALAGEM;UNIMAR ADUBAÇÃO;Tempo Máximo de Motor Ocioso;00:00:14;Sem evento;
POINT (-50.0812148 -22.324807399999997);1770653235.5;09/02/2026 13:07:16;Forage Cruiser FFR500 New Holland;1;2;;CALAGEM;UNIMAR ADUBAÇÃO;Tempo Máximo de Motor Ocioso;00:02:00;Sem evento;
POINT (-50.08192630000001 -22.323521200000005);1770656940.75;09/02/2026 14:09:01;Forage Cruiser FFR500 New Holland;1;2;;CALAGEM;UNIMAR ADUBAÇÃO;Tempo Máximo de Motor Ocioso;00:04:24;Sem evento;
POINT (-50.0832771 -22.321622100000006);1770657650.75;09/02/2026 14:20:51;Forage Cruiser FFR500 New Holland;1;2;;CALAGEM;UNIMAR ADUBAÇÃO;Tempo Máximo de Motor Ocioso;00:00:08;Sem evento;
POINT (-50.0834676 -22.32148499999999);1770657780.75;09/02/2026 14:23:01;Forage Cruiser FFR500 New Holland;1;2;;CALAGEM;UNIMAR ADUBAÇÃO;Tempo Máximo de Motor Ocioso;00:00:39;Sem evento;
POINT (-50.081703 -22.323494699999987);1770658542.75;09/02/2026 14:35:43;Forage Cruiser FFR500 New Holland;1;2;;CALAGEM;UNIMAR ADUBAÇÃO;Tempo Máximo de Motor Ocioso;00:00:08;Sem evento;
POINT (-50.083650700000014 -22.323481200000003);1770658821.75;09/02/2026 14:40:22;Forage Cruiser FFR500 New Holland;1;2;;CALAGEM;UNIMAR ADUBAÇÃO;Tempo Máximo de Motor Ocioso;00:03:40;Sem evento;
POINT (-50.083312 -22.321599600000006);1770659249.75;09/02/2026 14:47:30;Forage Cruiser FFR500 New Holland;1;2;;CALAGEM;UNIMAR ADUBAÇÃO;Tempo Máximo de Motor Ocioso;00:00:39;Sem evento;
POINT (-50.08350380000001 -22.3226212);1770659626;09/02/2026 14:53:46;Forage Cruiser FFR500 New Holland;1;2;;CALAGEM;UNIMAR ADUBAÇÃO;Tempo Máximo de Motor Ocioso;00:06:20;Sem evento;
POINT (-50.08350380000001 -22.3226212);1770660001;09/02/2026 15:00:01;Forage Cruiser FFR500 New Holland;1;2;;CALAGEM;UNIMAR ADUBAÇÃO;Tempo Máximo de Motor Ocioso;00:11:10;Sem evento;
POINT (-50.08166719999999 -22.323545799999994);1770660694;09/02/2026 15:11:34;Forage Cruiser FFR500 New Holland;1;2;;CALAGEM;UNIMAR ADUBAÇÃO;Tempo Máximo de Motor Ocioso;00:00:44;Sem evento;
POINT (-50.08360989999999 -22.322051000000005);1770662144;09/02/2026 15:35:44;Forage Cruiser FFR500 New Holland;1;2;;CALAGEM;UNIMAR ADUBAÇÃO;Tempo Máximo de Motor Ocioso;00:01:50;Sem evento;
POINT (-50.08392019999999 -22.322960800000004);1770665350;09/02/2026 16:29:10;Forage Cruiser FFR500 New Holland;1;2;;CALAGEM;UNIMAR ADUBAÇÃO;Tempo Máximo de Motor Ocioso;00:00:38;Sem evento;
POINT (-50.083891799999996 -22.3216768);1770667458;09/02/2026 17:04:18;Forage Cruiser FFR500 New Holland;1;2;;CALAGEM;UNIMAR ADUBAÇÃO;Tempo Máximo de Motor Ocioso;00:06:58;Sem evento;
POINT (-50.08177370000001 -22.323381599999994);1770669534;09/02/2026 17:38:54;Forage Cruiser FFR500 New Holland;1;2;;CALAGEM;UNIMAR ADUBAÇÃO;Tempo Máximo de Motor Ocioso;00:00:14;Sem evento;
POINT (-50.082986000000005 -22.32167889999998);1770670033;09/02/2026 17:47:13;Forage Cruiser FFR500 New Holland;1;2;;CALAGEM;UNIMAR ADUBAÇÃO;Tempo Máximo de Motor Ocioso;00:00:09;Sem evento;
POINT (-50.082989 -22.321706700000004);1770670794.25;09/02/2026 17:59:54;Forage Cruiser FFR500 New Holland;1;2;;CALAGEM;UNIMAR ADUBAÇÃO;Tempo Máximo de Motor Ocioso;00:00:14;Sem evento;
POINT (-50.082989 -22.321706700000004);1770670804.25;09/02/2026 18:00:04;Forage Cruiser FFR500 New Holland;1;2;;CALAGEM;UNIMAR ADUBAÇÃO;Tempo Máximo de Motor Ocioso;00:01:04;Sem evento;
POINT (-50.08456470000001 -22.32573820000001);1770673664.25;09/02/2026 18:47:44;Forage Cruiser FFR500 New Holland;1;2;;CALAGEM;UNIMAR ADUBAÇÃO;Tempo Máximo de Motor Ocioso;00:00:09;Sem evento;
POINT (-50.0817269 -22.325271799999985);1770674035.25;09/02/2026 18:53:55;Forage Cruiser FFR500 New Holland;1;2;;CALAGEM;UNIMAR ADUBAÇÃO;Tempo Máximo de Motor Ocioso;00:00:29;Sem evento;
POINT (-50.08540780000001 -22.322052099999997);1770674762.25;09/02/2026 19:06:02;Forage Cruiser FFR500 New Holland;1;2;;CALAGEM;UNIMAR ADUBAÇÃO;Tempo Máximo de Motor Ocioso;00:00:10;Sem evento;
POINT (-50.08314090000001 -22.326439000000015);1770675333.25;09/02/2026 19:15:33;Forage Cruiser FFR500 New Holland;1;2;;CALAGEM;UNIMAR ADUBAÇÃO;Tempo Máximo de Motor Ocioso;00:00:40;Sem evento;
POINT (-50.08051589999999 -22.325590200000025);1770677250.5;09/02/2026 19:47:30;Forage Cruiser FFR500 New Holland;1;2;;CALAGEM;UNIMAR ADUBAÇÃO;Tempo Máximo de Motor Ocioso;00:01:09;Sem evento;
POINT (-50.080517500000006 -22.325541799999982);1770711516;10/02/2026 05:18:36;Forage Cruiser FFR500 New Holland;1;2;;CALAGEM;UNIMAR ADUBAÇÃO;Tempo Máximo de Motor Ocioso;00:09:05;Sem evento;
POINT (-50.0805521 -22.3254991);1770712105;10/02/2026 05:28:25;Forage Cruiser FFR500 New Holland;1;2;;CALAGEM;UNIMAR ADUBAÇÃO;Tempo Máximo de Motor Ocioso;00:31:39;Sem evento;
POINT (-50.0805521 -22.3254991);1770714000.25;10/02/2026 06:00:00;Forage Cruiser FFR500 New Holland;1;2;;CALAGEM;UNIMAR ADUBAÇÃO;Tempo Máximo de Motor Ocioso;00:45:39;Sem evento;
POINT (-50.08159199999999 -22.324944900000013);1770714985.25;10/02/2026 06:16:25;Forage Cruiser FFR500 New Holland;1;2;;CALAGEM;UNIMAR ADUBAÇÃO;Tempo Máximo de Motor Ocioso;00:01:03;Sem evento;
POINT (-50.08544589999999 -22.32306419999999);1770715974.25;10/02/2026 06:32:54;Forage Cruiser FFR500 New Holland;1;2;;CALAGEM;UNIMAR ADUBAÇÃO;Tempo Máximo de Motor Ocioso;00:02:38;Sem evento;
POINT (-50.0854401 -22.323046999999992);1770716170.25;10/02/2026 06:36:10;Forage Cruiser FFR500 New Holland;1;2;;CALAGEM;UNIMAR ADUBAÇÃO;Tempo Máximo de Motor Ocioso;00:00:27;Sem evento;
POINT (-50.08535059999999 -22.3238666);1770716465.25;10/02/2026 06:41:05;Forage Cruiser FFR500 New Holland;1;2;;CALAGEM;UNIMAR ADUBAÇÃO;Tempo Máximo de Motor Ocioso;00:03:33;Sem evento;
POINT (-50.085338099999994 -22.323769499999994);1770718186.25;10/02/2026 07:09:46;Forage Cruiser FFR500 New Holland;1;2;;CALAGEM;UNIMAR ADUBAÇÃO;Tempo Máximo de Motor Ocioso;00:00:24;Sem evento;
POINT (-50.08363049999999 -22.32567679999999);1770718929.5;10/02/2026 07:22:10;Forage Cruiser FFR500 New Holland;1;2;;CALAGEM;UNIMAR ADUBAÇÃO;Tempo Máximo de Motor Ocioso;00:00:44;Sem evento;
POINT (-50.08362110000001 -22.325679900000008);1770719009.5;10/02/2026 07:23:30;Forage Cruiser FFR500 New Holland;1;2;;CALAGEM;UNIMAR ADUBAÇÃO;Tempo Máximo de Motor Ocioso;00:01:54;Sem evento;
POINT (-50.0816484 -22.32590029999999);1770720147.5;10/02/2026 07:42:28;Forage Cruiser FFR500 New Holland;1;2;;CALAGEM;UNIMAR ADUBAÇÃO;Tempo Máximo de Motor Ocioso;00:00:39;Sem evento;
POINT (-50.0818504 -22.32575759999999);1770721871.5;10/02/2026 08:11:12;Forage Cruiser FFR500 New Holland;1;2;;CALAGEM;UNIMAR ADUBAÇÃO;Tempo Máximo de Motor Ocioso;00:00:14;Sem evento;
POINT (-50.08158980000002 -22.326010299999997);1770724071.5;10/02/2026 08:47:52;Forage Cruiser FFR500 New Holland;1;2;;CALAGEM;UNIMAR ADUBAÇÃO;Tempo Máximo de Motor Ocioso;00:00:29;Sem evento;
POINT (-50.081419400000016 -22.32613019999999);1770724543.5;10/02/2026 08:55:44;Forage Cruiser FFR500 New Holland;1;2;;CALAGEM;UNIMAR ADUBAÇÃO;Tempo Máximo de Motor Ocioso;00:04:23;Sem evento;
POINT (-50.081419400000016 -22.32613019999999);1770724803.5;10/02/2026 09:00:04;Forage Cruiser FFR500 New Holland;1;2;;CALAGEM;UNIMAR ADUBAÇÃO;Tempo Máximo de Motor Ocioso;00:04:38;Sem evento;
POINT (-50.081624 -22.326172199999995);1770725748.75;10/02/2026 09:15:49;Forage Cruiser FFR500 New Holland;1;2;;CALAGEM;UNIMAR ADUBAÇÃO;Tempo Máximo de Motor Ocioso;00:03:04;Sem evento;
POINT (-50.08574459999999 -22.323023199999984);1770727646.75;10/02/2026 09:47:27;Forage Cruiser FFR500 New Holland;1;2;;CALAGEM;UNIMAR ADUBAÇÃO;Tempo Máximo de Motor Ocioso;00:00:20;Sem evento;
POINT (-50.086587 -22.321887799999995);1770728258.75;10/02/2026 09:57:39;Forage Cruiser FFR500 New Holland;1;2;;CALAGEM;UNIMAR ADUBAÇÃO;Tempo Máximo de Motor Ocioso;00:01:50;Sem evento;
POINT (-50.082549600000014 -22.3267326);1770729509.75;10/02/2026 10:18:30;Forage Cruiser FFR500 New Holland;1;2;;CALAGEM;UNIMAR ADUBAÇÃO;Tempo Máximo de Motor Ocioso;00:01:33;Sem evento;
POINT (-50.0815593 -22.326966399999996);1770729779.75;10/02/2026 10:23:00;Forage Cruiser FFR500 New Holland;1;2;;CALAGEM;UNIMAR ADUBAÇÃO;Tempo Máximo de Motor Ocioso;00:00:18;Sem evento;
POINT (-50.081560700000004 -22.326962999999996);1770729839.75;10/02/2026 10:24:00;Forage Cruiser FFR500 New Holland;1;2;;CALAGEM;UNIMAR ADUBAÇÃO;Tempo Máximo de Motor Ocioso;00:00:39;Sem evento;
POINT (-50.0883272 -22.32175019999998);1770738299;10/02/2026 12:44:59;Forage Cruiser FFR500 New Holland;1;2;;CALAGEM;UNIMAR ADUBAÇÃO;Tempo Máximo de Motor Ocioso;00:02:39;Sem evento;
POINT (-50.0855142 -22.32467630000001);1770739117;10/02/2026 12:58:37;Forage Cruiser FFR500 New Holland;1;2;;CALAGEM;UNIMAR ADUBAÇÃO;Tempo Máximo de Motor Ocioso;00:00:52;Sem evento;
POINT (-50.085905399999994 -22.322161600000012);1770740629;10/02/2026 13:23:49;Forage Cruiser FFR500 New Holland;1;2;;CALAGEM;UNIMAR ADUBAÇÃO;Tempo Máximo de Motor Ocioso;00:04:24;Sem evento;
POINT (-50.0822736 -22.326943600000007);1770743058;10/02/2026 14:04:18;Forage Cruiser FFR500 New Holland;1;2;;CALAGEM;UNIMAR ADUBAÇÃO;Tempo Máximo de Motor Ocioso;00:08:58;Sem evento;
POINT (-50.08717280000001 -22.32202080000001);1770744680;10/02/2026 14:31:20;Forage Cruiser FFR500 New Holland;1;2;;CALAGEM;UNIMAR ADUBAÇÃO;Tempo Máximo de Motor Ocioso;00:00:20;Sem evento;
POINT (-50.082216500000015 -22.327042300000002);1770745603.25;10/02/2026 14:46:43;Forage Cruiser FFR500 New Holland;1;2;;CALAGEM;UNIMAR ADUBAÇÃO;Tempo Máximo de Motor Ocioso;00:01:40;Sem evento;
POINT (-50.08613980000001 -22.32337900000001);1770746346.25;10/02/2026 14:59:06;Forage Cruiser FFR500 New Holland;1;2;;CALAGEM;UNIMAR ADUBAÇÃO;Tempo Máximo de Motor Ocioso;00:00:10;Sem evento;
POINT (-50.088078999999986 -22.32202280000001);1770746706.25;10/02/2026 15:05:06;Forage Cruiser FFR500 New Holland;1;2;;CALAGEM;UNIMAR ADUBAÇÃO;Tempo Máximo de Motor Ocioso;00:01:40;Sem evento;
POINT (-50.0838678 -22.32696079999999);1770749004.25;10/02/2026 15:43:24;Forage Cruiser FFR500 New Holland;1;2;;CALAGEM;UNIMAR ADUBAÇÃO;Tempo Máximo de Motor Ocioso;00:05:15;Sem evento;
POINT (-50.0805483 -22.325496900000005);1770752004;10/02/2026 16:33:24;Forage Cruiser FFR500 New Holland;1;2;;CALAGEM;UNIMAR ADUBAÇÃO;Tempo Máximo de Motor Ocioso;00:01:58;Sem evento;
POINT (-50.08353400000001 -22.327693099999994);1770754551;10/02/2026 17:15:51;Forage Cruiser FFR500 New Holland;1;2;;CALAGEM;UNIMAR ADUBAÇÃO;Tempo Máximo de Motor Ocioso;00:01:05;Sem evento;
POINT (-50.0859058 -22.32601340000002);1770754906;10/02/2026 17:21:46;Forage Cruiser FFR500 New Holland;1;2;;CALAGEM;UNIMAR ADUBAÇÃO;Tempo Máximo de Motor Ocioso;00:00:53;Sem evento;
POINT (-50.08684060000001 -22.323836200000006);1770755274;10/02/2026 17:27:54;Forage Cruiser FFR500 New Holland;1;2;;CALAGEM;UNIMAR ADUBAÇÃO;Tempo Máximo de Motor Ocioso;00:01:54;Sem evento;
POINT (-50.08545499999999 -22.32629709999999);1770756819;10/02/2026 17:53:39;Forage Cruiser FFR500 New Holland;1;2;;CALAGEM;UNIMAR ADUBAÇÃO;Tempo Máximo de Motor Ocioso;00:00:24;Sem evento;
POINT (-50.08440910000001 -22.326853600000018);1770759854;10/02/2026 18:44:14;Forage Cruiser FFR500 New Holland;1;2;;CALAGEM;UNIMAR ADUBAÇÃO;Tempo Máximo de Motor Ocioso;00:04:12;Sem evento;
POINT (-50.08440910000001 -22.326853600000018);1770760134;10/02/2026 18:48:54;Forage Cruiser FFR500 New Holland;1;2;;CALAGEM;UNIMAR ADUBAÇÃO;Tempo Máximo de Motor Ocioso;00:15:12;Sem evento;
POINT (-50.085284400000006 -22.326394299999993);1770762426;10/02/2026 19:27:06;Forage Cruiser FFR500 New Holland;1;2;;CALAGEM;UNIMAR ADUBAÇÃO;Tempo Máximo de Motor Ocioso;00:00:53;Sem evento;
POINT (-50.0804923 -22.325597199999994);1770765505;10/02/2026 20:18:25;Forage Cruiser FFR500 New Holland;1;2;;CALAGEM;UNIMAR ADUBAÇÃO;Tempo Máximo de Motor Ocioso;00:01:37;Sem evento;
POINT (-50.080561100000004 -22.325472900000012);1770798576;11/02/2026 05:29:36;Forage Cruiser FFR500 New Holland;1;2;;CALAGEM;UNIMAR ADUBAÇÃO;Tempo Máximo de Motor Ocioso;00:12:24;Sem evento;
POINT (-50.083557000000006 -22.327795500000004);1770799713;11/02/2026 05:48:33;Forage Cruiser FFR500 New Holland;1;2;;CALAGEM;UNIMAR ADUBAÇÃO;Tempo Máximo de Motor Ocioso;00:04:44;Sem evento;
POINT (-50.087008200000014 -22.322783199999993);1770801333;11/02/2026 06:15:33;Forage Cruiser FFR500 New Holland;1;2;;CALAGEM;UNIMAR ADUBAÇÃO;Tempo Máximo de Motor Ocioso;00:04:40;Sem evento;
POINT (-50.08751990000001 -22.322268500000003);1770801765;11/02/2026 06:22:45;Forage Cruiser FFR500 New Holland;1;2;;CALAGEM;UNIMAR ADUBAÇÃO;Tempo Máximo de Motor Ocioso;00:00:08;Sem evento;
POINT (-50.0835878 -22.32779190000001);1770803913;11/02/2026 06:58:33;Forage Cruiser FFR500 New Holland;1;2;;CALAGEM;UNIMAR ADUBAÇÃO;Tempo Máximo de Motor Ocioso;00:00:23;Sem evento;
POINT (-50.08361300000001 -22.32780920000001);1770803980.25;11/02/2026 06:59:40;Forage Cruiser FFR500 New Holland;1;2;;CALAGEM;UNIMAR ADUBAÇÃO;Tempo Máximo de Motor Ocioso;00:00:23;Sem evento;
POINT (-50.08361300000001 -22.32780920000001);1770804000.25;11/02/2026 07:00:00;Forage Cruiser FFR500 New Holland;1;2;;CALAGEM;UNIMAR ADUBAÇÃO;Tempo Máximo de Motor Ocioso;00:02:58;Sem evento;
POINT (-50.08571270000001 -22.32674759999999);1770805614.25;11/02/2026 07:26:54;Forage Cruiser FFR500 New Holland;55;2;;COLHEITA SILAGEM;UNIMAR COLHEITA;Tempo Máximo de Motor Ocioso;00:03:24;Sem evento;
POINT (-50.08528660000001 -22.327289400000005);1770806147.25;11/02/2026 07:35:47;Forage Cruiser FFR500 New Holland;55;2;;COLHEITA SILAGEM;UNIMAR COLHEITA;Tempo Máximo de Motor Ocioso;00:00:33;Sem evento;
POINT (-50.08252480000001 -22.327406799999995);1770807238.25;11/02/2026 07:53:58;Forage Cruiser FFR500 New Holland;55;2;;COLHEITA SILAGEM;UNIMAR COLHEITA;Tempo Máximo de Motor Ocioso;00:06:08;Sem evento;
POINT (-50.08252480000001 -22.327406799999995);1770807603.25;11/02/2026 08:00:03;Forage Cruiser FFR500 New Holland;55;2;;COLHEITA SILAGEM;UNIMAR COLHEITA;Tempo Máximo de Motor Ocioso;00:44:54;Sem evento;
POINT (-50.083033 -22.328074699999995);1770810155.5;11/02/2026 08:42:36;Forage Cruiser FFR500 New Holland;55;2;;COLHEITA SILAGEM;UNIMAR COLHEITA;Tempo Máximo de Motor Ocioso;00:00:10;Sem evento;
POINT (-50.082444 -22.3311443);1770811307.5;11/02/2026 09:01:48;Forage Cruiser FFR500 New Holland;55;2;;COLHEITA SILAGEM;UNIMAR COLHEITA;Tempo Máximo de Motor Ocioso;00:01:40;Sem evento;
POINT (-50.0823589 -22.331074300000004);1770812068.5;11/02/2026 09:14:28;Forage Cruiser FFR500 New Holland;55;2;;COLHEITA SILAGEM;UNIMAR COLHEITA;Tempo Máximo de Motor Ocioso;00:01:29;Sem evento;
POINT (-50.081826 -22.333515900000002);1770812419.5;11/02/2026 09:20:20;Forage Cruiser FFR500 New Holland;55;2;;COLHEITA SILAGEM;UNIMAR COLHEITA;Tempo Máximo de Motor Ocioso;00:03:59;Sem evento;
POINT (-50.08174569999999 -22.33429109999999);1770814173.5;11/02/2026 09:49:34;Forage Cruiser FFR500 New Holland;55;2;;COLHEITA SILAGEM;UNIMAR COLHEITA;Tempo Máximo de Motor Ocioso;00:00:29;Sem evento;
POINT (-50.0821918 -22.331171000000005);1770814585.5;11/02/2026 09:56:26;Forage Cruiser FFR500 New Holland;55;2;;COLHEITA SILAGEM;UNIMAR COLHEITA;Tempo Máximo de Motor Ocioso;00:00:30;Sem evento;
POINT (-50.0822789 -22.330869800000013);1770815360.5;11/02/2026 10:09:20;Forage Cruiser FFR500 New Holland;55;2;;COLHEITA SILAGEM;UNIMAR COLHEITA;Tempo Máximo de Motor Ocioso;00:00:43;Sem evento;
POINT (-50.0816513 -22.333778500000022);1770815786.5;11/02/2026 10:16:26;Forage Cruiser FFR500 New Holland;55;2;;COLHEITA SILAGEM;UNIMAR COLHEITA;Tempo Máximo de Motor Ocioso;00:05:08;Sem evento;
POINT (-50.08155970000001 -22.333485699999994);1770817372.5;11/02/2026 10:42:52;Forage Cruiser FFR500 New Holland;55;2;;COLHEITA SILAGEM;UNIMAR COLHEITA;Tempo Máximo de Motor Ocioso;00:01:10;Sem evento;
POINT (-50.0817059 -22.330813400000004);1770818624.5;11/02/2026 11:03:44;Forage Cruiser FFR500 New Holland;55;2;;COLHEITA SILAGEM;UNIMAR COLHEITA;Tempo Máximo de Motor Ocioso;00:02:04;Sem evento;
POINT (-50.083009800000006 -22.327795000000002);1770818996.5;11/02/2026 11:09:56;Forage Cruiser FFR500 New Holland;55;2;;COLHEITA SILAGEM;UNIMAR COLHEITA;Tempo Máximo de Motor Ocioso;00:00:24;Sem evento;
POINT (-50.08057279999999 -22.325496700000002);1770819256.5;11/02/2026 11:14:16;Forage Cruiser FFR500 New Holland;55;2;;COLHEITA SILAGEM;UNIMAR COLHEITA;Tempo Máximo de Motor Ocioso;00:03:34;Sem evento;
POINT (-50.08065559999999 -22.325643099999997);1770823859.5;11/02/2026 12:31:00;Forage Cruiser FFR500 New Holland;55;2;;COLHEITA SILAGEM;UNIMAR COLHEITA;Tempo Máximo de Motor Ocioso;00:00:28;Sem evento;
POINT (-50.0817308 -22.334219000000015);1770825170.5;11/02/2026 12:52:50;Forage Cruiser FFR500 New Holland;55;2;;COLHEITA SILAGEM;UNIMAR COLHEITA;Tempo Máximo de Motor Ocioso;00:07:14;Sem evento;
POINT (-50.0817308 -22.334219000000015);1770825600.5;11/02/2026 13:00:00;Forage Cruiser FFR500 New Holland;55;2;;COLHEITA SILAGEM;UNIMAR COLHEITA;Tempo Máximo de Motor Ocioso;00:10:14;Sem evento;
POINT (-50.0827643 -22.327693899999993);1770826655.5;11/02/2026 13:17:36;Forage Cruiser FFR500 New Holland;55;2;;COLHEITA SILAGEM;UNIMAR COLHEITA;Tempo Máximo de Motor Ocioso;00:02:14;Sem evento;
POINT (-50.0811577 -22.3316747);1770827257.75;11/02/2026 13:27:38;Forage Cruiser FFR500 New Holland;55;2;;COLHEITA SILAGEM;UNIMAR COLHEITA;Tempo Máximo de Motor Ocioso;00:04:09;Sem evento;
POINT (-50.081017800000005 -22.332409699999996);1770828040.75;11/02/2026 13:40:41;Forage Cruiser FFR500 New Holland;55;2;;COLHEITA SILAGEM;UNIMAR COLHEITA;Tempo Máximo de Motor Ocioso;00:03:54;Sem evento;
POINT (-50.08144219999999 -22.332703400000003);1770829387.75;11/02/2026 14:03:08;Forage Cruiser FFR500 New Holland;55;2;;COLHEITA SILAGEM;UNIMAR COLHEITA;Tempo Máximo de Motor Ocioso;00:02:39;Sem evento;
POINT (-50.081120100000014 -22.332027999999994);1770830094.75;11/02/2026 14:14:55;Forage Cruiser FFR500 New Holland;55;2;;COLHEITA SILAGEM;UNIMAR COLHEITA;Tempo Máximo de Motor Ocioso;00:00:44;Sem evento;
POINT (-50.0811865 -22.332215799999993);1770831346.75;11/02/2026 14:35:47;Forage Cruiser FFR500 New Holland;55;2;;COLHEITA SILAGEM;UNIMAR COLHEITA;Tempo Máximo de Motor Ocioso;00:00:39;Sem evento;
POINT (-50.08565760000002 -22.327611900000008);1770832874;11/02/2026 15:01:14;Forage Cruiser FFR500 New Holland;55;2;;COLHEITA SILAGEM;UNIMAR COLHEITA;Tempo Máximo de Motor Ocioso;00:00:42;Sem evento;
POINT (-50.0859605 -22.327576699999995);1770832979;11/02/2026 15:02:59;Forage Cruiser FFR500 New Holland;55;2;;COLHEITA SILAGEM;UNIMAR COLHEITA;Tempo Máximo de Motor Ocioso;00:06:36;Sem evento;
POINT (-50.08310160000002 -22.333528300000005);1770834501;11/02/2026 15:28:21;Forage Cruiser FFR500 New Holland;55;2;;COLHEITA SILAGEM;UNIMAR COLHEITA;Tempo Máximo de Motor Ocioso;00:00:39;Sem evento;
POINT (-50.08359520000001 -22.331994);1770835794;11/02/2026 15:49:54;Forage Cruiser FFR500 New Holland;55;2;;COLHEITA SILAGEM;UNIMAR COLHEITA;Tempo Máximo de Motor Ocioso;00:00:50;Sem evento;
POINT (-50.0839482 -22.328461899999997);1770836178;11/02/2026 15:56:18;Forage Cruiser FFR500 New Holland;55;2;;COLHEITA SILAGEM;UNIMAR COLHEITA;Tempo Máximo de Motor Ocioso;00:00:50;Sem evento;
POINT (-50.082350299999995 -22.333998499999993);1770836919;11/02/2026 16:08:39;Forage Cruiser FFR500 New Holland;55;2;;COLHEITA SILAGEM;UNIMAR COLHEITA;Tempo Máximo de Motor Ocioso;00:00:29;Sem evento;
POINT (-50.082962900000005 -22.33248819999999);1770837303;11/02/2026 16:15:03;Forage Cruiser FFR500 New Holland;55;2;;COLHEITA SILAGEM;UNIMAR COLHEITA;Tempo Máximo de Motor Ocioso;00:03:10;Sem evento;
POINT (-50.08278599999999 -22.333915799999993);1770839097;11/02/2026 16:44:57;Forage Cruiser FFR500 New Holland;55;2;;COLHEITA SILAGEM;UNIMAR COLHEITA;Tempo Máximo de Motor Ocioso;00:00:14;Sem evento;
POINT (-50.08318339999999 -22.332111199999996);1770839333;11/02/2026 16:48:53;Forage Cruiser FFR500 New Holland;55;2;;COLHEITA SILAGEM;UNIMAR COLHEITA;Tempo Máximo de Motor Ocioso;00:03:18;Sem evento;
POINT (-50.083227300000004 -22.3311251);1770842378;11/02/2026 17:39:38;Forage Cruiser FFR500 New Holland;55;2;;COLHEITA SILAGEM;UNIMAR COLHEITA;Tempo Máximo de Motor Ocioso;00:00:44;Sem evento;
POINT (-50.082213700000004 -22.33412409999999);1770846833.25;11/02/2026 18:53:53;Forage Cruiser FFR500 New Holland;55;2;;COLHEITA SILAGEM;UNIMAR COLHEITA;Tempo Máximo de Motor Ocioso;00:06:14;Sem evento;
POINT (-50.082213700000004 -22.33412409999999);1770847203.25;11/02/2026 19:00:03;Forage Cruiser FFR500 New Holland;55;2;;COLHEITA SILAGEM;UNIMAR COLHEITA;Tempo Máximo de Motor Ocioso;00:13:24;Sem evento;
POINT (-50.0821493 -22.333321100000006);1770847788.25;11/02/2026 19:09:48;Forage Cruiser FFR500 New Holland;55;2;;COLHEITA SILAGEM;UNIMAR COLHEITA;Tempo Máximo de Motor Ocioso;00:00:09;Sem evento;
POINT (-50.08051170000001 -22.325555900000005);1770851387.5;11/02/2026 20:09:48;Forage Cruiser FFR500 New Holland;55;2;;COLHEITA SILAGEM;UNIMAR COLHEITA;Tempo Máximo de Motor Ocioso;00:00:58;Sem evento;
POINT (-50.0805626 -22.325498000000007);1770885646;12/02/2026 05:40:46;Forage Cruiser FFR500 New Holland;55;2;;COLHEITA SILAGEM;UNIMAR COLHEITA;Tempo Máximo de Motor Ocioso;00:16:30;Sem evento;
POINT (-50.08575380000001 -22.327640300000006);1770886921;12/02/2026 06:02:01;Forage Cruiser FFR500 New Holland;55;2;;COLHEITA SILAGEM;UNIMAR COLHEITA;Tempo Máximo de Motor Ocioso;00:00:08;Sem evento;
POINT (-50.0841627 -22.329176600000004);1770887271;12/02/2026 06:07:51;Forage Cruiser FFR500 New Holland;55;2;;COLHEITA SILAGEM;UNIMAR COLHEITA;Tempo Máximo de Motor Ocioso;00:00:34;Sem evento;
POINT (-50.083285100000005 -22.333580800000007);1770890406.25;12/02/2026 07:00:06;Forage Cruiser FFR500 New Holland;55;2;;COLHEITA SILAGEM;UNIMAR COLHEITA;Tempo Máximo de Motor Ocioso;00:00:53;Sem evento;
POINT (-50.083800700000005 -22.33187270000001);1770890631.25;12/02/2026 07:03:51;Forage Cruiser FFR500 New Holland;55;2;;COLHEITA SILAGEM;UNIMAR COLHEITA;Tempo Máximo de Motor Ocioso;00:00:14;Sem evento;
POINT (-50.08337769999999 -22.333326499999988);1770891990.25;12/02/2026 07:26:30;Forage Cruiser FFR500 New Holland;55;2;;COLHEITA SILAGEM;UNIMAR COLHEITA;Tempo Máximo de Motor Ocioso;00:02:34;Sem evento;
POINT (-50.08439280000001 -22.330273);1770892426.25;12/02/2026 07:33:46;Forage Cruiser FFR500 New Holland;55;2;;COLHEITA SILAGEM;UNIMAR COLHEITA;Tempo Máximo de Motor Ocioso;00:06:00;Sem evento;
POINT (-50.08428610000001 -22.328533200000006);1770892954.25;12/02/2026 07:42:34;Forage Cruiser FFR500 New Holland;55;2;;COLHEITA SILAGEM;UNIMAR COLHEITA;Tempo Máximo de Motor Ocioso;00:13:40;Sem evento;
POINT (-50.0842925 -22.32855130000001);1770896178.75;12/02/2026 08:36:19;Forage Cruiser FFR500 New Holland;55;2;;COLHEITA SILAGEM;UNIMAR COLHEITA;Tempo Máximo de Motor Ocioso;00:05:19;Sem evento;
POINT (-50.08397150000001 -22.331742799999986);1770897334;12/02/2026 08:55:34;Forage Cruiser FFR500 New Holland;55;2;;COLHEITA SILAGEM;UNIMAR COLHEITA;Tempo Máximo de Motor Ocioso;00:00:59;Sem evento;
POINT (-50.08348560000001 -22.33181609999999);1770905252.75;12/02/2026 11:07:33;Forage Cruiser FFR500 New Holland;55;2;;COLHEITA SILAGEM;UNIMAR COLHEITA;Tempo Máximo de Motor Ocioso;00:06:28;Sem evento;
POINT (-50.085697599999996 -22.32766650000001);1770911205.75;12/02/2026 12:46:46;Forage Cruiser FFR500 New Holland;55;2;;COLHEITA SILAGEM;UNIMAR COLHEITA;Tempo Máximo de Motor Ocioso;00:00:07;Sem evento;
POINT (-50.08411850000001 -22.333241400000016);1770913327;12/02/2026 13:22:07;Forage Cruiser FFR500 New Holland;55;2;;COLHEITA SILAGEM;UNIMAR COLHEITA;Tempo Máximo de Motor Ocioso;00:00:23;Sem evento;
POINT (-50.084116800000004 -22.333241599999997);1770913395;12/02/2026 13:23:15;Forage Cruiser FFR500 New Holland;55;2;;COLHEITA SILAGEM;UNIMAR COLHEITA;Tempo Máximo de Motor Ocioso;00:02:48;Sem evento;
POINT (-50.08414279999999 -22.333161600000007);1770914494;12/02/2026 13:41:34;Forage Cruiser FFR500 New Holland;55;2;;COLHEITA SILAGEM;UNIMAR COLHEITA;Tempo Máximo de Motor Ocioso;00:00:10;Sem evento;
POINT (-50.08421290000001 -22.333121700000003);1770916478;12/02/2026 14:14:38;Forage Cruiser FFR500 New Holland;55;2;;COLHEITA SILAGEM;UNIMAR COLHEITA;Tempo Máximo de Motor Ocioso;00:02:24;Sem evento;
POINT (-50.08465080000001 -22.33270480000001);1770918973;12/02/2026 14:56:13;Forage Cruiser FFR500 New Holland;55;2;;COLHEITA SILAGEM;UNIMAR COLHEITA;Tempo Máximo de Motor Ocioso;00:00:34;Sem evento;
POINT (-50.08044259999999 -22.325466000000006);1770920797;12/02/2026 15:26:37;Forage Cruiser FFR500 New Holland;55;2;;COLHEITA SILAGEM;UNIMAR COLHEITA;Tempo Máximo de Motor Ocioso;00:00:28;Sem evento;
POINT (-50.08049350000001 -22.325437799999996);1770922770;12/02/2026 15:59:30;Forage Cruiser FFR500 New Holland;55;2;;COLHEITA SILAGEM;UNIMAR COLHEITA;Tempo Máximo de Motor Ocioso;00:00:29;Sem evento;
POINT (-50.6990012 -21.32619479999999);1770998661.75;13/02/2026 13:04:22;Forage Cruiser FFR500 New Holland;55;2;;COLHEITA SILAGEM;UNIMAR COLHEITA;Tempo Máximo de Motor Ocioso;00:01:27;Sem evento;
POINT (-50.69758810000002 -21.32672030000001);1770998944.75;13/02/2026 13:09:05;Forage Cruiser FFR500 New Holland;55;2;;COLHEITA SILAGEM;UNIMAR COLHEITA;Tempo Máximo de Motor Ocioso;00:00:13;Sem evento;
POINT (-50.69753510000001 -21.326739800000016);1770999460;13/02/2026 13:17:40;Forage Cruiser FFR500 New Holland;55;2;;COLHEITA SILAGEM;UNIMAR COLHEITA;Tempo Máximo de Motor Ocioso;00:00:10;Sem evento;
POINT (-50.697380100000004 -21.32681640000001);1771000146;13/02/2026 13:29:06;Forage Cruiser FFR500 New Holland;55;2;;COLHEITA SILAGEM;UNIMAR COLHEITA;Tempo Máximo de Motor Ocioso;00:00:34;Sem evento;
POINT (-50.69750730000001 -21.326739099999998);1771000261;13/02/2026 13:31:01;Forage Cruiser FFR500 New Holland;55;2;;COLHEITA SILAGEM;UNIMAR COLHEITA;Tempo Máximo de Motor Ocioso;00:19:03;Sem evento;
POINT (-50.697502000000014 -21.326739700000015);1771003062.5;13/02/2026 14:17:42;Forage Cruiser FFR500 New Holland;55;2;;COLHEITA SILAGEM;UNIMAR COLHEITA;Tempo Máximo de Motor Ocioso;00:01:52;Sem evento;
POINT (-50.6975673 -21.326747000000008);1771003954.25;13/02/2026 14:32:34;Forage Cruiser FFR500 New Holland;55;2;;COLHEITA SILAGEM;UNIMAR COLHEITA;Tempo Máximo de Motor Ocioso;00:00:19;Sem evento;
POINT (-50.692928900000005 -21.330379300000004);1771004673.25;13/02/2026 14:44:33;Forage Cruiser FFR500 New Holland;55;2;;COLHEITA SILAGEM;UNIMAR COLHEITA;Tempo Máximo de Motor Ocioso;00:08:20;Sem evento;
POINT (-50.69164000000001 -21.324910799999998);1771005821.5;13/02/2026 15:03:42;Forage Cruiser FFR500 New Holland;55;2;;COLHEITA SILAGEM;UNIMAR COLHEITA;Tempo Máximo de Motor Ocioso;00:06:24;Sem evento;
POINT (-50.69528490000002 -21.32412139999999);1771006580.5;13/02/2026 15:16:20;Forage Cruiser FFR500 New Holland;55;2;;COLHEITA SILAGEM;UNIMAR COLHEITA;Tempo Máximo de Motor Ocioso;00:01:59;Sem evento;
POINT (-50.697480799999994 -21.326115500000014);1771007016.5;13/02/2026 15:23:36;Forage Cruiser FFR500 New Holland;55;2;;COLHEITA SILAGEM;UNIMAR COLHEITA;Tempo Máximo de Motor Ocioso;00:03:44;Sem evento;
POINT (-50.69706320000001 -21.327445600000004);1771007612.5;13/02/2026 15:33:32;Forage Cruiser FFR500 New Holland;55;2;;COLHEITA SILAGEM;UNIMAR COLHEITA;Tempo Máximo de Motor Ocioso;00:00:34;Sem evento;
POINT (-50.69676420000002 -21.326859199999998);1771008251.5;13/02/2026 15:44:12;Forage Cruiser FFR500 New Holland;55;2;;COLHEITA SILAGEM;UNIMAR COLHEITA;Tempo Máximo de Motor Ocioso;00:00:38;Sem evento;
POINT (-50.696939799999996 -21.32707960000002);1771008648.5;13/02/2026 15:50:48;Forage Cruiser FFR500 New Holland;55;2;;COLHEITA SILAGEM;UNIMAR COLHEITA;Tempo Máximo de Motor Ocioso;00:04:44;Sem evento;
POINT (-50.696247700000015 -21.3250141);1771009138.5;13/02/2026 15:58:58;Forage Cruiser FFR500 New Holland;55;2;;COLHEITA SILAGEM;UNIMAR COLHEITA;Tempo Máximo de Motor Ocioso;00:01:09;Sem evento;
POINT (-50.69749490000001 -21.327174700000008);1771010243.5;13/02/2026 16:17:24;Forage Cruiser FFR500 New Holland;55;2;;COLHEITA SILAGEM;UNIMAR COLHEITA;Tempo Máximo de Motor Ocioso;00:00:24;Sem evento;
POINT (-50.6973849 -21.32675400000003);1771010863.5;13/02/2026 16:27:44;Forage Cruiser FFR500 New Holland;55;2;;COLHEITA SILAGEM;UNIMAR COLHEITA;Tempo Máximo de Motor Ocioso;00:00:17;Sem evento;
POINT (-50.69740340000001 -21.326861000000015);1771010929.5;13/02/2026 16:28:50;Forage Cruiser FFR500 New Holland;55;2;;COLHEITA SILAGEM;UNIMAR COLHEITA;Tempo Máximo de Motor Ocioso;00:00:09;Sem evento;
POINT (-50.6957046 -21.32711829999999);1771011215.5;13/02/2026 16:33:36;Forage Cruiser FFR500 New Holland;55;2;;COLHEITA SILAGEM;UNIMAR COLHEITA;Tempo Máximo de Motor Ocioso;00:00:09;Sem evento;
POINT (-50.69124780000002 -21.32778590000001);1771011707.75;13/02/2026 16:41:48;Forage Cruiser FFR500 New Holland;55;2;;COLHEITA SILAGEM;UNIMAR COLHEITA;Tempo Máximo de Motor Ocioso;00:00:22;Sem evento;
POINT (-50.69225400000002 -21.324520900000014);1771012156.75;13/02/2026 16:49:17;Forage Cruiser FFR500 New Holland;55;2;;COLHEITA SILAGEM;UNIMAR COLHEITA;Tempo Máximo de Motor Ocioso;00:03:09;Sem evento;
POINT (-50.69487530000001 -21.324080600000002);1771012628.75;13/02/2026 16:57:09;Forage Cruiser FFR500 New Holland;55;2;;COLHEITA SILAGEM;UNIMAR COLHEITA;Tempo Máximo de Motor Ocioso;00:00:10;Sem evento;
POINT (-50.699027900000004 -21.32678900000002);1771068979;14/02/2026 08:36:19;Forage Cruiser FFR500 New Holland;55;2;;COLHEITA SILAGEM;UNIMAR COLHEITA;Tempo Máximo de Motor Ocioso;00:01:09;Sem evento;
POINT (-50.699054399999994 -21.326140100000007);1771069187;14/02/2026 08:39:47;Forage Cruiser FFR500 New Holland;55;2;;COLHEITA SILAGEM;UNIMAR COLHEITA;Tempo Máximo de Motor Ocioso;00:15:39;Sem evento;
POINT (-50.69671150000002 -21.32541460000001);1771071163;14/02/2026 09:12:43;Forage Cruiser FFR500 New Holland;55;2;;COLHEITA SILAGEM;UNIMAR COLHEITA;Tempo Máximo de Motor Ocioso;00:00:40;Sem evento;
POINT (-50.69671150000002 -21.32541460000001);1771071696.75;14/02/2026 09:21:37;Forage Cruiser FFR500 New Holland;55;2;;COLHEITA SILAGEM;UNIMAR COLHEITA;Tempo Máximo de Motor Ocioso;00:00:15;Sem evento;
POINT (-50.69712280000002 -21.32676090000001);1771072639.75;14/02/2026 09:37:20;Forage Cruiser FFR500 New Holland;55;2;;COLHEITA SILAGEM;UNIMAR COLHEITA;Tempo Máximo de Motor Ocioso;00:00:58;Sem evento;
POINT (-50.69745000000001 -21.326752600000017);1771075467.75;14/02/2026 10:24:28;Forage Cruiser FFR500 New Holland;55;2;;COLHEITA SILAGEM;UNIMAR COLHEITA;Tempo Máximo de Motor Ocioso;00:01:39;Sem evento;
POINT (-50.69350760000001 -21.33049060000002);1771076639;14/02/2026 10:43:59;Forage Cruiser FFR500 New Holland;55;2;;COLHEITA SILAGEM;UNIMAR COLHEITA;Tempo Máximo de Motor Ocioso;00:00:15;Sem evento;
POINT (-50.69351420000001 -21.330489300000014);1771076693;14/02/2026 10:44:53;Forage Cruiser FFR500 New Holland;55;2;;COLHEITA SILAGEM;UNIMAR COLHEITA;Tempo Máximo de Motor Ocioso;00:01:40;Sem evento;
POINT (-50.6957457 -21.327029800000023);1771077358;14/02/2026 10:55:58;Forage Cruiser FFR500 New Holland;55;2;;COLHEITA SILAGEM;UNIMAR COLHEITA;Tempo Máximo de Motor Ocioso;00:04:06;Sem evento;
POINT (-50.6957457 -21.327029800000023);1771077603;14/02/2026 11:00:03;Forage Cruiser FFR500 New Holland;55;2;;COLHEITA SILAGEM;UNIMAR COLHEITA;Tempo Máximo de Motor Ocioso;00:07:56;Sem evento;
POINT (-50.695726199999996 -21.327095600000003);1771078341;14/02/2026 11:12:21;Forage Cruiser FFR500 New Holland;55;2;;COLHEITA SILAGEM;UNIMAR COLHEITA;Tempo Máximo de Motor Ocioso;00:00:30;Sem evento;
POINT (-50.69577470000002 -21.32713950000001);1771078414;14/02/2026 11:13:34;Forage Cruiser FFR500 New Holland;55;2;;COLHEITA SILAGEM;UNIMAR COLHEITA;Tempo Máximo de Motor Ocioso;00:01:04;Sem evento;
POINT (-50.696256000000005 -21.32788890000001);1771078949;14/02/2026 11:22:29;Forage Cruiser FFR500 New Holland;55;2;;COLHEITA SILAGEM;UNIMAR COLHEITA;Tempo Máximo de Motor Ocioso;00:11:40;Sem evento;
POINT (-50.6958334 -21.326950199999995);1771080311;14/02/2026 11:45:11;Forage Cruiser FFR500 New Holland;55;2;;COLHEITA SILAGEM;UNIMAR COLHEITA;Tempo Máximo de Motor Ocioso;00:04:13;Sem evento;
POINT (-50.69626250000002 -21.325296699999992);1771081035;14/02/2026 11:57:15;Forage Cruiser FFR500 New Holland;55;2;;COLHEITA SILAGEM;UNIMAR COLHEITA;Tempo Máximo de Motor Ocioso;00:02:19;Sem evento;
POINT (-50.69871790000003 -21.326408500000007);1771086067;14/02/2026 13:21:07;Forage Cruiser FFR500 New Holland;55;2;;COLHEITA SILAGEM;UNIMAR COLHEITA;Tempo Máximo de Motor Ocioso;00:00:12;Sem evento;
POINT (-50.6966132 -21.327901600000022);1771086593;14/02/2026 13:29:53;Forage Cruiser FFR500 New Holland;55;2;;COLHEITA SILAGEM;UNIMAR COLHEITA;Tempo Máximo de Motor Ocioso;00:02:55;Sem evento;
POINT (-50.69641660000002 -21.325930700000015);1771087336;14/02/2026 13:42:16;Forage Cruiser FFR500 New Holland;55;2;;COLHEITA SILAGEM;UNIMAR COLHEITA;Tempo Máximo de Motor Ocioso;00:02:10;Sem evento;
POINT (-50.69708570000001 -21.32864660000001);1771087765;14/02/2026 13:49:25;Forage Cruiser FFR500 New Holland;55;2;;COLHEITA SILAGEM;UNIMAR COLHEITA;Tempo Máximo de Motor Ocioso;00:10:40;Sem evento;
POINT (-50.69708570000001 -21.32864660000001);1771088400;14/02/2026 14:00:00;Forage Cruiser FFR500 New Holland;55;2;;COLHEITA SILAGEM;UNIMAR COLHEITA;Tempo Máximo de Motor Ocioso;00:11:45;Sem evento;
POINT (-50.69560870000001 -21.32561649999999);1771088733;14/02/2026 14:05:33;Forage Cruiser FFR500 New Holland;55;2;;COLHEITA SILAGEM;UNIMAR COLHEITA;Tempo Máximo de Motor Ocioso;00:05:59;Sem evento;
POINT (-50.695751099999995 -21.325903400000016);1771089908;14/02/2026 14:25:08;Forage Cruiser FFR500 New Holland;55;2;;COLHEITA SILAGEM;UNIMAR COLHEITA;Tempo Máximo de Motor Ocioso;00:03:24;Sem evento;
POINT (-50.69595420000002 -21.3250913);1771090360;14/02/2026 14:32:40;Forage Cruiser FFR500 New Holland;55;2;;COLHEITA SILAGEM;UNIMAR COLHEITA;Tempo Máximo de Motor Ocioso;00:23:49;Sem evento;
POINT (-50.696279000000004 -21.326306500000015);1771093450;14/02/2026 15:24:10;Forage Cruiser FFR500 New Holland;55;2;;COLHEITA SILAGEM;UNIMAR COLHEITA;Tempo Máximo de Motor Ocioso;00:11:29;Sem evento;
POINT (-50.695872699999995 -21.325868799999995);1771094539;14/02/2026 15:42:19;Forage Cruiser FFR500 New Holland;55;2;;COLHEITA SILAGEM;UNIMAR COLHEITA;Tempo Máximo de Motor Ocioso;00:02:09;Sem evento;
POINT (-50.6944924 -21.330459500000018);1771096192;14/02/2026 16:09:52;Forage Cruiser FFR500 New Holland;55;2;;COLHEITA SILAGEM;UNIMAR COLHEITA;Tempo Máximo de Motor Ocioso;00:15:28;Sem evento;
POINT (-50.69394310000001 -21.324006600000022);1771097796;14/02/2026 16:36:36;Forage Cruiser FFR500 New Holland;55;2;;COLHEITA SILAGEM;UNIMAR COLHEITA;Tempo Máximo de Motor Ocioso;00:00:29;Sem evento;
POINT (-50.6943862 -21.326479700000025);1771098058;14/02/2026 16:40:58;Forage Cruiser FFR500 New Holland;55;2;;COLHEITA SILAGEM;UNIMAR COLHEITA;Tempo Máximo de Motor Ocioso;00:00:59;Sem evento;
POINT (-50.69453060000001 -21.329503800000005);1771098425;14/02/2026 16:47:05;Forage Cruiser FFR500 New Holland;55;2;;COLHEITA SILAGEM;UNIMAR COLHEITA;Tempo Máximo de Motor Ocioso;00:05:44;Sem evento;
POINT (-50.69465880000001 -21.328236999999998);1771099116;14/02/2026 16:58:36;Forage Cruiser FFR500 New Holland;55;2;;COLHEITA SILAGEM;UNIMAR COLHEITA;Tempo Máximo de Motor Ocioso;00:01:29;Sem evento;
POINT (-50.69465880000001 -21.328236999999998);1771099201;14/02/2026 17:00:01;Forage Cruiser FFR500 New Holland;55;2;;COLHEITA SILAGEM;UNIMAR COLHEITA;Tempo Máximo de Motor Ocioso;00:09:39;Sem evento;
POINT (-50.694202399999995 -21.32560080000001);1771100282.25;14/02/2026 17:18:02;Forage Cruiser FFR500 New Holland;55;2;;COLHEITA SILAGEM;UNIMAR COLHEITA;Tempo Máximo de Motor Ocioso;00:01:05;Sem evento;
POINT (-50.69445910000002 -21.328533200000013);1771100574.25;14/02/2026 17:22:54;Forage Cruiser FFR500 New Holland;55;2;;COLHEITA SILAGEM;UNIMAR COLHEITA;Tempo Máximo de Motor Ocioso;00:07:35;Sem evento;
POINT (-50.694746400000014 -21.329629900000015);1771101328.25;14/02/2026 17:35:28;Forage Cruiser FFR500 New Holland;55;2;;COLHEITA SILAGEM;UNIMAR COLHEITA;Tempo Máximo de Motor Ocioso;00:24:40;Sem evento;
POINT (-50.694746400000014 -21.329629900000015);1771102803.25;14/02/2026 18:00:03;Forage Cruiser FFR500 New Holland;55;2;;COLHEITA SILAGEM;UNIMAR COLHEITA;Tempo Máximo de Motor Ocioso;00:25:00;Sem evento;
POINT (-50.6941252 -21.32399040000001);1771103322.25;14/02/2026 18:08:42;Forage Cruiser FFR500 New Holland;55;2;;COLHEITA SILAGEM;UNIMAR COLHEITA;Tempo Máximo de Motor Ocioso;00:00:44;Sem evento;
POINT (-50.69394 -21.323981000000003);1771103414.25;14/02/2026 18:10:14;Forage Cruiser FFR500 New Holland;55;2;;COLHEITA SILAGEM;UNIMAR COLHEITA;Tempo Máximo de Motor Ocioso;00:01:54;Sem evento;
POINT (-50.69478000000001 -21.32775710000001);1771104304.25;14/02/2026 18:25:04;Forage Cruiser FFR500 New Holland;55;2;;COLHEITA SILAGEM;UNIMAR COLHEITA;Tempo Máximo de Motor Ocioso;00:18:40;Sem evento;
POINT (-50.69444710000002 -21.325384299999993);1771105674.5;14/02/2026 18:47:54;Forage Cruiser FFR500 New Holland;55;2;;COLHEITA SILAGEM;UNIMAR COLHEITA;Tempo Máximo de Motor Ocioso;00:04:49;Sem evento;
POINT (-50.69899530000001 -21.326925700000004);1771106281.5;14/02/2026 18:58:02;Forage Cruiser FFR500 New Holland;55;2;;COLHEITA SILAGEM;UNIMAR COLHEITA;Tempo Máximo de Motor Ocioso;00:00:43;Sem evento;
POINT (-50.695788600000014 -21.3269735);1771154399.5;15/02/2026 08:20:00;Forage Cruiser FFR500 New Holland;55;2;;COLHEITA SILAGEM;UNIMAR COLHEITA;Tempo Máximo de Motor Ocioso;00:00:45;Sem evento;
POINT (-50.6962393 -21.328283200000016);1771155925.5;15/02/2026 08:45:26;Forage Cruiser FFR500 New Holland;55;2;;COLHEITA SILAGEM;UNIMAR COLHEITA;Tempo Máximo de Motor Ocioso;00:00:24;Sem evento;
POINT (-50.696728699999994 -21.329372600000006);1771156065.5;15/02/2026 08:47:46;Forage Cruiser FFR500 New Holland;55;2;;COLHEITA SILAGEM;UNIMAR COLHEITA;Tempo Máximo de Motor Ocioso;00:05:34;Sem evento;
POINT (-50.695860400000015 -21.32795340000001);1771156704.75;15/02/2026 08:58:25;Forage Cruiser FFR500 New Holland;55;2;;COLHEITA SILAGEM;UNIMAR COLHEITA;Tempo Máximo de Motor Ocioso;00:01:44;Sem evento;
POINT (-50.695860400000015 -21.32795340000001);1771156804.75;15/02/2026 09:00:05;Forage Cruiser FFR500 New Holland;55;2;;COLHEITA SILAGEM;UNIMAR COLHEITA;Tempo Máximo de Motor Ocioso;00:05:59;Sem evento;
POINT (-50.696563 -21.32965810000002);1771158072.75;15/02/2026 09:21:13;Forage Cruiser FFR500 New Holland;55;2;;COLHEITA SILAGEM;UNIMAR COLHEITA;Tempo Máximo de Motor Ocioso;00:05:23;Sem evento;
POINT (-50.69762299999999 -21.326417399999997);1771158635.75;15/02/2026 09:30:36;Forage Cruiser FFR500 New Holland;55;2;;COLHEITA SILAGEM;UNIMAR COLHEITA;Tempo Máximo de Motor Ocioso;00:01:13;Sem evento;
POINT (-50.69491010000002 -21.32740430000001);1771162547.75;15/02/2026 10:35:48;Forage Cruiser FFR500 New Holland;55;2;;COLHEITA SILAGEM;UNIMAR COLHEITA;Tempo Máximo de Motor Ocioso;00:00:51;Sem evento;
POINT (-50.694901500000014 -21.327354000000014);1771163349.25;15/02/2026 10:49:09;Forage Cruiser FFR500 New Holland;55;2;;COLHEITA SILAGEM;UNIMAR COLHEITA;Tempo Máximo de Motor Ocioso;00:00:58;Sem evento;
POINT (-50.6950875 -21.327490199999996);1771165288.5;15/02/2026 11:21:28;Forage Cruiser FFR500 New Holland;55;2;;COLHEITA SILAGEM;UNIMAR COLHEITA;Tempo Máximo de Motor Ocioso;00:00:34;Sem evento;
POINT (-50.695304700000015 -21.328355299999995);1771165871.5;15/02/2026 11:31:12;Forage Cruiser FFR500 New Holland;55;2;;COLHEITA SILAGEM;UNIMAR COLHEITA;Tempo Máximo de Motor Ocioso;00:00:09;Sem evento;
POINT (-50.695304700000015 -21.328355299999995);1771166409.25;15/02/2026 11:40:09;Forage Cruiser FFR500 New Holland;55;2;;COLHEITA SILAGEM;UNIMAR COLHEITA;Tempo Máximo de Motor Ocioso;00:00:51;Sem evento;
POINT (-50.69899860000001 -21.326955400000003);1771178072.5;15/02/2026 14:54:32;Forage Cruiser FFR500 New Holland;55;2;;COLHEITA SILAGEM;UNIMAR COLHEITA;Tempo Máximo de Motor Ocioso;00:05:32;Sem evento;
POINT (-50.69899860000001 -21.326955400000003);1771178402.5;15/02/2026 15:00:02;Forage Cruiser FFR500 New Holland;55;2;;COLHEITA SILAGEM;UNIMAR COLHEITA;Tempo Máximo de Motor Ocioso;00:11:22;Sem evento;
POINT (-50.69902110000001 -21.326927100000006);1771246505.75;16/02/2026 09:55:06;Forage Cruiser FFR500 New Holland;55;2;;COLHEITA SILAGEM;UNIMAR COLHEITA;Tempo Máximo de Motor Ocioso;00:01:13;Sem evento;
POINT (-50.69901570000002 -21.326946899999992);1771246615.75;16/02/2026 09:56:56;Forage Cruiser FFR500 New Holland;55;2;;COLHEITA SILAGEM;UNIMAR COLHEITA;Tempo Máximo de Motor Ocioso;00:02:34;Sem evento;
POINT (-50.6990184 -21.326946300000003);1771247132.75;16/02/2026 10:05:33;Forage Cruiser FFR500 New Holland;55;2;;COLHEITA SILAGEM;UNIMAR COLHEITA;Tempo Máximo de Motor Ocioso;00:02:01;Sem evento;
POINT (-50.6990203 -21.326948500000007);1771253026.25;16/02/2026 11:43:46;Forage Cruiser FFR500 New Holland;55;2;;COLHEITA SILAGEM;UNIMAR COLHEITA;Tempo Máximo de Motor Ocioso;00:05:42;Sem evento;
POINT (-50.699024699999995 -21.326923800000007);1771253412.25;16/02/2026 11:50:12;Forage Cruiser FFR500 New Holland;55;2;;COLHEITA SILAGEM;UNIMAR COLHEITA;Tempo Máximo de Motor Ocioso;00:01:03;Sem evento;
POINT (-50.695216500000015 -21.330059300000016);1771256267.25;16/02/2026 12:37:47;Forage Cruiser FFR500 New Holland;55;2;;COLHEITA SILAGEM;UNIMAR COLHEITA;Tempo Máximo de Motor Ocioso;00:01:14;Sem evento;
POINT (-50.69464970000002 -21.324045600000012);1771259033.5;16/02/2026 13:23:54;Forage Cruiser FFR500 New Holland;55;2;;COLHEITA SILAGEM;UNIMAR COLHEITA;Tempo Máximo de Motor Ocioso;00:00:18;Sem evento;
POINT (-50.6952177 -21.325271500000017);1771259625.5;16/02/2026 13:33:46;Forage Cruiser FFR500 New Holland;55;2;;COLHEITA SILAGEM;UNIMAR COLHEITA;Tempo Máximo de Motor Ocioso;00:00:23;Sem evento;
POINT (-50.69531180000001 -21.325169400000014);1771259702.5;16/02/2026 13:35:02;Forage Cruiser FFR500 New Holland;55;2;;COLHEITA SILAGEM;UNIMAR COLHEITA;Tempo Máximo de Motor Ocioso;00:03:47;Sem evento;
POINT (-50.69415820000001 -21.3244635);1771260087.5;16/02/2026 13:41:28;Forage Cruiser FFR500 New Holland;55;2;;COLHEITA SILAGEM;UNIMAR COLHEITA;Tempo Máximo de Motor Ocioso;00:00:17;Sem evento;
POINT (-50.69415760000001 -21.328716900000018);1771266613;16/02/2026 15:30:13;Forage Cruiser FFR500 New Holland;55;2;;COLHEITA SILAGEM;UNIMAR COLHEITA;Tempo Máximo de Motor Ocioso;00:01:14;Sem evento;
POINT (-50.69259890000001 -21.324440400000018);1771268096;16/02/2026 15:54:56;Forage Cruiser FFR500 New Holland;55;2;;COLHEITA SILAGEM;UNIMAR COLHEITA;Tempo Máximo de Motor Ocioso;00:05:09;Sem evento;
POINT (-50.69259890000001 -21.324440400000018);1771268401;16/02/2026 16:00:01;Forage Cruiser FFR500 New Holland;55;2;;COLHEITA SILAGEM;UNIMAR COLHEITA;Tempo Máximo de Motor Ocioso;00:14:29;Sem evento;
POINT (-50.691233400000016 -21.32697590000001);1771269497;16/02/2026 16:18:17;Forage Cruiser FFR500 New Holland;55;2;;COLHEITA SILAGEM;UNIMAR COLHEITA;Tempo Máximo de Motor Ocioso;00:00:23;Sem evento;
POINT (-50.69091470000001 -21.327815900000022);1771269702;16/02/2026 16:21:42;Forage Cruiser FFR500 New Holland;55;2;;COLHEITA SILAGEM;UNIMAR COLHEITA;Tempo Máximo de Motor Ocioso;00:00:38;Sem evento;
POINT (-50.690899200000025 -21.327834499999998);1771269782;16/02/2026 16:23:02;Forage Cruiser FFR500 New Holland;55;2;;COLHEITA SILAGEM;UNIMAR COLHEITA;Tempo Máximo de Motor Ocioso;00:03:28;Sem evento;
POINT (-50.6908105 -21.32746270000001);1771272108;16/02/2026 17:01:48;Forage Cruiser FFR500 New Holland;55;2;;COLHEITA SILAGEM;UNIMAR COLHEITA;Tempo Máximo de Motor Ocioso;00:00:34;Sem evento;
POINT (-50.693827 -21.324040700000015);1771274108;16/02/2026 17:35:08;Forage Cruiser FFR500 New Holland;55;2;;COLHEITA SILAGEM;UNIMAR COLHEITA;Tempo Máximo de Motor Ocioso;00:00:24;Sem evento;
POINT (-50.69353960000001 -21.324250400000007);1771274202;16/02/2026 17:36:42;Forage Cruiser FFR500 New Holland;55;2;;COLHEITA SILAGEM;UNIMAR COLHEITA;Tempo Máximo de Motor Ocioso;00:01:12;Sem evento;
POINT (-50.692218 -21.325962400000012);1771274507;16/02/2026 17:41:47;Forage Cruiser FFR500 New Holland;55;2;;COLHEITA SILAGEM;UNIMAR COLHEITA;Tempo Máximo de Motor Ocioso;00:00:34;Sem evento;
POINT (-50.691027399999996 -21.32882739999999);1771274929;16/02/2026 17:48:49;Forage Cruiser FFR500 New Holland;55;2;;COLHEITA SILAGEM;UNIMAR COLHEITA;Tempo Máximo de Motor Ocioso;00:00:10;Sem evento;
POINT (-50.6921289 -21.32612600000002);1771275777;16/02/2026 18:02:57;Forage Cruiser FFR500 New Holland;55;2;;COLHEITA SILAGEM;UNIMAR COLHEITA;Tempo Máximo de Motor Ocioso;00:18:34;Sem evento;
POINT (-50.69901970000001 -21.326172600000017);1771278589.25;16/02/2026 18:49:49;Forage Cruiser FFR500 New Holland;55;2;;COLHEITA SILAGEM;UNIMAR COLHEITA;Tempo Máximo de Motor Ocioso;00:00:09;Sem evento;
POINT (-50.698858333333334 -21.326026666666674);1771320340.25;17/02/2026 06:25:40;Forage Cruiser FFR500 New Holland;55;2;;COLHEITA SILAGEM;UNIMAR COLHEITA;Tempo Máximo de Motor Ocioso;00:00:19;Sem evento;
POINT (-50.69880660000001 -21.326821300000006);1771323252;17/02/2026 07:14:12;Forage Cruiser FFR500 New Holland;55;2;;COLHEITA SILAGEM;UNIMAR COLHEITA;Tempo Máximo de Motor Ocioso;00:00:22;Sem evento;
POINT (-50.69089700000001 -21.328415500000016);1771324655;17/02/2026 07:37:35;Forage Cruiser FFR500 New Holland;55;2;;COLHEITA SILAGEM;UNIMAR COLHEITA;Tempo Máximo de Motor Ocioso;00:00:09;Sem evento;
POINT (-50.69089700000001 -21.328415500000016);1771325107;17/02/2026 07:45:07;Forage Cruiser FFR500 New Holland;55;2;;COLHEITA SILAGEM;UNIMAR COLHEITA;Tempo Máximo de Motor Ocioso;00:00:15;Sem evento;
POINT (-50.6927383 -21.3268975);1771329799;17/02/2026 09:03:19;Forage Cruiser FFR500 New Holland;55;2;;COLHEITA SILAGEM;UNIMAR COLHEITA;Tempo Máximo de Motor Ocioso;00:00:49;Sem evento;
POINT (-50.69253900000001 -21.327211099999996);1771330689;17/02/2026 09:18:09;Forage Cruiser FFR500 New Holland;55;2;;COLHEITA SILAGEM;UNIMAR COLHEITA;Tempo Máximo de Motor Ocioso;00:01:29;Sem evento;
POINT (-50.69399330000002 -21.324898500000018);1771332399;17/02/2026 09:46:39;Forage Cruiser FFR500 New Holland;55;2;;COLHEITA SILAGEM;UNIMAR COLHEITA;Tempo Máximo de Motor Ocioso;00:01:28;Sem evento;
POINT (-50.692271800000015 -21.326915400000015);1771335910.25;17/02/2026 10:45:10;Forage Cruiser FFR500 New Holland;55;2;;COLHEITA SILAGEM;UNIMAR COLHEITA;Tempo Máximo de Motor Ocioso;00:02:54;Sem evento;
POINT (-50.6936953 -21.328318300000003);1771340668.5;17/02/2026 12:04:28;Forage Cruiser FFR500 New Holland;55;2;;COLHEITA SILAGEM;UNIMAR COLHEITA;Tempo Máximo de Motor Ocioso;00:00:20;Sem evento;
POINT (-50.693678500000004 -21.32728110000002);1771343935.5;17/02/2026 12:58:56;Forage Cruiser FFR500 New Holland;55;2;;COLHEITA SILAGEM;UNIMAR COLHEITA;Tempo Máximo de Motor Ocioso;00:00:10;Sem evento;
POINT (-50.69205690000001 -21.329780300000003);1771345111.5;17/02/2026 13:18:32;Forage Cruiser FFR500 New Holland;55;2;;COLHEITA SILAGEM;UNIMAR COLHEITA;Tempo Máximo de Motor Ocioso;00:00:10;Sem evento;
POINT (-50.691699200000016 -21.329507900000007);1771346647.5;17/02/2026 13:44:08;Forage Cruiser FFR500 New Holland;55;2;;COLHEITA SILAGEM;UNIMAR COLHEITA;Tempo Máximo de Motor Ocioso;00:00:54;Sem evento;
POINT (-50.693126500000005 -21.32678660000002);1771346994.5;17/02/2026 13:49:54;Forage Cruiser FFR500 New Holland;55;2;;COLHEITA SILAGEM;UNIMAR COLHEITA;Tempo Máximo de Motor Ocioso;00:01:58;Sem evento;
POINT (-50.69304870000002 -21.33007990000002);1771349417.5;17/02/2026 14:30:18;Forage Cruiser FFR500 New Holland;55;2;;COLHEITA SILAGEM;UNIMAR COLHEITA;Tempo Máximo de Motor Ocioso;00:00:24;Sem evento;
POINT (-50.693289600000014 -21.327990700000015);1771349712.5;17/02/2026 14:35:12;Forage Cruiser FFR500 New Holland;55;2;;COLHEITA SILAGEM;UNIMAR COLHEITA;Tempo Máximo de Motor Ocioso;00:00:34;Sem evento;
POINT (-50.6990404 -21.32611930000002);1771352661.75;17/02/2026 15:24:22;Forage Cruiser FFR500 New Holland;55;2;;COLHEITA SILAGEM;UNIMAR COLHEITA;Tempo Máximo de Motor Ocioso;00:06:33;Sem evento;
POINT (-50.703026300000005 -21.325738400000002);1771425282.75;18/02/2026 11:34:43;Forage Cruiser FFR500 New Holland;55;2;;COLHEITA SILAGEM;UNIMAR COLHEITA;Tempo Máximo de Motor Ocioso;00:00:11;Sem evento;
POINT (-50.7070841 -21.32374520000002);1771425513.75;18/02/2026 11:38:34;Forage Cruiser FFR500 New Holland;55;2;;COLHEITA SILAGEM;UNIMAR COLHEITA;Tempo Máximo de Motor Ocioso;00:01:14;Sem evento;
POINT (-50.10021740000003 -21.8171556);1771445834.75;18/02/2026 17:17:15;Forage Cruiser FFR500 New Holland;55;2;;COLHEITA SILAGEM;UNIMAR COLHEITA;Tempo Máximo de Motor Ocioso;00:00:36;Sem evento;
POINT (-50.1058889 -21.818778300000016);1771503002.5;19/02/2026 09:10:02;Forage Cruiser FFR500 New Holland;55;2;;COLHEITA SILAGEM;UNIMAR COLHEITA;Tempo Máximo de Motor Ocioso;00:02:20;Sem evento;
POINT (-50.1020824 -21.81788120000001);1771503498.5;19/02/2026 09:18:18;Forage Cruiser FFR500 New Holland;55;2;;COLHEITA SILAGEM;UNIMAR COLHEITA;Tempo Máximo de Motor Ocioso;00:01:58;Sem evento;
POINT (-50.10162930000002 -21.810157400000005);1771503944.5;19/02/2026 09:25:44;Forage Cruiser FFR500 New Holland;55;2;;COLHEITA SILAGEM;UNIMAR COLHEITA;Tempo Máximo de Motor Ocioso;00:03:06;Sem evento;
POINT (-50.10194760000002 -21.80780409999999);1771504481.5;19/02/2026 09:34:42;Forage Cruiser FFR500 New Holland;55;2;;COLHEITA SILAGEM;UNIMAR COLHEITA;Tempo Máximo de Motor Ocioso;00:00:23;Sem evento;
POINT (-50.10319590000001 -21.806189000000018);1771506850.75;19/02/2026 10:14:11;Forage Cruiser FFR500 New Holland;55;2;;COLHEITA SILAGEM;UNIMAR COLHEITA;Tempo Máximo de Motor Ocioso;00:07:29;Sem evento;
POINT (-50.104448399999995 -21.804934900000003);1771507801.75;19/02/2026 10:30:02;Forage Cruiser FFR500 New Holland;55;2;;COLHEITA SILAGEM;UNIMAR COLHEITA;Tempo Máximo de Motor Ocioso;00:00:23;Sem evento;
POINT (-50.10210940000002 -21.80697180000001);1771516380;19/02/2026 12:53:00;Forage Cruiser FFR500 New Holland;55;2;;COLHEITA SILAGEM;UNIMAR COLHEITA;Tempo Máximo de Motor Ocioso;00:00:42;Sem evento;
POINT (-50.1021968 -21.805078699999985);1771519199;19/02/2026 13:39:59;Forage Cruiser FFR500 New Holland;55;2;;COLHEITA SILAGEM;UNIMAR COLHEITA;Tempo Máximo de Motor Ocioso;00:00:09;Sem evento;
POINT (-50.10213200000001 -21.804866300000008);1771519700;19/02/2026 13:48:20;Forage Cruiser FFR500 New Holland;55;2;;COLHEITA SILAGEM;UNIMAR COLHEITA;Tempo Máximo de Motor Ocioso;00:00:34;Sem evento;
POINT (-50.10268310000001 -21.80510420000001);1771520968;19/02/2026 14:09:28;Forage Cruiser FFR500 New Holland;55;2;;COLHEITA SILAGEM;UNIMAR COLHEITA;Tempo Máximo de Motor Ocioso;00:01:04;Sem evento;
POINT (-50.102780499999994 -21.804934900000003);1771521285;19/02/2026 14:14:45;Forage Cruiser FFR500 New Holland;55;2;;COLHEITA SILAGEM;UNIMAR COLHEITA;Tempo Máximo de Motor Ocioso;00:00:09;Sem evento;
POINT (-50.102044199999995 -21.8070216);1771526944;19/02/2026 15:49:04;Forage Cruiser FFR500 New Holland;55;2;;COLHEITA SILAGEM;UNIMAR COLHEITA;Tempo Máximo de Motor Ocioso;00:11:03;Sem evento;
POINT (-50.102044199999995 -21.8070216);1771527604;19/02/2026 16:00:04;Forage Cruiser FFR500 New Holland;55;2;;COLHEITA SILAGEM;UNIMAR COLHEITA;Tempo Máximo de Motor Ocioso;00:18:43;Sem evento;
POINT (-50.105759500000005 -21.804988800000018);1771531287.25;19/02/2026 17:01:27;Forage Cruiser FFR500 New Holland;55;2;;COLHEITA SILAGEM;UNIMAR COLHEITA;Tempo Máximo de Motor Ocioso;00:01:20;Sem evento;
POINT (-50.10584940000001 -21.80499900000001);1771531423.25;19/02/2026 17:03:43;Forage Cruiser FFR500 New Holland;55;2;;COLHEITA SILAGEM;UNIMAR COLHEITA;Tempo Máximo de Motor Ocioso;00:00:24;Sem evento;
POINT (-50.10585930000002 -21.805006899999995);1771531489.25;19/02/2026 17:04:49;Forage Cruiser FFR500 New Holland;55;2;;COLHEITA SILAGEM;UNIMAR COLHEITA;Tempo Máximo de Motor Ocioso;00:00:13;Sem evento;
POINT (-50.104678699999994 -21.806396900000003);1771533387.25;19/02/2026 17:36:27;Forage Cruiser FFR500 New Holland;55;2;;COLHEITA SILAGEM;UNIMAR COLHEITA;Tempo Máximo de Motor Ocioso;00:01:59;Sem evento;
POINT (-50.1053589 -21.818535300000004);1771534629;19/02/2026 17:57:09;Forage Cruiser FFR500 New Holland;55;2;;COLHEITA SILAGEM;UNIMAR COLHEITA;Tempo Máximo de Motor Ocioso;00:02:57;Sem evento;
POINT (-50.1053589 -21.818535300000004);1771534804;19/02/2026 18:00:04;Forage Cruiser FFR500 New Holland;55;2;;COLHEITA SILAGEM;UNIMAR COLHEITA;Tempo Máximo de Motor Ocioso;00:13:02;Sem evento;
POINT (-50.105359100000015 -21.81850999999999);1771581541;20/02/2026 06:59:01;Forage Cruiser FFR500 New Holland;55;2;;COLHEITA SILAGEM;UNIMAR COLHEITA;Tempo Máximo de Motor Ocioso;00:17:42;Sem evento;
POINT (-50.10536860000002 -21.818512700000007);1771592130.75;20/02/2026 09:55:31;Forage Cruiser FFR500 New Holland;55;2;;COLHEITA SILAGEM;UNIMAR COLHEITA;Tempo Máximo de Motor Ocioso;00:00:07;Sem evento;
POINT (-50.101933900000006 -21.808105199999993);1771594718;20/02/2026 10:38:38;Forage Cruiser FFR500 New Holland;55;2;;COLHEITA SILAGEM;UNIMAR COLHEITA;Tempo Máximo de Motor Ocioso;00:00:34;Sem evento;
POINT (-50.1029786 -21.807249000000006);1771597618.25;20/02/2026 11:26:58;Forage Cruiser FFR500 New Holland;55;2;;COLHEITA SILAGEM;UNIMAR COLHEITA;Tempo Máximo de Motor Ocioso;00:00:59;Sem evento;
POINT (-50.10209090000001 -21.80700190000001);1771600921;20/02/2026 12:22:01;Forage Cruiser FFR500 New Holland;55;2;;COLHEITA SILAGEM;UNIMAR COLHEITA;Tempo Máximo de Motor Ocioso;00:07:12;Sem evento;
POINT (-50.10379330000001 -21.8090271);1771604984.25;20/02/2026 13:29:44;Forage Cruiser FFR500 New Holland;55;2;;COLHEITA SILAGEM;UNIMAR COLHEITA;Tempo Máximo de Motor Ocioso;00:00:39;Sem evento;
POINT (-50.10513510000001 -21.81092789999999);1771606822.25;20/02/2026 14:00:22;Forage Cruiser FFR500 New Holland;55;2;;COLHEITA SILAGEM;UNIMAR COLHEITA;Tempo Máximo de Motor Ocioso;00:00:50;Sem evento;
POINT (-50.1055259 -21.808989499999996);1771607925.5;20/02/2026 14:18:46;Forage Cruiser FFR500 New Holland;55;2;;COLHEITA SILAGEM;UNIMAR COLHEITA;Tempo Máximo de Motor Ocioso;00:00:28;Sem evento;
POINT (-50.10258050000002 -21.80750020000002);1771609126.5;20/02/2026 14:38:46;Forage Cruiser FFR500 New Holland;55;2;;COLHEITA SILAGEM;UNIMAR COLHEITA;Tempo Máximo de Motor Ocioso;00:08:45;Sem evento;
POINT (-50.10553520000002 -21.804930900000016);1771610445.5;20/02/2026 15:00:46;Forage Cruiser FFR500 New Holland;55;2;;COLHEITA SILAGEM;UNIMAR COLHEITA;Tempo Máximo de Motor Ocioso;00:00:18;Sem evento;
POINT (-50.104784800000004 -21.8064103);1771610641.5;20/02/2026 15:04:02;Forage Cruiser FFR500 New Holland;55;2;;COLHEITA SILAGEM;UNIMAR COLHEITA;Tempo Máximo de Motor Ocioso;00:00:13;Sem evento;
POINT (-50.10386700000001 -21.808526899999997);1771612527.5;20/02/2026 15:35:28;Forage Cruiser FFR500 New Holland;55;2;;COLHEITA SILAGEM;UNIMAR COLHEITA;Tempo Máximo de Motor Ocioso;00:00:30;Sem evento;
POINT (-50.10916500000002 -21.805480699999997);1771617120.75;20/02/2026 16:52:01;Forage Cruiser FFR500 New Holland;55;2;;COLHEITA SILAGEM;UNIMAR COLHEITA;Tempo Máximo de Motor Ocioso;00:04:45;Sem evento;
POINT (-50.1037685 -21.807212200000002);1771617991.75;20/02/2026 17:06:32;Forage Cruiser FFR500 New Holland;55;2;;COLHEITA SILAGEM;UNIMAR COLHEITA;Tempo Máximo de Motor Ocioso;00:02:25;Sem evento;
POINT (-50.1064997 -21.809373500000014);1771618574.75;20/02/2026 17:16:15;Forage Cruiser FFR500 New Holland;55;2;;COLHEITA SILAGEM;UNIMAR COLHEITA;Tempo Máximo de Motor Ocioso;00:00:10;Sem evento;
POINT (-50.10612500000002 -21.805666499999994);1771619684.75;20/02/2026 17:34:45;Forage Cruiser FFR500 New Holland;55;2;;COLHEITA SILAGEM;UNIMAR COLHEITA;Tempo Máximo de Motor Ocioso;00:02:15;Sem evento;
POINT (-50.10617060000001 -21.805764800000002);1771620492;20/02/2026 17:48:12;Forage Cruiser FFR500 New Holland;55;2;;COLHEITA SILAGEM;UNIMAR COLHEITA;Tempo Máximo de Motor Ocioso;00:00:25;Sem evento;
POINT (-50.105841200000015 -21.818802200000015);1771622865;20/02/2026 18:27:45;Forage Cruiser FFR500 New Holland;55;2;;COLHEITA SILAGEM;UNIMAR COLHEITA;Tempo Máximo de Motor Ocioso;00:00:18;Sem evento;
POINT (-50.10571899999999 -21.81864259999999);1771668640;21/02/2026 07:10:40;Forage Cruiser FFR500 New Holland;55;2;;COLHEITA SILAGEM;UNIMAR COLHEITA;Tempo Máximo de Motor Ocioso;00:00:09;Sem evento;
POINT (-50.106282100000016 -21.811259199999988);1771669879;21/02/2026 07:31:19;Forage Cruiser FFR500 New Holland;55;2;;COLHEITA SILAGEM;UNIMAR COLHEITA;Tempo Máximo de Motor Ocioso;00:06:48;Sem evento;
POINT (-50.10436040000002 -21.808205299999994);1771672257;21/02/2026 08:10:57;Forage Cruiser FFR500 New Holland;55;2;;COLHEITA SILAGEM;UNIMAR COLHEITA;Tempo Máximo de Motor Ocioso;00:02:44;Sem evento;
POINT (-50.108192599999995 -21.806624700000004);1771674413;21/02/2026 08:46:53;Forage Cruiser FFR500 New Holland;55;2;;COLHEITA SILAGEM;UNIMAR COLHEITA;Tempo Máximo de Motor Ocioso;00:02:08;Sem evento;
POINT (-50.106635100000005 -21.806997500000023);1771676571;21/02/2026 09:22:51;Forage Cruiser FFR500 New Holland;55;2;;COLHEITA SILAGEM;UNIMAR COLHEITA;Tempo Máximo de Motor Ocioso;00:03:24;Sem evento;
POINT (-50.110085999999995 -21.80569819999999);1771678216.25;21/02/2026 09:50:16;Forage Cruiser FFR500 New Holland;55;2;;COLHEITA SILAGEM;UNIMAR COLHEITA;Tempo Máximo de Motor Ocioso;00:00:09;Sem evento;
POINT (-50.109126 -21.80579619999999);1771680108.25;21/02/2026 10:21:48;Forage Cruiser FFR500 New Holland;55;2;;COLHEITA SILAGEM;UNIMAR COLHEITA;Tempo Máximo de Motor Ocioso;00:02:04;Sem evento;
POINT (-50.108815600000014 -21.809907000000003);1771681904.25;21/02/2026 10:51:44;Forage Cruiser FFR500 New Holland;55;2;;COLHEITA SILAGEM;UNIMAR COLHEITA;Tempo Máximo de Motor Ocioso;00:02:50;Sem evento;
POINT (-50.10685760000001 -21.806631800000012);1771684037.25;21/02/2026 11:27:17;Forage Cruiser FFR500 New Holland;55;2;;COLHEITA SILAGEM;UNIMAR COLHEITA;Tempo Máximo de Motor Ocioso;00:00:09;Sem evento;
POINT (-50.10689290000002 -21.806612600000022);1771684089.25;21/02/2026 11:28:09;Forage Cruiser FFR500 New Holland;55;2;;COLHEITA SILAGEM;UNIMAR COLHEITA;Tempo Máximo de Motor Ocioso;00:01:43;Sem evento;
POINT (-50.10864720000001 -21.806529400000013);1771684371.25;21/02/2026 11:32:51;Forage Cruiser FFR500 New Holland;55;2;;COLHEITA SILAGEM;UNIMAR COLHEITA;Tempo Máximo de Motor Ocioso;00:01:00;Sem evento;
POINT (-50.102208399999995 -21.807021399999996);1771687621;21/02/2026 12:27:01;Forage Cruiser FFR500 New Holland;55;2;;COLHEITA SILAGEM;UNIMAR COLHEITA;Tempo Máximo de Motor Ocioso;00:02:20;Sem evento;
POINT (-50.1050013 -21.80809730000001);1771688095;21/02/2026 12:34:55;Forage Cruiser FFR500 New Holland;55;2;;COLHEITA SILAGEM;UNIMAR COLHEITA;Tempo Máximo de Motor Ocioso;00:05:34;Sem evento;
POINT (-50.105728200000016 -21.806720800000022);1771691543.25;21/02/2026 13:32:23;Forage Cruiser FFR500 New Holland;55;2;;COLHEITA SILAGEM;UNIMAR COLHEITA;Tempo Máximo de Motor Ocioso;00:00:10;Sem evento;
POINT (-50.10394530000002 -21.807684300000005);1771692709.25;21/02/2026 13:51:49;Forage Cruiser FFR500 New Holland;55;2;;COLHEITA SILAGEM;UNIMAR COLHEITA;Tempo Máximo de Motor Ocioso;00:00:13;Sem evento;
POINT (-50.10659130000002 -21.806239700000006);1771696611.5;21/02/2026 14:56:52;Forage Cruiser FFR500 New Holland;55;2;;COLHEITA SILAGEM;UNIMAR COLHEITA;Tempo Máximo de Motor Ocioso;00:03:15;Sem evento;
POINT (-50.10659130000002 -21.806239700000006);1771696801.5;21/02/2026 15:00:02;Forage Cruiser FFR500 New Holland;55;2;;COLHEITA SILAGEM;UNIMAR COLHEITA;Tempo Máximo de Motor Ocioso;00:04:10;Sem evento;
POINT (-50.108717299999995 -21.806691800000003);1771699762.5;21/02/2026 15:49:22;Forage Cruiser FFR500 New Holland;55;2;;COLHEITA SILAGEM;UNIMAR COLHEITA;Tempo Máximo de Motor Ocioso;00:00:34;Sem evento;
POINT (-50.10616590000001 -21.818520900000003);1771704094.75;21/02/2026 17:01:35;Forage Cruiser FFR500 New Holland;55;2;;COLHEITA SILAGEM;UNIMAR COLHEITA;Tempo Máximo de Motor Ocioso;00:01:47;Sem evento;
POINT (-50.1016037 -21.810269999999992);1771705788;21/02/2026 17:29:48;Forage Cruiser FFR500 New Holland;55;2;;COLHEITA SILAGEM;UNIMAR COLHEITA;Tempo Máximo de Motor Ocioso;00:00:14;Sem evento;
POINT (-50.10612170000002 -21.818799000000006);1771757018.25;22/02/2026 07:43:38;Forage Cruiser FFR500 New Holland;55;2;;COLHEITA SILAGEM;UNIMAR COLHEITA;Tempo Máximo de Motor Ocioso;00:00:11;Sem evento;
POINT (-50.106488799999994 -21.818749600000004);1771757090.25;22/02/2026 07:44:50;Forage Cruiser FFR500 New Holland;55;2;;COLHEITA SILAGEM;UNIMAR COLHEITA;Tempo Máximo de Motor Ocioso;00:00:29;Sem evento;
POINT (-50.10724250000001 -21.81148720000001);1771758036.5;22/02/2026 08:00:36;Forage Cruiser FFR500 New Holland;55;2;;COLHEITA SILAGEM;UNIMAR COLHEITA;Tempo Máximo de Motor Ocioso;00:00:29;Sem evento;
POINT (-50.10737380000001 -21.811518099999986);1771758586.5;22/02/2026 08:09:46;Forage Cruiser FFR500 New Holland;55;2;;COLHEITA SILAGEM;UNIMAR COLHEITA;Tempo Máximo de Motor Ocioso;00:10:19;Sem evento;
POINT (-50.102357299999994 -21.80873859999999);1771762238.5;22/02/2026 09:10:38;Forage Cruiser FFR500 New Holland;55;2;;COLHEITA SILAGEM;UNIMAR COLHEITA;Tempo Máximo de Motor Ocioso;00:00:08;Sem evento;
POINT (-50.1050784 -21.809875300000005);1771763458.5;22/02/2026 09:30:58;Forage Cruiser FFR500 New Holland;55;2;;COLHEITA SILAGEM;UNIMAR COLHEITA;Tempo Máximo de Motor Ocioso;00:03:48;Sem evento;
POINT (-50.10313550000001 -21.809336499999997);1771764029.75;22/02/2026 09:40:30;Forage Cruiser FFR500 New Holland;55;2;;COLHEITA SILAGEM;UNIMAR COLHEITA;Tempo Máximo de Motor Ocioso;00:06:38;Sem evento;
POINT (-50.10185520000002 -21.80872759999999);1771764568.75;22/02/2026 09:49:29;Forage Cruiser FFR500 New Holland;55;2;;COLHEITA SILAGEM;UNIMAR COLHEITA;Tempo Máximo de Motor Ocioso;00:00:33;Sem evento;
POINT (-50.1018469 -21.808529799999995);1771764652.75;22/02/2026 09:50:53;Forage Cruiser FFR500 New Holland;55;2;;COLHEITA SILAGEM;UNIMAR COLHEITA;Tempo Máximo de Motor Ocioso;00:02:48;Sem evento;
POINT (-50.10170830000001 -21.809622000000008);1771768233.75;22/02/2026 10:50:34;Forage Cruiser FFR500 New Holland;55;2;;COLHEITA SILAGEM;UNIMAR COLHEITA;Tempo Máximo de Motor Ocioso;00:00:15;Sem evento;
POINT (-50.1017498 -21.810094399999993);1771768506.75;22/02/2026 10:55:07;Forage Cruiser FFR500 New Holland;55;2;;COLHEITA SILAGEM;UNIMAR COLHEITA;Tempo Máximo de Motor Ocioso;00:00:24;Sem evento;
POINT (-50.10157570000001 -21.810065400000006);1771769387.75;22/02/2026 11:09:48;Forage Cruiser FFR500 New Holland;55;2;;COLHEITA SILAGEM;UNIMAR COLHEITA;Tempo Máximo de Motor Ocioso;00:00:24;Sem evento;
POINT (-50.106114700000006 -21.81866849999999);1771770200;22/02/2026 11:23:20;Forage Cruiser FFR500 New Holland;55;2;;COLHEITA SILAGEM;UNIMAR COLHEITA;Tempo Máximo de Motor Ocioso;00:04:29;Sem evento;
POINT (-50.10654310000001 -21.81880779999999);1771776739;22/02/2026 13:12:19;Forage Cruiser FFR500 New Holland;55;2;;COLHEITA SILAGEM;UNIMAR COLHEITA;Tempo Máximo de Motor Ocioso;00:00:09;Sem evento;
POINT (-50.109014599999995 -21.81736);1771777357;22/02/2026 13:22:37;Forage Cruiser FFR500 New Holland;55;2;;COLHEITA SILAGEM;UNIMAR COLHEITA;Tempo Máximo de Motor Ocioso;00:00:40;Sem evento;
POINT (-50.1086852 -21.816046400000005);1771777820;22/02/2026 13:30:20;Forage Cruiser FFR500 New Holland;55;2;;COLHEITA SILAGEM;UNIMAR COLHEITA;Tempo Máximo de Motor Ocioso;00:04:50;Sem evento;
POINT (-50.10941520000001 -21.81878779999999);1771778780;22/02/2026 13:46:20;Forage Cruiser FFR500 New Holland;55;2;;COLHEITA SILAGEM;UNIMAR COLHEITA;Tempo Máximo de Motor Ocioso;00:00:14;Sem evento;
POINT (-50.10849640000001 -21.815993600000006);1771779178;22/02/2026 13:52:58;Forage Cruiser FFR500 New Holland;55;2;;COLHEITA SILAGEM;UNIMAR COLHEITA;Tempo Máximo de Motor Ocioso;00:00:14;Sem evento;
POINT (-50.109710699999994 -21.817778200000014);1771780900;22/02/2026 14:21:40;Forage Cruiser FFR500 New Holland;55;2;;COLHEITA SILAGEM;UNIMAR COLHEITA;Tempo Máximo de Motor Ocioso;00:03:04;Sem evento;
POINT (-50.1095832 -21.81873520000001);1771782020;22/02/2026 14:40:20;Forage Cruiser FFR500 New Holland;55;2;;COLHEITA SILAGEM;UNIMAR COLHEITA;Tempo Máximo de Motor Ocioso;00:01:38;Sem evento;
POINT (-50.10951220000001 -21.817649799999987);1771783676;22/02/2026 15:07:56;Forage Cruiser FFR500 New Holland;55;2;;COLHEITA SILAGEM;UNIMAR COLHEITA;Tempo Máximo de Motor Ocioso;00:02:08;Sem evento;
POINT (-50.10848470000002 -21.816250899999993);1771784391.25;22/02/2026 15:19:51;Forage Cruiser FFR500 New Holland;55;2;;COLHEITA SILAGEM;UNIMAR COLHEITA;Tempo Máximo de Motor Ocioso;00:00:54;Sem evento;
POINT (-50.10894050000002 -21.817652900000006);1771785303.25;22/02/2026 15:35:03;Forage Cruiser FFR500 New Holland;55;2;;COLHEITA SILAGEM;UNIMAR COLHEITA;Tempo Máximo de Motor Ocioso;00:01:09;Sem evento;
POINT (-50.108688099999995 -21.817798500000002);1771785781.25;22/02/2026 15:43:01;Forage Cruiser FFR500 New Holland;55;2;;COLHEITA SILAGEM;UNIMAR COLHEITA;Tempo Máximo de Motor Ocioso;00:09:18;Sem evento;
POINT (-50.10888490000002 -21.818811400000016);1771786748.25;22/02/2026 15:59:08;Forage Cruiser FFR500 New Holland;55;2;;COLHEITA SILAGEM;UNIMAR COLHEITA;Tempo Máximo de Motor Ocioso;00:00:58;Sem evento;
POINT (-50.10888490000002 -21.818811400000016);1771786803.25;22/02/2026 16:00:03;Forage Cruiser FFR500 New Holland;55;2;;COLHEITA SILAGEM;UNIMAR COLHEITA;Tempo Máximo de Motor Ocioso;00:10:49;Sem evento;
POINT (-50.108951700000006 -21.81849999999999);1771788397.25;22/02/2026 16:26:37;Forage Cruiser FFR500 New Holland;55;2;;COLHEITA SILAGEM;UNIMAR COLHEITA;Tempo Máximo de Motor Ocioso;00:00:20;Sem evento;
POINT (-50.08886990000002 -21.813648299999997);1771847291.25;23/02/2026 08:48:11;Forage Cruiser FFR500 New Holland;55;2;;COLHEITA SILAGEM;UNIMAR COLHEITA;Tempo Máximo de Motor Ocioso;00:03:19;Sem evento;
POINT (-50.08876330000002 -21.813586500000007);1771847606.25;23/02/2026 08:53:26;Forage Cruiser FFR500 New Holland;55;2;;COLHEITA SILAGEM;UNIMAR COLHEITA;Tempo Máximo de Motor Ocioso;00:00:59;Sem evento;
POINT (-50.08872790000001 -21.813561200000006);1771847711.25;23/02/2026 08:55:11;Forage Cruiser FFR500 New Holland;55;2;;COLHEITA SILAGEM;UNIMAR COLHEITA;Tempo Máximo de Motor Ocioso;00:00:13;Sem evento;
POINT (-48.92388819999904 -21.956713499998823);1771869893.25;23/02/2026 15:04:53;Forage Cruiser FFR500 New Holland;55;2;;COLHEITA SILAGEM;UNIMAR COLHEITA;Tempo Máximo de Motor Ocioso;00:09:14;Sem evento;
POINT (-48.94549899999913 -21.965389899998904);1771873019.25;23/02/2026 15:56:59;Forage Cruiser FFR500 New Holland;55;2;;COLHEITA SILAGEM;UNIMAR COLHEITA;Tempo Máximo de Motor Ocioso;00:02:54;Sem evento;
POINT (-48.945910499999115 -21.960189499998894);1771874187.5;23/02/2026 16:16:28;Forage Cruiser FFR500 New Holland;55;2;;COLHEITA SILAGEM;UNIMAR COLHEITA;Tempo Máximo de Motor Ocioso;00:00:44;Sem evento;
POINT (-48.94632349999913 -21.960331199998894);1771874313.5;23/02/2026 16:18:34;Forage Cruiser FFR500 New Holland;55;2;;COLHEITA SILAGEM;UNIMAR COLHEITA;Tempo Máximo de Motor Ocioso;00:01:29;Sem evento;
POINT (-48.94267339999912 -21.96432579999888);1771875728.75;23/02/2026 16:42:09;Forage Cruiser FFR500 New Holland;55;2;;COLHEITA SILAGEM;UNIMAR COLHEITA;Tempo Máximo de Motor Ocioso;00:03:03;Sem evento;
POINT (-48.94552089999914 -21.965478299998885);1771876151.75;23/02/2026 16:49:12;Forage Cruiser FFR500 New Holland;55;2;;COLHEITA SILAGEM;UNIMAR COLHEITA;Tempo Máximo de Motor Ocioso;00:01:09;Sem evento;
POINT (-48.94230509999911 -21.961999199998875);1771882868.25;23/02/2026 18:41:08;Forage Cruiser FFR500 New Holland;55;2;;COLHEITA SILAGEM;UNIMAR COLHEITA;Tempo Máximo de Motor Ocioso;00:03:01;Sem evento;
POINT (-48.94544699999912 -21.964391699998902);1771883767.25;23/02/2026 18:56:07;Forage Cruiser FFR500 New Holland;55;2;;COLHEITA SILAGEM;UNIMAR COLHEITA;Tempo Máximo de Motor Ocioso;00:00:53;Sem evento;
POINT (-48.943445199999125 -21.96264619999887);1771884102.25;23/02/2026 19:01:42;Forage Cruiser FFR500 New Holland;55;2;;COLHEITA SILAGEM;UNIMAR COLHEITA;Tempo Máximo de Motor Ocioso;00:06:47;Sem evento;
POINT (-48.94387199999911 -21.962822299998873);1771884852.5;23/02/2026 19:14:12;Forage Cruiser FFR500 New Holland;55;2;;COLHEITA SILAGEM;UNIMAR COLHEITA;Tempo Máximo de Motor Ocioso;00:05:09;Sem evento;
POINT (-48.94533219999911 -21.96410249999888);1771885386.5;23/02/2026 19:23:06;Forage Cruiser FFR500 New Holland;55;2;;COLHEITA SILAGEM;UNIMAR COLHEITA;Tempo Máximo de Motor Ocioso;00:10:35;Sem evento;
POINT (-48.945315899999116 -21.96435039999889);1771886351.5;23/02/2026 19:39:12;Forage Cruiser FFR500 New Holland;55;2;;COLHEITA SILAGEM;UNIMAR COLHEITA;Tempo Máximo de Motor Ocioso;00:03:09;Sem evento;
POINT (-48.94542389999912 -21.964351599998903);1771886602.5;23/02/2026 19:43:22;Forage Cruiser FFR500 New Holland;55;2;;COLHEITA SILAGEM;UNIMAR COLHEITA;Tempo Máximo de Motor Ocioso;00:04:08;Sem evento;
POINT (-48.94781379999913 -21.964742099998883);1771927182.25;24/02/2026 06:59:42;Forage Cruiser FFR500 New Holland;55;2;;COLHEITA SILAGEM;UNIMAR COLHEITA;Tempo Máximo de Motor Ocioso;00:00:25;Sem evento;
POINT (-48.94781379999913 -21.964742099998883);1771927202.25;24/02/2026 07:00:02;Forage Cruiser FFR500 New Holland;55;2;;COLHEITA SILAGEM;UNIMAR COLHEITA;Tempo Máximo de Motor Ocioso;00:02:40;Sem evento;
POINT (-48.943267599999125 -21.962655799998892);1771928864.75;24/02/2026 07:27:45;Forage Cruiser FFR500 New Holland;55;2;;COLHEITA SILAGEM;UNIMAR COLHEITA;Tempo Máximo de Motor Ocioso;00:07:04;Sem evento;
POINT (-48.94554069999913 -21.965417899998883);1771929576.75;24/02/2026 07:39:37;Forage Cruiser FFR500 New Holland;55;2;;COLHEITA SILAGEM;UNIMAR COLHEITA;Tempo Máximo de Motor Ocioso;00:02:18;Sem evento;
POINT (-48.94512189999912 -21.965473399998885);1771950819.25;24/02/2026 13:33:39;Forage Cruiser FFR500 New Holland;55;2;;COLHEITA SILAGEM;UNIMAR COLHEITA;Tempo Máximo de Motor Ocioso;00:01:34;Sem evento;
POINT (-48.94398389999912 -21.963311599998878);1771952107.25;24/02/2026 13:55:07;Forage Cruiser FFR500 New Holland;55;2;;COLHEITA SILAGEM;UNIMAR COLHEITA;Tempo Máximo de Motor Ocioso;00:05:00;Sem evento;
POINT (-48.94398389999912 -21.963311599998878);1771952402.25;24/02/2026 14:00:02;Forage Cruiser FFR500 New Holland;55;2;;COLHEITA SILAGEM;UNIMAR COLHEITA;Tempo Máximo de Motor Ocioso;00:12:00;Sem evento;
POINT (-48.943479999999106 -21.963233399998884);1771953174.5;24/02/2026 14:12:54;Forage Cruiser FFR500 New Holland;55;2;;COLHEITA SILAGEM;UNIMAR COLHEITA;Tempo Máximo de Motor Ocioso;00:03:49;Sem evento;
POINT (-48.944916299999136 -21.965487699998892);1771954473.5;24/02/2026 14:34:34;Forage Cruiser FFR500 New Holland;55;2;;COLHEITA SILAGEM;UNIMAR COLHEITA;Tempo Máximo de Motor Ocioso;00:04:58;Sem evento;
POINT (-48.94380519999912 -21.963172999998893);1771955065.5;24/02/2026 14:44:26;Forage Cruiser FFR500 New Holland;55;2;;COLHEITA SILAGEM;UNIMAR COLHEITA;Tempo Máximo de Motor Ocioso;00:09:13;Sem evento;
POINT (-48.944694199999134 -21.965009799998896);1771956122.5;24/02/2026 15:02:02;Forage Cruiser FFR500 New Holland;55;2;;COLHEITA SILAGEM;UNIMAR COLHEITA;Tempo Máximo de Motor Ocioso;00:03:09;Sem evento;
POINT (-48.94515929999912 -21.96420429999888);1771957161.5;24/02/2026 15:19:22;Forage Cruiser FFR500 New Holland;55;2;;COLHEITA SILAGEM;UNIMAR COLHEITA;Tempo Máximo de Motor Ocioso;00:17:04;Sem evento;
POINT (-48.94506579999912 -21.965394599998874);1771958341.75;24/02/2026 15:39:02;Forage Cruiser FFR500 New Holland;55;2;;COLHEITA SILAGEM;UNIMAR COLHEITA;Tempo Máximo de Motor Ocioso;00:00:14;Sem evento;
POINT (-48.94511179999912 -21.96516429999887);1771959206.75;24/02/2026 15:53:27;Forage Cruiser FFR500 New Holland;55;2;;COLHEITA SILAGEM;UNIMAR COLHEITA;Tempo Máximo de Motor Ocioso;00:06:38;Sem evento;
POINT (-48.94511179999912 -21.96516429999887);1771959601.75;24/02/2026 16:00:02;Forage Cruiser FFR500 New Holland;55;2;;COLHEITA SILAGEM;UNIMAR COLHEITA;Tempo Máximo de Motor Ocioso;00:14:34;Sem evento;
POINT (-48.944091799999114 -21.963097799998888);1771960345.75;24/02/2026 16:12:26;Forage Cruiser FFR500 New Holland;55;2;;COLHEITA SILAGEM;UNIMAR COLHEITA;Tempo Máximo de Motor Ocioso;00:00:45;Sem evento;
POINT (-48.94277699999912 -21.96321249999887);1771961690.75;24/02/2026 16:34:51;Forage Cruiser FFR500 New Holland;55;2;;COLHEITA SILAGEM;UNIMAR COLHEITA;Tempo Máximo de Motor Ocioso;00:03:30;Sem evento;
POINT (-48.944472099999125 -21.964232799998904);1771962137.75;24/02/2026 16:42:18;Forage Cruiser FFR500 New Holland;55;2;;COLHEITA SILAGEM;UNIMAR COLHEITA;Tempo Máximo de Motor Ocioso;00:10:00;Sem evento;
POINT (-48.943186899999105 -21.96338689999889);1771963268.75;24/02/2026 17:01:09;Forage Cruiser FFR500 New Holland;55;2;;COLHEITA SILAGEM;UNIMAR COLHEITA;Tempo Máximo de Motor Ocioso;00:02:55;Sem evento;
POINT (-48.944492699999124 -21.9654654999989);1771963781.75;24/02/2026 17:09:42;Forage Cruiser FFR500 New Holland;55;2;;COLHEITA SILAGEM;UNIMAR COLHEITA;Tempo Máximo de Motor Ocioso;00:00:15;Sem evento;
POINT (-48.94383419999912 -21.963620199998882);1771963997.75;24/02/2026 17:13:18;Forage Cruiser FFR500 New Holland;55;2;;COLHEITA SILAGEM;UNIMAR COLHEITA;Tempo Máximo de Motor Ocioso;00:00:15;Sem evento;
POINT (-48.94282569999912 -21.963179999998893);1771964107.75;24/02/2026 17:15:08;Forage Cruiser FFR500 New Holland;55;2;;COLHEITA SILAGEM;UNIMAR COLHEITA;Tempo Máximo de Motor Ocioso;00:00:23;Sem evento;
POINT (-48.94387429999911 -21.963628299998888);1771964247.75;24/02/2026 17:17:28;Forage Cruiser FFR500 New Holland;55;2;;COLHEITA SILAGEM;UNIMAR COLHEITA;Tempo Máximo de Motor Ocioso;00:09:39;Sem evento;
POINT (-48.94342649999913 -21.96358189999888);1771965144.75;24/02/2026 17:32:25;Forage Cruiser FFR500 New Holland;55;2;;COLHEITA SILAGEM;UNIMAR COLHEITA;Tempo Máximo de Motor Ocioso;00:00:06;Sem evento;
POINT (-48.943037499999114 -21.9645266999989);1771966129;24/02/2026 17:48:49;Forage Cruiser FFR500 New Holland;55;2;;COLHEITA SILAGEM;UNIMAR COLHEITA;Tempo Máximo de Motor Ocioso;00:11:18;Sem evento;
POINT (-48.943037499999114 -21.9645266999989);1771966804;24/02/2026 18:00:04;Forage Cruiser FFR500 New Holland;55;2;;COLHEITA SILAGEM;UNIMAR COLHEITA;Tempo Máximo de Motor Ocioso;00:16:18;Sem evento;
POINT (-48.943106899999115 -21.96370969999888);1771968422;24/02/2026 18:27:02;Forage Cruiser FFR500 New Holland;55;2;;COLHEITA SILAGEM;UNIMAR COLHEITA;Tempo Máximo de Motor Ocioso;00:12:29;Sem evento;
POINT (-48.943223099999116 -21.96442299999888);1771969977;24/02/2026 18:52:57;Forage Cruiser FFR500 New Holland;55;2;;COLHEITA SILAGEM;UNIMAR COLHEITA;Tempo Máximo de Motor Ocioso;00:01:29;Sem evento;
POINT (-48.94337159999912 -21.96392749999889);1771970556;24/02/2026 19:02:36;Forage Cruiser FFR500 New Holland;55;2;;COLHEITA SILAGEM;UNIMAR COLHEITA;Tempo Máximo de Motor Ocioso;00:11:35;Sem evento;
POINT (-48.944067399999106 -21.964852599998878);1771971445;24/02/2026 19:17:25;Forage Cruiser FFR500 New Holland;55;2;;COLHEITA SILAGEM;UNIMAR COLHEITA;Tempo Máximo de Motor Ocioso;00:00:20;Sem evento;
POINT (-48.94781799999914 -21.96482689999891);1771972848;24/02/2026 19:40:48;Forage Cruiser FFR500 New Holland;55;2;;COLHEITA SILAGEM;UNIMAR COLHEITA;Tempo Máximo de Motor Ocioso;00:00:54;Sem evento;
POINT (-48.94748729999913 -21.9613154999989);1772012894.75;25/02/2026 06:48:15;Forage Cruiser FFR500 New Holland;55;2;;COLHEITA SILAGEM;UNIMAR COLHEITA;Tempo Máximo de Motor Ocioso;00:00:15;Sem evento;
POINT (-48.94754619999914 -21.961406399998907);1772012954.75;25/02/2026 06:49:15;Forage Cruiser FFR500 New Holland;55;2;;COLHEITA SILAGEM;UNIMAR COLHEITA;Tempo Máximo de Motor Ocioso;00:00:29;Sem evento;
POINT (-48.94505619999913 -21.960302899998897);1772013226.75;25/02/2026 06:53:47;Forage Cruiser FFR500 New Holland;55;2;;COLHEITA SILAGEM;UNIMAR COLHEITA;Tempo Máximo de Motor Ocioso;00:05:25;Sem evento;
POINT (-48.94475789999913 -21.96042469999888);1772013666.75;25/02/2026 07:01:07;Forage Cruiser FFR500 New Holland;55;2;;COLHEITA SILAGEM;UNIMAR COLHEITA;Tempo Máximo de Motor Ocioso;00:08:00;Sem evento;
POINT (-48.94455769999913 -21.960219699998884);1772015124.75;25/02/2026 07:25:25;Forage Cruiser FFR500 New Holland;55;2;;COLHEITA SILAGEM;UNIMAR COLHEITA;Tempo Máximo de Motor Ocioso;00:03:50;Sem evento;
POINT (-48.94466859999912 -21.960511399998882);1772015980.75;25/02/2026 07:39:41;Forage Cruiser FFR500 New Holland;55;2;;COLHEITA SILAGEM;UNIMAR COLHEITA;Tempo Máximo de Motor Ocioso;00:07:30;Sem evento;
POINT (-48.94654569999913 -21.9605068999989);1772016908.75;25/02/2026 07:55:09;Forage Cruiser FFR500 New Holland;55;2;;COLHEITA SILAGEM;UNIMAR COLHEITA;Tempo Máximo de Motor Ocioso;00:04:59;Sem evento;
POINT (-48.94654569999913 -21.9605068999989);1772017204;25/02/2026 08:00:04;Forage Cruiser FFR500 New Holland;55;2;;COLHEITA SILAGEM;UNIMAR COLHEITA;Tempo Máximo de Motor Ocioso;00:07:24;Sem evento;
POINT (-48.94750899999912 -21.963684799998898);1772017716;25/02/2026 08:08:36;Forage Cruiser FFR500 New Holland;55;2;;COLHEITA SILAGEM;UNIMAR COLHEITA;Tempo Máximo de Motor Ocioso;00:04:09;Sem evento;
POINT (-48.94713049999914 -21.961552999998897);1772018757;25/02/2026 08:25:57;Forage Cruiser FFR500 New Holland;55;2;;COLHEITA SILAGEM;UNIMAR COLHEITA;Tempo Máximo de Motor Ocioso;00:00:49;Sem evento;
POINT (-48.94354439999912 -21.960442999998875);1772019171;25/02/2026 08:32:51;Forage Cruiser FFR500 New Holland;55;2;;COLHEITA SILAGEM;UNIMAR COLHEITA;Tempo Máximo de Motor Ocioso;00:19:44;Sem evento;
POINT (-48.947580099999136 -21.964198899998895);1772020988;25/02/2026 09:03:08;Forage Cruiser FFR500 New Holland;55;2;;COLHEITA SILAGEM;UNIMAR COLHEITA;Tempo Máximo de Motor Ocioso;00:03:08;Sem evento;
POINT (-48.94779119999914 -21.963299399998895);1772021728;25/02/2026 09:15:28;Forage Cruiser FFR500 New Holland;55;2;;COLHEITA SILAGEM;UNIMAR COLHEITA;Tempo Máximo de Motor Ocioso;00:13:09;Sem evento;
POINT (-48.94776649999912 -21.962303199998896);1772022827;25/02/2026 09:33:47;Forage Cruiser FFR500 New Holland;55;2;;COLHEITA SILAGEM;UNIMAR COLHEITA;Tempo Máximo de Motor Ocioso;00:01:34;Sem evento;
POINT (-48.94747729999913 -21.96248589999891);1772023459;25/02/2026 09:44:19;Forage Cruiser FFR500 New Holland;55;2;;COLHEITA SILAGEM;UNIMAR COLHEITA;Tempo Máximo de Motor Ocioso;00:02:44;Sem evento;
POINT (-48.947597999999125 -21.962229199998877);1772024235;25/02/2026 09:57:15;Forage Cruiser FFR500 New Holland;55;2;;COLHEITA SILAGEM;UNIMAR COLHEITA;Tempo Máximo de Motor Ocioso;00:02:49;Sem evento;
POINT (-48.947597999999125 -21.962229199998877);1772024400;25/02/2026 10:00:00;Forage Cruiser FFR500 New Holland;55;2;;COLHEITA SILAGEM;UNIMAR COLHEITA;Tempo Máximo de Motor Ocioso;00:05:29;Sem evento;
POINT (-48.94759539999914 -21.962194399998904);1772024671;25/02/2026 10:04:31;Forage Cruiser FFR500 New Holland;55;2;;COLHEITA SILAGEM;UNIMAR COLHEITA;Tempo Máximo de Motor Ocioso;00:03:33;Sem evento;
POINT (-48.94759869999914 -21.962204499998897);1772024920;25/02/2026 10:08:40;Forage Cruiser FFR500 New Holland;55;2;;COLHEITA SILAGEM;UNIMAR COLHEITA;Tempo Máximo de Motor Ocioso;00:00:28;Sem evento;
POINT (-48.94751059999914 -21.96200569999891);1772025217;25/02/2026 10:13:37;Forage Cruiser FFR500 New Holland;55;2;;COLHEITA SILAGEM;UNIMAR COLHEITA;Tempo Máximo de Motor Ocioso;00:01:13;Sem evento;
POINT (-48.94751159999914 -21.962001199998888);1772025346;25/02/2026 10:15:46;Forage Cruiser FFR500 New Holland;55;2;;COLHEITA SILAGEM;UNIMAR COLHEITA;Tempo Máximo de Motor Ocioso;00:00:38;Sem evento;
POINT (-48.94751179999913 -21.961999399998884);1772025437;25/02/2026 10:17:17;Forage Cruiser FFR500 New Holland;55;2;;COLHEITA SILAGEM;UNIMAR COLHEITA;Tempo Máximo de Motor Ocioso;00:00:18;Sem evento;
POINT (-48.94778329999912 -21.9649184999989);1772041056.5;25/02/2026 14:37:36;Forage Cruiser FFR500 New Holland;55;2;;COLHEITA SILAGEM;UNIMAR COLHEITA;Tempo Máximo de Motor Ocioso;00:00:30;Sem evento;
POINT (-48.94778329999912 -21.9649184999989);1772041192;25/02/2026 14:39:52;Forage Cruiser FFR500 New Holland;55;2;;COLHEITA SILAGEM;UNIMAR COLHEITA;Tempo Máximo de Motor Ocioso;00:20:13;Sem evento;
POINT (-48.94778329999912 -21.9649184999989);1772042402;25/02/2026 15:00:02;Forage Cruiser FFR500 New Holland;55;2;;COLHEITA SILAGEM;UNIMAR COLHEITA;Tempo Máximo de Motor Ocioso;00:32:33;Sem evento;
POINT (-48.94733869999914 -21.96439399999888);1772044711;25/02/2026 15:38:31;Forage Cruiser FFR500 New Holland;55;2;;COLHEITA SILAGEM;UNIMAR COLHEITA;Tempo Máximo de Motor Ocioso;00:10:53;Sem evento;
POINT (-48.946880999999145 -21.96149899999889);1772045601;25/02/2026 15:53:21;Forage Cruiser FFR500 New Holland;55;2;;COLHEITA SILAGEM;UNIMAR COLHEITA;Tempo Máximo de Motor Ocioso;00:06:44;Sem evento;
POINT (-48.946880999999145 -21.96149899999889);1772046001;25/02/2026 16:00:01;Forage Cruiser FFR500 New Holland;55;2;;COLHEITA SILAGEM;UNIMAR COLHEITA;Tempo Máximo de Motor Ocioso;00:07:44;Sem evento;
POINT (-48.943796599999125 -21.960926599998906);1772046343;25/02/2026 16:05:43;Forage Cruiser FFR500 New Holland;55;2;;COLHEITA SILAGEM;UNIMAR COLHEITA;Tempo Máximo de Motor Ocioso;00:00:19;Sem evento;
POINT (-48.94706029999913 -21.962657199998883);1772047035;25/02/2026 16:17:15;Forage Cruiser FFR500 New Holland;55;2;;COLHEITA SILAGEM;UNIMAR COLHEITA;Tempo Máximo de Motor Ocioso;00:10:19;Sem evento;
POINT (-48.94705229999912 -21.96304539999889);1772048016;25/02/2026 16:33:36;Forage Cruiser FFR500 New Holland;55;2;;COLHEITA SILAGEM;UNIMAR COLHEITA;Tempo Máximo de Motor Ocioso;00:02:14;Sem evento;
POINT (-48.945553499999136 -21.96057369999889);1772048392;25/02/2026 16:39:52;Forage Cruiser FFR500 New Holland;55;2;;COLHEITA SILAGEM;UNIMAR COLHEITA;Tempo Máximo de Motor Ocioso;00:05:39;Sem evento;
POINT (-48.94607229999912 -21.960760099998897);1772049198;25/02/2026 16:53:18;Forage Cruiser FFR500 New Holland;55;2;;COLHEITA SILAGEM;UNIMAR COLHEITA;Tempo Máximo de Motor Ocioso;00:02:19;Sem evento;
POINT (-48.94698429999912 -21.96292229999889);1772049556;25/02/2026 16:59:16;Forage Cruiser FFR500 New Holland;55;2;;COLHEITA SILAGEM;UNIMAR COLHEITA;Tempo Máximo de Motor Ocioso;00:00:49;Sem evento;
POINT (-48.94698429999912 -21.96292229999889);1772049601;25/02/2026 17:00:01;Forage Cruiser FFR500 New Holland;55;2;;COLHEITA SILAGEM;UNIMAR COLHEITA;Tempo Máximo de Motor Ocioso;00:08:14;Sem evento;
POINT (-48.94587749999911 -21.96073869999889);1772050553;25/02/2026 17:15:53;Forage Cruiser FFR500 New Holland;55;2;;COLHEITA SILAGEM;UNIMAR COLHEITA;Tempo Máximo de Motor Ocioso;00:07:39;Sem evento;
POINT (-48.94656379999913 -21.961351199998877);1772051537.25;25/02/2026 17:32:17;Forage Cruiser FFR500 New Holland;55;2;;COLHEITA SILAGEM;UNIMAR COLHEITA;Tempo Máximo de Motor Ocioso;00:06:19;Sem evento;
POINT (-48.94699709999912 -21.963691199998884);1772052129.25;25/02/2026 17:42:09;Forage Cruiser FFR500 New Holland;55;2;;COLHEITA SILAGEM;UNIMAR COLHEITA;Tempo Máximo de Motor Ocioso;00:02:39;Sem evento;
POINT (-48.94557849999914 -21.960753199998887);1772052773.25;25/02/2026 17:52:53;Forage Cruiser FFR500 New Holland;55;2;;COLHEITA SILAGEM;UNIMAR COLHEITA;Tempo Máximo de Motor Ocioso;00:07:14;Sem evento;
POINT (-48.94557849999914 -21.960753199998887);1772053203.25;25/02/2026 18:00:03;Forage Cruiser FFR500 New Holland;55;2;;COLHEITA SILAGEM;UNIMAR COLHEITA;Tempo Máximo de Motor Ocioso;00:08:19;Sem evento;
POINT (-48.94305659999912 -21.96091129999889);1772053513.25;25/02/2026 18:05:13;Forage Cruiser FFR500 New Holland;55;2;;COLHEITA SILAGEM;UNIMAR COLHEITA;Tempo Máximo de Motor Ocioso;00:03:05;Sem evento;
POINT (-48.946376599999134 -21.961212599998902);1772053972.25;25/02/2026 18:12:52;Forage Cruiser FFR500 New Holland;55;2;;COLHEITA SILAGEM;UNIMAR COLHEITA;Tempo Máximo de Motor Ocioso;00:05:15;Sem evento;
POINT (-48.946888699999135 -21.963626499998885);1772054488.25;25/02/2026 18:21:28;Forage Cruiser FFR500 New Holland;55;2;;COLHEITA SILAGEM;UNIMAR COLHEITA;Tempo Máximo de Motor Ocioso;00:00:10;Sem evento;
POINT (-48.94531569999913 -21.960923899998896);1772055003.25;25/02/2026 18:30:03;Forage Cruiser FFR500 New Holland;55;2;;COLHEITA SILAGEM;UNIMAR COLHEITA;Tempo Máximo de Motor Ocioso;00:16:35;Sem evento;
POINT (-48.94348179999912 -21.96131869999889);1772056266.25;25/02/2026 18:51:06;Forage Cruiser FFR500 New Holland;55;2;;COLHEITA SILAGEM;UNIMAR COLHEITA;Tempo Máximo de Motor Ocioso;00:05:20;Sem evento;
POINT (-48.94684409999914 -21.964024799998892);1772057014.25;25/02/2026 19:03:34;Forage Cruiser FFR500 New Holland;55;2;;COLHEITA SILAGEM;UNIMAR COLHEITA;Tempo Máximo de Motor Ocioso;00:01:15;Sem evento;
