filename,season_id,driver,dtype,nodata,width,height,count,crs,bounds_left,bounds_bottom,bounds_right,bounds_top,res_x,res_y,b1_total_pixels,b1_valid_pixels,b1_nodata_pixels,b1_min,b1_max,b1_mean,b1_median,b1_std,b1_count_agua,b1_pct_agua,b1_count_solo,b1_pct_solo,b1_count_veg_baixa,b1_pct_veg_baixa,b1_count_veg_mod,b1_pct_veg_mod,b1_count_veg_alta,b1_pct_veg_alta,b1_count_veg_densa,b1_pct_veg_densa,b2_total_pixels,b2_valid_pixels,b2_nodata_pixels,b2_min,b2_max,b2_mean,b2_median,b2_std,b2_count_agua,b2_pct_agua,b2_count_solo,b2_pct_solo,b2_count_veg_baixa,b2_pct_veg_baixa,b2_count_veg_mod,b2_pct_veg_mod,b2_count_veg_alta,b2_pct_veg_alta,b2_count_veg_densa,b2_pct_veg_densa,b3_total_pixels,b3_valid_pixels,b3_nodata_pixels,b3_min,b3_max,b3_mean,b3_median,b3_std,b3_count_agua,b3_pct_agua,b3_count_solo,b3_pct_solo,b3_count_veg_baixa,b3_pct_veg_baixa,b3_count_veg_mod,b3_pct_veg_mod,b3_count_veg_alta,b3_pct_veg_alta,b3_count_veg_densa,b3_pct_veg_densa
ndvi_raw_0bf86c8b-2779-4a98-ba25-7cf9518ee316_2025-08-04.tiff,0bf86c8b-2779-4a98-ba25-7cf9518ee316,GTiff,float64,,54,40,3,EPSG:3857,-5563483.764250129,-2540836.1239292505,-5562905.099037738,-2540403.140817437,10.716022451701402,10.824577795341611,2160,0,2160,,,,,,0,0.0,0,0.0,0,0.0,0,0.0,0,0.0,0,0.0,2160,2160,0,1.0,1.0,1.0,1.0,0.0,0,0.0,0,0.0,0,0.0,0,0.0,0,0.0,2160,100.0,2160,2160,0,0.0,1.0,0.46296296296296297,0.0,0.49862637103097257,0,0.0,1160,53.70370370370371,0,0.0,0,0.0,0,0.0,1000,46.2962962962963
ndvi_raw_0bf86c8b-2779-4a98-ba25-7cf9518ee316_2025-08-06.tiff,0bf86c8b-2779-4a98-ba25-7cf9518ee316,GTiff,float64,,54,40,3,EPSG:3857,-5563483.764250129,-2540836.1239292505,-5562905.099037738,-2540403.140817437,10.716022451701402,10.824577795341611,2160,2160,0,0.08930150309460655,0.8938565455130267,0.5557051028810781,0.5548295676036927,0.13635228372886724,0,0.0,21,0.9722222222222222,224,10.37037037037037,1133,52.4537037037037,674,31.203703703703706,108,5.0,2160,2160,0,0.0,0.0,0.0,0.0,0.0,0,0.0,2160,100.0,0,0.0,0,0.0,0,0.0,0,0.0,2160,2160,0,0.0,1.0,0.46296296296296297,0.0,0.49862637103097257,0,0.0,1160,53.70370370370371,0,0.0,0,0.0,0,0.0,1000,46.2962962962963
ndvi_raw_0bf86c8b-2779-4a98-ba25-7cf9518ee316_2025-08-09.tiff,0bf86c8b-2779-4a98-ba25-7cf9518ee316,GTiff,float64,,54,40,3,EPSG:3857,-5563483.764250129,-2540836.1239292505,-5562905.099037738,-2540403.140817437,10.716022451701402,10.824577795341611,2160,2160,0,0.1297423887587822,0.9044982698961938,0.5680314502404699,0.5680721669596747,0.13783044710880538,0,0.0,17,0.787037037037037,203,9.398148148148149,1062,49.166666666666664,741,34.30555555555556,137,6.342592592592593,2160,2160,0,0.0,0.0,0.0,0.0,0.0,0,0.0,2160,100.0,0,0.0,0,0.0,0,0.0,0,0.0,2160,2160,0,0.0,1.0,0.46296296296296297,0.0,0.49862637103097257,0,0.0,1160,53.70370370370371,0,0.0,0,0.0,0,0.0,1000,46.2962962962963
ndvi_raw_0bf86c8b-2779-4a98-ba25-7cf9518ee316_2025-08-14.tiff,0bf86c8b-2779-4a98-ba25-7cf9518ee316,GTiff,float64,,54,40,3,EPSG:3857,-5563483.764250129,-2540836.1239292505,-5562905.099037738,-2540403.140817437,10.716022451701402,10.824577795341611,2160,2160,0,0.10495229441163108,0.8907363420427553,0.5237732517574434,0.5265718019287141,0.13692986820303357,0,0.0,33,1.5277777777777777,354,16.38888888888889,1248,57.77777777777777,450,20.833333333333336,75,3.4722222222222223,2160,2160,0,0.0,0.0,0.0,0.0,0.0,0,0.0,2160,100.0,0,0.0,0,0.0,0,0.0,0,0.0,2160,2160,0,0.0,1.0,0.46296296296296297,0.0,0.49862637103097257,0,0.0,1160,53.70370370370371,0,0.0,0,0.0,0,0.0,1000,46.2962962962963
ndvi_raw_0bf86c8b-2779-4a98-ba25-7cf9518ee316_2025-08-19.tiff,0bf86c8b-2779-4a98-ba25-7cf9518ee316,GTiff,float64,,54,40,3,EPSG:3857,-5563483.764250129,-2540836.1239292505,-5562905.099037738,-2540403.140817437,10.716022451701402,10.824577795341611,2160,0,2160,,,,,,0,0.0,0,0.0,0,0.0,0,0.0,0,0.0,0,0.0,2160,2160,0,1.0,1.0,1.0,1.0,0.0,0,0.0,0,0.0,0,0.0,0,0.0,0,0.0,2160,100.0,2160,2160,0,0.0,1.0,0.46296296296296297,0.0,0.49862637103097257,0,0.0,1160,53.70370370370371,0,0.0,0,0.0,0,0.0,1000,46.2962962962963
ndvi_raw_0bf86c8b-2779-4a98-ba25-7cf9518ee316_2025-08-24.tiff,0bf86c8b-2779-4a98-ba25-7cf9518ee316,GTiff,float64,,54,40,3,EPSG:3857,-5563483.764250129,-2540836.1239292505,-5562905.099037738,-2540403.140817437,10.716022451701402,10.824577795341611,2160,0,2160,,,,,,0,0.0,0,0.0,0,0.0,0,0.0,0,0.0,0,0.0,2160,2160,0,1.0,1.0,1.0,1.0,0.0,0,0.0,0,0.0,0,0.0,0,0.0,0,0.0,2160,100.0,2160,2160,0,0.0,1.0,0.46296296296296297,0.0,0.49862637103097257,0,0.0,1160,53.70370370370371,0,0.0,0,0.0,0,0.0,1000,46.2962962962963
ndvi_raw_0bf86c8b-2779-4a98-ba25-7cf9518ee316_2025-08-26.tiff,0bf86c8b-2779-4a98-ba25-7cf9518ee316,GTiff,float64,,54,40,3,EPSG:3857,-5563483.764250129,-2540836.1239292505,-5562905.099037738,-2540403.140817437,10.716022451701402,10.824577795341611,2160,2160,0,0.09156844968268359,0.789131444496052,0.43172282208649315,0.43043421628225853,0.12260480695505854,0,0.0,55,2.5462962962962963,776,35.92592592592593,1119,51.80555555555556,210,9.722222222222223,0,0.0,2160,2160,0,0.0,0.0,0.0,0.0,0.0,0,0.0,2160,100.0,0,0.0,0,0.0,0,0.0,0,0.0,2160,2160,0,0.0,1.0,0.46296296296296297,0.0,0.49862637103097257,0,0.0,1160,53.70370370370371,0,0.0,0,0.0,0,0.0,1000,46.2962962962963
ndvi_raw_0bf86c8b-2779-4a98-ba25-7cf9518ee316_2025-08-29.tiff,0bf86c8b-2779-4a98-ba25-7cf9518ee316,GTiff,float64,,54,40,3,EPSG:3857,-5563483.764250129,-2540836.1239292505,-5562905.099037738,-2540403.140817437,10.716022451701402,10.824577795341611,2160,2160,0,0.09265734265734266,0.8085461924086894,0.4395913633419187,0.43500298315663866,0.13197973907793148,0,0.0,68,3.148148148148148,721,33.37962962962963,1115,51.620370370370374,252,11.666666666666666,4,0.1851851851851852,2160,2160,0,0.0,0.0,0.0,0.0,0.0,0,0.0,2160,100.0,0,0.0,0,0.0,0,0.0,0,0.0,2160,2160,0,0.0,1.0,0.46296296296296297,0.0,0.49862637103097257,0,0.0,1160,53.70370370370371,0,0.0,0,0.0,0,0.0,1000,46.2962962962963
ndvi_raw_0bf86c8b-2779-4a98-ba25-7cf9518ee316_2025-09-03.tiff,0bf86c8b-2779-4a98-ba25-7cf9518ee316,GTiff,float64,,54,40,3,EPSG:3857,-5563483.764250129,-2540836.1239292505,-5562905.099037738,-2540403.140817437,10.716022451701402,10.824577795341611,2160,2160,0,0.06913183279742766,0.8395097753136854,0.42402971835724235,0.41485621599978756,0.1356953142490917,0,0.0,83,3.8425925925925926,878,40.64814814814815,979,45.32407407407407,208,9.62962962962963,12,0.5555555555555556,2160,2160,0,0.0,1.0,0.000925925925925926,0.0,0.03041494019566082,0,0.0,2158,99.9074074074074,0,0.0,0,0.0,0,0.0,2,0.0925925925925926,2160,2160,0,0.0,1.0,0.46296296296296297,0.0,0.49862637103097257,0,0.0,1160,53.70370370370371,0,0.0,0,0.0,0,0.0,1000,46.2962962962963
ndvi_raw_0bf86c8b-2779-4a98-ba25-7cf9518ee316_2025-09-08.tiff,0bf86c8b-2779-4a98-ba25-7cf9518ee316,GTiff,float64,,54,40,3,EPSG:3857,-5563483.764250129,-2540836.1239292505,-5562905.099037738,-2540403.140817437,10.716022451701402,10.824577795341611,2160,2160,0,0.06703652334720296,0.8140900195694716,0.39196647810243856,0.37608511849452103,0.13318468265282293,0,0.0,113,5.231481481481481,1141,52.824074074074076,742,34.35185185185185,160,7.4074074074074066,4,0.1851851851851852,2160,2160,0,0.0,1.0,0.000925925925925926,0.0,0.03041494019566082,0,0.0,2158,99.9074074074074,0,0.0,0,0.0,0,0.0,2,0.0925925925925926,2160,2160,0,0.0,1.0,0.46296296296296297,0.0,0.49862637103097257,0,0.0,1160,53.70370370370371,0,0.0,0,0.0,0,0.0,1000,46.2962962962963
ndvi_raw_0bf86c8b-2779-4a98-ba25-7cf9518ee316_2025-09-13.tiff,0bf86c8b-2779-4a98-ba25-7cf9518ee316,GTiff,float64,,54,40,3,EPSG:3857,-5563483.764250129,-2540836.1239292505,-5562905.099037738,-2540403.140817437,10.716022451701402,10.824577795341611,2160,2160,0,0.03291139240506329,0.8491434415750447,0.39800447187679905,0.37519696318579,0.13942868508225803,0,0.0,87,4.027777777777778,1161,53.75,709,32.82407407407407,182,8.425925925925926,21,0.9722222222222222,2160,2160,0,0.0,0.0,0.0,0.0,0.0,0,0.0,2160,100.0,0,0.0,0,0.0,0,0.0,0,0.0,2160,2160,0,0.0,1.0,0.46296296296296297,0.0,0.49862637103097257,0,0.0,1160,53.70370370370371,0,0.0,0,0.0,0,0.0,1000,46.2962962962963
ndvi_raw_0bf86c8b-2779-4a98-ba25-7cf9518ee316_2025-09-15.tiff,0bf86c8b-2779-4a98-ba25-7cf9518ee316,GTiff,float64,,54,40,3,EPSG:3857,-5563483.764250129,-2540836.1239292505,-5562905.099037738,-2540403.140817437,10.716022451701402,10.824577795341611,2160,2160,0,0.0840630472854641,0.8183831672203765,0.3818864448554096,0.35869324846643463,0.13482969523933813,0,0.0,105,4.861111111111112,1289,59.675925925925924,585,27.083333333333332,177,8.194444444444445,4,0.1851851851851852,2160,2160,0,0.0,1.0,0.000925925925925926,0.0,0.03041494019566082,0,0.0,2158,99.9074074074074,0,0.0,0,0.0,0,0.0,2,0.0925925925925926,2160,2160,0,0.0,1.0,0.46296296296296297,0.0,0.49862637103097257,0,0.0,1160,53.70370370370371,0,0.0,0,0.0,0,0.0,1000,46.2962962962963
ndvi_raw_0bf86c8b-2779-4a98-ba25-7cf9518ee316_2025-09-18.tiff,0bf86c8b-2779-4a98-ba25-7cf9518ee316,GTiff,float64,,54,40,3,EPSG:3857,-5563483.764250129,-2540836.1239292505,-5562905.099037738,-2540403.140817437,10.716022451701402,10.824577795341611,2160,2160,0,0.08065915004336513,0.8626465661641541,0.35054647196568284,0.3005694456877347,0.15678537417859734,0,0.0,146,6.7592592592592595,1483,68.6574074074074,313,14.49074074074074,183,8.472222222222223,35,1.6203703703703702,2160,2160,0,0.0,0.0,0.0,0.0,0.0,0,0.0,2160,100.0,0,0.0,0,0.0,0,0.0,0,0.0,2160,2160,0,0.0,1.0,0.46296296296296297,0.0,0.49862637103097257,0,0.0,1160,53.70370370370371,0,0.0,0,0.0,0,0.0,1000,46.2962962962963
ndvi_raw_0bf86c8b-2779-4a98-ba25-7cf9518ee316_2025-09-23.tiff,0bf86c8b-2779-4a98-ba25-7cf9518ee316,GTiff,float64,,54,40,3,EPSG:3857,-5563483.764250129,-2540836.1239292505,-5562905.099037738,-2540403.140817437,10.716022451701402,10.824577795341611,2160,2160,0,0.024734982332155476,0.8580904522613065,0.2073121868795813,0.14266905653949985,0.18154732170215926,0,0.0,1296,60.0,621,28.749999999999996,108,5.0,100,4.62962962962963,35,1.6203703703703702,2160,2160,0,0.0,1.0,0.7328703703703704,1.0,0.44246060909821855,0,0.0,577,26.712962962962962,0,0.0,0,0.0,0,0.0,1583,73.28703703703704,2160,2160,0,0.0,1.0,0.46296296296296297,0.0,0.49862637103097257,0,0.0,1160,53.70370370370371,0,0.0,0,0.0,0,0.0,1000,46.2962962962963
ndvi_raw_0bf86c8b-2779-4a98-ba25-7cf9518ee316_2025-09-28.tiff,0bf86c8b-2779-4a98-ba25-7cf9518ee316,GTiff,float64,,54,40,3,EPSG:3857,-5563483.764250129,-2540836.1239292505,-5562905.099037738,-2540403.140817437,10.716022451701402,10.824577795341611,2160,0,2160,,,,,,0,0.0,0,0.0,0,0.0,0,0.0,0,0.0,0,0.0,2160,2160,0,1.0,1.0,1.0,1.0,0.0,0,0.0,0,0.0,0,0.0,0,0.0,0,0.0,2160,100.0,2160,2160,0,0.0,1.0,0.46296296296296297,0.0,0.49862637103097257,0,0.0,1160,53.70370370370371,0,0.0,0,0.0,0,0.0,1000,46.2962962962963
ndvi_raw_0bf86c8b-2779-4a98-ba25-7cf9518ee316_2025-10-03.tiff,0bf86c8b-2779-4a98-ba25-7cf9518ee316,GTiff,float64,,54,40,3,EPSG:3857,-5563483.764250129,-2540836.1239292505,-5562905.099037738,-2540403.140817437,10.716022451701402,10.824577795341611,2160,2160,0,0.10271703114645461,0.7376344086021506,0.26362976898375423,0.21669928030600286,0.12811142052977592,0,0.0,803,37.175925925925924,1045,48.379629629629626,218,10.092592592592593,94,4.351851851851852,0,0.0,2160,2160,0,0.0,0.0,0.0,0.0,0.0,0,0.0,2160,100.0,0,0.0,0,0.0,0,0.0,0,0.0,2160,2160,0,0.0,1.0,0.46296296296296297,0.0,0.49862637103097257,0,0.0,1160,53.70370370370371,0,0.0,0,0.0,0,0.0,1000,46.2962962962963
ndvi_raw_0bf86c8b-2779-4a98-ba25-7cf9518ee316_2025-10-08.tiff,0bf86c8b-2779-4a98-ba25-7cf9518ee316,GTiff,float64,,54,40,3,EPSG:3857,-5563483.764250129,-2540836.1239292505,-5562905.099037738,-2540403.140817437,10.716022451701402,10.824577795341611,2160,0,2160,,,,,,0,0.0,0,0.0,0,0.0,0,0.0,0,0.0,0,0.0,2160,2160,0,1.0,1.0,1.0,1.0,0.0,0,0.0,0,0.0,0,0.0,0,0.0,0,0.0,2160,100.0,2160,2160,0,0.0,1.0,0.46296296296296297,0.0,0.49862637103097257,0,0.0,1160,53.70370370370371,0,0.0,0,0.0,0,0.0,1000,46.2962962962963
ndvi_raw_0bf86c8b-2779-4a98-ba25-7cf9518ee316_2025-10-13.tiff,0bf86c8b-2779-4a98-ba25-7cf9518ee316,GTiff,float64,,54,40,3,EPSG:3857,-5563483.764250129,-2540836.1239292505,-5562905.099037738,-2540403.140817437,10.716022451701402,10.824577795341611,2160,0,2160,,,,,,0,0.0,0,0.0,0,0.0,0,0.0,0,0.0,0,0.0,2160,2160,0,1.0,1.0,1.0,1.0,0.0,0,0.0,0,0.0,0,0.0,0,0.0,0,0.0,2160,100.0,2160,2160,0,0.0,1.0,0.46296296296296297,0.0,0.49862637103097257,0,0.0,1160,53.70370370370371,0,0.0,0,0.0,0,0.0,1000,46.2962962962963
ndvi_raw_0bf86c8b-2779-4a98-ba25-7cf9518ee316_2025-10-15.tiff,0bf86c8b-2779-4a98-ba25-7cf9518ee316,GTiff,float64,,54,40,3,EPSG:3857,-5563483.764250129,-2540836.1239292505,-5562905.099037738,-2540403.140817437,10.716022451701402,10.824577795341611,2160,0,2160,,,,,,0,0.0,0,0.0,0,0.0,0,0.0,0,0.0,0,0.0,2160,2160,0,1.0,1.0,1.0,1.0,0.0,0,0.0,0,0.0,0,0.0,0,0.0,0,0.0,2160,100.0,2160,2160,0,0.0,1.0,0.46296296296296297,0.0,0.49862637103097257,0,0.0,1160,53.70370370370371,0,0.0,0,0.0,0,0.0,1000,46.2962962962963
ndvi_raw_0bf86c8b-2779-4a98-ba25-7cf9518ee316_2025-10-18.tiff,0bf86c8b-2779-4a98-ba25-7cf9518ee316,GTiff,float64,,54,40,3,EPSG:3857,-5563483.764250129,-2540836.1239292505,-5562905.099037738,-2540403.140817437,10.716022451701402,10.824577795341611,2160,0,2160,,,,,,0,0.0,0,0.0,0,0.0,0,0.0,0,0.0,0,0.0,2160,2160,0,1.0,1.0,1.0,1.0,0.0,0,0.0,0,0.0,0,0.0,0,0.0,0,0.0,2160,100.0,2160,2160,0,0.0,1.0,0.46296296296296297,0.0,0.49862637103097257,0,0.0,1160,53.70370370370371,0,0.0,0,0.0,0,0.0,1000,46.2962962962963
ndvi_raw_0bf86c8b-2779-4a98-ba25-7cf9518ee316_2025-10-23.tiff,0bf86c8b-2779-4a98-ba25-7cf9518ee316,GTiff,float64,,54,40,3,EPSG:3857,-5563483.764250129,-2540836.1239292505,-5562905.099037738,-2540403.140817437,10.716022451701402,10.824577795341611,2160,2160,0,-0.013934970139349702,0.8789571694599627,0.425454737086033,0.38125544712341186,0.1526189960212793,1,0.0462962962962963,34,1.574074074074074,1190,55.092592592592595,611,28.287037037037038,262,12.12962962962963,62,2.8703703703703702,2160,2160,0,0.0,0.0,0.0,0.0,0.0,0,0.0,2160,100.0,0,0.0,0,0.0,0,0.0,0,0.0,2160,2160,0,0.0,1.0,0.46296296296296297,0.0,0.49862637103097257,0,0.0,1160,53.70370370370371,0,0.0,0,0.0,0,0.0,1000,46.2962962962963
ndvi_raw_0bf86c8b-2779-4a98-ba25-7cf9518ee316_2025-10-28.tiff,0bf86c8b-2779-4a98-ba25-7cf9518ee316,GTiff,float64,,54,40,3,EPSG:3857,-5563483.764250129,-2540836.1239292505,-5562905.099037738,-2540403.140817437,10.716022451701402,10.824577795341611,2160,0,2160,,,,,,0,0.0,0,0.0,0,0.0,0,0.0,0,0.0,0,0.0,2160,2160,0,1.0,1.0,1.0,1.0,0.0,0,0.0,0,0.0,0,0.0,0,0.0,0,0.0,2160,100.0,2160,2160,0,0.0,1.0,0.46296296296296297,0.0,0.49862637103097257,0,0.0,1160,53.70370370370371,0,0.0,0,0.0,0,0.0,1000,46.2962962962963
ndvi_raw_0bf86c8b-2779-4a98-ba25-7cf9518ee316_2025-11-02.tiff,0bf86c8b-2779-4a98-ba25-7cf9518ee316,GTiff,float64,,54,40,3,EPSG:3857,-5563483.764250129,-2540836.1239292505,-5562905.099037738,-2540403.140817437,10.716022451701402,10.824577795341611,2160,0,2160,,,,,,0,0.0,0,0.0,0,0.0,0,0.0,0,0.0,0,0.0,2160,2160,0,1.0,1.0,1.0,1.0,0.0,0,0.0,0,0.0,0,0.0,0,0.0,0,0.0,2160,100.0,2160,2160,0,0.0,1.0,0.46296296296296297,0.0,0.49862637103097257,0,0.0,1160,53.70370370370371,0,0.0,0,0.0,0,0.0,1000,46.2962962962963
ndvi_raw_0bf86c8b-2779-4a98-ba25-7cf9518ee316_2025-11-04.tiff,0bf86c8b-2779-4a98-ba25-7cf9518ee316,GTiff,float64,,54,40,3,EPSG:3857,-5563483.764250129,-2540836.1239292505,-5562905.099037738,-2540403.140817437,10.716022451701402,10.824577795341611,2160,2160,0,0.07854984894259819,0.8925693822739481,0.36883848101940553,0.2982560561053157,0.20287386951766775,0,0.0,324,15.0,1259,58.28703703703704,204,9.444444444444445,217,10.046296296296296,156,7.222222222222221,2160,2160,0,0.0,1.0,0.16435185185185186,0.0,0.37059455020914533,0,0.0,1805,83.56481481481481,0,0.0,0,0.0,0,0.0,355,16.435185185185187,2160,2160,0,0.0,1.0,0.46296296296296297,0.0,0.49862637103097257,0,0.0,1160,53.70370370370371,0,0.0,0,0.0,0,0.0,1000,46.2962962962963
ndvi_raw_0bf86c8b-2779-4a98-ba25-7cf9518ee316_2025-11-07.tiff,0bf86c8b-2779-4a98-ba25-7cf9518ee316,GTiff,float64,,54,40,3,EPSG:3857,-5563483.764250129,-2540836.1239292505,-5562905.099037738,-2540403.140817437,10.716022451701402,10.824577795341611,2160,2160,0,0.11775362318840579,0.8945102260495156,0.4119155250527161,0.3593753973703619,0.2044374092919569,0,0.0,241,11.157407407407408,1065,49.30555555555556,410,18.98148148148148,269,12.453703703703704,175,8.101851851851851,2160,2160,0,0.0,0.0,0.0,0.0,0.0,0,0.0,2160,100.0,0,0.0,0,0.0,0,0.0,0,0.0,2160,2160,0,0.0,1.0,0.46296296296296297,0.0,0.49862637103097257,0,0.0,1160,53.70370370370371,0,0.0,0,0.0,0,0.0,1000,46.2962962962963
ndvi_raw_0bf86c8b-2779-4a98-ba25-7cf9518ee316_2025-11-12.tiff,0bf86c8b-2779-4a98-ba25-7cf9518ee316,GTiff,float64,,54,40,3,EPSG:3857,-5563483.764250129,-2540836.1239292505,-5562905.099037738,-2540403.140817437,10.716022451701402,10.824577795341611,2160,2160,0,0.09706959706959707,0.8914582350165172,0.41835988735619045,0.3772808904064031,0.20374408922434012,0,0.0,290,13.425925925925927,908,42.03703703703704,502,23.24074074074074,304,14.074074074074074,156,7.222222222222221,2160,2160,0,0.0,0.0,0.0,0.0,0.0,0,0.0,2160,100.0,0,0.0,0,0.0,0,0.0,0,0.0,2160,2160,0,0.0,1.0,0.46296296296296297,0.0,0.49862637103097257,0,0.0,1160,53.70370370370371,0,0.0,0,0.0,0,0.0,1000,46.2962962962963
ndvi_raw_0bf86c8b-2779-4a98-ba25-7cf9518ee316_2025-11-17.tiff,0bf86c8b-2779-4a98-ba25-7cf9518ee316,GTiff,float64,,54,40,3,EPSG:3857,-5563483.764250129,-2540836.1239292505,-5562905.099037738,-2540403.140817437,10.716022451701402,10.824577795341611,2160,0,2160,,,,,,0,0.0,0,0.0,0,0.0,0,0.0,0,0.0,0,0.0,2160,2160,0,1.0,1.0,1.0,1.0,0.0,0,0.0,0,0.0,0,0.0,0,0.0,0,0.0,2160,100.0,2160,2160,0,0.0,1.0,0.46296296296296297,0.0,0.49862637103097257,0,0.0,1160,53.70370370370371,0,0.0,0,0.0,0,0.0,1000,46.2962962962963
ndvi_raw_0bf86c8b-2779-4a98-ba25-7cf9518ee316_2025-11-22.tiff,0bf86c8b-2779-4a98-ba25-7cf9518ee316,GTiff,float64,,54,40,3,EPSG:3857,-5563483.764250129,-2540836.1239292505,-5562905.099037738,-2540403.140817437,10.716022451701402,10.824577795341611,2160,2160,0,0.1111111111111111,0.8992069583013559,0.416859369936101,0.3646801130911141,0.21141871853892538,0,0.0,301,13.935185185185187,950,43.98148148148148,448,20.74074074074074,278,12.87037037037037,183,8.472222222222223,2160,2160,0,0.0,0.0,0.0,0.0,0.0,0,0.0,2160,100.0,0,0.0,0,0.0,0,0.0,0,0.0,2160,2160,0,0.0,1.0,0.46296296296296297,0.0,0.49862637103097257,0,0.0,1160,53.70370370370371,0,0.0,0,0.0,0,0.0,1000,46.2962962962963
ndvi_raw_0bf86c8b-2779-4a98-ba25-7cf9518ee316_2025-11-24.tiff,0bf86c8b-2779-4a98-ba25-7cf9518ee316,GTiff,float64,,54,40,3,EPSG:3857,-5563483.764250129,-2540836.1239292505,-5562905.099037738,-2540403.140817437,10.716022451701402,10.824577795341611,2160,2160,0,0.04962243797195254,0.9524359270376357,0.5207330191640992,0.5014890688640932,0.21471488868361313,0,0.0,72,3.3333333333333335,637,29.49074074074074,767,35.50925925925926,331,15.324074074074073,353,16.34259259259259,2160,2160,0,0.0,0.0,0.0,0.0,0.0,0,0.0,2160,100.0,0,0.0,0,0.0,0,0.0,0,0.0,2160,2160,0,0.0,1.0,0.46296296296296297,0.0,0.49862637103097257,0,0.0,1160,53.70370370370371,0,0.0,0,0.0,0,0.0,1000,46.2962962962963
ndvi_raw_0bf86c8b-2779-4a98-ba25-7cf9518ee316_2025-11-27.tiff,0bf86c8b-2779-4a98-ba25-7cf9518ee316,GTiff,float64,,54,40,3,EPSG:3857,-5563483.764250129,-2540836.1239292505,-5562905.099037738,-2540403.140817437,10.716022451701402,10.824577795341611,2160,2160,0,-0.012755102040816327,0.8707692307692307,0.4650348460105969,0.41935483870967744,0.18056425458099143,2,0.0925925925925926,21,0.9722222222222222,931,43.101851851851855,723,33.47222222222222,327,15.138888888888888,156,7.222222222222221,2160,2160,0,0.0,0.0,0.0,0.0,0.0,0,0.0,2160,100.0,0,0.0,0,0.0,0,0.0,0,0.0,2160,2160,0,0.0,1.0,0.46296296296296297,0.0,0.49862637103097257,0,0.0,1160,53.70370370370371,0,0.0,0,0.0,0,0.0,1000,46.2962962962963
ndvi_raw_0bf86c8b-2779-4a98-ba25-7cf9518ee316_2025-12-02.tiff,0bf86c8b-2779-4a98-ba25-7cf9518ee316,GTiff,float64,,54,40,3,EPSG:3857,-5563483.764250129,-2540836.1239292505,-5562905.099037738,-2540403.140817437,10.716022451701402,10.824577795341611,2160,0,2160,,,,,,0,0.0,0,0.0,0,0.0,0,0.0,0,0.0,0,0.0,2160,2160,0,1.0,1.0,1.0,1.0,0.0,0,0.0,0,0.0,0,0.0,0,0.0,0,0.0,2160,100.0,2160,2160,0,0.0,1.0,0.46296296296296297,0.0,0.49862637103097257,0,0.0,1160,53.70370370370371,0,0.0,0,0.0,0,0.0,1000,46.2962962962963
ndvi_raw_0bf86c8b-2779-4a98-ba25-7cf9518ee316_2025-12-07.tiff,0bf86c8b-2779-4a98-ba25-7cf9518ee316,GTiff,float64,,54,40,3,EPSG:3857,-5563483.764250129,-2540836.1239292505,-5562905.099037738,-2540403.140817437,10.716022451701402,10.824577795341611,2160,0,2160,,,,,,0,0.0,0,0.0,0,0.0,0,0.0,0,0.0,0,0.0,2160,2160,0,1.0,1.0,1.0,1.0,0.0,0,0.0,0,0.0,0,0.0,0,0.0,0,0.0,2160,100.0,2160,2160,0,0.0,1.0,0.46296296296296297,0.0,0.49862637103097257,0,0.0,1160,53.70370370370371,0,0.0,0,0.0,0,0.0,1000,46.2962962962963
ndvi_raw_0bf86c8b-2779-4a98-ba25-7cf9518ee316_2025-12-12.tiff,0bf86c8b-2779-4a98-ba25-7cf9518ee316,GTiff,float64,,54,40,3,EPSG:3857,-5563483.764250129,-2540836.1239292505,-5562905.099037738,-2540403.140817437,10.716022451701402,10.824577795341611,2160,0,2160,,,,,,0,0.0,0,0.0,0,0.0,0,0.0,0,0.0,0,0.0,2160,2160,0,1.0,1.0,1.0,1.0,0.0,0,0.0,0,0.0,0,0.0,0,0.0,0,0.0,2160,100.0,2160,2160,0,0.0,1.0,0.46296296296296297,0.0,0.49862637103097257,0,0.0,1160,53.70370370370371,0,0.0,0,0.0,0,0.0,1000,46.2962962962963
ndvi_raw_0bf86c8b-2779-4a98-ba25-7cf9518ee316_2025-12-14.tiff,0bf86c8b-2779-4a98-ba25-7cf9518ee316,GTiff,float64,,54,40,3,EPSG:3857,-5563483.764250129,-2540836.1239292505,-5562905.099037738,-2540403.140817437,10.716022451701402,10.824577795341611,2160,0,2160,,,,,,0,0.0,0,0.0,0,0.0,0,0.0,0,0.0,0,0.0,2160,2160,0,1.0,1.0,1.0,1.0,0.0,0,0.0,0,0.0,0,0.0,0,0.0,0,0.0,2160,100.0,2160,2160,0,0.0,1.0,0.46296296296296297,0.0,0.49862637103097257,0,0.0,1160,53.70370370370371,0,0.0,0,0.0,0,0.0,1000,46.2962962962963
ndvi_raw_0bf86c8b-2779-4a98-ba25-7cf9518ee316_2025-12-17.tiff,0bf86c8b-2779-4a98-ba25-7cf9518ee316,GTiff,float64,,54,40,3,EPSG:3857,-5563483.764250129,-2540836.1239292505,-5562905.099037738,-2540403.140817437,10.716022451701402,10.824577795341611,2160,2160,0,0.15281501340482573,0.8288959886403976,0.3941942965692657,0.3631687081593708,0.15062055667437652,0,0.0,139,6.435185185185185,1051,48.657407407407405,731,33.84259259259259,237,10.972222222222221,2,0.0925925925925926,2160,2160,0,0.0,1.0,0.31527777777777777,0.0,0.46462640972859465,0,0.0,1479,68.47222222222223,0,0.0,0,0.0,0,0.0,681,31.52777777777778,2160,2160,0,0.0,1.0,0.46296296296296297,0.0,0.49862637103097257,0,0.0,1160,53.70370370370371,0,0.0,0,0.0,0,0.0,1000,46.2962962962963
ndvi_raw_0bf86c8b-2779-4a98-ba25-7cf9518ee316_2025-12-27.tiff,0bf86c8b-2779-4a98-ba25-7cf9518ee316,GTiff,float64,,54,40,3,EPSG:3857,-5563483.764250129,-2540836.1239292505,-5562905.099037738,-2540403.140817437,10.716022451701402,10.824577795341611,2160,2160,0,0.07730182176267848,0.912962096396818,0.6242307963093721,0.6418316806892954,0.15698425068441782,0,0.0,25,1.1574074074074074,173,8.00925925925926,654,30.277777777777775,1056,48.888888888888886,252,11.666666666666666,2160,2160,0,0.0,0.0,0.0,0.0,0.0,0,0.0,2160,100.0,0,0.0,0,0.0,0,0.0,0,0.0,2160,2160,0,0.0,1.0,0.46296296296296297,0.0,0.49862637103097257,0,0.0,1160,53.70370370370371,0,0.0,0,0.0,0,0.0,1000,46.2962962962963
ndvi_raw_0bf86c8b-2779-4a98-ba25-7cf9518ee316_2026-01-01.tiff,0bf86c8b-2779-4a98-ba25-7cf9518ee316,GTiff,float64,,54,40,3,EPSG:3857,-5563483.764250129,-2540836.1239292505,-5562905.099037738,-2540403.140817437,10.716022451701402,10.824577795341611,2160,2160,0,0.09378084896347483,0.9125077017868145,0.6964756127244436,0.7326624525737764,0.14347454685373093,0,0.0,14,0.6481481481481481,96,4.444444444444445,330,15.277777777777779,1193,55.23148148148148,527,24.39814814814815,2160,2160,0,0.0,0.0,0.0,0.0,0.0,0,0.0,2160,100.0,0,0.0,0,0.0,0,0.0,0,0.0,2160,2160,0,0.0,1.0,0.46296296296296297,0.0,0.49862637103097257,0,0.0,1160,53.70370370370371,0,0.0,0,0.0,0,0.0,1000,46.2962962962963
ndvi_raw_0bf86c8b-2779-4a98-ba25-7cf9518ee316_2026-01-03.tiff,0bf86c8b-2779-4a98-ba25-7cf9518ee316,GTiff,float64,,54,40,3,EPSG:3857,-5563483.764250129,-2540836.1239292505,-5562905.099037738,-2540403.140817437,10.716022451701402,10.824577795341611,2160,0,2160,,,,,,0,0.0,0,0.0,0,0.0,0,0.0,0,0.0,0,0.0,2160,2160,0,1.0,1.0,1.0,1.0,0.0,0,0.0,0,0.0,0,0.0,0,0.0,0,0.0,2160,100.0,2160,2160,0,0.0,1.0,0.46296296296296297,0.0,0.49862637103097257,0,0.0,1160,53.70370370370371,0,0.0,0,0.0,0,0.0,1000,46.2962962962963
ndvi_raw_0bf86c8b-2779-4a98-ba25-7cf9518ee316_2026-01-06.tiff,0bf86c8b-2779-4a98-ba25-7cf9518ee316,GTiff,float64,,54,40,3,EPSG:3857,-5563483.764250129,-2540836.1239292505,-5562905.099037738,-2540403.140817437,10.716022451701402,10.824577795341611,2160,2160,0,0.1444954128440367,0.9000175407823189,0.6878207186572413,0.7695101921110263,0.1951813639042979,0,0.0,13,0.6018518518518519,299,13.842592592592592,219,10.13888888888889,774,35.833333333333336,855,39.58333333333333,2160,2160,0,0.0,1.0,0.08287037037037037,0.0,0.27568618406631845,0,0.0,1981,91.71296296296296,0,0.0,0,0.0,0,0.0,179,8.287037037037038,2160,2160,0,0.0,1.0,0.46296296296296297,0.0,0.49862637103097257,0,0.0,1160,53.70370370370371,0,0.0,0,0.0,0,0.0,1000,46.2962962962963
ndvi_raw_0bf86c8b-2779-4a98-ba25-7cf9518ee316_2026-01-11.tiff,0bf86c8b-2779-4a98-ba25-7cf9518ee316,GTiff,float64,,54,40,3,EPSG:3857,-5563483.764250129,-2540836.1239292505,-5562905.099037738,-2540403.140817437,10.716022451701402,10.824577795341611,2160,2160,0,0.24189696349368817,0.7104128157732594,0.4418458629874089,0.43421605716687683,0.10790563993421977,0,0.0,0,0.0,914,42.31481481481482,1120,51.85185185185185,126,5.833333333333333,0,0.0,2160,2160,0,0.0,1.0,0.16898148148148148,0.0,0.3747355606261637,0,0.0,1795,83.10185185185185,0,0.0,0,0.0,0,0.0,365,16.89814814814815,2160,2160,0,0.0,1.0,0.46296296296296297,0.0,0.49862637103097257,0,0.0,1160,53.70370370370371,0,0.0,0,0.0,0,0.0,1000,46.2962962962963
ndvi_raw_0bf86c8b-2779-4a98-ba25-7cf9518ee316_2026-01-16.tiff,0bf86c8b-2779-4a98-ba25-7cf9518ee316,GTiff,float64,,54,40,3,EPSG:3857,-5563483.764250129,-2540836.1239292505,-5562905.099037738,-2540403.140817437,10.716022451701402,10.824577795341611,2160,2160,0,0.09650053022269353,0.9446225590206937,0.8273066346022003,0.8792073668361147,0.13718544457923082,0,0.0,11,0.5092592592592593,49,2.2685185185185186,96,4.444444444444445,352,16.296296296296298,1652,76.48148148148148,2160,2160,0,0.0,0.0,0.0,0.0,0.0,0,0.0,2160,100.0,0,0.0,0,0.0,0,0.0,0,0.0,2160,2160,0,0.0,1.0,0.46296296296296297,0.0,0.49862637103097257,0,0.0,1160,53.70370370370371,0,0.0,0,0.0,0,0.0,1000,46.2962962962963
ndvi_raw_0bf86c8b-2779-4a98-ba25-7cf9518ee316_2026-01-21.tiff,0bf86c8b-2779-4a98-ba25-7cf9518ee316,GTiff,float64,,54,40,3,EPSG:3857,-5563483.764250129,-2540836.1239292505,-5562905.099037738,-2540403.140817437,10.716022451701402,10.824577795341611,2160,2160,0,0.14100185528756956,0.9205526770293609,0.8070692247683479,0.8534910119184094,0.1245724512704085,0,0.0,9,0.4166666666666667,40,1.8518518518518516,101,4.675925925925926,469,21.712962962962962,1541,71.3425925925926,2160,2160,0,0.0,0.0,0.0,0.0,0.0,0,0.0,2160,100.0,0,0.0,0,0.0,0,0.0,0,0.0,2160,2160,0,0.0,1.0,0.46296296296296297,0.0,0.49862637103097257,0,0.0,1160,53.70370370370371,0,0.0,0,0.0,0,0.0,1000,46.2962962962963
ndvi_raw_0bf86c8b-2779-4a98-ba25-7cf9518ee316_2026-01-26.tiff,0bf86c8b-2779-4a98-ba25-7cf9518ee316,GTiff,float64,,54,40,3,EPSG:3857,-5563483.764250129,-2540836.1239292505,-5562905.099037738,-2540403.140817437,10.716022451701402,10.824577795341611,2160,2160,0,0.1008028545941124,0.9187725631768953,0.7476839806207266,0.7805132773574367,0.1255497539894593,0,0.0,14,0.6481481481481481,50,2.314814814814815,147,6.805555555555555,1088,50.37037037037037,861,39.861111111111114,2160,2160,0,0.0,0.0,0.0,0.0,0.0,0,0.0,2160,100.0,0,0.0,0,0.0,0,0.0,0,0.0,2160,2160,0,0.0,1.0,0.46296296296296297,0.0,0.49862637103097257,0,0.0,1160,53.70370370370371,0,0.0,0,0.0,0,0.0,1000,46.2962962962963
ndvi_raw_0bf86c8b-2779-4a98-ba25-7cf9518ee316_2026-01-31.tiff,0bf86c8b-2779-4a98-ba25-7cf9518ee316,GTiff,float64,,54,40,3,EPSG:3857,-5563483.764250129,-2540836.1239292505,-5562905.099037738,-2540403.140817437,10.716022451701402,10.824577795341611,2160,2160,0,0.017687074829931974,0.8999606144151241,0.5073451256138148,0.5386872794230474,0.27680192361518907,0,0.0,452,20.925925925925924,413,19.12037037037037,324,15.0,476,22.037037037037038,495,22.916666666666664,2160,2160,0,0.0,1.0,0.5898148148148148,1.0,0.4918671558864045,0,0.0,886,41.01851851851852,0,0.0,0,0.0,0,0.0,1274,58.98148148148148,2160,2160,0,0.0,1.0,0.46296296296296297,0.0,0.49862637103097257,0,0.0,1160,53.70370370370371,0,0.0,0,0.0,0,0.0,1000,46.2962962962963
ndvi_raw_0bf86c8b-2779-4a98-ba25-7cf9518ee316_2026-02-05.tiff,0bf86c8b-2779-4a98-ba25-7cf9518ee316,GTiff,float64,,54,40,3,EPSG:3857,-5563483.764250129,-2540836.1239292505,-5562905.099037738,-2540403.140817437,10.716022451701402,10.824577795341611,2160,0,2160,,,,,,0,0.0,0,0.0,0,0.0,0,0.0,0,0.0,0,0.0,2160,2160,0,1.0,1.0,1.0,1.0,0.0,0,0.0,0,0.0,0,0.0,0,0.0,0,0.0,2160,100.0,2160,2160,0,0.0,1.0,0.46296296296296297,0.0,0.49862637103097257,0,0.0,1160,53.70370370370371,0,0.0,0,0.0,0,0.0,1000,46.2962962962963
ndvi_raw_0bf86c8b-2779-4a98-ba25-7cf9518ee316_2026-02-10.tiff,0bf86c8b-2779-4a98-ba25-7cf9518ee316,GTiff,float64,,54,40,3,EPSG:3857,-5563483.764250129,-2540836.1239292505,-5562905.099037738,-2540403.140817437,10.716022451701402,10.824577795341611,2160,0,2160,,,,,,0,0.0,0,0.0,0,0.0,0,0.0,0,0.0,0,0.0,2160,2160,0,1.0,1.0,1.0,1.0,0.0,0,0.0,0,0.0,0,0.0,0,0.0,0,0.0,2160,100.0,2160,2160,0,0.0,1.0,0.46296296296296297,0.0,0.49862637103097257,0,0.0,1160,53.70370370370371,0,0.0,0,0.0,0,0.0,1000,46.2962962962963
ndvi_raw_0bf86c8b-2779-4a98-ba25-7cf9518ee316_2026-02-15.tiff,0bf86c8b-2779-4a98-ba25-7cf9518ee316,GTiff,float64,,54,40,3,EPSG:3857,-5563483.764250129,-2540836.1239292505,-5562905.099037738,-2540403.140817437,10.716022451701402,10.824577795341611,2160,0,2160,,,,,,0,0.0,0,0.0,0,0.0,0,0.0,0,0.0,0,0.0,2160,2160,0,1.0,1.0,1.0,1.0,0.0,0,0.0,0,0.0,0,0.0,0,0.0,0,0.0,2160,100.0,2160,2160,0,0.0,1.0,0.46296296296296297,0.0,0.49862637103097257,0,0.0,1160,53.70370370370371,0,0.0,0,0.0,0,0.0,1000,46.2962962962963
ndvi_raw_0bf86c8b-2779-4a98-ba25-7cf9518ee316_2026-02-20.tiff,0bf86c8b-2779-4a98-ba25-7cf9518ee316,GTiff,float64,,54,40,3,EPSG:3857,-5563483.764250129,-2540836.1239292505,-5562905.099037738,-2540403.140817437,10.716022451701402,10.824577795341611,2160,2160,0,-0.03185185185185185,0.9189388356669123,0.7849626740432711,0.834318431618851,0.12782809511077672,1,0.0462962962962963,10,0.4629629629629629,38,1.7592592592592593,170,7.87037037037037,483,22.36111111111111,1458,67.5,2160,2160,0,0.0,0.0,0.0,0.0,0.0,0,0.0,2160,100.0,0,0.0,0,0.0,0,0.0,0,0.0,2160,2160,0,0.0,1.0,0.46296296296296297,0.0,0.49862637103097257,0,0.0,1160,53.70370370370371,0,0.0,0,0.0,0,0.0,1000,46.2962962962963
ndvi_raw_0bf86c8b-2779-4a98-ba25-7cf9518ee316_2026-02-25.tiff,0bf86c8b-2779-4a98-ba25-7cf9518ee316,GTiff,float64,,54,40,3,EPSG:3857,-5563483.764250129,-2540836.1239292505,-5562905.099037738,-2540403.140817437,10.716022451701402,10.824577795341611,2160,0,2160,,,,,,0,0.0,0,0.0,0,0.0,0,0.0,0,0.0,0,0.0,2160,2160,0,1.0,1.0,1.0,1.0,0.0,0,0.0,0,0.0,0,0.0,0,0.0,0,0.0,2160,100.0,2160,2160,0,0.0,1.0,0.46296296296296297,0.0,0.49862637103097257,0,0.0,1160,53.70370370370371,0,0.0,0,0.0,0,0.0,1000,46.2962962962963
ndvi_raw_258e47e0-3bdc-4419-bedd-7b85812c2113_2025-08-04.tiff,258e47e0-3bdc-4419-bedd-7b85812c2113,GTiff,float64,,89,56,3,EPSG:3857,-5564366.093201181,-2541569.35158117,-5563405.424976653,-2540964.773662794,10.794024994691018,10.796034256719784,4984,0,4984,,,,,,0,0.0,0,0.0,0,0.0,0,0.0,0,0.0,0,0.0,4984,4984,0,1.0,1.0,1.0,1.0,0.0,0,0.0,0,0.0,0,0.0,0,0.0,0,0.0,4984,100.0,4984,4984,0,0.0,1.0,0.41914125200642055,0.0,0.493418547353979,0,0.0,2895,58.08587479935795,0,0.0,0,0.0,0,0.0,2089,41.914125200642054
ndvi_raw_258e47e0-3bdc-4419-bedd-7b85812c2113_2025-08-06.tiff,258e47e0-3bdc-4419-bedd-7b85812c2113,GTiff,float64,,89,56,3,EPSG:3857,-5564366.093201181,-2541569.35158117,-5563405.424976653,-2540964.773662794,10.794024994691018,10.796034256719784,4984,4984,0,-0.07752315943442223,0.8332034294621979,0.4324240023132742,0.4507436545965251,0.12911219017517384,8,0.16051364365971107,264,5.296950240770466,1393,27.94943820224719,2948,59.14927768860353,365,7.323434991974318,6,0.1203852327447833,4984,4984,0,0.0,0.0,0.0,0.0,0.0,0,0.0,4984,100.0,0,0.0,0,0.0,0,0.0,0,0.0,4984,4984,0,0.0,1.0,0.41914125200642055,0.0,0.493418547353979,0,0.0,2895,58.08587479935795,0,0.0,0,0.0,0,0.0,2089,41.914125200642054
ndvi_raw_258e47e0-3bdc-4419-bedd-7b85812c2113_2025-08-09.tiff,258e47e0-3bdc-4419-bedd-7b85812c2113,GTiff,float64,,89,56,3,EPSG:3857,-5564366.093201181,-2541569.35158117,-5563405.424976653,-2540964.773662794,10.794024994691018,10.796034256719784,4984,4984,0,-0.08788853161843516,0.8696724198661501,0.43604799413394535,0.4531008418600564,0.12707050176970416,4,0.08025682182985554,214,4.293739967897271,1415,28.390850722311395,2964,59.47030497592295,379,7.604333868378813,8,0.16051364365971107,4984,4984,0,0.0,0.0,0.0,0.0,0.0,0,0.0,4984,100.0,0,0.0,0,0.0,0,0.0,0,0.0,4984,4984,0,0.0,1.0,0.41914125200642055,0.0,0.493418547353979,0,0.0,2895,58.08587479935795,0,0.0,0,0.0,0,0.0,2089,41.914125200642054
ndvi_raw_258e47e0-3bdc-4419-bedd-7b85812c2113_2025-08-14.tiff,258e47e0-3bdc-4419-bedd-7b85812c2113,GTiff,float64,,89,56,3,EPSG:3857,-5564366.093201181,-2541569.35158117,-5563405.424976653,-2540964.773662794,10.794024994691018,10.796034256719784,4984,4984,0,-0.03202846975088968,0.8720345075485263,0.3928488303069812,0.40556437836972187,0.11727371628079068,4,0.08025682182985554,294,5.8988764044943816,2092,41.974317817014445,2457,49.29775280898877,130,2.608346709470305,7,0.1404494382022472,4984,4984,0,0.0,0.0,0.0,0.0,0.0,0,0.0,4984,100.0,0,0.0,0,0.0,0,0.0,0,0.0,4984,4984,0,0.0,1.0,0.41914125200642055,0.0,0.493418547353979,0,0.0,2895,58.08587479935795,0,0.0,0,0.0,0,0.0,2089,41.914125200642054
ndvi_raw_258e47e0-3bdc-4419-bedd-7b85812c2113_2025-08-19.tiff,258e47e0-3bdc-4419-bedd-7b85812c2113,GTiff,float64,,89,56,3,EPSG:3857,-5564366.093201181,-2541569.35158117,-5563405.424976653,-2540964.773662794,10.794024994691018,10.796034256719784,4984,0,4984,,,,,,0,0.0,0,0.0,0,0.0,0,0.0,0,0.0,0,0.0,4984,4984,0,1.0,1.0,1.0,1.0,0.0,0,0.0,0,0.0,0,0.0,0,0.0,0,0.0,4984,100.0,4984,4984,0,0.0,1.0,0.41914125200642055,0.0,0.493418547353979,0,0.0,2895,58.08587479935795,0,0.0,0,0.0,0,0.0,2089,41.914125200642054
ndvi_raw_258e47e0-3bdc-4419-bedd-7b85812c2113_2025-08-24.tiff,258e47e0-3bdc-4419-bedd-7b85812c2113,GTiff,float64,,89,56,3,EPSG:3857,-5564366.093201181,-2541569.35158117,-5563405.424976653,-2540964.773662794,10.794024994691018,10.796034256719784,4984,0,4984,,,,,,0,0.0,0,0.0,0,0.0,0,0.0,0,0.0,0,0.0,4984,4984,0,1.0,1.0,1.0,1.0,0.0,0,0.0,0,0.0,0,0.0,0,0.0,0,0.0,4984,100.0,4984,4984,0,0.0,1.0,0.41914125200642055,0.0,0.493418547353979,0,0.0,2895,58.08587479935795,0,0.0,0,0.0,0,0.0,2089,41.914125200642054
ndvi_raw_258e47e0-3bdc-4419-bedd-7b85812c2113_2025-08-26.tiff,258e47e0-3bdc-4419-bedd-7b85812c2113,GTiff,float64,,89,56,3,EPSG:3857,-5564366.093201181,-2541569.35158117,-5563405.424976653,-2540964.773662794,10.794024994691018,10.796034256719784,4984,4984,0,-0.07121786767804467,0.7517416086130463,0.3157530418473679,0.32686594291340787,0.09729054074293449,6,0.1203852327447833,689,13.824237560192618,3438,68.98073836276083,834,16.73354735152488,17,0.34109149277688605,0,0.0,4984,4984,0,0.0,0.0,0.0,0.0,0.0,0,0.0,4984,100.0,0,0.0,0,0.0,0,0.0,0,0.0,4984,4984,0,0.0,1.0,0.41914125200642055,0.0,0.493418547353979,0,0.0,2895,58.08587479935795,0,0.0,0,0.0,0,0.0,2089,41.914125200642054
ndvi_raw_258e47e0-3bdc-4419-bedd-7b85812c2113_2025-08-29.tiff,258e47e0-3bdc-4419-bedd-7b85812c2113,GTiff,float64,,89,56,3,EPSG:3857,-5564366.093201181,-2541569.35158117,-5563405.424976653,-2540964.773662794,10.794024994691018,10.796034256719784,4984,4984,0,-0.05344044708347887,0.7639751552795031,0.3129091443629092,0.3232262998237527,0.1001445154362002,4,0.08025682182985554,780,15.65008025682183,3347,67.15489566613162,830,16.653290529695024,23,0.4614767255216694,0,0.0,4984,4984,0,0.0,0.0,0.0,0.0,0.0,0,0.0,4984,100.0,0,0.0,0,0.0,0,0.0,0,0.0,4984,4984,0,0.0,1.0,0.41914125200642055,0.0,0.493418547353979,0,0.0,2895,58.08587479935795,0,0.0,0,0.0,0,0.0,2089,41.914125200642054
ndvi_raw_258e47e0-3bdc-4419-bedd-7b85812c2113_2025-09-03.tiff,258e47e0-3bdc-4419-bedd-7b85812c2113,GTiff,float64,,89,56,3,EPSG:3857,-5564366.093201181,-2541569.35158117,-5563405.424976653,-2540964.773662794,10.794024994691018,10.796034256719784,4984,4984,0,-0.04462474645030426,0.7859922178988327,0.2857614047192036,0.2902451299250268,0.09583971641450459,4,0.08025682182985554,998,20.024077046548957,3496,70.14446227929373,461,9.249598715890851,25,0.5016051364365971,0,0.0,4984,4984,0,0.0,0.0,0.0,0.0,0.0,0,0.0,4984,100.0,0,0.0,0,0.0,0,0.0,0,0.0,4984,4984,0,0.0,1.0,0.41914125200642055,0.0,0.493418547353979,0,0.0,2895,58.08587479935795,0,0.0,0,0.0,0,0.0,2089,41.914125200642054
ndvi_raw_258e47e0-3bdc-4419-bedd-7b85812c2113_2025-09-08.tiff,258e47e0-3bdc-4419-bedd-7b85812c2113,GTiff,float64,,89,56,3,EPSG:3857,-5564366.093201181,-2541569.35158117,-5563405.424976653,-2540964.773662794,10.794024994691018,10.796034256719784,4984,4984,0,-0.08445040214477212,0.7707595970596243,0.2682361113200934,0.2736056214317084,0.08904040696022504,6,0.1203852327447833,1120,22.47191011235955,3579,71.80979133226325,263,5.276886035313002,16,0.32102728731942215,0,0.0,4984,4984,0,0.0,0.0,0.0,0.0,0.0,0,0.0,4984,100.0,0,0.0,0,0.0,0,0.0,0,0.0,4984,4984,0,0.0,1.0,0.41914125200642055,0.0,0.493418547353979,0,0.0,2895,58.08587479935795,0,0.0,0,0.0,0,0.0,2089,41.914125200642054
ndvi_raw_258e47e0-3bdc-4419-bedd-7b85812c2113_2025-09-13.tiff,258e47e0-3bdc-4419-bedd-7b85812c2113,GTiff,float64,,89,56,3,EPSG:3857,-5564366.093201181,-2541569.35158117,-5563405.424976653,-2540964.773662794,10.794024994691018,10.796034256719784,4984,4984,0,-0.050243111831442464,0.8288100208768268,0.27114666999404125,0.27456628821687357,0.089055888545426,8,0.16051364365971107,1029,20.646067415730336,3638,72.9935794542536,285,5.718298555377207,22,0.44141252006420545,2,0.04012841091492777,4984,4984,0,0.0,0.0,0.0,0.0,0.0,0,0.0,4984,100.0,0,0.0,0,0.0,0,0.0,0,0.0,4984,4984,0,0.0,1.0,0.41914125200642055,0.0,0.493418547353979,0,0.0,2895,58.08587479935795,0,0.0,0,0.0,0,0.0,2089,41.914125200642054
ndvi_raw_258e47e0-3bdc-4419-bedd-7b85812c2113_2025-09-15.tiff,258e47e0-3bdc-4419-bedd-7b85812c2113,GTiff,float64,,89,56,3,EPSG:3857,-5564366.093201181,-2541569.35158117,-5563405.424976653,-2540964.773662794,10.794024994691018,10.796034256719784,4984,4984,0,-0.03260384100044663,0.7736761151395297,0.25892716735076415,0.2612348093861094,0.0833721926535135,4,0.08025682182985554,1154,23.15409309791332,3622,72.6725521669342,191,3.832263242375602,13,0.2608346709470305,0,0.0,4984,4984,0,0.0,0.0,0.0,0.0,0.0,0,0.0,4984,100.0,0,0.0,0,0.0,0,0.0,0,0.0,4984,4984,0,0.0,1.0,0.41914125200642055,0.0,0.493418547353979,0,0.0,2895,58.08587479935795,0,0.0,0,0.0,0,0.0,2089,41.914125200642054
ndvi_raw_258e47e0-3bdc-4419-bedd-7b85812c2113_2025-09-18.tiff,258e47e0-3bdc-4419-bedd-7b85812c2113,GTiff,float64,,89,56,3,EPSG:3857,-5564366.093201181,-2541569.35158117,-5563405.424976653,-2540964.773662794,10.794024994691018,10.796034256719784,4984,4984,0,-0.0607621009268795,0.819377990430622,0.2756632019740665,0.27734478467116747,0.08728138743614379,5,0.10032102728731941,941,18.880417335473513,3716,74.5585874799358,298,5.979133226324238,21,0.42134831460674155,3,0.06019261637239165,4984,4984,0,0.0,0.0,0.0,0.0,0.0,0,0.0,4984,100.0,0,0.0,0,0.0,0,0.0,0,0.0,4984,4984,0,0.0,1.0,0.41914125200642055,0.0,0.493418547353979,0,0.0,2895,58.08587479935795,0,0.0,0,0.0,0,0.0,2089,41.914125200642054
ndvi_raw_258e47e0-3bdc-4419-bedd-7b85812c2113_2025-09-23.tiff,258e47e0-3bdc-4419-bedd-7b85812c2113,GTiff,float64,,89,56,3,EPSG:3857,-5564366.093201181,-2541569.35158117,-5563405.424976653,-2540964.773662794,10.794024994691018,10.796034256719784,4984,4984,0,-0.07026419336706015,0.8370204424530944,0.2689730156767055,0.26456107376057564,0.09287224157314111,9,0.18057784911717495,1193,23.936597110754416,3403,68.27849117174961,352,7.062600321027287,22,0.44141252006420545,5,0.10032102728731941,4984,4984,0,0.0,1.0,0.13543338683788123,0.0,0.342185891830014,0,0.0,4309,86.45666131621188,0,0.0,0,0.0,0,0.0,675,13.543338683788123,4984,4984,0,0.0,1.0,0.41914125200642055,0.0,0.493418547353979,0,0.0,2895,58.08587479935795,0,0.0,0,0.0,0,0.0,2089,41.914125200642054
ndvi_raw_258e47e0-3bdc-4419-bedd-7b85812c2113_2025-09-28.tiff,258e47e0-3bdc-4419-bedd-7b85812c2113,GTiff,float64,,89,56,3,EPSG:3857,-5564366.093201181,-2541569.35158117,-5563405.424976653,-2540964.773662794,10.794024994691018,10.796034256719784,4984,0,4984,,,,,,0,0.0,0,0.0,0,0.0,0,0.0,0,0.0,0,0.0,4984,4984,0,1.0,1.0,1.0,1.0,0.0,0,0.0,0,0.0,0,0.0,0,0.0,0,0.0,4984,100.0,4984,4984,0,0.0,1.0,0.41914125200642055,0.0,0.493418547353979,0,0.0,2895,58.08587479935795,0,0.0,0,0.0,0,0.0,2089,41.914125200642054
ndvi_raw_258e47e0-3bdc-4419-bedd-7b85812c2113_2025-10-03.tiff,258e47e0-3bdc-4419-bedd-7b85812c2113,GTiff,float64,,89,56,3,EPSG:3857,-5564366.093201181,-2541569.35158117,-5563405.424976653,-2540964.773662794,10.794024994691018,10.796034256719784,4984,4984,0,-0.0691114245416079,0.7131062951496389,0.22040417408561347,0.21894860638340446,0.06560974482893048,7,0.1404494382022472,1710,34.30979133226324,3175,63.70385232744783,82,1.6452648475120384,10,0.20064205457463882,0,0.0,4984,4984,0,0.0,0.0,0.0,0.0,0.0,0,0.0,4984,100.0,0,0.0,0,0.0,0,0.0,0,0.0,4984,4984,0,0.0,1.0,0.41914125200642055,0.0,0.493418547353979,0,0.0,2895,58.08587479935795,0,0.0,0,0.0,0,0.0,2089,41.914125200642054
ndvi_raw_258e47e0-3bdc-4419-bedd-7b85812c2113_2025-10-08.tiff,258e47e0-3bdc-4419-bedd-7b85812c2113,GTiff,float64,,89,56,3,EPSG:3857,-5564366.093201181,-2541569.35158117,-5563405.424976653,-2540964.773662794,10.794024994691018,10.796034256719784,4984,0,4984,,,,,,0,0.0,0,0.0,0,0.0,0,0.0,0,0.0,0,0.0,4984,4984,0,1.0,1.0,1.0,1.0,0.0,0,0.0,0,0.0,0,0.0,0,0.0,0,0.0,4984,100.0,4984,4984,0,0.0,1.0,0.41914125200642055,0.0,0.493418547353979,0,0.0,2895,58.08587479935795,0,0.0,0,0.0,0,0.0,2089,41.914125200642054
ndvi_raw_258e47e0-3bdc-4419-bedd-7b85812c2113_2025-10-13.tiff,258e47e0-3bdc-4419-bedd-7b85812c2113,GTiff,float64,,89,56,3,EPSG:3857,-5564366.093201181,-2541569.35158117,-5563405.424976653,-2540964.773662794,10.794024994691018,10.796034256719784,4984,0,4984,,,,,,0,0.0,0,0.0,0,0.0,0,0.0,0,0.0,0,0.0,4984,4984,0,1.0,1.0,1.0,1.0,0.0,0,0.0,0,0.0,0,0.0,0,0.0,0,0.0,4984,100.0,4984,4984,0,0.0,1.0,0.41914125200642055,0.0,0.493418547353979,0,0.0,2895,58.08587479935795,0,0.0,0,0.0,0,0.0,2089,41.914125200642054
ndvi_raw_258e47e0-3bdc-4419-bedd-7b85812c2113_2025-10-15.tiff,258e47e0-3bdc-4419-bedd-7b85812c2113,GTiff,float64,,89,56,3,EPSG:3857,-5564366.093201181,-2541569.35158117,-5563405.424976653,-2540964.773662794,10.794024994691018,10.796034256719784,4984,0,4984,,,,,,0,0.0,0,0.0,0,0.0,0,0.0,0,0.0,0,0.0,4984,4984,0,1.0,1.0,1.0,1.0,0.0,0,0.0,0,0.0,0,0.0,0,0.0,0,0.0,4984,100.0,4984,4984,0,0.0,1.0,0.41914125200642055,0.0,0.493418547353979,0,0.0,2895,58.08587479935795,0,0.0,0,0.0,0,0.0,2089,41.914125200642054
ndvi_raw_258e47e0-3bdc-4419-bedd-7b85812c2113_2025-10-18.tiff,258e47e0-3bdc-4419-bedd-7b85812c2113,GTiff,float64,,89,56,3,EPSG:3857,-5564366.093201181,-2541569.35158117,-5563405.424976653,-2540964.773662794,10.794024994691018,10.796034256719784,4984,0,4984,,,,,,0,0.0,0,0.0,0,0.0,0,0.0,0,0.0,0,0.0,4984,4984,0,1.0,1.0,1.0,1.0,0.0,0,0.0,0,0.0,0,0.0,0,0.0,0,0.0,4984,100.0,4984,4984,0,0.0,1.0,0.41914125200642055,0.0,0.493418547353979,0,0.0,2895,58.08587479935795,0,0.0,0,0.0,0,0.0,2089,41.914125200642054
ndvi_raw_258e47e0-3bdc-4419-bedd-7b85812c2113_2025-10-23.tiff,258e47e0-3bdc-4419-bedd-7b85812c2113,GTiff,float64,,89,56,3,EPSG:3857,-5564366.093201181,-2541569.35158117,-5563405.424976653,-2540964.773662794,10.794024994691018,10.796034256719784,4984,4984,0,-0.0499001996007984,0.8490765171503958,0.33915787054744606,0.3398380174991869,0.11025893065672968,7,0.1404494382022472,482,9.670947030497592,3223,64.6669341894061,1206,24.197431781701447,63,1.2640449438202246,3,0.06019261637239165,4984,4984,0,0.0,0.0,0.0,0.0,0.0,0,0.0,4984,100.0,0,0.0,0,0.0,0,0.0,0,0.0,4984,4984,0,0.0,1.0,0.41914125200642055,0.0,0.493418547353979,0,0.0,2895,58.08587479935795,0,0.0,0,0.0,0,0.0,2089,41.914125200642054
ndvi_raw_258e47e0-3bdc-4419-bedd-7b85812c2113_2025-10-28.tiff,258e47e0-3bdc-4419-bedd-7b85812c2113,GTiff,float64,,89,56,3,EPSG:3857,-5564366.093201181,-2541569.35158117,-5563405.424976653,-2540964.773662794,10.794024994691018,10.796034256719784,4984,0,4984,,,,,,0,0.0,0,0.0,0,0.0,0,0.0,0,0.0,0,0.0,4984,4984,0,1.0,1.0,1.0,1.0,0.0,0,0.0,0,0.0,0,0.0,0,0.0,0,0.0,4984,100.0,4984,4984,0,0.0,1.0,0.41914125200642055,0.0,0.493418547353979,0,0.0,2895,58.08587479935795,0,0.0,0,0.0,0,0.0,2089,41.914125200642054
ndvi_raw_258e47e0-3bdc-4419-bedd-7b85812c2113_2025-11-02.tiff,258e47e0-3bdc-4419-bedd-7b85812c2113,GTiff,float64,,89,56,3,EPSG:3857,-5564366.093201181,-2541569.35158117,-5563405.424976653,-2540964.773662794,10.794024994691018,10.796034256719784,4984,0,4984,,,,,,0,0.0,0,0.0,0,0.0,0,0.0,0,0.0,0,0.0,4984,4984,0,1.0,1.0,1.0,1.0,0.0,0,0.0,0,0.0,0,0.0,0,0.0,0,0.0,4984,100.0,4984,4984,0,0.0,1.0,0.41914125200642055,0.0,0.493418547353979,0,0.0,2895,58.08587479935795,0,0.0,0,0.0,0,0.0,2089,41.914125200642054
ndvi_raw_258e47e0-3bdc-4419-bedd-7b85812c2113_2025-11-04.tiff,258e47e0-3bdc-4419-bedd-7b85812c2113,GTiff,float64,,89,56,3,EPSG:3857,-5564366.093201181,-2541569.35158117,-5563405.424976653,-2540964.773662794,10.794024994691018,10.796034256719784,4984,4984,0,-0.07785753727222529,0.8207914701660857,0.3622597346852482,0.3684867361774953,0.18145336941248588,1,0.020064205457463884,1380,27.68860353130016,1398,28.04975922953451,1666,33.42696629213483,531,10.654093097913323,8,0.16051364365971107,4984,4984,0,0.0,1.0,0.18418940609951845,0.0,0.38763858009778274,0,0.0,4066,81.58105939004815,0,0.0,0,0.0,0,0.0,918,18.418940609951846,4984,4984,0,0.0,1.0,0.41914125200642055,0.0,0.493418547353979,0,0.0,2895,58.08587479935795,0,0.0,0,0.0,0,0.0,2089,41.914125200642054
ndvi_raw_258e47e0-3bdc-4419-bedd-7b85812c2113_2025-11-07.tiff,258e47e0-3bdc-4419-bedd-7b85812c2113,GTiff,float64,,89,56,3,EPSG:3857,-5564366.093201181,-2541569.35158117,-5563405.424976653,-2540964.773662794,10.794024994691018,10.796034256719784,4984,4984,0,-0.09112709832134293,0.8564165141346349,0.32194298288082623,0.27355848938497046,0.17432818856838275,5,0.10032102728731941,1751,35.13242375601926,1736,34.831460674157306,1019,20.445425361155696,449,9.008828250401283,24,0.4815409309791332,4984,4984,0,0.0,0.0,0.0,0.0,0.0,0,0.0,4984,100.0,0,0.0,0,0.0,0,0.0,0,0.0,4984,4984,0,0.0,1.0,0.41914125200642055,0.0,0.493418547353979,0,0.0,2895,58.08587479935795,0,0.0,0,0.0,0,0.0,2089,41.914125200642054
ndvi_raw_258e47e0-3bdc-4419-bedd-7b85812c2113_2025-11-12.tiff,258e47e0-3bdc-4419-bedd-7b85812c2113,GTiff,float64,,89,56,3,EPSG:3857,-5564366.093201181,-2541569.35158117,-5563405.424976653,-2540964.773662794,10.794024994691018,10.796034256719784,4984,4984,0,-0.05190311418685121,0.8645716423494201,0.31993406785946576,0.27411790488713567,0.18043183122755665,9,0.18057784911717495,1861,37.33948635634029,1600,32.102728731942214,997,20.00401284109149,496,9.951845906902086,21,0.42134831460674155,4984,4984,0,0.0,0.0,0.0,0.0,0.0,0,0.0,4984,100.0,0,0.0,0,0.0,0,0.0,0,0.0,4984,4984,0,0.0,1.0,0.41914125200642055,0.0,0.493418547353979,0,0.0,2895,58.08587479935795,0,0.0,0,0.0,0,0.0,2089,41.914125200642054
ndvi_raw_258e47e0-3bdc-4419-bedd-7b85812c2113_2025-11-17.tiff,258e47e0-3bdc-4419-bedd-7b85812c2113,GTiff,float64,,89,56,3,EPSG:3857,-5564366.093201181,-2541569.35158117,-5563405.424976653,-2540964.773662794,10.794024994691018,10.796034256719784,4984,0,4984,,,,,,0,0.0,0,0.0,0,0.0,0,0.0,0,0.0,0,0.0,4984,4984,0,1.0,1.0,1.0,1.0,0.0,0,0.0,0,0.0,0,0.0,0,0.0,0,0.0,4984,100.0,4984,4984,0,0.0,1.0,0.41914125200642055,0.0,0.493418547353979,0,0.0,2895,58.08587479935795,0,0.0,0,0.0,0,0.0,2089,41.914125200642054
ndvi_raw_258e47e0-3bdc-4419-bedd-7b85812c2113_2025-11-22.tiff,258e47e0-3bdc-4419-bedd-7b85812c2113,GTiff,float64,,89,56,3,EPSG:3857,-5564366.093201181,-2541569.35158117,-5563405.424976653,-2540964.773662794,10.794024994691018,10.796034256719784,4984,4984,0,-0.07556935817805382,0.8831615120274914,0.3309506947652901,0.28208728099499386,0.1900708890597054,7,0.1404494382022472,1745,35.012038523274484,1701,34.12921348314607,907,18.198234349919744,573,11.496789727126806,51,1.0232744783306582,4984,4984,0,0.0,0.0,0.0,0.0,0.0,0,0.0,4984,100.0,0,0.0,0,0.0,0,0.0,0,0.0,4984,4984,0,0.0,1.0,0.41914125200642055,0.0,0.493418547353979,0,0.0,2895,58.08587479935795,0,0.0,0,0.0,0,0.0,2089,41.914125200642054
ndvi_raw_258e47e0-3bdc-4419-bedd-7b85812c2113_2025-11-24.tiff,258e47e0-3bdc-4419-bedd-7b85812c2113,GTiff,float64,,89,56,3,EPSG:3857,-5564366.093201181,-2541569.35158117,-5563405.424976653,-2540964.773662794,10.794024994691018,10.796034256719784,4984,4984,0,-0.1944586967675731,0.9063555913113436,0.3963530198473731,0.3702924394078166,0.21418982589714375,21,0.42134831460674155,1195,23.976725521669344,1470,29.49438202247191,1252,25.120385232744784,843,16.914125200642054,203,4.073033707865169,4984,4984,0,0.0,1.0,0.0008025682182985554,0.0,0.02831826446930554,0,0.0,4980,99.91974317817014,0,0.0,0,0.0,0,0.0,4,0.08025682182985554,4984,4984,0,0.0,1.0,0.41914125200642055,0.0,0.493418547353979,0,0.0,2895,58.08587479935795,0,0.0,0,0.0,0,0.0,2089,41.914125200642054
ndvi_raw_258e47e0-3bdc-4419-bedd-7b85812c2113_2025-11-27.tiff,258e47e0-3bdc-4419-bedd-7b85812c2113,GTiff,float64,,89,56,3,EPSG:3857,-5564366.093201181,-2541569.35158117,-5563405.424976653,-2540964.773662794,10.794024994691018,10.796034256719784,4984,4984,0,-0.0785282811641955,0.8354066985645933,0.3771982908017374,0.3424003829319444,0.16633147974846593,7,0.1404494382022472,591,11.857945425361157,2530,50.76243980738363,1203,24.137239165329053,632,12.680577849117174,21,0.42134831460674155,4984,4984,0,0.0,0.0,0.0,0.0,0.0,0,0.0,4984,100.0,0,0.0,0,0.0,0,0.0,0,0.0,4984,4984,0,0.0,1.0,0.41914125200642055,0.0,0.493418547353979,0,0.0,2895,58.08587479935795,0,0.0,0,0.0,0,0.0,2089,41.914125200642054
ndvi_raw_258e47e0-3bdc-4419-bedd-7b85812c2113_2025-12-02.tiff,258e47e0-3bdc-4419-bedd-7b85812c2113,GTiff,float64,,89,56,3,EPSG:3857,-5564366.093201181,-2541569.35158117,-5563405.424976653,-2540964.773662794,10.794024994691018,10.796034256719784,4984,0,4984,,,,,,0,0.0,0,0.0,0,0.0,0,0.0,0,0.0,0,0.0,4984,4984,0,1.0,1.0,1.0,1.0,0.0,0,0.0,0,0.0,0,0.0,0,0.0,0,0.0,4984,100.0,4984,4984,0,0.0,1.0,0.41914125200642055,0.0,0.493418547353979,0,0.0,2895,58.08587479935795,0,0.0,0,0.0,0,0.0,2089,41.914125200642054
ndvi_raw_258e47e0-3bdc-4419-bedd-7b85812c2113_2025-12-07.tiff,258e47e0-3bdc-4419-bedd-7b85812c2113,GTiff,float64,,89,56,3,EPSG:3857,-5564366.093201181,-2541569.35158117,-5563405.424976653,-2540964.773662794,10.794024994691018,10.796034256719784,4984,0,4984,,,,,,0,0.0,0,0.0,0,0.0,0,0.0,0,0.0,0,0.0,4984,4984,0,1.0,1.0,1.0,1.0,0.0,0,0.0,0,0.0,0,0.0,0,0.0,0,0.0,4984,100.0,4984,4984,0,0.0,1.0,0.41914125200642055,0.0,0.493418547353979,0,0.0,2895,58.08587479935795,0,0.0,0,0.0,0,0.0,2089,41.914125200642054
ndvi_raw_258e47e0-3bdc-4419-bedd-7b85812c2113_2025-12-12.tiff,258e47e0-3bdc-4419-bedd-7b85812c2113,GTiff,float64,,89,56,3,EPSG:3857,-5564366.093201181,-2541569.35158117,-5563405.424976653,-2540964.773662794,10.794024994691018,10.796034256719784,4984,0,4984,,,,,,0,0.0,0,0.0,0,0.0,0,0.0,0,0.0,0,0.0,4984,4984,0,1.0,1.0,1.0,1.0,0.0,0,0.0,0,0.0,0,0.0,0,0.0,0,0.0,4984,100.0,4984,4984,0,0.0,1.0,0.41914125200642055,0.0,0.493418547353979,0,0.0,2895,58.08587479935795,0,0.0,0,0.0,0,0.0,2089,41.914125200642054
ndvi_raw_258e47e0-3bdc-4419-bedd-7b85812c2113_2025-12-14.tiff,258e47e0-3bdc-4419-bedd-7b85812c2113,GTiff,float64,,89,56,3,EPSG:3857,-5564366.093201181,-2541569.35158117,-5563405.424976653,-2540964.773662794,10.794024994691018,10.796034256719784,4984,0,4984,,,,,,0,0.0,0,0.0,0,0.0,0,0.0,0,0.0,0,0.0,4984,4984,0,1.0,1.0,1.0,1.0,0.0,0,0.0,0,0.0,0,0.0,0,0.0,0,0.0,4984,100.0,4984,4984,0,0.0,1.0,0.41914125200642055,0.0,0.493418547353979,0,0.0,2895,58.08587479935795,0,0.0,0,0.0,0,0.0,2089,41.914125200642054
ndvi_raw_258e47e0-3bdc-4419-bedd-7b85812c2113_2025-12-17.tiff,258e47e0-3bdc-4419-bedd-7b85812c2113,GTiff,float64,,89,56,3,EPSG:3857,-5564366.093201181,-2541569.35158117,-5563405.424976653,-2540964.773662794,10.794024994691018,10.796034256719784,4984,4984,0,-0.05674846625766871,0.8534728829686014,0.4470499186688334,0.443758050140055,0.1481636992054596,2,0.04012841091492777,186,3.7319422150882824,1793,35.97512038523274,2145,43.03772070626003,829,16.63322632423756,29,0.5818619582664527,4984,4984,0,0.0,1.0,0.27347512038523275,0.0,0.44574261509924673,0,0.0,3621,72.65248796147674,0,0.0,0,0.0,0,0.0,1363,27.347512038523274,4984,4984,0,0.0,1.0,0.41914125200642055,0.0,0.493418547353979,0,0.0,2895,58.08587479935795,0,0.0,0,0.0,0,0.0,2089,41.914125200642054
ndvi_raw_258e47e0-3bdc-4419-bedd-7b85812c2113_2025-12-27.tiff,258e47e0-3bdc-4419-bedd-7b85812c2113,GTiff,float64,,89,56,3,EPSG:3857,-5564366.093201181,-2541569.35158117,-5563405.424976653,-2540964.773662794,10.794024994691018,10.796034256719784,4984,4984,0,-0.1331348362398979,0.8750335210512201,0.5723111437471546,0.6007405129803891,0.15814052503243892,13,0.2608346709470305,177,3.5513643659711076,448,8.98876404494382,1836,36.83788121990369,2378,47.71268057784911,132,2.648475120385233,4984,4984,0,0.0,0.0,0.0,0.0,0.0,0,0.0,4984,100.0,0,0.0,0,0.0,0,0.0,0,0.0,4984,4984,0,0.0,1.0,0.41914125200642055,0.0,0.493418547353979,0,0.0,2895,58.08587479935795,0,0.0,0,0.0,0,0.0,2089,41.914125200642054
ndvi_raw_258e47e0-3bdc-4419-bedd-7b85812c2113_2026-01-01.tiff,258e47e0-3bdc-4419-bedd-7b85812c2113,GTiff,float64,,89,56,3,EPSG:3857,-5564366.093201181,-2541569.35158117,-5563405.424976653,-2540964.773662794,10.794024994691018,10.796034256719784,4984,4984,0,-0.10434393193013883,0.8810765699979136,0.6553950284305196,0.7023445463812437,0.16666786155418406,11,0.22070626003210272,161,3.2303370786516856,296,5.9390048154093105,682,13.68378812199037,3202,64.24558587479936,632,12.680577849117174,4984,4984,0,0.0,0.0,0.0,0.0,0.0,0,0.0,4984,100.0,0,0.0,0,0.0,0,0.0,0,0.0,4984,4984,0,0.0,1.0,0.41914125200642055,0.0,0.493418547353979,0,0.0,2895,58.08587479935795,0,0.0,0,0.0,0,0.0,2089,41.914125200642054
ndvi_raw_258e47e0-3bdc-4419-bedd-7b85812c2113_2026-01-03.tiff,258e47e0-3bdc-4419-bedd-7b85812c2113,GTiff,float64,,89,56,3,EPSG:3857,-5564366.093201181,-2541569.35158117,-5563405.424976653,-2540964.773662794,10.794024994691018,10.796034256719784,4984,0,4984,,,,,,0,0.0,0,0.0,0,0.0,0,0.0,0,0.0,0,0.0,4984,4984,0,1.0,1.0,1.0,1.0,0.0,0,0.0,0,0.0,0,0.0,0,0.0,0,0.0,4984,100.0,4984,4984,0,0.0,1.0,0.41914125200642055,0.0,0.493418547353979,0,0.0,2895,58.08587479935795,0,0.0,0,0.0,0,0.0,2089,41.914125200642054
ndvi_raw_258e47e0-3bdc-4419-bedd-7b85812c2113_2026-01-06.tiff,258e47e0-3bdc-4419-bedd-7b85812c2113,GTiff,float64,,89,56,3,EPSG:3857,-5564366.093201181,-2541569.35158117,-5563405.424976653,-2540964.773662794,10.794024994691018,10.796034256719784,4984,4984,0,0.020126509488211614,0.8469275498978469,0.2405794652680012,0.14107689602973644,0.22116576596207002,0,0.0,3185,63.90449438202247,799,16.03130016051364,369,7.403691813804174,538,10.79454253611557,93,1.8659711075441412,4984,4984,0,0.0,1.0,0.8850321027287319,1.0,0.3189831968431742,0,0.0,573,11.496789727126806,0,0.0,0,0.0,0,0.0,4411,88.50321027287319,4984,4984,0,0.0,1.0,0.41914125200642055,0.0,0.493418547353979,0,0.0,2895,58.08587479935795,0,0.0,0,0.0,0,0.0,2089,41.914125200642054
ndvi_raw_258e47e0-3bdc-4419-bedd-7b85812c2113_2026-01-11.tiff,258e47e0-3bdc-4419-bedd-7b85812c2113,GTiff,float64,,89,56,3,EPSG:3857,-5564366.093201181,-2541569.35158117,-5563405.424976653,-2540964.773662794,10.794024994691018,10.796034256719784,4984,4984,0,0.13994910941475827,0.8013964313421257,0.2873695433952576,0.28162450108976167,0.08274729707187493,0,0.0,791,15.870786516853933,3788,76.00321027287319,372,7.463884430176565,32,0.6420545746388443,1,0.020064205457463884,4984,4984,0,0.0,1.0,0.8768057784911717,1.0,0.3286600147502918,0,0.0,614,12.319422150882826,0,0.0,0,0.0,0,0.0,4370,87.68057784911717,4984,4984,0,0.0,1.0,0.41914125200642055,0.0,0.493418547353979,0,0.0,2895,58.08587479935795,0,0.0,0,0.0,0,0.0,2089,41.914125200642054
ndvi_raw_258e47e0-3bdc-4419-bedd-7b85812c2113_2026-01-16.tiff,258e47e0-3bdc-4419-bedd-7b85812c2113,GTiff,float64,,89,56,3,EPSG:3857,-5564366.093201181,-2541569.35158117,-5563405.424976653,-2540964.773662794,10.794024994691018,10.796034256719784,4984,4984,0,-0.10372129849564529,0.9280993044267997,0.754683381459946,0.8513894510263289,0.20024528202105935,13,0.2608346709470305,168,3.3707865168539324,233,4.674959871589085,401,8.045746388443018,1073,21.52889245585875,3096,62.11878009630819,4984,4984,0,0.0,0.0,0.0,0.0,0.0,0,0.0,4984,100.0,0,0.0,0,0.0,0,0.0,0,0.0,4984,4984,0,0.0,1.0,0.41914125200642055,0.0,0.493418547353979,0,0.0,2895,58.08587479935795,0,0.0,0,0.0,0,0.0,2089,41.914125200642054
ndvi_raw_258e47e0-3bdc-4419-bedd-7b85812c2113_2026-01-21.tiff,258e47e0-3bdc-4419-bedd-7b85812c2113,GTiff,float64,,89,56,3,EPSG:3857,-5564366.093201181,-2541569.35158117,-5563405.424976653,-2540964.773662794,10.794024994691018,10.796034256719784,4984,4984,0,-0.06957595718402634,0.8995498041499136,0.7192681828849052,0.7879281845669506,0.1734730063307827,6,0.1203852327447833,140,2.8089887640449436,230,4.614767255216693,452,9.069020866773677,1999,40.108346709470304,2157,43.2784911717496,4984,4984,0,0.0,0.0,0.0,0.0,0.0,0,0.0,4984,100.0,0,0.0,0,0.0,0,0.0,0,0.0,4984,4984,0,0.0,1.0,0.41914125200642055,0.0,0.493418547353979,0,0.0,2895,58.08587479935795,0,0.0,0,0.0,0,0.0,2089,41.914125200642054
ndvi_raw_258e47e0-3bdc-4419-bedd-7b85812c2113_2026-01-26.tiff,258e47e0-3bdc-4419-bedd-7b85812c2113,GTiff,float64,,89,56,3,EPSG:3857,-5564366.093201181,-2541569.35158117,-5563405.424976653,-2540964.773662794,10.794024994691018,10.796034256719784,4984,4984,0,0.08048103607770583,0.8472110664881749,0.5699054717137096,0.644873239052489,0.19123095678787402,0,0.0,231,4.634831460674158,978,19.62279293739968,823,16.512841091492778,2790,55.97913322632424,162,3.250401284109149,4984,4984,0,0.0,1.0,0.059791332263242375,0.0,0.2370998288684092,0,0.0,4686,94.02086677367576,0,0.0,0,0.0,0,0.0,298,5.979133226324238,4984,4984,0,0.0,1.0,0.41914125200642055,0.0,0.493418547353979,0,0.0,2895,58.08587479935795,0,0.0,0,0.0,0,0.0,2089,41.914125200642054
ndvi_raw_258e47e0-3bdc-4419-bedd-7b85812c2113_2026-01-31.tiff,258e47e0-3bdc-4419-bedd-7b85812c2113,GTiff,float64,,89,56,3,EPSG:3857,-5564366.093201181,-2541569.35158117,-5563405.424976653,-2540964.773662794,10.794024994691018,10.796034256719784,4984,4984,0,-0.11785898095728255,0.8982471141513467,0.5730662727230033,0.6479689432226832,0.19902676424742705,17,0.34109149277688605,352,7.062600321027287,711,14.265650080256822,815,16.352327447833066,2930,58.78812199036918,159,3.1902086677367576,4984,4984,0,0.0,1.0,0.4448234349919743,0.0,0.4969462211083963,0,0.0,2767,55.51765650080257,0,0.0,0,0.0,0,0.0,2217,44.48234349919743,4984,4984,0,0.0,1.0,0.41914125200642055,0.0,0.493418547353979,0,0.0,2895,58.08587479935795,0,0.0,0,0.0,0,0.0,2089,41.914125200642054
ndvi_raw_258e47e0-3bdc-4419-bedd-7b85812c2113_2026-02-05.tiff,258e47e0-3bdc-4419-bedd-7b85812c2113,GTiff,float64,,89,56,3,EPSG:3857,-5564366.093201181,-2541569.35158117,-5563405.424976653,-2540964.773662794,10.794024994691018,10.796034256719784,4984,4984,0,-0.044697633654688866,0.8446093870561453,0.5533010060274867,0.6260541006338598,0.2352550570638832,4,0.08025682182985554,591,11.857945425361157,755,15.148475120385232,984,19.743178170144464,2239,44.92375601926163,411,8.246388443017656,4984,4984,0,0.0,1.0,0.7257223113964687,1.0,0.4461495692453772,0,0.0,1367,27.42776886035313,0,0.0,0,0.0,0,0.0,3617,72.57223113964687,4984,4984,0,0.0,1.0,0.41914125200642055,0.0,0.493418547353979,0,0.0,2895,58.08587479935795,0,0.0,0,0.0,0,0.0,2089,41.914125200642054
ndvi_raw_258e47e0-3bdc-4419-bedd-7b85812c2113_2026-02-10.tiff,258e47e0-3bdc-4419-bedd-7b85812c2113,GTiff,float64,,89,56,3,EPSG:3857,-5564366.093201181,-2541569.35158117,-5563405.424976653,-2540964.773662794,10.794024994691018,10.796034256719784,4984,0,4984,,,,,,0,0.0,0,0.0,0,0.0,0,0.0,0,0.0,0,0.0,4984,4984,0,1.0,1.0,1.0,1.0,0.0,0,0.0,0,0.0,0,0.0,0,0.0,0,0.0,4984,100.0,4984,4984,0,0.0,1.0,0.41914125200642055,0.0,0.493418547353979,0,0.0,2895,58.08587479935795,0,0.0,0,0.0,0,0.0,2089,41.914125200642054
ndvi_raw_258e47e0-3bdc-4419-bedd-7b85812c2113_2026-02-15.tiff,258e47e0-3bdc-4419-bedd-7b85812c2113,GTiff,float64,,89,56,3,EPSG:3857,-5564366.093201181,-2541569.35158117,-5563405.424976653,-2540964.773662794,10.794024994691018,10.796034256719784,4984,4984,0,0.009918845807033363,0.7743300423131171,0.5749016011452075,0.6138507577236263,0.11015696307227608,0,0.0,40,0.8025682182985553,398,7.985553772070626,1684,33.78812199036918,2862,57.42375601926164,0,0.0,4984,4984,0,0.0,1.0,0.9831460674157303,1.0,0.12872403637516405,0,0.0,84,1.6853932584269662,0,0.0,0,0.0,0,0.0,4900,98.31460674157303,4984,4984,0,0.0,1.0,0.41914125200642055,0.0,0.493418547353979,0,0.0,2895,58.08587479935795,0,0.0,0,0.0,0,0.0,2089,41.914125200642054
ndvi_raw_258e47e0-3bdc-4419-bedd-7b85812c2113_2026-02-20.tiff,258e47e0-3bdc-4419-bedd-7b85812c2113,GTiff,float64,,89,56,3,EPSG:3857,-5564366.093201181,-2541569.35158117,-5563405.424976653,-2540964.773662794,10.794024994691018,10.796034256719784,4984,4984,0,-0.06781789638932496,0.894557178076996,0.6692152357088494,0.7342335067519866,0.17266774947918437,5,0.10032102728731941,164,3.2905296950240768,291,5.83868378812199,756,15.168539325842698,2802,56.2199036918138,966,19.382022471910112,4984,4984,0,0.0,0.0,0.0,0.0,0.0,0,0.0,4984,100.0,0,0.0,0,0.0,0,0.0,0,0.0,4984,4984,0,0.0,1.0,0.41914125200642055,0.0,0.493418547353979,0,0.0,2895,58.08587479935795,0,0.0,0,0.0,0,0.0,2089,41.914125200642054
ndvi_raw_258e47e0-3bdc-4419-bedd-7b85812c2113_2026-02-25.tiff,258e47e0-3bdc-4419-bedd-7b85812c2113,GTiff,float64,,89,56,3,EPSG:3857,-5564366.093201181,-2541569.35158117,-5563405.424976653,-2540964.773662794,10.794024994691018,10.796034256719784,4984,0,4984,,,,,,0,0.0,0,0.0,0,0.0,0,0.0,0,0.0,0,0.0,4984,4984,0,1.0,1.0,1.0,1.0,0.0,0,0.0,0,0.0,0,0.0,0,0.0,0,0.0,4984,100.0,4984,4984,0,0.0,1.0,0.41914125200642055,0.0,0.493418547353979,0,0.0,2895,58.08587479935795,0,0.0,0,0.0,0,0.0,2089,41.914125200642054
ndvi_raw_b7292cb8-72bb-447a-8feb-8ac983afd50b_2025-08-04.tiff,b7292cb8-72bb-447a-8feb-8ac983afd50b,GTiff,float64,,98,55,3,EPSG:3857,-5564403.289489722,-2541812.2798863854,-5563345.576293169,-2541213.621107215,10.792991801564183,10.884705075824803,5390,0,5390,,,,,,0,0.0,0,0.0,0,0.0,0,0.0,0,0.0,0,0.0,5390,5390,0,1.0,1.0,1.0,1.0,0.0,0,0.0,0,0.0,0,0.0,0,0.0,0,0.0,5390,100.0,5390,5390,0,0.0,1.0,0.3588126159554731,0.0,0.47965208493934774,0,0.0,3456,64.11873840445269,0,0.0,0,0.0,0,0.0,1934,35.88126159554731
ndvi_raw_b7292cb8-72bb-447a-8feb-8ac983afd50b_2025-08-06.tiff,b7292cb8-72bb-447a-8feb-8ac983afd50b,GTiff,float64,,98,55,3,EPSG:3857,-5564403.289489722,-2541812.2798863854,-5563345.576293169,-2541213.621107215,10.792991801564183,10.884705075824803,5390,5390,0,0.06283662477558348,0.8610760293003283,0.4654509828710166,0.4733954071966756,0.13073061487547544,0,0.0,150,2.782931354359926,1333,24.730983302411875,3199,59.350649350649356,648,12.02226345083488,60,1.1131725417439702,5390,5390,0,0.0,0.0,0.0,0.0,0.0,0,0.0,5390,100.0,0,0.0,0,0.0,0,0.0,0,0.0,5390,5390,0,0.0,1.0,0.3588126159554731,0.0,0.47965208493934774,0,0.0,3456,64.11873840445269,0,0.0,0,0.0,0,0.0,1934,35.88126159554731
ndvi_raw_b7292cb8-72bb-447a-8feb-8ac983afd50b_2025-08-09.tiff,b7292cb8-72bb-447a-8feb-8ac983afd50b,GTiff,float64,,98,55,3,EPSG:3857,-5564403.289489722,-2541812.2798863854,-5563345.576293169,-2541213.621107215,10.792991801564183,10.884705075824803,5390,5390,0,0.08527131782945736,0.8826223876324076,0.47086382167550567,0.47598416282670286,0.13051317673646454,0,0.0,125,2.3191094619666046,1312,24.341372912801486,3190,59.183673469387756,686,12.727272727272727,77,1.4285714285714286,5390,5390,0,0.0,0.0,0.0,0.0,0.0,0,0.0,5390,100.0,0,0.0,0,0.0,0,0.0,0,0.0,5390,5390,0,0.0,1.0,0.3588126159554731,0.0,0.47965208493934774,0,0.0,3456,64.11873840445269,0,0.0,0,0.0,0,0.0,1934,35.88126159554731
ndvi_raw_b7292cb8-72bb-447a-8feb-8ac983afd50b_2025-08-14.tiff,b7292cb8-72bb-447a-8feb-8ac983afd50b,GTiff,float64,,98,55,3,EPSG:3857,-5564403.289489722,-2541812.2798863854,-5563345.576293169,-2541213.621107215,10.792991801564183,10.884705075824803,5390,5390,0,0.0937759336099585,0.8650535132619823,0.4223390818965468,0.4263221061832699,0.12433901577523268,0,0.0,172,3.1910946196660483,2006,37.21706864564007,2911,54.00742115027829,251,4.656771799628943,50,0.927643784786642,5390,5390,0,0.0,0.0,0.0,0.0,0.0,0,0.0,5390,100.0,0,0.0,0,0.0,0,0.0,0,0.0,5390,5390,0,0.0,1.0,0.3588126159554731,0.0,0.47965208493934774,0,0.0,3456,64.11873840445269,0,0.0,0,0.0,0,0.0,1934,35.88126159554731
ndvi_raw_b7292cb8-72bb-447a-8feb-8ac983afd50b_2025-08-19.tiff,b7292cb8-72bb-447a-8feb-8ac983afd50b,GTiff,float64,,98,55,3,EPSG:3857,-5564403.289489722,-2541812.2798863854,-5563345.576293169,-2541213.621107215,10.792991801564183,10.884705075824803,5390,0,5390,,,,,,0,0.0,0,0.0,0,0.0,0,0.0,0,0.0,0,0.0,5390,5390,0,1.0,1.0,1.0,1.0,0.0,0,0.0,0,0.0,0,0.0,0,0.0,0,0.0,5390,100.0,5390,5390,0,0.0,1.0,0.3588126159554731,0.0,0.47965208493934774,0,0.0,3456,64.11873840445269,0,0.0,0,0.0,0,0.0,1934,35.88126159554731
ndvi_raw_b7292cb8-72bb-447a-8feb-8ac983afd50b_2025-08-24.tiff,b7292cb8-72bb-447a-8feb-8ac983afd50b,GTiff,float64,,98,55,3,EPSG:3857,-5564403.289489722,-2541812.2798863854,-5563345.576293169,-2541213.621107215,10.792991801564183,10.884705075824803,5390,0,5390,,,,,,0,0.0,0,0.0,0,0.0,0,0.0,0,0.0,0,0.0,5390,5390,0,1.0,1.0,1.0,1.0,0.0,0,0.0,0,0.0,0,0.0,0,0.0,0,0.0,5390,100.0,5390,5390,0,0.0,1.0,0.3588126159554731,0.0,0.47965208493934774,0,0.0,3456,64.11873840445269,0,0.0,0,0.0,0,0.0,1934,35.88126159554731
ndvi_raw_b7292cb8-72bb-447a-8feb-8ac983afd50b_2025-08-26.tiff,b7292cb8-72bb-447a-8feb-8ac983afd50b,GTiff,float64,,98,55,3,EPSG:3857,-5564403.289489722,-2541812.2798863854,-5563345.576293169,-2541213.621107215,10.792991801564183,10.884705075824803,5390,5390,0,0.06497622820919176,0.7495761685638169,0.33741281065926654,0.3416949996391301,0.10775737316970739,0,0.0,698,12.949907235621522,3356,62.26345083487941,1222,22.67161410018553,114,2.1150278293135436,0,0.0,5390,5390,0,0.0,0.0,0.0,0.0,0.0,0,0.0,5390,100.0,0,0.0,0,0.0,0,0.0,0,0.0,5390,5390,0,0.0,1.0,0.3588126159554731,0.0,0.47965208493934774,0,0.0,3456,64.11873840445269,0,0.0,0,0.0,0,0.0,1934,35.88126159554731
ndvi_raw_b7292cb8-72bb-447a-8feb-8ac983afd50b_2025-08-29.tiff,b7292cb8-72bb-447a-8feb-8ac983afd50b,GTiff,float64,,98,55,3,EPSG:3857,-5564403.289489722,-2541812.2798863854,-5563345.576293169,-2541213.621107215,10.792991801564183,10.884705075824803,5390,5390,0,0.06441717791411043,0.787359137677609,0.3389406064989853,0.34061757719714963,0.11243806867439947,0,0.0,719,13.339517625231911,3317,61.539888682745826,1224,22.708719851576994,130,2.411873840445269,0,0.0,5390,5390,0,0.0,0.0,0.0,0.0,0.0,0,0.0,5390,100.0,0,0.0,0,0.0,0,0.0,0,0.0,5390,5390,0,0.0,1.0,0.3588126159554731,0.0,0.47965208493934774,0,0.0,3456,64.11873840445269,0,0.0,0,0.0,0,0.0,1934,35.88126159554731
ndvi_raw_b7292cb8-72bb-447a-8feb-8ac983afd50b_2025-09-03.tiff,b7292cb8-72bb-447a-8feb-8ac983afd50b,GTiff,float64,,98,55,3,EPSG:3857,-5564403.289489722,-2541812.2798863854,-5563345.576293169,-2541213.621107215,10.792991801564183,10.884705075824803,5390,5390,0,0.04235090751944685,0.8087954110898662,0.316226294531544,0.31067019118396505,0.11286441971168015,0,0.0,815,15.120593692022263,3600,66.79035250463822,847,15.714285714285714,123,2.282003710575139,5,0.0927643784786642,5390,5390,0,0.0,0.0,0.0,0.0,0.0,0,0.0,5390,100.0,0,0.0,0,0.0,0,0.0,0,0.0,5390,5390,0,0.0,1.0,0.3588126159554731,0.0,0.47965208493934774,0,0.0,3456,64.11873840445269,0,0.0,0,0.0,0,0.0,1934,35.88126159554731
ndvi_raw_b7292cb8-72bb-447a-8feb-8ac983afd50b_2025-09-08.tiff,b7292cb8-72bb-447a-8feb-8ac983afd50b,GTiff,float64,,98,55,3,EPSG:3857,-5564403.289489722,-2541812.2798863854,-5563345.576293169,-2541213.621107215,10.792991801564183,10.884705075824803,5390,5390,0,0.026359143327841845,0.7873007577737131,0.29440747081099394,0.28908296943231443,0.10657187437033218,0,0.0,930,17.25417439703154,3776,70.0556586270872,571,10.59369202226345,113,2.0964749536178107,0,0.0,5390,5390,0,0.0,0.0,0.0,0.0,0.0,0,0.0,5390,100.0,0,0.0,0,0.0,0,0.0,0,0.0,5390,5390,0,0.0,1.0,0.3588126159554731,0.0,0.47965208493934774,0,0.0,3456,64.11873840445269,0,0.0,0,0.0,0,0.0,1934,35.88126159554731
ndvi_raw_b7292cb8-72bb-447a-8feb-8ac983afd50b_2025-09-13.tiff,b7292cb8-72bb-447a-8feb-8ac983afd50b,GTiff,float64,,98,55,3,EPSG:3857,-5564403.289489722,-2541812.2798863854,-5563345.576293169,-2541213.621107215,10.792991801564183,10.884705075824803,5390,5390,0,0.025078369905956112,0.8038804404824331,0.29460785742121803,0.28636178503948895,0.10833624417271098,0,0.0,923,17.12430426716141,3772,69.98144712430427,570,10.575139146567718,123,2.282003710575139,2,0.03710575139146568,5390,5390,0,0.0,0.0,0.0,0.0,0.0,0,0.0,5390,100.0,0,0.0,0,0.0,0,0.0,0,0.0,5390,5390,0,0.0,1.0,0.3588126159554731,0.0,0.47965208493934774,0,0.0,3456,64.11873840445269,0,0.0,0,0.0,0,0.0,1934,35.88126159554731
ndvi_raw_b7292cb8-72bb-447a-8feb-8ac983afd50b_2025-09-15.tiff,b7292cb8-72bb-447a-8feb-8ac983afd50b,GTiff,float64,,98,55,3,EPSG:3857,-5564403.289489722,-2541812.2798863854,-5563345.576293169,-2541213.621107215,10.792991801564183,10.884705075824803,5390,5390,0,0.013006885998469778,0.769857433808554,0.28233981631892846,0.2733417987855672,0.10169883794869243,0,0.0,1001,18.571428571428573,3866,71.72541743970315,414,7.680890538033395,109,2.0222634508348794,0,0.0,5390,5390,0,0.0,0.0,0.0,0.0,0.0,0,0.0,5390,100.0,0,0.0,0,0.0,0,0.0,0,0.0,5390,5390,0,0.0,1.0,0.3588126159554731,0.0,0.47965208493934774,0,0.0,3456,64.11873840445269,0,0.0,0,0.0,0,0.0,1934,35.88126159554731
ndvi_raw_b7292cb8-72bb-447a-8feb-8ac983afd50b_2025-09-18.tiff,b7292cb8-72bb-447a-8feb-8ac983afd50b,GTiff,float64,,98,55,3,EPSG:3857,-5564403.289489722,-2541812.2798863854,-5563345.576293169,-2541213.621107215,10.792991801564183,10.884705075824803,5390,5390,0,-0.032504780114722756,0.830250823410185,0.3005534066364322,0.29001384647423617,0.10726027880886876,2,0.03710575139146568,829,15.380333951762523,3849,71.4100185528757,583,10.816326530612246,110,2.0408163265306123,17,0.31539888682745826,5390,5390,0,0.0,0.0,0.0,0.0,0.0,0,0.0,5390,100.0,0,0.0,0,0.0,0,0.0,0,0.0,5390,5390,0,0.0,1.0,0.3588126159554731,0.0,0.47965208493934774,0,0.0,3456,64.11873840445269,0,0.0,0,0.0,0,0.0,1934,35.88126159554731
ndvi_raw_b7292cb8-72bb-447a-8feb-8ac983afd50b_2025-09-23.tiff,b7292cb8-72bb-447a-8feb-8ac983afd50b,GTiff,float64,,98,55,3,EPSG:3857,-5564403.289489722,-2541812.2798863854,-5563345.576293169,-2541213.621107215,10.792991801564183,10.884705075824803,5390,5390,0,0.03273809523809524,0.697754400161845,0.2325906654154846,0.22912750971396068,0.09304921491812253,0,0.0,2094,38.849721706864564,3106,57.6252319109462,183,3.39517625231911,7,0.12987012987012986,0,0.0,5390,5390,0,0.0,1.0,0.3168831168831169,0.0,0.4652614395343308,0,0.0,3682,68.31168831168831,0,0.0,0,0.0,0,0.0,1708,31.68831168831169,5390,5390,0,0.0,1.0,0.3588126159554731,0.0,0.47965208493934774,0,0.0,3456,64.11873840445269,0,0.0,0,0.0,0,0.0,1934,35.88126159554731
ndvi_raw_b7292cb8-72bb-447a-8feb-8ac983afd50b_2025-09-28.tiff,b7292cb8-72bb-447a-8feb-8ac983afd50b,GTiff,float64,,98,55,3,EPSG:3857,-5564403.289489722,-2541812.2798863854,-5563345.576293169,-2541213.621107215,10.792991801564183,10.884705075824803,5390,0,5390,,,,,,0,0.0,0,0.0,0,0.0,0,0.0,0,0.0,0,0.0,5390,5390,0,1.0,1.0,1.0,1.0,0.0,0,0.0,0,0.0,0,0.0,0,0.0,0,0.0,5390,100.0,5390,5390,0,0.0,1.0,0.3588126159554731,0.0,0.47965208493934774,0,0.0,3456,64.11873840445269,0,0.0,0,0.0,0,0.0,1934,35.88126159554731
ndvi_raw_b7292cb8-72bb-447a-8feb-8ac983afd50b_2025-10-03.tiff,b7292cb8-72bb-447a-8feb-8ac983afd50b,GTiff,float64,,98,55,3,EPSG:3857,-5564403.289489722,-2541812.2798863854,-5563345.576293169,-2541213.621107215,10.792991801564183,10.884705075824803,5390,5390,0,0.012135922330097087,0.5967479674796748,0.23354714753576594,0.22885217200420827,0.05753566533350824,0,0.0,1361,25.250463821892392,3920,72.72727272727273,109,2.0222634508348794,0,0.0,0,0.0,5390,5390,0,0.0,0.0,0.0,0.0,0.0,0,0.0,5390,100.0,0,0.0,0,0.0,0,0.0,0,0.0,5390,5390,0,0.0,1.0,0.3588126159554731,0.0,0.47965208493934774,0,0.0,3456,64.11873840445269,0,0.0,0,0.0,0,0.0,1934,35.88126159554731
ndvi_raw_b7292cb8-72bb-447a-8feb-8ac983afd50b_2025-10-08.tiff,b7292cb8-72bb-447a-8feb-8ac983afd50b,GTiff,float64,,98,55,3,EPSG:3857,-5564403.289489722,-2541812.2798863854,-5563345.576293169,-2541213.621107215,10.792991801564183,10.884705075824803,5390,0,5390,,,,,,0,0.0,0,0.0,0,0.0,0,0.0,0,0.0,0,0.0,5390,5390,0,1.0,1.0,1.0,1.0,0.0,0,0.0,0,0.0,0,0.0,0,0.0,0,0.0,5390,100.0,5390,5390,0,0.0,1.0,0.3588126159554731,0.0,0.47965208493934774,0,0.0,3456,64.11873840445269,0,0.0,0,0.0,0,0.0,1934,35.88126159554731
ndvi_raw_b7292cb8-72bb-447a-8feb-8ac983afd50b_2025-10-13.tiff,b7292cb8-72bb-447a-8feb-8ac983afd50b,GTiff,float64,,98,55,3,EPSG:3857,-5564403.289489722,-2541812.2798863854,-5563345.576293169,-2541213.621107215,10.792991801564183,10.884705075824803,5390,0,5390,,,,,,0,0.0,0,0.0,0,0.0,0,0.0,0,0.0,0,0.0,5390,5390,0,1.0,1.0,1.0,1.0,0.0,0,0.0,0,0.0,0,0.0,0,0.0,0,0.0,5390,100.0,5390,5390,0,0.0,1.0,0.3588126159554731,0.0,0.47965208493934774,0,0.0,3456,64.11873840445269,0,0.0,0,0.0,0,0.0,1934,35.88126159554731
ndvi_raw_b7292cb8-72bb-447a-8feb-8ac983afd50b_2025-10-15.tiff,b7292cb8-72bb-447a-8feb-8ac983afd50b,GTiff,float64,,98,55,3,EPSG:3857,-5564403.289489722,-2541812.2798863854,-5563345.576293169,-2541213.621107215,10.792991801564183,10.884705075824803,5390,0,5390,,,,,,0,0.0,0,0.0,0,0.0,0,0.0,0,0.0,0,0.0,5390,5390,0,1.0,1.0,1.0,1.0,0.0,0,0.0,0,0.0,0,0.0,0,0.0,0,0.0,5390,100.0,5390,5390,0,0.0,1.0,0.3588126159554731,0.0,0.47965208493934774,0,0.0,3456,64.11873840445269,0,0.0,0,0.0,0,0.0,1934,35.88126159554731
ndvi_raw_b7292cb8-72bb-447a-8feb-8ac983afd50b_2025-10-18.tiff,b7292cb8-72bb-447a-8feb-8ac983afd50b,GTiff,float64,,98,55,3,EPSG:3857,-5564403.289489722,-2541812.2798863854,-5563345.576293169,-2541213.621107215,10.792991801564183,10.884705075824803,5390,0,5390,,,,,,0,0.0,0,0.0,0,0.0,0,0.0,0,0.0,0,0.0,5390,5390,0,1.0,1.0,1.0,1.0,0.0,0,0.0,0,0.0,0,0.0,0,0.0,0,0.0,5390,100.0,5390,5390,0,0.0,1.0,0.3588126159554731,0.0,0.47965208493934774,0,0.0,3456,64.11873840445269,0,0.0,0,0.0,0,0.0,1934,35.88126159554731
ndvi_raw_b7292cb8-72bb-447a-8feb-8ac983afd50b_2025-10-23.tiff,b7292cb8-72bb-447a-8feb-8ac983afd50b,GTiff,float64,,98,55,3,EPSG:3857,-5564403.289489722,-2541812.2798863854,-5563345.576293169,-2541213.621107215,10.792991801564183,10.884705075824803,5390,5390,0,0.02280130293159609,0.8410504492052523,0.34333255424353365,0.34297886487787327,0.11274288410124586,0,0.0,537,9.962894248608533,3414,63.33951762523191,1294,24.007421150278294,134,2.4860853432282006,11,0.20408163265306123,5390,5390,0,0.0,0.0,0.0,0.0,0.0,0,0.0,5390,100.0,0,0.0,0,0.0,0,0.0,0,0.0,5390,5390,0,0.0,1.0,0.3588126159554731,0.0,0.47965208493934774,0,0.0,3456,64.11873840445269,0,0.0,0,0.0,0,0.0,1934,35.88126159554731
ndvi_raw_b7292cb8-72bb-447a-8feb-8ac983afd50b_2025-10-28.tiff,b7292cb8-72bb-447a-8feb-8ac983afd50b,GTiff,float64,,98,55,3,EPSG:3857,-5564403.289489722,-2541812.2798863854,-5563345.576293169,-2541213.621107215,10.792991801564183,10.884705075824803,5390,0,5390,,,,,,0,0.0,0,0.0,0,0.0,0,0.0,0,0.0,0,0.0,5390,5390,0,1.0,1.0,1.0,1.0,0.0,0,0.0,0,0.0,0,0.0,0,0.0,0,0.0,5390,100.0,5390,5390,0,0.0,1.0,0.3588126159554731,0.0,0.47965208493934774,0,0.0,3456,64.11873840445269,0,0.0,0,0.0,0,0.0,1934,35.88126159554731
ndvi_raw_b7292cb8-72bb-447a-8feb-8ac983afd50b_2025-11-02.tiff,b7292cb8-72bb-447a-8feb-8ac983afd50b,GTiff,float64,,98,55,3,EPSG:3857,-5564403.289489722,-2541812.2798863854,-5563345.576293169,-2541213.621107215,10.792991801564183,10.884705075824803,5390,0,5390,,,,,,0,0.0,0,0.0,0,0.0,0,0.0,0,0.0,0,0.0,5390,5390,0,1.0,1.0,1.0,1.0,0.0,0,0.0,0,0.0,0,0.0,0,0.0,0,0.0,5390,100.0,5390,5390,0,0.0,1.0,0.3588126159554731,0.0,0.47965208493934774,0,0.0,3456,64.11873840445269,0,0.0,0,0.0,0,0.0,1934,35.88126159554731
ndvi_raw_b7292cb8-72bb-447a-8feb-8ac983afd50b_2025-11-04.tiff,b7292cb8-72bb-447a-8feb-8ac983afd50b,GTiff,float64,,98,55,3,EPSG:3857,-5564403.289489722,-2541812.2798863854,-5563345.576293169,-2541213.621107215,10.792991801564183,10.884705075824803,5390,5390,0,-0.07785753727222529,0.8715919085312225,0.43916379102916914,0.4452024956153906,0.1641185239206339,1,0.01855287569573284,497,9.220779220779221,1647,30.556586270871982,2328,43.191094619666046,860,15.955473098330241,57,1.0575139146567718,5390,5390,0,0.0,1.0,0.006679035250463822,0.0,0.08145198425199279,0,0.0,5354,99.33209647495362,0,0.0,0,0.0,0,0.0,36,0.6679035250463822,5390,5390,0,0.0,1.0,0.3588126159554731,0.0,0.47965208493934774,0,0.0,3456,64.11873840445269,0,0.0,0,0.0,0,0.0,1934,35.88126159554731
ndvi_raw_b7292cb8-72bb-447a-8feb-8ac983afd50b_2025-11-07.tiff,b7292cb8-72bb-447a-8feb-8ac983afd50b,GTiff,float64,,98,55,3,EPSG:3857,-5564403.289489722,-2541812.2798863854,-5563345.576293169,-2541213.621107215,10.792991801564183,10.884705075824803,5390,5390,0,0.08480268681780016,0.8855998219452481,0.3605388160659274,0.30993125827249046,0.1925643659593869,0,0.0,1547,28.7012987012987,1808,33.54359925788497,1302,24.155844155844157,593,11.001855287569573,140,2.5974025974025974,5390,5390,0,0.0,0.0,0.0,0.0,0.0,0,0.0,5390,100.0,0,0.0,0,0.0,0,0.0,0,0.0,5390,5390,0,0.0,1.0,0.3588126159554731,0.0,0.47965208493934774,0,0.0,3456,64.11873840445269,0,0.0,0,0.0,0,0.0,1934,35.88126159554731
ndvi_raw_b7292cb8-72bb-447a-8feb-8ac983afd50b_2025-11-12.tiff,b7292cb8-72bb-447a-8feb-8ac983afd50b,GTiff,float64,,98,55,3,EPSG:3857,-5564403.289489722,-2541812.2798863854,-5563345.576293169,-2541213.621107215,10.792991801564183,10.884705075824803,5390,5390,0,0.09888220120378331,0.89748045178106,0.3684692045622731,0.32170648346853015,0.2007352487322228,0,0.0,1593,29.554730983302413,1686,31.280148423005567,1245,23.098330241187384,717,13.302411873840445,149,2.764378478664193,5390,5390,0,0.0,0.0,0.0,0.0,0.0,0,0.0,5390,100.0,0,0.0,0,0.0,0,0.0,0,0.0,5390,5390,0,0.0,1.0,0.3588126159554731,0.0,0.47965208493934774,0,0.0,3456,64.11873840445269,0,0.0,0,0.0,0,0.0,1934,35.88126159554731
ndvi_raw_b7292cb8-72bb-447a-8feb-8ac983afd50b_2025-11-17.tiff,b7292cb8-72bb-447a-8feb-8ac983afd50b,GTiff,float64,,98,55,3,EPSG:3857,-5564403.289489722,-2541812.2798863854,-5563345.576293169,-2541213.621107215,10.792991801564183,10.884705075824803,5390,0,5390,,,,,,0,0.0,0,0.0,0,0.0,0,0.0,0,0.0,0,0.0,5390,5390,0,1.0,1.0,1.0,1.0,0.0,0,0.0,0,0.0,0,0.0,0,0.0,0,0.0,5390,100.0,5390,5390,0,0.0,1.0,0.3588126159554731,0.0,0.47965208493934774,0,0.0,3456,64.11873840445269,0,0.0,0,0.0,0,0.0,1934,35.88126159554731
ndvi_raw_b7292cb8-72bb-447a-8feb-8ac983afd50b_2025-11-22.tiff,b7292cb8-72bb-447a-8feb-8ac983afd50b,GTiff,float64,,98,55,3,EPSG:3857,-5564403.289489722,-2541812.2798863854,-5563345.576293169,-2541213.621107215,10.792991801564183,10.884705075824803,5390,5390,0,0.10277324632952692,0.8998407361528933,0.3872033274850901,0.32952756955250717,0.21428821464961154,0,0.0,1409,26.14100185528757,1846,34.24860853432282,967,17.940630797773654,926,17.17996289424861,242,4.489795918367347,5390,5390,0,0.0,0.0,0.0,0.0,0.0,0,0.0,5390,100.0,0,0.0,0,0.0,0,0.0,0,0.0,5390,5390,0,0.0,1.0,0.3588126159554731,0.0,0.47965208493934774,0,0.0,3456,64.11873840445269,0,0.0,0,0.0,0,0.0,1934,35.88126159554731
ndvi_raw_b7292cb8-72bb-447a-8feb-8ac983afd50b_2025-11-24.tiff,b7292cb8-72bb-447a-8feb-8ac983afd50b,GTiff,float64,,98,55,3,EPSG:3857,-5564403.289489722,-2541812.2798863854,-5563345.576293169,-2541213.621107215,10.792991801564183,10.884705075824803,5390,5390,0,0.03145574250182882,0.9378969654199012,0.45594035422164564,0.4300319040016425,0.22367374033130052,0,0.0,798,14.805194805194805,1688,31.31725417439703,1215,22.541743970315398,1307,24.24860853432282,382,7.087198515769945,5390,5390,0,0.0,1.0,0.002968460111317254,0.0,0.054402650265265314,0,0.0,5374,99.70315398886828,0,0.0,0,0.0,0,0.0,16,0.29684601113172543,5390,5390,0,0.0,1.0,0.3588126159554731,0.0,0.47965208493934774,0,0.0,3456,64.11873840445269,0,0.0,0,0.0,0,0.0,1934,35.88126159554731
ndvi_raw_b7292cb8-72bb-447a-8feb-8ac983afd50b_2025-11-27.tiff,b7292cb8-72bb-447a-8feb-8ac983afd50b,GTiff,float64,,98,55,3,EPSG:3857,-5564403.289489722,-2541812.2798863854,-5563345.576293169,-2541213.621107215,10.792991801564183,10.884705075824803,5390,5390,0,0.1447811447811448,0.8653968253968254,0.4297625498095684,0.38796089748330065,0.18042401065073488,0,0.0,317,5.8812615955473095,2512,46.60482374768089,1364,25.30612244897959,1074,19.925788497217066,123,2.282003710575139,5390,5390,0,0.0,0.0,0.0,0.0,0.0,0,0.0,5390,100.0,0,0.0,0,0.0,0,0.0,0,0.0,5390,5390,0,0.0,1.0,0.3588126159554731,0.0,0.47965208493934774,0,0.0,3456,64.11873840445269,0,0.0,0,0.0,0,0.0,1934,35.88126159554731
ndvi_raw_b7292cb8-72bb-447a-8feb-8ac983afd50b_2025-12-02.tiff,b7292cb8-72bb-447a-8feb-8ac983afd50b,GTiff,float64,,98,55,3,EPSG:3857,-5564403.289489722,-2541812.2798863854,-5563345.576293169,-2541213.621107215,10.792991801564183,10.884705075824803,5390,0,5390,,,,,,0,0.0,0,0.0,0,0.0,0,0.0,0,0.0,0,0.0,5390,5390,0,1.0,1.0,1.0,1.0,0.0,0,0.0,0,0.0,0,0.0,0,0.0,0,0.0,5390,100.0,5390,5390,0,0.0,1.0,0.3588126159554731,0.0,0.47965208493934774,0,0.0,3456,64.11873840445269,0,0.0,0,0.0,0,0.0,1934,35.88126159554731
ndvi_raw_b7292cb8-72bb-447a-8feb-8ac983afd50b_2025-12-07.tiff,b7292cb8-72bb-447a-8feb-8ac983afd50b,GTiff,float64,,98,55,3,EPSG:3857,-5564403.289489722,-2541812.2798863854,-5563345.576293169,-2541213.621107215,10.792991801564183,10.884705075824803,5390,0,5390,,,,,,0,0.0,0,0.0,0,0.0,0,0.0,0,0.0,0,0.0,5390,5390,0,1.0,1.0,1.0,1.0,0.0,0,0.0,0,0.0,0,0.0,0,0.0,0,0.0,5390,100.0,5390,5390,0,0.0,1.0,0.3588126159554731,0.0,0.47965208493934774,0,0.0,3456,64.11873840445269,0,0.0,0,0.0,0,0.0,1934,35.88126159554731
ndvi_raw_b7292cb8-72bb-447a-8feb-8ac983afd50b_2025-12-12.tiff,b7292cb8-72bb-447a-8feb-8ac983afd50b,GTiff,float64,,98,55,3,EPSG:3857,-5564403.289489722,-2541812.2798863854,-5563345.576293169,-2541213.621107215,10.792991801564183,10.884705075824803,5390,0,5390,,,,,,0,0.0,0,0.0,0,0.0,0,0.0,0,0.0,0,0.0,5390,5390,0,1.0,1.0,1.0,1.0,0.0,0,0.0,0,0.0,0,0.0,0,0.0,0,0.0,5390,100.0,5390,5390,0,0.0,1.0,0.3588126159554731,0.0,0.47965208493934774,0,0.0,3456,64.11873840445269,0,0.0,0,0.0,0,0.0,1934,35.88126159554731
ndvi_raw_b7292cb8-72bb-447a-8feb-8ac983afd50b_2025-12-14.tiff,b7292cb8-72bb-447a-8feb-8ac983afd50b,GTiff,float64,,98,55,3,EPSG:3857,-5564403.289489722,-2541812.2798863854,-5563345.576293169,-2541213.621107215,10.792991801564183,10.884705075824803,5390,0,5390,,,,,,0,0.0,0,0.0,0,0.0,0,0.0,0,0.0,0,0.0,5390,5390,0,1.0,1.0,1.0,1.0,0.0,0,0.0,0,0.0,0,0.0,0,0.0,0,0.0,5390,100.0,5390,5390,0,0.0,1.0,0.3588126159554731,0.0,0.47965208493934774,0,0.0,3456,64.11873840445269,0,0.0,0,0.0,0,0.0,1934,35.88126159554731
ndvi_raw_b7292cb8-72bb-447a-8feb-8ac983afd50b_2025-12-17.tiff,b7292cb8-72bb-447a-8feb-8ac983afd50b,GTiff,float64,,98,55,3,EPSG:3857,-5564403.289489722,-2541812.2798863854,-5563345.576293169,-2541213.621107215,10.792991801564183,10.884705075824803,5390,5390,0,0.029781601588352084,0.8534728829686014,0.3798005885196097,0.35149311389667076,0.16273888441139323,0,0.0,795,14.749536178107606,2373,44.02597402597402,1549,28.73840445269017,660,12.244897959183673,13,0.24118738404452691,5390,5390,0,0.0,1.0,0.5560296846011131,1.0,0.4968507567102014,0,0.0,2393,44.39703153988868,0,0.0,0,0.0,0,0.0,2997,55.60296846011131,5390,5390,0,0.0,1.0,0.3588126159554731,0.0,0.47965208493934774,0,0.0,3456,64.11873840445269,0,0.0,0,0.0,0,0.0,1934,35.88126159554731
ndvi_raw_b7292cb8-72bb-447a-8feb-8ac983afd50b_2025-12-27.tiff,b7292cb8-72bb-447a-8feb-8ac983afd50b,GTiff,float64,,98,55,3,EPSG:3857,-5564403.289489722,-2541812.2798863854,-5563345.576293169,-2541213.621107215,10.792991801564183,10.884705075824803,5390,5390,0,0.08538220831470719,0.8999377205729707,0.601618036291038,0.6307940789240397,0.1582669729691874,0,0.0,172,3.1910946196660483,445,8.256029684601113,1594,29.573283858998145,2888,53.58070500927644,291,5.398886827458256,5390,5390,0,0.0,0.0,0.0,0.0,0.0,0,0.0,5390,100.0,0,0.0,0,0.0,0,0.0,0,0.0,5390,5390,0,0.0,1.0,0.3588126159554731,0.0,0.47965208493934774,0,0.0,3456,64.11873840445269,0,0.0,0,0.0,0,0.0,1934,35.88126159554731
ndvi_raw_b7292cb8-72bb-447a-8feb-8ac983afd50b_2026-01-01.tiff,b7292cb8-72bb-447a-8feb-8ac983afd50b,GTiff,float64,,98,55,3,EPSG:3857,-5564403.289489722,-2541812.2798863854,-5563345.576293169,-2541213.621107215,10.792991801564183,10.884705075824803,5390,5390,0,0.0853122251539138,0.9042305904230591,0.6716763557839547,0.7091232364103419,0.14919983771447137,0,0.0,32,0.5936920222634509,405,7.5139146567718,717,13.302411873840445,3380,62.708719851577,856,15.881261595547311,5390,5390,0,0.0,0.0,0.0,0.0,0.0,0,0.0,5390,100.0,0,0.0,0,0.0,0,0.0,0,0.0,5390,5390,0,0.0,1.0,0.3588126159554731,0.0,0.47965208493934774,0,0.0,3456,64.11873840445269,0,0.0,0,0.0,0,0.0,1934,35.88126159554731
ndvi_raw_b7292cb8-72bb-447a-8feb-8ac983afd50b_2026-01-03.tiff,b7292cb8-72bb-447a-8feb-8ac983afd50b,GTiff,float64,,98,55,3,EPSG:3857,-5564403.289489722,-2541812.2798863854,-5563345.576293169,-2541213.621107215,10.792991801564183,10.884705075824803,5390,0,5390,,,,,,0,0.0,0,0.0,0,0.0,0,0.0,0,0.0,0,0.0,5390,5390,0,1.0,1.0,1.0,1.0,0.0,0,0.0,0,0.0,0,0.0,0,0.0,0,0.0,5390,100.0,5390,5390,0,0.0,1.0,0.3588126159554731,0.0,0.47965208493934774,0,0.0,3456,64.11873840445269,0,0.0,0,0.0,0,0.0,1934,35.88126159554731
ndvi_raw_b7292cb8-72bb-447a-8feb-8ac983afd50b_2026-01-06.tiff,b7292cb8-72bb-447a-8feb-8ac983afd50b,GTiff,float64,,98,55,3,EPSG:3857,-5564403.289489722,-2541812.2798863854,-5563345.576293169,-2541213.621107215,10.792991801564183,10.884705075824803,5390,0,5390,,,,,,0,0.0,0,0.0,0,0.0,0,0.0,0,0.0,0,0.0,5390,5390,0,1.0,1.0,1.0,1.0,0.0,0,0.0,0,0.0,0,0.0,0,0.0,0,0.0,5390,100.0,5390,5390,0,0.0,1.0,0.3588126159554731,0.0,0.47965208493934774,0,0.0,3456,64.11873840445269,0,0.0,0,0.0,0,0.0,1934,35.88126159554731
ndvi_raw_b7292cb8-72bb-447a-8feb-8ac983afd50b_2026-01-11.tiff,b7292cb8-72bb-447a-8feb-8ac983afd50b,GTiff,float64,,98,55,3,EPSG:3857,-5564403.289489722,-2541812.2798863854,-5563345.576293169,-2541213.621107215,10.792991801564183,10.884705075824803,5390,5390,0,0.12346169114728067,0.6630017898235745,0.24963470266986096,0.23869713174526008,0.07487393283093811,0,0.0,1670,30.983302411873844,3511,65.139146567718,202,3.7476808905380334,7,0.12987012987012986,0,0.0,5390,5390,0,0.0,1.0,0.9302411873840445,1.0,0.2547401041814333,0,0.0,376,6.975881261595547,0,0.0,0,0.0,0,0.0,5014,93.02411873840445,5390,5390,0,0.0,1.0,0.3588126159554731,0.0,0.47965208493934774,0,0.0,3456,64.11873840445269,0,0.0,0,0.0,0,0.0,1934,35.88126159554731
ndvi_raw_b7292cb8-72bb-447a-8feb-8ac983afd50b_2026-01-16.tiff,b7292cb8-72bb-447a-8feb-8ac983afd50b,GTiff,float64,,98,55,3,EPSG:3857,-5564403.289489722,-2541812.2798863854,-5563345.576293169,-2541213.621107215,10.792991801564183,10.884705075824803,5390,5390,0,0.09748566387295986,0.9393439240767485,0.762461581925593,0.8285157337788918,0.16087784636422403,0,0.0,66,1.2244897959183674,150,2.782931354359926,579,10.742115027829314,1527,28.330241187384043,3068,56.92022263450834,5390,5390,0,0.0,0.0,0.0,0.0,0.0,0,0.0,5390,100.0,0,0.0,0,0.0,0,0.0,0,0.0,5390,5390,0,0.0,1.0,0.3588126159554731,0.0,0.47965208493934774,0,0.0,3456,64.11873840445269,0,0.0,0,0.0,0,0.0,1934,35.88126159554731
ndvi_raw_b7292cb8-72bb-447a-8feb-8ac983afd50b_2026-01-21.tiff,b7292cb8-72bb-447a-8feb-8ac983afd50b,GTiff,float64,,98,55,3,EPSG:3857,-5564403.289489722,-2541812.2798863854,-5563345.576293169,-2541213.621107215,10.792991801564183,10.884705075824803,5390,5390,0,0.13110539845758354,0.91137637909206,0.7335771263151895,0.7821946457108386,0.14012242054618176,0,0.0,47,0.8719851576994434,148,2.74582560296846,607,11.261595547309833,2345,43.506493506493506,2243,41.614100185528756,5390,5390,0,0.0,0.0,0.0,0.0,0.0,0,0.0,5390,100.0,0,0.0,0,0.0,0,0.0,0,0.0,5390,5390,0,0.0,1.0,0.3588126159554731,0.0,0.47965208493934774,0,0.0,3456,64.11873840445269,0,0.0,0,0.0,0,0.0,1934,35.88126159554731
ndvi_raw_b7292cb8-72bb-447a-8feb-8ac983afd50b_2026-01-26.tiff,b7292cb8-72bb-447a-8feb-8ac983afd50b,GTiff,float64,,98,55,3,EPSG:3857,-5564403.289489722,-2541812.2798863854,-5563345.576293169,-2541213.621107215,10.792991801564183,10.884705075824803,5390,5390,0,0.11847940865892291,0.9324324324324325,0.6167204081993641,0.6650803666164583,0.16630694169343044,0,0.0,112,2.0779220779220777,645,11.966604823747682,1075,19.944341372912803,3174,58.88682745825603,384,7.124304267161411,5390,5390,0,0.0,1.0,0.07717996289424861,0.0,0.26687678097183914,0,0.0,4974,92.28200371057514,0,0.0,0,0.0,0,0.0,416,7.717996289424861,5390,5390,0,0.0,1.0,0.3588126159554731,0.0,0.47965208493934774,0,0.0,3456,64.11873840445269,0,0.0,0,0.0,0,0.0,1934,35.88126159554731
ndvi_raw_b7292cb8-72bb-447a-8feb-8ac983afd50b_2026-01-31.tiff,b7292cb8-72bb-447a-8feb-8ac983afd50b,GTiff,float64,,98,55,3,EPSG:3857,-5564403.289489722,-2541812.2798863854,-5563345.576293169,-2541213.621107215,10.792991801564183,10.884705075824803,5390,5390,0,0.0765625,0.9106911246989068,0.662004311638198,0.6900818843712613,0.1322360028732851,0,0.0,72,1.3358070500927643,233,4.3228200371057515,864,16.02968460111317,3785,70.22263450834879,436,8.089053803339517,5390,5390,0,0.0,1.0,0.0699443413729128,0.0,0.25505319147742933,0,0.0,5013,93.00556586270872,0,0.0,0,0.0,0,0.0,377,6.994434137291281,5390,5390,0,0.0,1.0,0.3588126159554731,0.0,0.47965208493934774,0,0.0,3456,64.11873840445269,0,0.0,0,0.0,0,0.0,1934,35.88126159554731
ndvi_raw_b7292cb8-72bb-447a-8feb-8ac983afd50b_2026-02-05.tiff,b7292cb8-72bb-447a-8feb-8ac983afd50b,GTiff,float64,,98,55,3,EPSG:3857,-5564403.289489722,-2541812.2798863854,-5563345.576293169,-2541213.621107215,10.792991801564183,10.884705075824803,5390,5390,0,0.029363272356127817,0.8891137191420477,0.5709961418508096,0.7086578136986894,0.2672082862261786,0,0.0,964,17.884972170686456,442,8.200371057513916,632,11.725417439703154,2600,48.237476808905384,752,13.951762523191094,5390,5390,0,0.0,1.0,0.5153988868274583,1.0,0.49976281802918787,0,0.0,2612,48.460111317254174,0,0.0,0,0.0,0,0.0,2778,51.539888682745826,5390,5390,0,0.0,1.0,0.3588126159554731,0.0,0.47965208493934774,0,0.0,3456,64.11873840445269,0,0.0,0,0.0,0,0.0,1934,35.88126159554731
ndvi_raw_b7292cb8-72bb-447a-8feb-8ac983afd50b_2026-02-10.tiff,b7292cb8-72bb-447a-8feb-8ac983afd50b,GTiff,float64,,98,55,3,EPSG:3857,-5564403.289489722,-2541812.2798863854,-5563345.576293169,-2541213.621107215,10.792991801564183,10.884705075824803,5390,0,5390,,,,,,0,0.0,0,0.0,0,0.0,0,0.0,0,0.0,0,0.0,5390,5390,0,1.0,1.0,1.0,1.0,0.0,0,0.0,0,0.0,0,0.0,0,0.0,0,0.0,5390,100.0,5390,5390,0,0.0,1.0,0.3588126159554731,0.0,0.47965208493934774,0,0.0,3456,64.11873840445269,0,0.0,0,0.0,0,0.0,1934,35.88126159554731
ndvi_raw_b7292cb8-72bb-447a-8feb-8ac983afd50b_2026-02-15.tiff,b7292cb8-72bb-447a-8feb-8ac983afd50b,GTiff,float64,,98,55,3,EPSG:3857,-5564403.289489722,-2541812.2798863854,-5563345.576293169,-2541213.621107215,10.792991801564183,10.884705075824803,5390,0,5390,,,,,,0,0.0,0,0.0,0,0.0,0,0.0,0,0.0,0,0.0,5390,5390,0,1.0,1.0,1.0,1.0,0.0,0,0.0,0,0.0,0,0.0,0,0.0,0,0.0,5390,100.0,5390,5390,0,0.0,1.0,0.3588126159554731,0.0,0.47965208493934774,0,0.0,3456,64.11873840445269,0,0.0,0,0.0,0,0.0,1934,35.88126159554731
ndvi_raw_b7292cb8-72bb-447a-8feb-8ac983afd50b_2026-02-20.tiff,b7292cb8-72bb-447a-8feb-8ac983afd50b,GTiff,float64,,98,55,3,EPSG:3857,-5564403.289489722,-2541812.2798863854,-5563345.576293169,-2541213.621107215,10.792991801564183,10.884705075824803,5390,5390,0,0.12292358803986711,0.9011012740228892,0.6908477087703624,0.733391508760068,0.1428633625205297,0,0.0,39,0.7235621521335808,299,5.547309833024118,666,12.356215213358071,3333,61.836734693877546,1053,19.53617810760668,5390,5390,0,0.0,0.0,0.0,0.0,0.0,0,0.0,5390,100.0,0,0.0,0,0.0,0,0.0,0,0.0,5390,5390,0,0.0,1.0,0.3588126159554731,0.0,0.47965208493934774,0,0.0,3456,64.11873840445269,0,0.0,0,0.0,0,0.0,1934,35.88126159554731
ndvi_raw_b7292cb8-72bb-447a-8feb-8ac983afd50b_2026-02-25.tiff,b7292cb8-72bb-447a-8feb-8ac983afd50b,GTiff,float64,,98,55,3,EPSG:3857,-5564403.289489722,-2541812.2798863854,-5563345.576293169,-2541213.621107215,10.792991801564183,10.884705075824803,5390,0,5390,,,,,,0,0.0,0,0.0,0,0.0,0,0.0,0,0.0,0,0.0,5390,5390,0,1.0,1.0,1.0,1.0,0.0,0,0.0,0,0.0,0,0.0,0,0.0,0,0.0,5390,100.0,5390,5390,0,0.0,1.0,0.3588126159554731,0.0,0.47965208493934774,0,0.0,3456,64.11873840445269,0,0.0,0,0.0,0,0.0,1934,35.88126159554731
ndvi_raw_f791bf13-1d24-4b4f-88bd-2569162df2b3_2025-08-04.tiff,f791bf13-1d24-4b4f-88bd-2569162df2b3,GTiff,float64,,41,51,3,EPSG:3857,-5563153.240641272,-2540873.596489898,-5562708.334053778,-2540323.913772682,10.851380182770876,10.778092494426186,2091,0,2091,,,,,,0,0.0,0,0.0,0,0.0,0,0.0,0,0.0,0,0.0,2091,2091,0,1.0,1.0,1.0,1.0,0.0,0,0.0,0,0.0,0,0.0,0,0.0,0,0.0,2091,100.0,2091,2091,0,0.0,1.0,0.4528933524629364,0.0,0.49777601766037194,0,0.0,1144,54.71066475370636,0,0.0,0,0.0,0,0.0,947,45.28933524629364
ndvi_raw_f791bf13-1d24-4b4f-88bd-2569162df2b3_2025-08-06.tiff,f791bf13-1d24-4b4f-88bd-2569162df2b3,GTiff,float64,,41,51,3,EPSG:3857,-5563153.240641272,-2540873.596489898,-5562708.334053778,-2540323.913772682,10.851380182770876,10.778092494426186,2091,2091,0,-0.2,0.8889241510631546,0.5814458134142568,0.5753424657534246,0.157754369855703,29,1.3868962219033953,29,1.3868962219033953,67,3.204208512673362,1104,52.79770444763271,653,31.22907699665232,209,9.995217599234815,2091,2091,0,0.0,1.0,0.006217120994739359,0.0,0.07860323403827689,0,0.0,2078,99.37828790052606,0,0.0,0,0.0,0,0.0,13,0.6217120994739359,2091,2091,0,0.0,1.0,0.4528933524629364,0.0,0.49777601766037194,0,0.0,1144,54.71066475370636,0,0.0,0,0.0,0,0.0,947,45.28933524629364
ndvi_raw_f791bf13-1d24-4b4f-88bd-2569162df2b3_2025-08-09.tiff,f791bf13-1d24-4b4f-88bd-2569162df2b3,GTiff,float64,,41,51,3,EPSG:3857,-5563153.240641272,-2540873.596489898,-5562708.334053778,-2540323.913772682,10.851380182770876,10.778092494426186,2091,2091,0,-0.16793893129770993,0.8986975397973951,0.5934261099503171,0.5864453665283541,0.1605891748519916,34,1.6260162601626018,20,0.9564801530368245,59,2.8216164514586324,1018,48.68483978957437,722,34.528933524629366,238,11.38211382113821,2091,2091,0,0.0,1.0,0.010043041606886656,0.0,0.09971047548863159,0,0.0,2070,98.99569583931134,0,0.0,0,0.0,0,0.0,21,1.0043041606886656,2091,2091,0,0.0,1.0,0.4528933524629364,0.0,0.49777601766037194,0,0.0,1144,54.71066475370636,0,0.0,0,0.0,0,0.0,947,45.28933524629364
ndvi_raw_f791bf13-1d24-4b4f-88bd-2569162df2b3_2025-08-14.tiff,f791bf13-1d24-4b4f-88bd-2569162df2b3,GTiff,float64,,41,51,3,EPSG:3857,-5563153.240641272,-2540873.596489898,-5562708.334053778,-2540323.913772682,10.851380182770876,10.778092494426186,2091,2091,0,-0.1474820143884892,0.8907363420427553,0.5494253387256407,0.5340622371740958,0.15904181059778139,35,1.6738402678144428,19,0.9086561453849833,122,5.834528933524629,1306,62.45815399330464,418,19.99043519846963,191,9.134385461501674,2091,2091,0,0.0,1.0,0.021520803443328552,0.0,0.1451125716899889,0,0.0,2046,97.84791965566714,0,0.0,0,0.0,0,0.0,45,2.1520803443328553,2091,2091,0,0.0,1.0,0.4528933524629364,0.0,0.49777601766037194,0,0.0,1144,54.71066475370636,0,0.0,0,0.0,0,0.0,947,45.28933524629364
ndvi_raw_f791bf13-1d24-4b4f-88bd-2569162df2b3_2025-08-19.tiff,f791bf13-1d24-4b4f-88bd-2569162df2b3,GTiff,float64,,41,51,3,EPSG:3857,-5563153.240641272,-2540873.596489898,-5562708.334053778,-2540323.913772682,10.851380182770876,10.778092494426186,2091,0,2091,,,,,,0,0.0,0,0.0,0,0.0,0,0.0,0,0.0,0,0.0,2091,2091,0,1.0,1.0,1.0,1.0,0.0,0,0.0,0,0.0,0,0.0,0,0.0,0,0.0,2091,100.0,2091,2091,0,0.0,1.0,0.4528933524629364,0.0,0.49777601766037194,0,0.0,1144,54.71066475370636,0,0.0,0,0.0,0,0.0,947,45.28933524629364
ndvi_raw_f791bf13-1d24-4b4f-88bd-2569162df2b3_2025-08-24.tiff,f791bf13-1d24-4b4f-88bd-2569162df2b3,GTiff,float64,,41,51,3,EPSG:3857,-5563153.240641272,-2540873.596489898,-5562708.334053778,-2540323.913772682,10.851380182770876,10.778092494426186,2091,0,2091,,,,,,0,0.0,0,0.0,0,0.0,0,0.0,0,0.0,0,0.0,2091,2091,0,1.0,1.0,1.0,1.0,0.0,0,0.0,0,0.0,0,0.0,0,0.0,0,0.0,2091,100.0,2091,2091,0,0.0,1.0,0.4528933524629364,0.0,0.49777601766037194,0,0.0,1144,54.71066475370636,0,0.0,0,0.0,0,0.0,947,45.28933524629364
ndvi_raw_f791bf13-1d24-4b4f-88bd-2569162df2b3_2025-08-26.tiff,f791bf13-1d24-4b4f-88bd-2569162df2b3,GTiff,float64,,41,51,3,EPSG:3857,-5563153.240641272,-2540873.596489898,-5562708.334053778,-2540323.913772682,10.851380182770876,10.778092494426186,2091,2091,0,-0.08611955420466058,0.7744733581164808,0.4422190765728569,0.4241019698725377,0.14611367840018685,39,1.8651362984218076,47,2.2477283596365374,708,33.85939741750359,981,46.91535150645624,316,15.112386417981828,0,0.0,2091,2091,0,0.0,1.0,0.021520803443328552,0.0,0.1451125716899889,0,0.0,2046,97.84791965566714,0,0.0,0,0.0,0,0.0,45,2.1520803443328553,2091,2091,0,0.0,1.0,0.4528933524629364,0.0,0.49777601766037194,0,0.0,1144,54.71066475370636,0,0.0,0,0.0,0,0.0,947,45.28933524629364
ndvi_raw_f791bf13-1d24-4b4f-88bd-2569162df2b3_2025-08-29.tiff,f791bf13-1d24-4b4f-88bd-2569162df2b3,GTiff,float64,,41,51,3,EPSG:3857,-5563153.240641272,-2540873.596489898,-5562708.334053778,-2540323.913772682,10.851380182770876,10.778092494426186,2091,2091,0,-0.13325031133250312,0.8122499230532472,0.44964514103444825,0.42857142857142855,0.15672857361486242,35,1.6738402678144428,51,2.4390243902439024,685,32.75944524151124,982,46.96317551410808,332,15.877570540411288,6,0.2869440459110474,2091,2091,0,0.0,1.0,0.0196078431372549,0.0,0.13864838846795047,0,0.0,2050,98.0392156862745,0,0.0,0,0.0,0,0.0,41,1.9607843137254901,2091,2091,0,0.0,1.0,0.4528933524629364,0.0,0.49777601766037194,0,0.0,1144,54.71066475370636,0,0.0,0,0.0,0,0.0,947,45.28933524629364
ndvi_raw_f791bf13-1d24-4b4f-88bd-2569162df2b3_2025-09-03.tiff,f791bf13-1d24-4b4f-88bd-2569162df2b3,GTiff,float64,,41,51,3,EPSG:3857,-5563153.240641272,-2540873.596489898,-5562708.334053778,-2540323.913772682,10.851380182770876,10.778092494426186,2091,2091,0,-0.16477272727272727,0.8385812522620341,0.4264708415553657,0.39447731755424065,0.16615147960790877,40,1.912960306073649,53,2.534672405547585,999,47.77618364418939,686,32.80726924916308,277,13.24725011956002,36,1.721664275466284,2091,2091,0,0.0,1.0,0.021520803443328552,0.0,0.14511257168998892,0,0.0,2046,97.84791965566714,0,0.0,0,0.0,0,0.0,45,2.1520803443328553,2091,2091,0,0.0,1.0,0.4528933524629364,0.0,0.49777601766037194,0,0.0,1144,54.71066475370636,0,0.0,0,0.0,0,0.0,947,45.28933524629364
ndvi_raw_f791bf13-1d24-4b4f-88bd-2569162df2b3_2025-09-08.tiff,f791bf13-1d24-4b4f-88bd-2569162df2b3,GTiff,float64,,41,51,3,EPSG:3857,-5563153.240641272,-2540873.596489898,-5562708.334053778,-2540323.913772682,10.851380182770876,10.778092494426186,2091,2091,0,-0.15938303341902313,0.8139688844753393,0.39793199149791136,0.36101083032490977,0.16491068825824573,40,1.912960306073649,60,2.8694404591104736,1216,58.15399330463893,487,23.290291726446675,279,13.3428981348637,9,0.430416068866571,2091,2091,0,0.0,1.0,0.0196078431372549,0.0,0.1386483884679505,0,0.0,2050,98.0392156862745,0,0.0,0,0.0,0,0.0,41,1.9607843137254901,2091,2091,0,0.0,1.0,0.4528933524629364,0.0,0.49777601766037194,0,0.0,1144,54.71066475370636,0,0.0,0,0.0,0,0.0,947,45.28933524629364
ndvi_raw_f791bf13-1d24-4b4f-88bd-2569162df2b3_2025-09-13.tiff,f791bf13-1d24-4b4f-88bd-2569162df2b3,GTiff,float64,,41,51,3,EPSG:3857,-5563153.240641272,-2540873.596489898,-5562708.334053778,-2540323.913772682,10.851380182770876,10.778092494426186,2091,2091,0,-0.18219749652294853,0.8583899127061105,0.40154408704457184,0.3580357142857143,0.17414460213615415,43,2.056432329029173,45,2.1520803443328553,1247,59.636537541846,457,21.85557149689144,244,11.669057867049258,55,2.6303204208512674,2091,2091,0,0.0,1.0,0.017694882831181254,0.0,0.13183995582816316,0,0.0,2054,98.23051171688188,0,0.0,0,0.0,0,0.0,37,1.7694882831181253,2091,2091,0,0.0,1.0,0.4528933524629364,0.0,0.49777601766037194,0,0.0,1144,54.71066475370636,0,0.0,0,0.0,0,0.0,947,45.28933524629364
ndvi_raw_f791bf13-1d24-4b4f-88bd-2569162df2b3_2025-09-15.tiff,f791bf13-1d24-4b4f-88bd-2569162df2b3,GTiff,float64,,41,51,3,EPSG:3857,-5563153.240641272,-2540873.596489898,-5562708.334053778,-2540323.913772682,10.851380182770876,10.778092494426186,2091,2091,0,-0.1769041769041769,0.8236397748592871,0.38369965244520166,0.34134821811936455,0.16891305388946526,45,2.1520803443328553,57,2.72596843615495,1342,64.17981826877093,366,17.50358680057389,265,12.673362027737925,16,0.7651841224294597,2091,2091,0,0.0,1.0,0.027259684361549498,0.0,0.16283916595849474,0,0.0,2034,97.27403156384506,0,0.0,0,0.0,0,0.0,57,2.72596843615495,2091,2091,0,0.0,1.0,0.4528933524629364,0.0,0.49777601766037194,0,0.0,1144,54.71066475370636,0,0.0,0,0.0,0,0.0,947,45.28933524629364
ndvi_raw_f791bf13-1d24-4b4f-88bd-2569162df2b3_2025-09-18.tiff,f791bf13-1d24-4b4f-88bd-2569162df2b3,GTiff,float64,,41,51,3,EPSG:3857,-5563153.240641272,-2540873.596489898,-5562708.334053778,-2540323.913772682,10.851380182770876,10.778092494426186,2091,2091,0,-0.17625899280575538,0.8772899098575168,0.381895578627217,0.32762312633832974,0.18847367520008979,42,2.008608321377331,53,2.534672405547585,1375,65.75801052128169,313,14.968914395026303,199,9.516977522716404,109,5.2128168340506935,2091,2091,0,0.0,1.0,0.0196078431372549,0.0,0.1386483884679505,0,0.0,2050,98.0392156862745,0,0.0,0,0.0,0,0.0,41,1.9607843137254901,2091,2091,0,0.0,1.0,0.4528933524629364,0.0,0.49777601766037194,0,0.0,1144,54.71066475370636,0,0.0,0,0.0,0,0.0,947,45.28933524629364
ndvi_raw_f791bf13-1d24-4b4f-88bd-2569162df2b3_2025-09-23.tiff,f791bf13-1d24-4b4f-88bd-2569162df2b3,GTiff,float64,,41,51,3,EPSG:3857,-5563153.240641272,-2540873.596489898,-5562708.334053778,-2540323.913772682,10.851380182770876,10.778092494426186,2091,2091,0,-0.08721804511278196,0.8580904522613065,0.2811875954597851,0.2343492586490939,0.16205199437460652,11,0.5260640841702534,529,25.29890004782401,1243,59.44524151123864,155,7.41272118603539,117,5.5954088952654235,36,1.721664275466284,2091,2091,0,0.0,1.0,0.3170731707317073,0.0,0.46533619581314417,0,0.0,1428,68.29268292682927,0,0.0,0,0.0,0,0.0,663,31.70731707317073,2091,2091,0,0.0,1.0,0.4528933524629364,0.0,0.49777601766037194,0,0.0,1144,54.71066475370636,0,0.0,0,0.0,0,0.0,947,45.28933524629364
ndvi_raw_f791bf13-1d24-4b4f-88bd-2569162df2b3_2025-09-28.tiff,f791bf13-1d24-4b4f-88bd-2569162df2b3,GTiff,float64,,41,51,3,EPSG:3857,-5563153.240641272,-2540873.596489898,-5562708.334053778,-2540323.913772682,10.851380182770876,10.778092494426186,2091,0,2091,,,,,,0,0.0,0,0.0,0,0.0,0,0.0,0,0.0,0,0.0,2091,2091,0,1.0,1.0,1.0,1.0,0.0,0,0.0,0,0.0,0,0.0,0,0.0,0,0.0,2091,100.0,2091,2091,0,0.0,1.0,0.4528933524629364,0.0,0.49777601766037194,0,0.0,1144,54.71066475370636,0,0.0,0,0.0,0,0.0,947,45.28933524629364
ndvi_raw_f791bf13-1d24-4b4f-88bd-2569162df2b3_2025-10-03.tiff,f791bf13-1d24-4b4f-88bd-2569162df2b3,GTiff,float64,,41,51,3,EPSG:3857,-5563153.240641272,-2540873.596489898,-5562708.334053778,-2540323.913772682,10.851380182770876,10.778092494426186,2091,2091,0,-0.05511811023622047,0.7622660596863935,0.28092707724148036,0.2197986577181208,0.16867744883989294,33,1.5781922525107603,816,39.02439024390244,831,39.74175035868006,205,9.803921568627452,206,9.851745576279292,0,0.0,2091,2091,0,0.0,1.0,0.018173122907699665,0.0,0.13357717062238333,0,0.0,2053,98.18268770923004,0,0.0,0,0.0,0,0.0,38,1.8173122907699666,2091,2091,0,0.0,1.0,0.4528933524629364,0.0,0.49777601766037194,0,0.0,1144,54.71066475370636,0,0.0,0,0.0,0,0.0,947,45.28933524629364
ndvi_raw_f791bf13-1d24-4b4f-88bd-2569162df2b3_2025-10-08.tiff,f791bf13-1d24-4b4f-88bd-2569162df2b3,GTiff,float64,,41,51,3,EPSG:3857,-5563153.240641272,-2540873.596489898,-5562708.334053778,-2540323.913772682,10.851380182770876,10.778092494426186,2091,0,2091,,,,,,0,0.0,0,0.0,0,0.0,0,0.0,0,0.0,0,0.0,2091,2091,0,1.0,1.0,1.0,1.0,0.0,0,0.0,0,0.0,0,0.0,0,0.0,0,0.0,2091,100.0,2091,2091,0,0.0,1.0,0.4528933524629364,0.0,0.49777601766037194,0,0.0,1144,54.71066475370636,0,0.0,0,0.0,0,0.0,947,45.28933524629364
ndvi_raw_f791bf13-1d24-4b4f-88bd-2569162df2b3_2025-10-13.tiff,f791bf13-1d24-4b4f-88bd-2569162df2b3,GTiff,float64,,41,51,3,EPSG:3857,-5563153.240641272,-2540873.596489898,-5562708.334053778,-2540323.913772682,10.851380182770876,10.778092494426186,2091,0,2091,,,,,,0,0.0,0,0.0,0,0.0,0,0.0,0,0.0,0,0.0,2091,2091,0,1.0,1.0,1.0,1.0,0.0,0,0.0,0,0.0,0,0.0,0,0.0,0,0.0,2091,100.0,2091,2091,0,0.0,1.0,0.4528933524629364,0.0,0.49777601766037194,0,0.0,1144,54.71066475370636,0,0.0,0,0.0,0,0.0,947,45.28933524629364
ndvi_raw_f791bf13-1d24-4b4f-88bd-2569162df2b3_2025-10-15.tiff,f791bf13-1d24-4b4f-88bd-2569162df2b3,GTiff,float64,,41,51,3,EPSG:3857,-5563153.240641272,-2540873.596489898,-5562708.334053778,-2540323.913772682,10.851380182770876,10.778092494426186,2091,0,2091,,,,,,0,0.0,0,0.0,0,0.0,0,0.0,0,0.0,0,0.0,2091,2091,0,1.0,1.0,1.0,1.0,0.0,0,0.0,0,0.0,0,0.0,0,0.0,0,0.0,2091,100.0,2091,2091,0,0.0,1.0,0.4528933524629364,0.0,0.49777601766037194,0,0.0,1144,54.71066475370636,0,0.0,0,0.0,0,0.0,947,45.28933524629364
ndvi_raw_f791bf13-1d24-4b4f-88bd-2569162df2b3_2025-10-18.tiff,f791bf13-1d24-4b4f-88bd-2569162df2b3,GTiff,float64,,41,51,3,EPSG:3857,-5563153.240641272,-2540873.596489898,-5562708.334053778,-2540323.913772682,10.851380182770876,10.778092494426186,2091,0,2091,,,,,,0,0.0,0,0.0,0,0.0,0,0.0,0,0.0,0,0.0,2091,2091,0,1.0,1.0,1.0,1.0,0.0,0,0.0,0,0.0,0,0.0,0,0.0,0,0.0,2091,100.0,2091,2091,0,0.0,1.0,0.4528933524629364,0.0,0.49777601766037194,0,0.0,1144,54.71066475370636,0,0.0,0,0.0,0,0.0,947,45.28933524629364
ndvi_raw_f791bf13-1d24-4b4f-88bd-2569162df2b3_2025-10-23.tiff,f791bf13-1d24-4b4f-88bd-2569162df2b3,GTiff,float64,,41,51,3,EPSG:3857,-5563153.240641272,-2540873.596489898,-5562708.334053778,-2540323.913772682,10.851380182770876,10.778092494426186,2091,2091,0,-0.057211925866236905,0.8699324324324325,0.42869601255997675,0.3715194908512331,0.1837092314973164,16,0.7651841224294597,52,2.4868483978957436,1189,56.86274509803921,454,21.71209947393592,225,10.760401721664275,155,7.41272118603539,2091,2091,0,0.0,1.0,0.0234337637494022,0.0,0.1512766421690388,0,0.0,2042,97.65662362505978,0,0.0,0,0.0,0,0.0,49,2.34337637494022,2091,2091,0,0.0,1.0,0.4528933524629364,0.0,0.49777601766037194,0,0.0,1144,54.71066475370636,0,0.0,0,0.0,0,0.0,947,45.28933524629364
ndvi_raw_f791bf13-1d24-4b4f-88bd-2569162df2b3_2025-10-28.tiff,f791bf13-1d24-4b4f-88bd-2569162df2b3,GTiff,float64,,41,51,3,EPSG:3857,-5563153.240641272,-2540873.596489898,-5562708.334053778,-2540323.913772682,10.851380182770876,10.778092494426186,2091,0,2091,,,,,,0,0.0,0,0.0,0,0.0,0,0.0,0,0.0,0,0.0,2091,2091,0,1.0,1.0,1.0,1.0,0.0,0,0.0,0,0.0,0,0.0,0,0.0,0,0.0,2091,100.0,2091,2091,0,0.0,1.0,0.4528933524629364,0.0,0.49777601766037194,0,0.0,1144,54.71066475370636,0,0.0,0,0.0,0,0.0,947,45.28933524629364
ndvi_raw_f791bf13-1d24-4b4f-88bd-2569162df2b3_2025-11-02.tiff,f791bf13-1d24-4b4f-88bd-2569162df2b3,GTiff,float64,,41,51,3,EPSG:3857,-5563153.240641272,-2540873.596489898,-5562708.334053778,-2540323.913772682,10.851380182770876,10.778092494426186,2091,0,2091,,,,,,0,0.0,0,0.0,0,0.0,0,0.0,0,0.0,0,0.0,2091,2091,0,1.0,1.0,1.0,1.0,0.0,0,0.0,0,0.0,0,0.0,0,0.0,0,0.0,2091,100.0,2091,2091,0,0.0,1.0,0.4528933524629364,0.0,0.49777601766037194,0,0.0,1144,54.71066475370636,0,0.0,0,0.0,0,0.0,947,45.28933524629364
ndvi_raw_f791bf13-1d24-4b4f-88bd-2569162df2b3_2025-11-04.tiff,f791bf13-1d24-4b4f-88bd-2569162df2b3,GTiff,float64,,41,51,3,EPSG:3857,-5563153.240641272,-2540873.596489898,-5562708.334053778,-2540323.913772682,10.851380182770876,10.778092494426186,2091,2091,0,-0.16056910569105692,0.8906870229007634,0.32961024371569914,0.25617433414043583,0.20116207305729625,16,0.7651841224294597,548,26.20755619320899,1043,49.88043998087039,195,9.32568149210904,163,7.79531324725012,126,6.025824964131994,2091,2091,0,0.0,1.0,0.046389287422285985,0.0,0.21032670166847223,0,0.0,1994,95.3610712577714,0,0.0,0,0.0,0,0.0,97,4.6389287422285985,2091,2091,0,0.0,1.0,0.4528933524629364,0.0,0.49777601766037194,0,0.0,1144,54.71066475370636,0,0.0,0,0.0,0,0.0,947,45.28933524629364
ndvi_raw_f791bf13-1d24-4b4f-88bd-2569162df2b3_2025-11-07.tiff,f791bf13-1d24-4b4f-88bd-2569162df2b3,GTiff,float64,,41,51,3,EPSG:3857,-5563153.240641272,-2540873.596489898,-5562708.334053778,-2540323.913772682,10.851380182770876,10.778092494426186,2091,2091,0,-0.14499252615844543,0.8847986141186661,0.41288945177310593,0.35418427726120033,0.23062593874201143,31,1.482544237207078,329,15.734098517455763,848,40.55475848876136,389,18.603538976566234,267,12.769010043041607,227,10.85604973696796,2091,2091,0,0.0,1.0,0.0196078431372549,0.0,0.1386483884679505,0,0.0,2050,98.0392156862745,0,0.0,0,0.0,0,0.0,41,1.9607843137254901,2091,2091,0,0.0,1.0,0.4528933524629364,0.0,0.49777601766037194,0,0.0,1144,54.71066475370636,0,0.0,0,0.0,0,0.0,947,45.28933524629364
ndvi_raw_f791bf13-1d24-4b4f-88bd-2569162df2b3_2025-11-12.tiff,f791bf13-1d24-4b4f-88bd-2569162df2b3,GTiff,float64,,41,51,3,EPSG:3857,-5563153.240641272,-2540873.596489898,-5562708.334053778,-2540323.913772682,10.851380182770876,10.778092494426186,2091,2091,0,-0.09518348623853211,0.8877799955644267,0.42250322315417904,0.3764705882352941,0.2345887419872935,25,1.1956001912960306,411,19.655667144906744,683,32.663797226207556,451,21.568627450980394,284,13.58201817312291,237,11.33428981348637,2091,2091,0,0.0,1.0,0.0234337637494022,0.0,0.1512766421690388,0,0.0,2042,97.65662362505978,0,0.0,0,0.0,0,0.0,49,2.34337637494022,2091,2091,0,0.0,1.0,0.4528933524629364,0.0,0.49777601766037194,0,0.0,1144,54.71066475370636,0,0.0,0,0.0,0,0.0,947,45.28933524629364
ndvi_raw_f791bf13-1d24-4b4f-88bd-2569162df2b3_2025-11-17.tiff,f791bf13-1d24-4b4f-88bd-2569162df2b3,GTiff,float64,,41,51,3,EPSG:3857,-5563153.240641272,-2540873.596489898,-5562708.334053778,-2540323.913772682,10.851380182770876,10.778092494426186,2091,0,2091,,,,,,0,0.0,0,0.0,0,0.0,0,0.0,0,0.0,0,0.0,2091,2091,0,1.0,1.0,1.0,1.0,0.0,0,0.0,0,0.0,0,0.0,0,0.0,0,0.0,2091,100.0,2091,2091,0,0.0,1.0,0.4528933524629364,0.0,0.49777601766037194,0,0.0,1144,54.71066475370636,0,0.0,0,0.0,0,0.0,947,45.28933524629364
ndvi_raw_f791bf13-1d24-4b4f-88bd-2569162df2b3_2025-11-22.tiff,f791bf13-1d24-4b4f-88bd-2569162df2b3,GTiff,float64,,41,51,3,EPSG:3857,-5563153.240641272,-2540873.596489898,-5562708.334053778,-2540323.913772682,10.851380182770876,10.778092494426186,2091,2091,0,-0.02617801047120419,0.894980694980695,0.4248275499325329,0.3714699493120927,0.24151476672285763,2,0.09564801530368246,468,22.381635581061694,671,32.089909134385465,411,19.655667144906744,262,12.529890004782402,277,13.24725011956002,2091,2091,0,0.0,1.0,0.021520803443328552,0.0,0.1451125716899889,0,0.0,2046,97.84791965566714,0,0.0,0,0.0,0,0.0,45,2.1520803443328553,2091,2091,0,0.0,1.0,0.4528933524629364,0.0,0.49777601766037194,0,0.0,1144,54.71066475370636,0,0.0,0,0.0,0,0.0,947,45.28933524629364
ndvi_raw_f791bf13-1d24-4b4f-88bd-2569162df2b3_2025-11-24.tiff,f791bf13-1d24-4b4f-88bd-2569162df2b3,GTiff,float64,,41,51,3,EPSG:3857,-5563153.240641272,-2540873.596489898,-5562708.334053778,-2540323.913772682,10.851380182770876,10.778092494426186,2091,2091,0,-0.863013698630137,0.9480657127715951,0.5121365455231216,0.5159763313609468,0.2695204830537427,64,3.0607364897178386,93,4.447632711621234,621,29.6987087517934,524,25.059780009564804,372,17.790530846484938,417,19.94261119081779,2091,2091,0,0.0,1.0,0.015781922525107604,0.0,0.12463086875457101,0,0.0,2058,98.42180774748924,0,0.0,0,0.0,0,0.0,33,1.5781922525107603,2091,2091,0,0.0,1.0,0.4528933524629364,0.0,0.49777601766037194,0,0.0,1144,54.71066475370636,0,0.0,0,0.0,0,0.0,947,45.28933524629364
ndvi_raw_f791bf13-1d24-4b4f-88bd-2569162df2b3_2025-11-27.tiff,f791bf13-1d24-4b4f-88bd-2569162df2b3,GTiff,float64,,41,51,3,EPSG:3857,-5563153.240641272,-2540873.596489898,-5562708.334053778,-2540323.913772682,10.851380182770876,10.778092494426186,2091,2091,0,0.06734006734006734,0.8834535178327811,0.47229520086408466,0.42416636787378986,0.20000364007861748,0,0.0,50,2.391200382592061,896,42.85031085604974,591,28.263988522238165,319,15.25585844093735,235,11.238641798182687,2091,2091,0,0.0,1.0,0.025346724055475847,0.0,0.15717591302464703,0,0.0,2038,97.46532759445242,0,0.0,0,0.0,0,0.0,53,2.534672405547585,2091,2091,0,0.0,1.0,0.4528933524629364,0.0,0.49777601766037194,0,0.0,1144,54.71066475370636,0,0.0,0,0.0,0,0.0,947,45.28933524629364
ndvi_raw_f791bf13-1d24-4b4f-88bd-2569162df2b3_2025-12-02.tiff,f791bf13-1d24-4b4f-88bd-2569162df2b3,GTiff,float64,,41,51,3,EPSG:3857,-5563153.240641272,-2540873.596489898,-5562708.334053778,-2540323.913772682,10.851380182770876,10.778092494426186,2091,0,2091,,,,,,0,0.0,0,0.0,0,0.0,0,0.0,0,0.0,0,0.0,2091,2091,0,1.0,1.0,1.0,1.0,0.0,0,0.0,0,0.0,0,0.0,0,0.0,0,0.0,2091,100.0,2091,2091,0,0.0,1.0,0.4528933524629364,0.0,0.49777601766037194,0,0.0,1144,54.71066475370636,0,0.0,0,0.0,0,0.0,947,45.28933524629364
ndvi_raw_f791bf13-1d24-4b4f-88bd-2569162df2b3_2025-12-07.tiff,f791bf13-1d24-4b4f-88bd-2569162df2b3,GTiff,float64,,41,51,3,EPSG:3857,-5563153.240641272,-2540873.596489898,-5562708.334053778,-2540323.913772682,10.851380182770876,10.778092494426186,2091,0,2091,,,,,,0,0.0,0,0.0,0,0.0,0,0.0,0,0.0,0,0.0,2091,2091,0,1.0,1.0,1.0,1.0,0.0,0,0.0,0,0.0,0,0.0,0,0.0,0,0.0,2091,100.0,2091,2091,0,0.0,1.0,0.4528933524629364,0.0,0.49777601766037194,0,0.0,1144,54.71066475370636,0,0.0,0,0.0,0,0.0,947,45.28933524629364
ndvi_raw_f791bf13-1d24-4b4f-88bd-2569162df2b3_2025-12-12.tiff,f791bf13-1d24-4b4f-88bd-2569162df2b3,GTiff,float64,,41,51,3,EPSG:3857,-5563153.240641272,-2540873.596489898,-5562708.334053778,-2540323.913772682,10.851380182770876,10.778092494426186,2091,0,2091,,,,,,0,0.0,0,0.0,0,0.0,0,0.0,0,0.0,0,0.0,2091,2091,0,1.0,1.0,1.0,1.0,0.0,0,0.0,0,0.0,0,0.0,0,0.0,0,0.0,2091,100.0,2091,2091,0,0.0,1.0,0.4528933524629364,0.0,0.49777601766037194,0,0.0,1144,54.71066475370636,0,0.0,0,0.0,0,0.0,947,45.28933524629364
ndvi_raw_f791bf13-1d24-4b4f-88bd-2569162df2b3_2025-12-14.tiff,f791bf13-1d24-4b4f-88bd-2569162df2b3,GTiff,float64,,41,51,3,EPSG:3857,-5563153.240641272,-2540873.596489898,-5562708.334053778,-2540323.913772682,10.851380182770876,10.778092494426186,2091,0,2091,,,,,,0,0.0,0,0.0,0,0.0,0,0.0,0,0.0,0,0.0,2091,2091,0,1.0,1.0,1.0,1.0,0.0,0,0.0,0,0.0,0,0.0,0,0.0,0,0.0,2091,100.0,2091,2091,0,0.0,1.0,0.4528933524629364,0.0,0.49777601766037194,0,0.0,1144,54.71066475370636,0,0.0,0,0.0,0,0.0,947,45.28933524629364
ndvi_raw_f791bf13-1d24-4b4f-88bd-2569162df2b3_2025-12-17.tiff,f791bf13-1d24-4b4f-88bd-2569162df2b3,GTiff,float64,,41,51,3,EPSG:3857,-5563153.240641272,-2540873.596489898,-5562708.334053778,-2540323.913772682,10.851380182770876,10.778092494426186,2091,2091,0,-0.26717557251908397,0.908854617917172,0.42541509686792905,0.40552486187845305,0.2341228922709158,54,2.582496413199426,287,13.725490196078432,689,32.950741272118606,531,25.394548063127694,366,17.50358680057389,164,7.8431372549019605,2091,2091,0,0.0,1.0,0.4495456719273075,0.0,0.497447847295305,0,0.0,1151,55.04543280726924,0,0.0,0,0.0,0,0.0,940,44.95456719273075,2091,2091,0,0.0,1.0,0.4528933524629364,0.0,0.49777601766037194,0,0.0,1144,54.71066475370636,0,0.0,0,0.0,0,0.0,947,45.28933524629364
ndvi_raw_f791bf13-1d24-4b4f-88bd-2569162df2b3_2025-12-27.tiff,f791bf13-1d24-4b4f-88bd-2569162df2b3,GTiff,float64,,41,51,3,EPSG:3857,-5563153.240641272,-2540873.596489898,-5562708.334053778,-2540323.913772682,10.851380182770876,10.778092494426186,2091,2091,0,-0.4357459379615953,0.9223549488054608,0.6669836361593986,0.7146332562948546,0.21492513130150237,59,2.8216164514586324,18,0.860832137733142,63,3.012912482065997,308,14.729794356767098,1244,59.49306551889049,399,19.08177905308465,2091,2091,0,0.0,1.0,0.0234337637494022,0.0,0.1512766421690388,0,0.0,2042,97.65662362505978,0,0.0,0,0.0,0,0.0,49,2.34337637494022,2091,2091,0,0.0,1.0,0.4528933524629364,0.0,0.49777601766037194,0,0.0,1144,54.71066475370636,0,0.0,0,0.0,0,0.0,947,45.28933524629364
ndvi_raw_f791bf13-1d24-4b4f-88bd-2569162df2b3_2026-01-01.tiff,f791bf13-1d24-4b4f-88bd-2569162df2b3,GTiff,float64,,41,51,3,EPSG:3857,-5563153.240641272,-2540873.596489898,-5562708.334053778,-2540323.913772682,10.851380182770876,10.778092494426186,2091,2091,0,-0.24397590361445784,0.9293478260869565,0.7366801354932762,0.7875611460517121,0.17146697129551297,31,1.482544237207078,34,1.6260162601626018,21,1.0043041606886656,166,7.938785270205644,910,43.51984696317551,929,44.4285031085605,2091,2091,0,0.0,1.0,0.06886657101865136,0.0,0.2532271044236466,0,0.0,1947,93.11334289813486,0,0.0,0,0.0,0,0.0,144,6.886657101865136,2091,2091,0,0.0,1.0,0.4528933524629364,0.0,0.49777601766037194,0,0.0,1144,54.71066475370636,0,0.0,0,0.0,0,0.0,947,45.28933524629364
ndvi_raw_f791bf13-1d24-4b4f-88bd-2569162df2b3_2026-01-03.tiff,f791bf13-1d24-4b4f-88bd-2569162df2b3,GTiff,float64,,41,51,3,EPSG:3857,-5563153.240641272,-2540873.596489898,-5562708.334053778,-2540323.913772682,10.851380182770876,10.778092494426186,2091,0,2091,,,,,,0,0.0,0,0.0,0,0.0,0,0.0,0,0.0,0,0.0,2091,2091,0,1.0,1.0,1.0,1.0,0.0,0,0.0,0,0.0,0,0.0,0,0.0,0,0.0,2091,100.0,2091,2091,0,0.0,1.0,0.4528933524629364,0.0,0.49777601766037194,0,0.0,1144,54.71066475370636,0,0.0,0,0.0,0,0.0,947,45.28933524629364
ndvi_raw_f791bf13-1d24-4b4f-88bd-2569162df2b3_2026-01-06.tiff,f791bf13-1d24-4b4f-88bd-2569162df2b3,GTiff,float64,,41,51,3,EPSG:3857,-5563153.240641272,-2540873.596489898,-5562708.334053778,-2540323.913772682,10.851380182770876,10.778092494426186,2091,2091,0,-0.16308470290771176,0.920339883165162,0.7696312340251065,0.8255972033404545,0.16686381519065452,37,1.7694882831181253,18,0.860832137733142,22,1.0521281683405068,105,5.0215208034433285,612,29.268292682926827,1297,62.027737924438064,2091,2091,0,0.0,1.0,0.3032042085126734,0.0,0.45964270521011935,0,0.0,1457,69.67957914873266,0,0.0,0,0.0,0,0.0,634,30.320420851267336,2091,2091,0,0.0,1.0,0.4528933524629364,0.0,0.49777601766037194,0,0.0,1144,54.71066475370636,0,0.0,0,0.0,0,0.0,947,45.28933524629364
ndvi_raw_f791bf13-1d24-4b4f-88bd-2569162df2b3_2026-01-11.tiff,f791bf13-1d24-4b4f-88bd-2569162df2b3,GTiff,float64,,41,51,3,EPSG:3857,-5563153.240641272,-2540873.596489898,-5562708.334053778,-2540323.913772682,10.851380182770876,10.778092494426186,2091,2091,0,0.24325827078120657,0.8380359105899597,0.459536089136201,0.47796024200518583,0.12914845699428937,0,0.0,0,0.0,810,38.737446197991396,1024,48.97178383548542,251,12.003825920612147,6,0.2869440459110474,2091,2091,0,0.0,1.0,0.16164514586322334,0.0,0.3681249688381387,0,0.0,1753,83.83548541367767,0,0.0,0,0.0,0,0.0,338,16.164514586322333,2091,2091,0,0.0,1.0,0.4528933524629364,0.0,0.49777601766037194,0,0.0,1144,54.71066475370636,0,0.0,0,0.0,0,0.0,947,45.28933524629364
ndvi_raw_f791bf13-1d24-4b4f-88bd-2569162df2b3_2026-01-16.tiff,f791bf13-1d24-4b4f-88bd-2569162df2b3,GTiff,float64,,41,51,3,EPSG:3857,-5563153.240641272,-2540873.596489898,-5562708.334053778,-2540323.913772682,10.851380182770876,10.778092494426186,2091,2091,0,-0.26843657817109146,0.9480235859357938,0.838767904688114,0.8972755694506476,0.17043201102724603,33,1.5781922525107603,24,1.1477761836441895,16,0.7651841224294597,27,1.291248206599713,272,13.008130081300814,1719,82.20946915351507,2091,2091,0,0.0,1.0,0.0234337637494022,0.0,0.1512766421690388,0,0.0,2042,97.65662362505978,0,0.0,0,0.0,0,0.0,49,2.34337637494022,2091,2091,0,0.0,1.0,0.4528933524629364,0.0,0.49777601766037194,0,0.0,1144,54.71066475370636,0,0.0,0,0.0,0,0.0,947,45.28933524629364
ndvi_raw_f791bf13-1d24-4b4f-88bd-2569162df2b3_2026-01-21.tiff,f791bf13-1d24-4b4f-88bd-2569162df2b3,GTiff,float64,,41,51,3,EPSG:3857,-5563153.240641272,-2540873.596489898,-5562708.334053778,-2540323.913772682,10.851380182770876,10.778092494426186,2091,2091,0,-0.01973164956590371,0.9258839528558477,0.8187765079915978,0.8686970552642195,0.15434437135777182,1,0.04782400765184123,59,2.8216164514586324,16,0.7651841224294597,40,1.912960306073649,294,14.060258249641318,1681,80.3921568627451,2091,2091,0,0.0,1.0,0.0234337637494022,0.0,0.1512766421690388,0,0.0,2042,97.65662362505978,0,0.0,0,0.0,0,0.0,49,2.34337637494022,2091,2091,0,0.0,1.0,0.4528933524629364,0.0,0.49777601766037194,0,0.0,1144,54.71066475370636,0,0.0,0,0.0,0,0.0,947,45.28933524629364
ndvi_raw_f791bf13-1d24-4b4f-88bd-2569162df2b3_2026-01-26.tiff,f791bf13-1d24-4b4f-88bd-2569162df2b3,GTiff,float64,,41,51,3,EPSG:3857,-5563153.240641272,-2540873.596489898,-5562708.334053778,-2540323.913772682,10.851380182770876,10.778092494426186,2091,2091,0,-0.20754716981132076,0.9037328094302554,0.7400687466300453,0.7820577800304105,0.17135128780235592,46,2.199904351984696,23,1.099952175992348,20,0.9564801530368245,66,3.1563845050215207,1099,52.55858440937351,837,40.0286944045911,2091,2091,0,0.0,1.0,0.021520803443328552,0.0,0.1451125716899889,0,0.0,2046,97.84791965566714,0,0.0,0,0.0,0,0.0,45,2.1520803443328553,2091,2091,0,0.0,1.0,0.4528933524629364,0.0,0.49777601766037194,0,0.0,1144,54.71066475370636,0,0.0,0,0.0,0,0.0,947,45.28933524629364
ndvi_raw_f791bf13-1d24-4b4f-88bd-2569162df2b3_2026-01-31.tiff,f791bf13-1d24-4b4f-88bd-2569162df2b3,GTiff,float64,,41,51,3,EPSG:3857,-5563153.240641272,-2540873.596489898,-5562708.334053778,-2540323.913772682,10.851380182770876,10.778092494426186,2091,2091,0,-0.43847072879330945,0.9709187045604759,0.6843744232202608,0.7734553775743707,0.23503123127534933,42,2.008608321377331,37,1.7694882831181253,208,9.947393591582975,235,11.238641798182687,657,31.420373027259686,912,43.6154949784792,2091,2091,0,0.0,1.0,0.4347202295552367,0.0,0.49572023518379704,0,0.0,1182,56.52797704447633,0,0.0,0,0.0,0,0.0,909,43.47202295552367,2091,2091,0,0.0,1.0,0.4528933524629364,0.0,0.49777601766037194,0,0.0,1144,54.71066475370636,0,0.0,0,0.0,0,0.0,947,45.28933524629364
ndvi_raw_f791bf13-1d24-4b4f-88bd-2569162df2b3_2026-02-05.tiff,f791bf13-1d24-4b4f-88bd-2569162df2b3,GTiff,float64,,41,51,3,EPSG:3857,-5563153.240641272,-2540873.596489898,-5562708.334053778,-2540323.913772682,10.851380182770876,10.778092494426186,2091,2091,0,-0.3333333333333333,0.7837423312883436,0.3891830016942533,0.32466477041852904,0.25227723852726996,24,1.1477761836441895,551,26.35102821616451,616,29.459588713534195,255,12.195121951219512,645,30.84648493543759,0,0.0,2091,2091,0,0.0,1.0,0.9980870396939263,1.0,0.0436955477015798,0,0.0,4,0.19129603060736491,0,0.0,0,0.0,0,0.0,2087,99.80870396939264,2091,2091,0,0.0,1.0,0.4528933524629364,0.0,0.49777601766037194,0,0.0,1144,54.71066475370636,0,0.0,0,0.0,0,0.0,947,45.28933524629364
ndvi_raw_f791bf13-1d24-4b4f-88bd-2569162df2b3_2026-02-10.tiff,f791bf13-1d24-4b4f-88bd-2569162df2b3,GTiff,float64,,41,51,3,EPSG:3857,-5563153.240641272,-2540873.596489898,-5562708.334053778,-2540323.913772682,10.851380182770876,10.778092494426186,2091,0,2091,,,,,,0,0.0,0,0.0,0,0.0,0,0.0,0,0.0,0,0.0,2091,2091,0,1.0,1.0,1.0,1.0,0.0,0,0.0,0,0.0,0,0.0,0,0.0,0,0.0,2091,100.0,2091,2091,0,0.0,1.0,0.4528933524629364,0.0,0.49777601766037194,0,0.0,1144,54.71066475370636,0,0.0,0,0.0,0,0.0,947,45.28933524629364
ndvi_raw_f791bf13-1d24-4b4f-88bd-2569162df2b3_2026-02-15.tiff,f791bf13-1d24-4b4f-88bd-2569162df2b3,GTiff,float64,,41,51,3,EPSG:3857,-5563153.240641272,-2540873.596489898,-5562708.334053778,-2540323.913772682,10.851380182770876,10.778092494426186,2091,0,2091,,,,,,0,0.0,0,0.0,0,0.0,0,0.0,0,0.0,0,0.0,2091,2091,0,1.0,1.0,1.0,1.0,0.0,0,0.0,0,0.0,0,0.0,0,0.0,0,0.0,2091,100.0,2091,2091,0,0.0,1.0,0.4528933524629364,0.0,0.49777601766037194,0,0.0,1144,54.71066475370636,0,0.0,0,0.0,0,0.0,947,45.28933524629364
ndvi_raw_f791bf13-1d24-4b4f-88bd-2569162df2b3_2026-02-20.tiff,f791bf13-1d24-4b4f-88bd-2569162df2b3,GTiff,float64,,41,51,3,EPSG:3857,-5563153.240641272,-2540873.596489898,-5562708.334053778,-2540323.913772682,10.851380182770876,10.778092494426186,2091,2091,0,-0.04035874439461883,0.9234617308654327,0.7808834845886423,0.8282828282828283,0.1563712156668866,11,0.5260640841702534,45,2.1520803443328553,27,1.291248206599713,100,4.782400765184122,531,25.394548063127694,1377,65.85365853658537,2091,2091,0,0.0,1.0,0.034911525585844094,0.0,0.18355574348712997,0,0.0,2018,96.5088474414156,0,0.0,0,0.0,0,0.0,73,3.4911525585844094,2091,2091,0,0.0,1.0,0.4528933524629364,0.0,0.49777601766037194,0,0.0,1144,54.71066475370636,0,0.0,0,0.0,0,0.0,947,45.28933524629364
ndvi_raw_f791bf13-1d24-4b4f-88bd-2569162df2b3_2026-02-25.tiff,f791bf13-1d24-4b4f-88bd-2569162df2b3,GTiff,float64,,41,51,3,EPSG:3857,-5563153.240641272,-2540873.596489898,-5562708.334053778,-2540323.913772682,10.851380182770876,10.778092494426186,2091,0,2091,,,,,,0,0.0,0,0.0,0,0.0,0,0.0,0,0.0,0,0.0,2091,2091,0,1.0,1.0,1.0,1.0,0.0,0,0.0,0,0.0,0,0.0,0,0.0,0,0.0,2091,100.0,2091,2091,0,0.0,1.0,0.4528933524629364,0.0,0.49777601766037194,0,0.0,1144,54.71066475370636,0,0.0,0,0.0,0,0.0,947,45.28933524629364
