Data;Estação;Latitude;Longitude;Radiação Solar (W/m2);Precipitação (mm);Vel do Vento Média (km/h);Temp. Mínima (°C);Temp. Média (°C);Temp. Máxima (°C);Umidade Rel. Mín. (%);Umidade Rel. Média (%);Umidade Rel. Máxima (%);Rajada de Vento (km/h);Evapotranspiração (mm)
"01/11/2025 - 00:00 / GMT - 03:00";"Unimar Pesquisa (0020ED51)";"-22,2476";"-49,9764";0;0;8,7;19,86;19,97;20,12;93,84;94,47;95,13;19,4;4,6
"01/11/2025 - 01:00 / GMT - 03:00";"Unimar Pesquisa (0020ED51)";"-22,2476";"-49,9764";0;0;8,9;19,45;19,58;19,84;93,95;95,19;95,85;19,1;
"01/11/2025 - 02:00 / GMT - 03:00";"Unimar Pesquisa (0020ED51)";"-22,2476";"-49,9764";0;0;9;19,31;19,47;19,66;92,48;94,52;95,72;20,9;
"01/11/2025 - 03:00 / GMT - 03:00";"Unimar Pesquisa (0020ED51)";"-22,2476";"-49,9764";0;0;9,5;19,73;19,84;19,98;90,15;91,16;91,92;26,3;
"01/11/2025 - 04:00 / GMT - 03:00";"Unimar Pesquisa (0020ED51)";"-22,2476";"-49,9764";0;0;9,2;19,87;19,95;20,02;89,83;90,59;91,22;19,1;
"01/11/2025 - 05:00 / GMT - 03:00";"Unimar Pesquisa (0020ED51)";"-22,2476";"-49,9764";0;0;4,2;19,1;19,51;19,89;91,11;93,8;96,93;12,2;
"01/11/2025 - 06:00 / GMT - 03:00";"Unimar Pesquisa (0020ED51)";"-22,2476";"-49,9764";48;0;8,1;19,52;20,23;20,51;89,22;90,32;94,16;18,7;
"01/11/2025 - 07:00 / GMT - 03:00";"Unimar Pesquisa (0020ED51)";"-22,2476";"-49,9764";208;0;6,8;20,55;21,5;22,43;82,14;86,33;89,11;15,8;
"01/11/2025 - 08:00 / GMT - 03:00";"Unimar Pesquisa (0020ED51)";"-22,2476";"-49,9764";352;0;3,4;22,83;23,59;24,27;74,53;79,95;83,19;11,5;
"01/11/2025 - 09:00 / GMT - 03:00";"Unimar Pesquisa (0020ED51)";"-22,2476";"-49,9764";688;0;3,1;24,22;25,41;26,72;66,23;72,83;79,96;9,7;
"01/11/2025 - 10:00 / GMT - 03:00";"Unimar Pesquisa (0020ED51)";"-22,2476";"-49,9764";908;0;4,2;26,46;27,49;28,04;56,26;63,77;69,42;15,1;
"01/11/2025 - 11:00 / GMT - 03:00";"Unimar Pesquisa (0020ED51)";"-22,2476";"-49,9764";983;0;3,8;28,04;28,94;29,97;49,25;54,57;61,16;11,5;
"01/11/2025 - 12:00 / GMT - 03:00";"Unimar Pesquisa (0020ED51)";"-22,2476";"-49,9764";728;0;3,1;28,91;29,35;30,09;49,54;53,79;60,68;10,1;
"01/11/2025 - 13:00 / GMT - 03:00";"Unimar Pesquisa (0020ED51)";"-22,2476";"-49,9764";680;0;4,8;28,88;29,42;30,35;50,88;54,33;56,69;12,6;
"01/11/2025 - 14:00 / GMT - 03:00";"Unimar Pesquisa (0020ED51)";"-22,2476";"-49,9764";495;0;4,9;29,4;29,87;30,44;48,36;50,86;55,84;16,2;
"01/11/2025 - 15:00 / GMT - 03:00";"Unimar Pesquisa (0020ED51)";"-22,2476";"-49,9764";118;0;1,1;28,51;28,94;29,5;50,18;54,96;58,78;5;
"01/11/2025 - 16:00 / GMT - 03:00";"Unimar Pesquisa (0020ED51)";"-22,2476";"-49,9764";154;0;3,6;27,28;27,67;28,34;59,31;64,74;70,16;9;
"01/11/2025 - 17:00 / GMT - 03:00";"Unimar Pesquisa (0020ED51)";"-22,2476";"-49,9764";88;0;4,1;25,84;26,23;27;69,02;72,8;75;15,1;
"01/11/2025 - 18:00 / GMT - 03:00";"Unimar Pesquisa (0020ED51)";"-22,2476";"-49,9764";24;0;3,3;24,7;25,41;25,86;74,06;75,29;77,42;14;
"01/11/2025 - 19:00 / GMT - 03:00";"Unimar Pesquisa (0020ED51)";"-22,2476";"-49,9764";0;0;6,7;23,11;23,81;24,6;75,57;76,91;79;17,6;
"01/11/2025 - 20:00 / GMT - 03:00";"Unimar Pesquisa (0020ED51)";"-22,2476";"-49,9764";0;0;7;22,44;22,57;22,89;74,27;79,08;82,48;16,6;
"01/11/2025 - 21:00 / GMT - 03:00";"Unimar Pesquisa (0020ED51)";"-22,2476";"-49,9764";0;0;6,9;22,01;22,33;22,83;73,55;77,73;80,49;18,4;
"01/11/2025 - 22:00 / GMT - 03:00";"Unimar Pesquisa (0020ED51)";"-22,2476";"-49,9764";0;0;11,3;21,7;22,26;22,5;73,79;76,65;82,41;26,6;
"01/11/2025 - 23:00 / GMT - 03:00";"Unimar Pesquisa (0020ED51)";"-22,2476";"-49,9764";0;0;10,4;22,08;22,53;22,86;75,2;76,98;78,47;31;
"02/11/2025 - 00:00 / GMT - 03:00";"Unimar Pesquisa (0020ED51)";"-22,2476";"-49,9764";0;0;16,4;22,68;22,92;23,07;72,48;74,4;77,61;32;1,7
"02/11/2025 - 01:00 / GMT - 03:00";"Unimar Pesquisa (0020ED51)";"-22,2476";"-49,9764";0;0;12,9;21,77;22,34;22,69;77,72;80,62;82,48;37,8;
"02/11/2025 - 02:00 / GMT - 03:00";"Unimar Pesquisa (0020ED51)";"-22,2476";"-49,9764";0;0;4,9;19,6;20,43;21,22;83,47;86,61;89,89;12,2;
"02/11/2025 - 03:00 / GMT - 03:00";"Unimar Pesquisa (0020ED51)";"-22,2476";"-49,9764";0;1;4;18,23;18,95;19,47;91,18;95,84;100;10,8;
"02/11/2025 - 04:00 / GMT - 03:00";"Unimar Pesquisa (0020ED51)";"-22,2476";"-49,9764";0;8,8;4,2;18;18,12;18,23;99,97;99,97;99,98;12,2;
"02/11/2025 - 05:00 / GMT - 03:00";"Unimar Pesquisa (0020ED51)";"-22,2476";"-49,9764";0;0,6;4,8;18,1;18,16;18,21;99,97;99,97;99,97;16,6;
"02/11/2025 - 06:00 / GMT - 03:00";"Unimar Pesquisa (0020ED51)";"-22,2476";"-49,9764";9;0;6,3;18,22;18,47;18,93;99,97;99,97;99,99;22,3;
"02/11/2025 - 07:00 / GMT - 03:00";"Unimar Pesquisa (0020ED51)";"-22,2476";"-49,9764";35;0;9,6;19,07;19,51;19,78;99,99;99,99;100;28,8;
"02/11/2025 - 08:00 / GMT - 03:00";"Unimar Pesquisa (0020ED51)";"-22,2476";"-49,9764";41;0,6;8,6;19,22;19,65;20,1;96,2;99,57;100;40;
"02/11/2025 - 09:00 / GMT - 03:00";"Unimar Pesquisa (0020ED51)";"-22,2476";"-49,9764";134;1,2;2,6;19,19;19,47;19,96;99,98;99,99;100;10,8;
"02/11/2025 - 10:00 / GMT - 03:00";"Unimar Pesquisa (0020ED51)";"-22,2476";"-49,9764";256;0;4,8;19,93;20,46;20,77;97,23;99,36;100;13,7;
"02/11/2025 - 11:00 / GMT - 03:00";"Unimar Pesquisa (0020ED51)";"-22,2476";"-49,9764";115;1,4;6,5;18,92;20,43;21,14;98,36;99,55;100;27;
"02/11/2025 - 12:00 / GMT - 03:00";"Unimar Pesquisa (0020ED51)";"-22,2476";"-49,9764";27;6,4;8,9;17,73;18,16;18,69;99,97;99,98;99,99;26,3;
"02/11/2025 - 13:00 / GMT - 03:00";"Unimar Pesquisa (0020ED51)";"-22,2476";"-49,9764";103;0,6;2,2;18,01;18,3;18,82;99,97;99,97;99,97;7,2;
"02/11/2025 - 14:00 / GMT - 03:00";"Unimar Pesquisa (0020ED51)";"-22,2476";"-49,9764";339;0;6,2;18,99;20,15;21,73;90,36;97,95;100;15,8;
"02/11/2025 - 15:00 / GMT - 03:00";"Unimar Pesquisa (0020ED51)";"-22,2476";"-49,9764";232;0;8,6;20,93;21,18;21,54;90,81;96,51;100;18,7;
"02/11/2025 - 16:00 / GMT - 03:00";"Unimar Pesquisa (0020ED51)";"-22,2476";"-49,9764";299;0;5,9;21,16;22,01;22,3;86,19;89;95,35;13,7;
"02/11/2025 - 17:00 / GMT - 03:00";"Unimar Pesquisa (0020ED51)";"-22,2476";"-49,9764";65;0;6,7;21,65;21,81;22,08;87,45;89,39;91,83;14;
"02/11/2025 - 18:00 / GMT - 03:00";"Unimar Pesquisa (0020ED51)";"-22,2476";"-49,9764";2;0;4,1;20,86;21,38;21,7;88,95;92,35;97,07;12,6;
"02/11/2025 - 19:00 / GMT - 03:00";"Unimar Pesquisa (0020ED51)";"-22,2476";"-49,9764";0;0;2,8;20,48;20,68;20,83;96,71;97,91;99,31;11,9;
"02/11/2025 - 20:00 / GMT - 03:00";"Unimar Pesquisa (0020ED51)";"-22,2476";"-49,9764";0;0;1;20,04;20,23;20,45;99,18;99,9;99,99;4,7;
"02/11/2025 - 21:00 / GMT - 03:00";"Unimar Pesquisa (0020ED51)";"-22,2476";"-49,9764";0;0;0,7;19,91;20;20,13;99,98;99,98;99,98;4,3;
"02/11/2025 - 22:00 / GMT - 03:00";"Unimar Pesquisa (0020ED51)";"-22,2476";"-49,9764";0;0,2;2,9;19,95;20,03;20,12;99,98;99,98;99,99;8,3;
"02/11/2025 - 23:00 / GMT - 03:00";"Unimar Pesquisa (0020ED51)";"-22,2476";"-49,9764";0;0;4,9;19,75;19,87;19,97;99,99;99,99;99,99;10,1;
"03/11/2025 - 00:00 / GMT - 03:00";"Unimar Pesquisa (0020ED51)";"-22,2476";"-49,9764";0;3,4;3;19,23;19,49;19,77;99,98;99,98;99,99;8,3;4
"03/11/2025 - 01:00 / GMT - 03:00";"Unimar Pesquisa (0020ED51)";"-22,2476";"-49,9764";0;0,6;3,6;19,15;19,25;19,31;99,97;99,97;99,97;12,6;
"03/11/2025 - 02:00 / GMT - 03:00";"Unimar Pesquisa (0020ED51)";"-22,2476";"-49,9764";0;0;13,6;19,06;19,23;19,37;98,59;99,63;100;39,6;
"03/11/2025 - 03:00 / GMT - 03:00";"Unimar Pesquisa (0020ED51)";"-22,2476";"-49,9764";0;0;14,8;19,1;19,18;19,29;98,89;99,75;100;29,5;
"03/11/2025 - 04:00 / GMT - 03:00";"Unimar Pesquisa (0020ED51)";"-22,2476";"-49,9764";0;0;14,2;18,9;19,03;19,23;99,41;99,91;100;30,2;
"03/11/2025 - 05:00 / GMT - 03:00";"Unimar Pesquisa (0020ED51)";"-22,2476";"-49,9764";0;0;16,4;18,94;19,03;19,11;99,98;99,98;99,99;29,5;
"03/11/2025 - 06:00 / GMT - 03:00";"Unimar Pesquisa (0020ED51)";"-22,2476";"-49,9764";59;0;15,4;18,93;19,13;19,34;99,98;99,98;99,99;27,7;
"03/11/2025 - 07:00 / GMT - 03:00";"Unimar Pesquisa (0020ED51)";"-22,2476";"-49,9764";125;0;12,9;19,5;19,8;19,97;99,13;99,81;100;24,5;
"03/11/2025 - 08:00 / GMT - 03:00";"Unimar Pesquisa (0020ED51)";"-22,2476";"-49,9764";259;0;13,2;20,01;20,49;21,35;95,79;98,49;99,68;25,6;
"03/11/2025 - 09:00 / GMT - 03:00";"Unimar Pesquisa (0020ED51)";"-22,2476";"-49,9764";500;0;10,2;21,47;22,01;22,76;90,51;93,5;97,57;21,6;
"03/11/2025 - 10:00 / GMT - 03:00";"Unimar Pesquisa (0020ED51)";"-22,2476";"-49,9764";528;0;11,3;22,68;23,04;23,58;87,21;89,92;92,59;22,7;
"03/11/2025 - 11:00 / GMT - 03:00";"Unimar Pesquisa (0020ED51)";"-22,2476";"-49,9764";623;0;9,6;22,78;23,49;24,41;82,56;87,03;91,19;19,8;
"03/11/2025 - 12:00 / GMT - 03:00";"Unimar Pesquisa (0020ED51)";"-22,2476";"-49,9764";675;0;8,9;23,99;24,37;24,72;81,07;82,96;85,97;16,9;
"03/11/2025 - 13:00 / GMT - 03:00";"Unimar Pesquisa (0020ED51)";"-22,2476";"-49,9764";601;0;8,8;24,82;25,46;26,54;75,94;80,02;84,09;23;
"03/11/2025 - 14:00 / GMT - 03:00";"Unimar Pesquisa (0020ED51)";"-22,2476";"-49,9764";741;0;8,6;26,22;27,08;27,93;70,44;73,52;76,31;32,4;
"03/11/2025 - 15:00 / GMT - 03:00";"Unimar Pesquisa (0020ED51)";"-22,2476";"-49,9764";467;0;6,4;27,37;27,75;28,2;67,51;69,46;71,33;16,2;
"03/11/2025 - 16:00 / GMT - 03:00";"Unimar Pesquisa (0020ED51)";"-22,2476";"-49,9764";474;0;7,7;27,73;28,18;28,59;63,72;65,86;68,28;16,2;
"03/11/2025 - 17:00 / GMT - 03:00";"Unimar Pesquisa (0020ED51)";"-22,2476";"-49,9764";158;0;5;26,96;27,53;28,18;65,28;68,8;71,72;13;
"03/11/2025 - 18:00 / GMT - 03:00";"Unimar Pesquisa (0020ED51)";"-22,2476";"-49,9764";18;0;0,9;25,47;26,17;27,51;67,48;75,81;80,28;4;
"03/11/2025 - 19:00 / GMT - 03:00";"Unimar Pesquisa (0020ED51)";"-22,2476";"-49,9764";0;0;1,3;23,85;24,72;25,38;78,7;83,08;87,91;8,3;
"03/11/2025 - 20:00 / GMT - 03:00";"Unimar Pesquisa (0020ED51)";"-22,2476";"-49,9764";0;0;1;23,83;23,91;24,01;84,44;85,96;87,85;4,7;
"03/11/2025 - 21:00 / GMT - 03:00";"Unimar Pesquisa (0020ED51)";"-22,2476";"-49,9764";0;0;0,5;23,75;23,87;24,05;82,82;83,96;85,02;5,4;
"03/11/2025 - 22:00 / GMT - 03:00";"Unimar Pesquisa (0020ED51)";"-22,2476";"-49,9764";0;0;0,9;23,69;24,05;24,29;82,66;84,05;86,05;6,5;
"03/11/2025 - 23:00 / GMT - 03:00";"Unimar Pesquisa (0020ED51)";"-22,2476";"-49,9764";0;0;2,3;22,9;23,39;23,75;83,88;86,09;88,99;6,8;
"04/11/2025 - 00:00 / GMT - 03:00";"Unimar Pesquisa (0020ED51)";"-22,2476";"-49,9764";0;0;3;22,43;22,6;22,7;90,32;91,12;92,29;6,8;5,7
"04/11/2025 - 01:00 / GMT - 03:00";"Unimar Pesquisa (0020ED51)";"-22,2476";"-49,9764";0;0;4,6;21,98;22,33;22,69;89,7;92,04;94,23;15,1;
"04/11/2025 - 02:00 / GMT - 03:00";"Unimar Pesquisa (0020ED51)";"-22,2476";"-49,9764";0;0;8,4;22,08;22,34;22,6;89,91;91,78;93,68;22;
"04/11/2025 - 03:00 / GMT - 03:00";"Unimar Pesquisa (0020ED51)";"-22,2476";"-49,9764";0;0;7,7;22,01;22,25;22,59;89,33;91,35;92,55;16,6;
"04/11/2025 - 04:00 / GMT - 03:00";"Unimar Pesquisa (0020ED51)";"-22,2476";"-49,9764";0;0;3,5;21;21,47;21,91;92,92;95,62;98,41;15,8;
"04/11/2025 - 05:00 / GMT - 03:00";"Unimar Pesquisa (0020ED51)";"-22,2476";"-49,9764";0;0;2,1;20,78;21,28;21,86;90,62;95,35;98,77;7,6;
"04/11/2025 - 06:00 / GMT - 03:00";"Unimar Pesquisa (0020ED51)";"-22,2476";"-49,9764";73;0;5,7;21,19;22,12;22,95;89,04;91,84;96,41;12,6;
"04/11/2025 - 07:00 / GMT - 03:00";"Unimar Pesquisa (0020ED51)";"-22,2476";"-49,9764";231;0;8,7;23,09;23,6;24,4;82,14;85,56;89,02;20,2;
"04/11/2025 - 08:00 / GMT - 03:00";"Unimar Pesquisa (0020ED51)";"-22,2476";"-49,9764";426;0;9;24,51;25,19;25,87;76,42;80,03;82,29;21,6;
"04/11/2025 - 09:00 / GMT - 03:00";"Unimar Pesquisa (0020ED51)";"-22,2476";"-49,9764";684;0;9;25,85;26,26;26,85;74,49;78,71;81,71;16,9;
"04/11/2025 - 10:00 / GMT - 03:00";"Unimar Pesquisa (0020ED51)";"-22,2476";"-49,9764";921;0;5,9;27,17;27,93;28,48;64,95;70,81;74,75;19,4;
"04/11/2025 - 11:00 / GMT - 03:00";"Unimar Pesquisa (0020ED51)";"-22,2476";"-49,9764";736;0;7;28,32;28,66;29,36;64,81;69,7;73,35;13,7;
"04/11/2025 - 12:00 / GMT - 03:00";"Unimar Pesquisa (0020ED51)";"-22,2476";"-49,9764";832;0;7,3;29,05;29,72;30,9;61,54;65,38;70,41;18;
"04/11/2025 - 13:00 / GMT - 03:00";"Unimar Pesquisa (0020ED51)";"-22,2476";"-49,9764";865;0;7,1;29,23;30,29;31,31;52,07;60,49;66,28;15,5;
"04/11/2025 - 14:00 / GMT - 03:00";"Unimar Pesquisa (0020ED51)";"-22,2476";"-49,9764";788;0;7,4;30,52;31,08;31,68;52,64;56,1;59,1;19,1;
"04/11/2025 - 15:00 / GMT - 03:00";"Unimar Pesquisa (0020ED51)";"-22,2476";"-49,9764";784;0;7,9;31,17;31,83;32,08;44,29;49,32;57,95;20,9;
"04/11/2025 - 16:00 / GMT - 03:00";"Unimar Pesquisa (0020ED51)";"-22,2476";"-49,9764";323;0;6,9;30,79;31,26;32,1;45,83;48,92;50,27;19,4;
"04/11/2025 - 17:00 / GMT - 03:00";"Unimar Pesquisa (0020ED51)";"-22,2476";"-49,9764";253;0;5,1;29,52;31,26;32,02;44,68;49,65;62,05;14,4;
"04/11/2025 - 18:00 / GMT - 03:00";"Unimar Pesquisa (0020ED51)";"-22,2476";"-49,9764";29;0;0,7;26,88;27,96;29,11;63,16;68,22;74;7,2;
"04/11/2025 - 19:00 / GMT - 03:00";"Unimar Pesquisa (0020ED51)";"-22,2476";"-49,9764";0;0;2,1;27,32;27,64;28,19;67,05;69,27;74,73;7,2;
"04/11/2025 - 20:00 / GMT - 03:00";"Unimar Pesquisa (0020ED51)";"-22,2476";"-49,9764";0;0;5,6;27,3;27,84;28,25;67,31;70,7;72,42;15,1;
"04/11/2025 - 21:00 / GMT - 03:00";"Unimar Pesquisa (0020ED51)";"-22,2476";"-49,9764";0;0;15,3;24,3;25,11;26,56;76,66;82,76;86,18;28,8;
"04/11/2025 - 22:00 / GMT - 03:00";"Unimar Pesquisa (0020ED51)";"-22,2476";"-49,9764";0;0;13,1;24,14;24,24;24,3;83,96;85,01;85,99;25,9;
"04/11/2025 - 23:00 / GMT - 03:00";"Unimar Pesquisa (0020ED51)";"-22,2476";"-49,9764";0;0;7,2;23,73;24,13;24,33;82,51;84,37;86,97;16,6;
"05/11/2025 - 00:00 / GMT - 03:00";"Unimar Pesquisa (0020ED51)";"-22,2476";"-49,9764";0;0;7,2;23,85;24,05;24,2;83,38;84,08;84,87;16,6;1,5
"05/11/2025 - 01:00 / GMT - 03:00";"Unimar Pesquisa (0020ED51)";"-22,2476";"-49,9764";0;0,6;8,6;22,58;23,12;23,88;84,87;92,4;97,3;20,5;
"05/11/2025 - 02:00 / GMT - 03:00";"Unimar Pesquisa (0020ED51)";"-22,2476";"-49,9764";0;0,2;4,9;22,25;22,88;24,69;84,81;96,04;100;15,1;
"05/11/2025 - 03:00 / GMT - 03:00";"Unimar Pesquisa (0020ED51)";"-22,2476";"-49,9764";0;0;6,9;21,89;22,19;22,41;97,79;99,05;100;16,6;
"05/11/2025 - 04:00 / GMT - 03:00";"Unimar Pesquisa (0020ED51)";"-22,2476";"-49,9764";0;0;3,3;21,48;21,82;22,4;96,11;99,07;99,99;11,9;
"05/11/2025 - 05:00 / GMT - 03:00";"Unimar Pesquisa (0020ED51)";"-22,2476";"-49,9764";0;0;3,6;22,09;22,23;22,36;89,62;91,7;95,49;9,4;
"05/11/2025 - 06:00 / GMT - 03:00";"Unimar Pesquisa (0020ED51)";"-22,2476";"-49,9764";52;0;6;21,64;21,98;22,29;90,51;93,41;96,87;15,8;
"05/11/2025 - 07:00 / GMT - 03:00";"Unimar Pesquisa (0020ED51)";"-22,2476";"-49,9764";208;0;5,4;21,81;22,7;23,39;84,18;89,36;92,11;13,7;
"05/11/2025 - 08:00 / GMT - 03:00";"Unimar Pesquisa (0020ED51)";"-22,2476";"-49,9764";253;0;4,6;23,53;23,95;24,45;78,6;82,87;86,18;11,2;
"05/11/2025 - 09:00 / GMT - 03:00";"Unimar Pesquisa (0020ED51)";"-22,2476";"-49,9764";210;0;2,8;24,33;24,72;25,32;78,76;82,48;85,6;12,6;
"05/11/2025 - 10:00 / GMT - 03:00";"Unimar Pesquisa (0020ED51)";"-22,2476";"-49,9764";101;2,6;4,9;22,6;24;24,5;82,85;88,26;99,99;13,3;
"05/11/2025 - 11:00 / GMT - 03:00";"Unimar Pesquisa (0020ED51)";"-22,2476";"-49,9764";5;12,2;12,4;18,89;19,67;22,14;99,97;99,98;99,99;43,6;
"05/11/2025 - 12:00 / GMT - 03:00";"Unimar Pesquisa (0020ED51)";"-22,2476";"-49,9764";17;2,6;5;19,34;19,6;20,15;88,65;95,35;99,99;22;
"05/11/2025 - 13:00 / GMT - 03:00";"Unimar Pesquisa (0020ED51)";"-22,2476";"-49,9764";98;1,6;1,3;18,91;19,62;20,9;89,5;96,42;100;12,2;
"05/11/2025 - 14:00 / GMT - 03:00";"Unimar Pesquisa (0020ED51)";"-22,2476";"-49,9764";96;0,2;7,5;20,69;21,11;21,55;81,34;91,85;97,2;17,3;
"05/11/2025 - 15:00 / GMT - 03:00";"Unimar Pesquisa (0020ED51)";"-22,2476";"-49,9764";130;0;7,4;20,66;20,79;20,98;96,39;97,81;98,92;18,7;
"05/11/2025 - 16:00 / GMT - 03:00";"Unimar Pesquisa (0020ED51)";"-22,2476";"-49,9764";186;0;5,4;21,18;21,4;21,68;91,15;94,66;97,01;20,9;
"05/11/2025 - 17:00 / GMT - 03:00";"Unimar Pesquisa (0020ED51)";"-22,2476";"-49,9764";103;0;2,7;20,61;21,12;21,42;94,31;96,89;98,12;7,2;
"05/11/2025 - 18:00 / GMT - 03:00";"Unimar Pesquisa (0020ED51)";"-22,2476";"-49,9764";6;0;3,2;20,1;20,33;20,65;98,41;99,63;99,99;10,4;
"05/11/2025 - 19:00 / GMT - 03:00";"Unimar Pesquisa (0020ED51)";"-22,2476";"-49,9764";0;0;1,7;19,78;19,89;20;97,19;99,3;100;9;
"05/11/2025 - 20:00 / GMT - 03:00";"Unimar Pesquisa (0020ED51)";"-22,2476";"-49,9764";0;0;0,4;19,34;19,65;19,97;94,68;97,8;99,8;4;
"05/11/2025 - 21:00 / GMT - 03:00";"Unimar Pesquisa (0020ED51)";"-22,2476";"-49,9764";0;0;1,1;19,35;19,57;19,86;91,63;93,89;97,18;5,8;
"05/11/2025 - 22:00 / GMT - 03:00";"Unimar Pesquisa (0020ED51)";"-22,2476";"-49,9764";0;0;0,9;19,41;19,63;19,83;91,22;92,55;94,48;7,6;
"05/11/2025 - 23:00 / GMT - 03:00";"Unimar Pesquisa (0020ED51)";"-22,2476";"-49,9764";0;0;7,3;19,26;19,39;19,56;93,56;95,39;98,17;20,5;
"06/11/2025 - 00:00 / GMT - 03:00";"Unimar Pesquisa (0020ED51)";"-22,2476";"-49,9764";0;0;11,3;18,77;19,01;19,21;99,01;99,9;100;21,2;4,6
"06/11/2025 - 01:00 / GMT - 03:00";"Unimar Pesquisa (0020ED51)";"-22,2476";"-49,9764";0;0;11,8;18,4;18,57;18,73;99,97;99,97;99,98;22;
"06/11/2025 - 02:00 / GMT - 03:00";"Unimar Pesquisa (0020ED51)";"-22,2476";"-49,9764";0;0,2;9,1;18,29;18,35;18,41;99,97;99,97;99,97;19,8;
"06/11/2025 - 03:00 / GMT - 03:00";"Unimar Pesquisa (0020ED51)";"-22,2476";"-49,9764";0;0;4,3;18,26;18,32;18,37;99,97;99,97;99,97;14;
"06/11/2025 - 04:00 / GMT - 03:00";"Unimar Pesquisa (0020ED51)";"-22,2476";"-49,9764";0;0;3,2;18,14;18,23;18,32;99,97;99,97;99,97;6,8;
"06/11/2025 - 05:00 / GMT - 03:00";"Unimar Pesquisa (0020ED51)";"-22,2476";"-49,9764";0;0;2,6;17,97;18,08;18,24;99,97;99,97;99,97;8,3;
"06/11/2025 - 06:00 / GMT - 03:00";"Unimar Pesquisa (0020ED51)";"-22,2476";"-49,9764";23;0;2,8;17,95;18,06;18,18;99,97;99,97;99,97;8,6;
"06/11/2025 - 07:00 / GMT - 03:00";"Unimar Pesquisa (0020ED51)";"-22,2476";"-49,9764";76;0;4,8;18,07;18,22;18,49;99,97;99,97;99,97;14,8;
"06/11/2025 - 08:00 / GMT - 03:00";"Unimar Pesquisa (0020ED51)";"-22,2476";"-49,9764";202;0;7,4;18,44;19;20,32;98,39;99,75;99,99;21,2;
"06/11/2025 - 09:00 / GMT - 03:00";"Unimar Pesquisa (0020ED51)";"-22,2476";"-49,9764";373;0;7,1;20,42;21,05;22,21;86,51;94,4;97,18;16,9;
"06/11/2025 - 10:00 / GMT - 03:00";"Unimar Pesquisa (0020ED51)";"-22,2476";"-49,9764";533;0;7,1;21,92;22,36;22,89;79,72;83,73;88,16;23,8;
"06/11/2025 - 11:00 / GMT - 03:00";"Unimar Pesquisa (0020ED51)";"-22,2476";"-49,9764";833;0;7,4;22,8;23,45;24,38;74,26;78,92;83,2;20,9;
"06/11/2025 - 12:00 / GMT - 03:00";"Unimar Pesquisa (0020ED51)";"-22,2476";"-49,9764";1043;0;6,1;23,98;25,04;25,93;68,81;73,91;82,61;19,4;
"06/11/2025 - 13:00 / GMT - 03:00";"Unimar Pesquisa (0020ED51)";"-22,2476";"-49,9764";981;0;4,7;25,65;26,41;27,04;62,5;67,87;72,98;15,1;
"06/11/2025 - 14:00 / GMT - 03:00";"Unimar Pesquisa (0020ED51)";"-22,2476";"-49,9764";855;0;4,2;26,59;27,18;27,98;60,62;64,99;72,63;12,6;
"06/11/2025 - 15:00 / GMT - 03:00";"Unimar Pesquisa (0020ED51)";"-22,2476";"-49,9764";685;0;4,1;26,93;27,68;28,36;57,64;60,81;66,84;19,4;
"06/11/2025 - 16:00 / GMT - 03:00";"Unimar Pesquisa (0020ED51)";"-22,2476";"-49,9764";464;0;3,3;27,02;27,72;28,48;55,43;57,99;63,84;9,7;
"06/11/2025 - 17:00 / GMT - 03:00";"Unimar Pesquisa (0020ED51)";"-22,2476";"-49,9764";278;0;2,6;26,6;27,35;27,87;56,28;58,61;63,18;11,9;
"06/11/2025 - 18:00 / GMT - 03:00";"Unimar Pesquisa (0020ED51)";"-22,2476";"-49,9764";46;0;2,3;25,53;26,1;26,7;59,14;63,17;67,26;9,4;
"06/11/2025 - 19:00 / GMT - 03:00";"Unimar Pesquisa (0020ED51)";"-22,2476";"-49,9764";0;0;4,1;24,11;24,84;25,5;65,15;67,01;68,26;14,8;
"06/11/2025 - 20:00 / GMT - 03:00";"Unimar Pesquisa (0020ED51)";"-22,2476";"-49,9764";0;0;6,6;21,38;22,4;23,94;68,27;73,15;76,79;17,3;
"06/11/2025 - 21:00 / GMT - 03:00";"Unimar Pesquisa (0020ED51)";"-22,2476";"-49,9764";0;0;7;19,64;20,33;21,21;76,81;78,63;80,74;17,3;
"06/11/2025 - 22:00 / GMT - 03:00";"Unimar Pesquisa (0020ED51)";"-22,2476";"-49,9764";0;0;7,2;18,68;19,06;19,54;80,49;81,21;82,23;17,3;
"06/11/2025 - 23:00 / GMT - 03:00";"Unimar Pesquisa (0020ED51)";"-22,2476";"-49,9764";0;0;8,1;17,83;18,22;18,57;82,15;83,62;84,72;17,6;
"07/11/2025 - 00:00 / GMT - 03:00";"Unimar Pesquisa (0020ED51)";"-22,2476";"-49,9764";0;0;8,3;17,21;17,44;17,83;85,07;85,68;86,47;18,4;6,2
"07/11/2025 - 01:00 / GMT - 03:00";"Unimar Pesquisa (0020ED51)";"-22,2476";"-49,9764";0;0;8,9;16,63;16,9;17,23;84,9;85,58;86,1;21,6;
"07/11/2025 - 02:00 / GMT - 03:00";"Unimar Pesquisa (0020ED51)";"-22,2476";"-49,9764";0;0;7,3;16,33;16,51;16,73;85,18;85,92;86,86;19,8;
"07/11/2025 - 03:00 / GMT - 03:00";"Unimar Pesquisa (0020ED51)";"-22,2476";"-49,9764";0;0;7,1;15,76;16;16,23;86,07;87,59;88,87;18,4;
"07/11/2025 - 04:00 / GMT - 03:00";"Unimar Pesquisa (0020ED51)";"-22,2476";"-49,9764";0;0;7,9;15,24;15,46;15,71;88,23;89,08;90,37;19,4;
"07/11/2025 - 05:00 / GMT - 03:00";"Unimar Pesquisa (0020ED51)";"-22,2476";"-49,9764";0;0;8,1;14,92;15,05;15,28;89,15;90,21;90,98;22,3;
"07/11/2025 - 06:00 / GMT - 03:00";"Unimar Pesquisa (0020ED51)";"-22,2476";"-49,9764";77;0;6,4;15,12;15,6;16,39;85,26;87,6;89,48;17,3;
"07/11/2025 - 07:00 / GMT - 03:00";"Unimar Pesquisa (0020ED51)";"-22,2476";"-49,9764";234;0;7,7;16,58;17,4;18,46;74,82;79,73;82,45;23;
"07/11/2025 - 08:00 / GMT - 03:00";"Unimar Pesquisa (0020ED51)";"-22,2476";"-49,9764";447;0;7,4;18,48;19,8;21,11;64,94;70,7;75,84;21,6;
"07/11/2025 - 09:00 / GMT - 03:00";"Unimar Pesquisa (0020ED51)";"-22,2476";"-49,9764";656;0;5,7;21,52;23,07;24,17;56,74;61,36;68,07;16,9;
"07/11/2025 - 10:00 / GMT - 03:00";"Unimar Pesquisa (0020ED51)";"-22,2476";"-49,9764";956;0;7,4;24,54;25,53;26,6;51,63;54,11;56,96;18,7;
"07/11/2025 - 11:00 / GMT - 03:00";"Unimar Pesquisa (0020ED51)";"-22,2476";"-49,9764";1058;0;7,6;26,56;27,38;28,76;46,55;50,44;54,96;20,9;
"07/11/2025 - 12:00 / GMT - 03:00";"Unimar Pesquisa (0020ED51)";"-22,2476";"-49,9764";1132;0;10;28,36;28,93;29,76;47,9;51,03;54,08;23;
"07/11/2025 - 13:00 / GMT - 03:00";"Unimar Pesquisa (0020ED51)";"-22,2476";"-49,9764";1020;0;12,7;30,09;30,67;31,39;42,08;45,64;47,87;28,1;
"07/11/2025 - 14:00 / GMT - 03:00";"Unimar Pesquisa (0020ED51)";"-22,2476";"-49,9764";865;0;10,5;30,61;31,3;31,85;41,85;44,17;46,85;24,1;
"07/11/2025 - 15:00 / GMT - 03:00";"Unimar Pesquisa (0020ED51)";"-22,2476";"-49,9764";651;0;11,2;30,78;31,7;32,24;41,43;43,42;44,39;29,5;
"07/11/2025 - 16:00 / GMT - 03:00";"Unimar Pesquisa (0020ED51)";"-22,2476";"-49,9764";445;0;9,7;31,62;31,84;32,15;42,32;43,92;45,66;29,9;
"07/11/2025 - 17:00 / GMT - 03:00";"Unimar Pesquisa (0020ED51)";"-22,2476";"-49,9764";241;0;9,4;30,47;30,99;31,44;44,25;46,16;48,22;19,8;
"07/11/2025 - 18:00 / GMT - 03:00";"Unimar Pesquisa (0020ED51)";"-22,2476";"-49,9764";38;0;5,3;28,68;29,47;30,35;48,4;52,77;56,77;16,2;
"07/11/2025 - 19:00 / GMT - 03:00";"Unimar Pesquisa (0020ED51)";"-22,2476";"-49,9764";0;0;3,6;27,95;28,27;28,58;57,22;58,42;59,63;8,3;
"07/11/2025 - 20:00 / GMT - 03:00";"Unimar Pesquisa (0020ED51)";"-22,2476";"-49,9764";0;0;4,2;27,67;27,91;28,04;58,06;58,94;60;7,6;
"07/11/2025 - 21:00 / GMT - 03:00";"Unimar Pesquisa (0020ED51)";"-22,2476";"-49,9764";0;0;4,4;27,22;27,87;28,19;57,17;59,52;64,32;13,7;
"07/11/2025 - 22:00 / GMT - 03:00";"Unimar Pesquisa (0020ED51)";"-22,2476";"-49,9764";0;0;8,9;24,27;25,75;27,37;62,52;70,6;77,1;28,8;
"07/11/2025 - 23:00 / GMT - 03:00";"Unimar Pesquisa (0020ED51)";"-22,2476";"-49,9764";0;0;6,8;25;25,59;26,11;69,88;71,65;74,66;11,9;
"08/11/2025 - 00:00 / GMT - 03:00";"Unimar Pesquisa (0020ED51)";"-22,2476";"-49,9764";0;0;11;22,77;24,32;26,07;70,33;80,32;90,43;25,9;2,4
"08/11/2025 - 01:00 / GMT - 03:00";"Unimar Pesquisa (0020ED51)";"-22,2476";"-49,9764";0;0;12,2;23,8;23,93;24,06;80,75;82,78;84,41;27,7;
"08/11/2025 - 02:00 / GMT - 03:00";"Unimar Pesquisa (0020ED51)";"-22,2476";"-49,9764";0;0;12,1;23,43;23,65;23,8;84,39;85,87;87,83;23;
"08/11/2025 - 03:00 / GMT - 03:00";"Unimar Pesquisa (0020ED51)";"-22,2476";"-49,9764";0;0;7,1;22,01;22,87;23,5;87,75;91,71;97,39;20,2;
"08/11/2025 - 04:00 / GMT - 03:00";"Unimar Pesquisa (0020ED51)";"-22,2476";"-49,9764";0;0,2;3,2;21,05;22,23;22,81;91,32;94,8;99,99;14,8;
"08/11/2025 - 05:00 / GMT - 03:00";"Unimar Pesquisa (0020ED51)";"-22,2476";"-49,9764";0;0,2;1,9;20,61;20,75;20,95;99,97;99,97;99,98;7,6;
"08/11/2025 - 06:00 / GMT - 03:00";"Unimar Pesquisa (0020ED51)";"-22,2476";"-49,9764";0;5,8;2,3;20,71;20,87;21,02;99,97;99,97;99,98;17,6;
"08/11/2025 - 07:00 / GMT - 03:00";"Unimar Pesquisa (0020ED51)";"-22,2476";"-49,9764";0;8,4;5,4;20,68;20,96;21,11;99,97;99,97;99,97;13,3;
"08/11/2025 - 08:00 / GMT - 03:00";"Unimar Pesquisa (0020ED51)";"-22,2476";"-49,9764";10;1,4;8,3;20,51;20,62;20,71;99,97;99,97;99,97;15,5;
"08/11/2025 - 09:00 / GMT - 03:00";"Unimar Pesquisa (0020ED51)";"-22,2476";"-49,9764";127;0;10,9;20,17;20,61;20,76;98,13;99,82;100;25,2;
"08/11/2025 - 10:00 / GMT - 03:00";"Unimar Pesquisa (0020ED51)";"-22,2476";"-49,9764";347;0;6,1;20,7;21,18;21,73;89,97;93,97;99,35;15,1;
"08/11/2025 - 11:00 / GMT - 03:00";"Unimar Pesquisa (0020ED51)";"-22,2476";"-49,9764";330;0;7,7;21,44;21,72;21,99;88,21;92,27;95,68;15,8;
"08/11/2025 - 12:00 / GMT - 03:00";"Unimar Pesquisa (0020ED51)";"-22,2476";"-49,9764";373;0,2;8,9;21,63;21,84;22,14;87,27;90,22;92,71;24,5;
"08/11/2025 - 13:00 / GMT - 03:00";"Unimar Pesquisa (0020ED51)";"-22,2476";"-49,9764";405;0;9,1;22,12;22,45;22,76;87,21;88,89;92,31;19,8;
"08/11/2025 - 14:00 / GMT - 03:00";"Unimar Pesquisa (0020ED51)";"-22,2476";"-49,9764";362;0;12,1;22,39;22,62;23,01;85,98;88,78;91,95;25,6;
"08/11/2025 - 15:00 / GMT - 03:00";"Unimar Pesquisa (0020ED51)";"-22,2476";"-49,9764";465;0;13;22,35;22,58;22,93;80,67;85,03;88,6;25,9;
"08/11/2025 - 16:00 / GMT - 03:00";"Unimar Pesquisa (0020ED51)";"-22,2476";"-49,9764";350;0;14,2;21,88;22,51;23,14;75,07;79,32;83,94;34,9;
"08/11/2025 - 17:00 / GMT - 03:00";"Unimar Pesquisa (0020ED51)";"-22,2476";"-49,9764";188;0;9,1;21,69;22,01;22,41;75,07;77,41;79,83;19,8;
"08/11/2025 - 18:00 / GMT - 03:00";"Unimar Pesquisa (0020ED51)";"-22,2476";"-49,9764";43;0;4,5;20,97;21,46;21,77;78,89;82,97;86,07;10,4;
"08/11/2025 - 19:00 / GMT - 03:00";"Unimar Pesquisa (0020ED51)";"-22,2476";"-49,9764";0;0;5,7;20,56;20,77;21,02;85,01;87,14;88,12;11,9;
"08/11/2025 - 20:00 / GMT - 03:00";"Unimar Pesquisa (0020ED51)";"-22,2476";"-49,9764";0;0;6,4;20,29;20,49;20,81;85,01;87,64;89,28;14;
"08/11/2025 - 21:00 / GMT - 03:00";"Unimar Pesquisa (0020ED51)";"-22,2476";"-49,9764";0;0;8;19,43;19,82;20,2;85,93;87,55;89,42;18,4;
"08/11/2025 - 22:00 / GMT - 03:00";"Unimar Pesquisa (0020ED51)";"-22,2476";"-49,9764";0;0;8;19,19;19,4;19,65;83,89;84,49;85,43;15,1;
"08/11/2025 - 23:00 / GMT - 03:00";"Unimar Pesquisa (0020ED51)";"-22,2476";"-49,9764";0;0;7,7;18,57;18,82;19,18;84,65;86,41;87,83;14,4;
"09/11/2025 - 00:00 / GMT - 03:00";"Unimar Pesquisa (0020ED51)";"-22,2476";"-49,9764";0;0;5,5;17,36;18,04;18,58;86,96;90,63;94,84;13,3;5,5
"09/11/2025 - 01:00 / GMT - 03:00";"Unimar Pesquisa (0020ED51)";"-22,2476";"-49,9764";0;0;4,2;17,13;17,38;17,77;95,1;97,89;99,78;12,2;
"09/11/2025 - 02:00 / GMT - 03:00";"Unimar Pesquisa (0020ED51)";"-22,2476";"-49,9764";0;0;6,9;17,17;17,43;17,7;88,44;90,25;94,79;20,9;
"09/11/2025 - 03:00 / GMT - 03:00";"Unimar Pesquisa (0020ED51)";"-22,2476";"-49,9764";0;0;5,9;16,28;16,65;17,14;88,34;91,24;92,88;18,7;
"09/11/2025 - 04:00 / GMT - 03:00";"Unimar Pesquisa (0020ED51)";"-22,2476";"-49,9764";0;0;8,2;15,53;15,84;16,21;91,77;93,12;93,88;18,7;
"09/11/2025 - 05:00 / GMT - 03:00";"Unimar Pesquisa (0020ED51)";"-22,2476";"-49,9764";0;0;7,5;15,14;15,41;15,63;90,12;91,15;92,55;18;
"09/11/2025 - 06:00 / GMT - 03:00";"Unimar Pesquisa (0020ED51)";"-22,2476";"-49,9764";78;0;7,1;15,14;15,84;16,67;84,82;89,01;93,02;19,8;
"09/11/2025 - 07:00 / GMT - 03:00";"Unimar Pesquisa (0020ED51)";"-22,2476";"-49,9764";233;0;8,1;16,88;17,45;18,17;78,64;81,82;84,38;22,3;
"09/11/2025 - 08:00 / GMT - 03:00";"Unimar Pesquisa (0020ED51)";"-22,2476";"-49,9764";463;0;8,8;18,27;19,04;19,77;72,7;75,48;78,7;26,3;
"09/11/2025 - 09:00 / GMT - 03:00";"Unimar Pesquisa (0020ED51)";"-22,2476";"-49,9764";652;0;8,6;19,95;20,76;21,73;66,85;70,35;75,16;24,1;
"09/11/2025 - 10:00 / GMT - 03:00";"Unimar Pesquisa (0020ED51)";"-22,2476";"-49,9764";974;0;7,4;21,32;22,13;22,69;65,17;67,22;70,66;16,6;
"09/11/2025 - 11:00 / GMT - 03:00";"Unimar Pesquisa (0020ED51)";"-22,2476";"-49,9764";1103;0;6,8;22,63;23,46;24,29;61,63;64,54;68,97;18,7;
"09/11/2025 - 12:00 / GMT - 03:00";"Unimar Pesquisa (0020ED51)";"-22,2476";"-49,9764";1205;0;5,2;24,3;24,85;25,72;52,2;59,32;64,78;14,8;
"09/11/2025 - 13:00 / GMT - 03:00";"Unimar Pesquisa (0020ED51)";"-22,2476";"-49,9764";1068;0;4,1;24,8;25,91;26,96;53,69;57,41;63,56;11,5;
"09/11/2025 - 14:00 / GMT - 03:00";"Unimar Pesquisa (0020ED51)";"-22,2476";"-49,9764";881;0;4,5;25,71;26,53;27,36;47,19;52,42;58,5;15,5;
"09/11/2025 - 15:00 / GMT - 03:00";"Unimar Pesquisa (0020ED51)";"-22,2476";"-49,9764";765;0;5;26,08;26,67;27,08;46,75;50,56;54,85;17,6;
"09/11/2025 - 16:00 / GMT - 03:00";"Unimar Pesquisa (0020ED51)";"-22,2476";"-49,9764";512;0;4,2;26,5;26,87;27,27;44,7;48,76;52,27;16,9;
"09/11/2025 - 17:00 / GMT - 03:00";"Unimar Pesquisa (0020ED51)";"-22,2476";"-49,9764";232;0;4,6;25,35;25,71;26,35;46,68;50,4;52,49;14,8;
"09/11/2025 - 18:00 / GMT - 03:00";"Unimar Pesquisa (0020ED51)";"-22,2476";"-49,9764";42;0;3,3;22,44;23,84;25,14;51,4;58,21;65,87;16,6;
"09/11/2025 - 19:00 / GMT - 03:00";"Unimar Pesquisa (0020ED51)";"-22,2476";"-49,9764";0;0;5,9;21,17;21,84;22,52;63,81;66,21;67,84;17,6;
"09/11/2025 - 20:00 / GMT - 03:00";"Unimar Pesquisa (0020ED51)";"-22,2476";"-49,9764";0;0;5,3;19,9;20,54;21,06;67,28;69,48;73,04;19,1;
"09/11/2025 - 21:00 / GMT - 03:00";"Unimar Pesquisa (0020ED51)";"-22,2476";"-49,9764";0;0;7,4;18,79;19,26;19,76;73,51;75,38;77,03;18,4;
"09/11/2025 - 22:00 / GMT - 03:00";"Unimar Pesquisa (0020ED51)";"-22,2476";"-49,9764";0;0;7,5;17,34;18,09;18,63;77,76;80,31;83,86;19,1;
"09/11/2025 - 23:00 / GMT - 03:00";"Unimar Pesquisa (0020ED51)";"-22,2476";"-49,9764";0;0;6,3;16,61;17,11;17,61;81,27;82,74;83,78;18;
"10/11/2025 - 00:00 / GMT - 03:00";"Unimar Pesquisa (0020ED51)";"-22,2476";"-49,9764";0;0;6,6;16,11;16,33;16,59;83,04;83,85;84,86;16,2;5,9
"10/11/2025 - 01:00 / GMT - 03:00";"Unimar Pesquisa (0020ED51)";"-22,2476";"-49,9764";0;0;6,9;15,37;15,69;16,02;83,72;85,33;86,78;23,4;
"10/11/2025 - 02:00 / GMT - 03:00";"Unimar Pesquisa (0020ED51)";"-22,2476";"-49,9764";0;0;8,2;14,98;15,24;15,46;85,06;86,39;87,75;27;
"10/11/2025 - 03:00 / GMT - 03:00";"Unimar Pesquisa (0020ED51)";"-22,2476";"-49,9764";0;0;8,4;15,04;15,14;15,29;79,52;82,37;86,22;27,4;
"10/11/2025 - 04:00 / GMT - 03:00";"Unimar Pesquisa (0020ED51)";"-22,2476";"-49,9764";0;0;9;14,61;14,82;14,97;79,5;80,49;81,63;20,9;
"10/11/2025 - 05:00 / GMT - 03:00";"Unimar Pesquisa (0020ED51)";"-22,2476";"-49,9764";0;0;6,6;13,94;14,29;14,5;79,37;81,92;84,96;16,9;
"10/11/2025 - 06:00 / GMT - 03:00";"Unimar Pesquisa (0020ED51)";"-22,2476";"-49,9764";87;0;4,8;13,6;14,24;15,38;79,32;84,86;88,39;12,2;
"10/11/2025 - 07:00 / GMT - 03:00";"Unimar Pesquisa (0020ED51)";"-22,2476";"-49,9764";235;0;8,2;15,45;16,59;17,49;66,13;71,31;78,52;22;
"10/11/2025 - 08:00 / GMT - 03:00";"Unimar Pesquisa (0020ED51)";"-22,2476";"-49,9764";467;0;9,2;17,73;18,44;19,14;57,53;61,87;66,14;23;
"10/11/2025 - 09:00 / GMT - 03:00";"Unimar Pesquisa (0020ED51)";"-22,2476";"-49,9764";651;0;9,9;19,01;19,97;21,05;50,17;55,79;60,84;25,6;
"10/11/2025 - 10:00 / GMT - 03:00";"Unimar Pesquisa (0020ED51)";"-22,2476";"-49,9764";976;0;8,5;20,82;21,67;22,35;43,99;48,7;52,55;23,8;
"10/11/2025 - 11:00 / GMT - 03:00";"Unimar Pesquisa (0020ED51)";"-22,2476";"-49,9764";1124;0;7,1;22,02;22,88;23,57;43,71;47,94;51,97;18;
"10/11/2025 - 12:00 / GMT - 03:00";"Unimar Pesquisa (0020ED51)";"-22,2476";"-49,9764";1181;0;6,3;23,45;23,96;24,66;39,82;44,52;48,02;15,8;
"10/11/2025 - 13:00 / GMT - 03:00";"Unimar Pesquisa (0020ED51)";"-22,2476";"-49,9764";1072;0;5,5;24,6;25,31;25,92;37,49;40,2;46,4;14,8;
"10/11/2025 - 14:00 / GMT - 03:00";"Unimar Pesquisa (0020ED51)";"-22,2476";"-49,9764";910;0;6,4;25,33;25,91;26,22;34,79;38,16;42,8;16,6;
"10/11/2025 - 15:00 / GMT - 03:00";"Unimar Pesquisa (0020ED51)";"-22,2476";"-49,9764";717;0;6,3;25,98;26,45;26,83;34,49;36,8;39,54;16,6;
"10/11/2025 - 16:00 / GMT - 03:00";"Unimar Pesquisa (0020ED51)";"-22,2476";"-49,9764";497;0;5,6;26,24;26,44;26,94;34,92;36,97;38,71;14,4;
"10/11/2025 - 17:00 / GMT - 03:00";"Unimar Pesquisa (0020ED51)";"-22,2476";"-49,9764";267;0;4,8;25,6;26,08;26,4;35,17;37,73;40,51;16,9;
"10/11/2025 - 18:00 / GMT - 03:00";"Unimar Pesquisa (0020ED51)";"-22,2476";"-49,9764";62;0;4,4;23,68;24,43;25,6;38,71;43,87;46,36;12,6;
"10/11/2025 - 19:00 / GMT - 03:00";"Unimar Pesquisa (0020ED51)";"-22,2476";"-49,9764";0;0;5,5;22,27;22,81;23,53;46,44;48,62;50,54;13,3;
"10/11/2025 - 20:00 / GMT - 03:00";"Unimar Pesquisa (0020ED51)";"-22,2476";"-49,9764";0;0;7,9;21,06;21,6;22,29;49,86;54,31;57,56;19,8;
"10/11/2025 - 21:00 / GMT - 03:00";"Unimar Pesquisa (0020ED51)";"-22,2476";"-49,9764";0;0;10,8;19,24;20,07;20,71;58,75;61,3;64,18;29,5;
"10/11/2025 - 22:00 / GMT - 03:00";"Unimar Pesquisa (0020ED51)";"-22,2476";"-49,9764";0;0;11,3;17,62;18,34;19,1;64,76;68,86;72,9;24,5;
"10/11/2025 - 23:00 / GMT - 03:00";"Unimar Pesquisa (0020ED51)";"-22,2476";"-49,9764";0;0;9,7;16,55;16,96;17,42;73,42;75,21;76,36;27,7;
"11/11/2025 - 00:00 / GMT - 03:00";"Unimar Pesquisa (0020ED51)";"-22,2476";"-49,9764";0;0;8,2;15,92;16,14;16,51;74,42;77,03;78,21;17,6;5,7
"11/11/2025 - 01:00 / GMT - 03:00";"Unimar Pesquisa (0020ED51)";"-22,2476";"-49,9764";0;0;7,3;15,46;15,67;16,09;71,48;74,63;76,54;19,4;
"11/11/2025 - 02:00 / GMT - 03:00";"Unimar Pesquisa (0020ED51)";"-22,2476";"-49,9764";0;0;8,2;15,32;15,51;15,69;61,68;65,15;71,2;20,9;
"11/11/2025 - 03:00 / GMT - 03:00";"Unimar Pesquisa (0020ED51)";"-22,2476";"-49,9764";0;0;9,4;15,28;15,5;15,64;56,47;58,69;61,07;21,6;
"11/11/2025 - 04:00 / GMT - 03:00";"Unimar Pesquisa (0020ED51)";"-22,2476";"-49,9764";0;0;9,3;14,49;14,82;15,25;61,5;63,32;65,62;21,6;
"11/11/2025 - 05:00 / GMT - 03:00";"Unimar Pesquisa (0020ED51)";"-22,2476";"-49,9764";0;0;9,1;14,12;14,33;14,55;64,25;67,53;71,13;19,4;
"11/11/2025 - 06:00 / GMT - 03:00";"Unimar Pesquisa (0020ED51)";"-22,2476";"-49,9764";88;0;7,6;14;14,57;15,21;70,28;71,57;72,62;25,9;
"11/11/2025 - 07:00 / GMT - 03:00";"Unimar Pesquisa (0020ED51)";"-22,2476";"-49,9764";227;0;7,9;15,51;16,37;17,47;65,64;68,69;70,11;19,1;
"11/11/2025 - 08:00 / GMT - 03:00";"Unimar Pesquisa (0020ED51)";"-22,2476";"-49,9764";451;0;8,1;17,59;18,94;20,19;64,4;65,53;69,32;21,6;
"11/11/2025 - 09:00 / GMT - 03:00";"Unimar Pesquisa (0020ED51)";"-22,2476";"-49,9764";627;0;8,1;20,83;22,09;23,35;61,67;63,66;66,2;20,2;
"11/11/2025 - 10:00 / GMT - 03:00";"Unimar Pesquisa (0020ED51)";"-22,2476";"-49,9764";933;0;6,5;23,65;24,75;26,07;55,62;58,44;62,48;19,1;
"11/11/2025 - 11:00 / GMT - 03:00";"Unimar Pesquisa (0020ED51)";"-22,2476";"-49,9764";1092;0;8,6;26,1;26,64;27,25;56,01;59,36;66,07;26,6;
"11/11/2025 - 12:00 / GMT - 03:00";"Unimar Pesquisa (0020ED51)";"-22,2476";"-49,9764";1136;0;7,8;26,87;27,74;28,41;52,39;56,34;59,77;21,2;
"11/11/2025 - 13:00 / GMT - 03:00";"Unimar Pesquisa (0020ED51)";"-22,2476";"-49,9764";1043;0;6,8;28,34;29,09;29,9;47,3;51,69;55,88;18,4;
"11/11/2025 - 14:00 / GMT - 03:00";"Unimar Pesquisa (0020ED51)";"-22,2476";"-49,9764";854;0;6,2;29,05;29,88;30,26;45,02;48,32;51,41;16,9;
"11/11/2025 - 15:00 / GMT - 03:00";"Unimar Pesquisa (0020ED51)";"-22,2476";"-49,9764";702;0;4,9;29,09;30,21;30,72;44,23;48,46;50,96;13;
"11/11/2025 - 16:00 / GMT - 03:00";"Unimar Pesquisa (0020ED51)";"-22,2476";"-49,9764";322;0;3,4;28,79;29,64;30,45;43,93;47,92;52,15;8,6;
"11/11/2025 - 17:00 / GMT - 03:00";"Unimar Pesquisa (0020ED51)";"-22,2476";"-49,9764";179;0;3;28,67;29,17;29,64;47,12;49,29;51,73;7,9;
"11/11/2025 - 18:00 / GMT - 03:00";"Unimar Pesquisa (0020ED51)";"-22,2476";"-49,9764";52;0;1,1;27,46;28,53;29,29;47,36;51,03;55,39;4;
"11/11/2025 - 19:00 / GMT - 03:00";"Unimar Pesquisa (0020ED51)";"-22,2476";"-49,9764";0;0;0;27,12;27,66;27,93;51,14;53,03;56,39;1,4;
"11/11/2025 - 20:00 / GMT - 03:00";"Unimar Pesquisa (0020ED51)";"-22,2476";"-49,9764";0;0;0,2;26,03;26,66;27,32;54,83;58,21;61,9;4;
"11/11/2025 - 21:00 / GMT - 03:00";"Unimar Pesquisa (0020ED51)";"-22,2476";"-49,9764";0;0;0,5;25,45;25,78;26;60,37;61,69;63,2;3,6;
"11/11/2025 - 22:00 / GMT - 03:00";"Unimar Pesquisa (0020ED51)";"-22,2476";"-49,9764";0;0;3,2;24,97;25,47;26,12;58,62;61,2;62,94;15,1;
"11/11/2025 - 23:00 / GMT - 03:00";"Unimar Pesquisa (0020ED51)";"-22,2476";"-49,9764";0;0;4,5;22,93;23,95;24,98;60,72;66,36;71,54;18,4;
"12/11/2025 - 00:00 / GMT - 03:00";"Unimar Pesquisa (0020ED51)";"-22,2476";"-49,9764";0;0;6,7;21,99;22,37;22,95;65,52;71,14;73,63;21,2;7,1
"12/11/2025 - 01:00 / GMT - 03:00";"Unimar Pesquisa (0020ED51)";"-22,2476";"-49,9764";0;0;5,9;21,05;21,44;21,86;72,64;73,98;75,37;21,2;
"12/11/2025 - 02:00 / GMT - 03:00";"Unimar Pesquisa (0020ED51)";"-22,2476";"-49,9764";0;0;6;20,44;20,65;20,99;73,77;75,9;77,96;16,9;
"12/11/2025 - 03:00 / GMT - 03:00";"Unimar Pesquisa (0020ED51)";"-22,2476";"-49,9764";0;0;6,8;20,06;20,31;20,48;74,2;75,71;77,38;22;
"12/11/2025 - 04:00 / GMT - 03:00";"Unimar Pesquisa (0020ED51)";"-22,2476";"-49,9764";0;0;12,2;19,48;19,75;20,46;74,33;78,14;79,65;27,4;
"12/11/2025 - 05:00 / GMT - 03:00";"Unimar Pesquisa (0020ED51)";"-22,2476";"-49,9764";0;0;10,4;19,38;19,75;20,12;73,64;76,77;79,58;19,8;
"12/11/2025 - 06:00 / GMT - 03:00";"Unimar Pesquisa (0020ED51)";"-22,2476";"-49,9764";81;0;10,1;19,91;21,12;21,84;66,61;69,37;75,81;23;
"12/11/2025 - 07:00 / GMT - 03:00";"Unimar Pesquisa (0020ED51)";"-22,2476";"-49,9764";226;0;12,9;21,87;23,1;23,81;58,88;62,25;67,14;27,4;
"12/11/2025 - 08:00 / GMT - 03:00";"Unimar Pesquisa (0020ED51)";"-22,2476";"-49,9764";448;0;12,5;23,86;24,73;25,67;54,31;56,5;59,14;25,2;
"12/11/2025 - 09:00 / GMT - 03:00";"Unimar Pesquisa (0020ED51)";"-22,2476";"-49,9764";618;0;12,1;25,88;26,59;27,28;49,54;51,62;54,5;28,1;
"12/11/2025 - 10:00 / GMT - 03:00";"Unimar Pesquisa (0020ED51)";"-22,2476";"-49,9764";920;0;13,1;27,23;28;28,68;46,72;49,57;53,57;31,3;
"12/11/2025 - 11:00 / GMT - 03:00";"Unimar Pesquisa (0020ED51)";"-22,2476";"-49,9764";1093;0;12,8;28,84;29,6;30,27;42,76;45,61;47,77;26,6;
"12/11/2025 - 12:00 / GMT - 03:00";"Unimar Pesquisa (0020ED51)";"-22,2476";"-49,9764";1133;0;12,2;30,52;31,21;32,05;38,64;40,73;45,88;26,3;
"12/11/2025 - 13:00 / GMT - 03:00";"Unimar Pesquisa (0020ED51)";"-22,2476";"-49,9764";1029;0;10,1;31,06;32,01;32,76;37,42;39,01;42,11;33,8;
"12/11/2025 - 14:00 / GMT - 03:00";"Unimar Pesquisa (0020ED51)";"-22,2476";"-49,9764";856;0;8,3;31,85;32,67;34,18;34,54;38,28;43,06;23;
"12/11/2025 - 15:00 / GMT - 03:00";"Unimar Pesquisa (0020ED51)";"-22,2476";"-49,9764";804;0;6,9;33;33,32;33,62;33,34;35,51;38,49;20,5;
"12/11/2025 - 16:00 / GMT - 03:00";"Unimar Pesquisa (0020ED51)";"-22,2476";"-49,9764";500;0;3,9;32,18;32,95;33,64;30,56;34,2;37,72;11,2;
"12/11/2025 - 17:00 / GMT - 03:00";"Unimar Pesquisa (0020ED51)";"-22,2476";"-49,9764";171;0;4,4;30,65;31,61;32,7;35,95;39,9;42,75;14,8;
"12/11/2025 - 18:00 / GMT - 03:00";"Unimar Pesquisa (0020ED51)";"-22,2476";"-49,9764";32;0;5;29,83;30,42;30,8;41,02;42,84;45,61;13;
"12/11/2025 - 19:00 / GMT - 03:00";"Unimar Pesquisa (0020ED51)";"-22,2476";"-49,9764";0;0;4,1;29,19;29,53;29,77;44,35;45,63;47,15;9;
"12/11/2025 - 20:00 / GMT - 03:00";"Unimar Pesquisa (0020ED51)";"-22,2476";"-49,9764";0;0;5;28,29;28,66;29,12;45,33;47,45;48,8;11,2;
"12/11/2025 - 21:00 / GMT - 03:00";"Unimar Pesquisa (0020ED51)";"-22,2476";"-49,9764";0;0;4,7;27,78;28,37;28,74;46,77;48,34;50,28;10,1;
"12/11/2025 - 22:00 / GMT - 03:00";"Unimar Pesquisa (0020ED51)";"-22,2476";"-49,9764";0;0;5,6;27,92;28,11;28,37;48,27;49,16;50,04;11,9;
"12/11/2025 - 23:00 / GMT - 03:00";"Unimar Pesquisa (0020ED51)";"-22,2476";"-49,9764";0;0;11,9;22,94;26,64;28,19;47,57;57;77,96;51,5;
"13/11/2025 - 00:00 / GMT - 03:00";"Unimar Pesquisa (0020ED51)";"-22,2476";"-49,9764";0;1;13,1;20,33;21,44;22,59;80,86;88,22;98,03;32,4;4,1
"13/11/2025 - 01:00 / GMT - 03:00";"Unimar Pesquisa (0020ED51)";"-22,2476";"-49,9764";0;4;8,1;19,28;19,51;19,89;99,85;99,97;99,99;22,3;
"13/11/2025 - 02:00 / GMT - 03:00";"Unimar Pesquisa (0020ED51)";"-22,2476";"-49,9764";0;0,2;6,2;19,15;19,21;19,27;99,97;99,98;99,98;20,5;
"13/11/2025 - 03:00 / GMT - 03:00";"Unimar Pesquisa (0020ED51)";"-22,2476";"-49,9764";0;2,8;5;19,06;19,22;19,44;99,97;99,97;99,98;16,9;
"13/11/2025 - 04:00 / GMT - 03:00";"Unimar Pesquisa (0020ED51)";"-22,2476";"-49,9764";0;2;5,7;19,09;19,14;19,2;99,97;99,97;99,97;19,8;
"13/11/2025 - 05:00 / GMT - 03:00";"Unimar Pesquisa (0020ED51)";"-22,2476";"-49,9764";0;0,6;4,5;19,04;19,17;19,44;99,97;99,97;99,99;15,1;
"13/11/2025 - 06:00 / GMT - 03:00";"Unimar Pesquisa (0020ED51)";"-22,2476";"-49,9764";0;0,2;2,4;19,12;19,32;19,56;99,97;99,98;99,99;10,4;
"13/11/2025 - 07:00 / GMT - 03:00";"Unimar Pesquisa (0020ED51)";"-22,2476";"-49,9764";30;0;4,5;19,38;19,62;20,1;97,98;99,82;100;23;
"13/11/2025 - 08:00 / GMT - 03:00";"Unimar Pesquisa (0020ED51)";"-22,2476";"-49,9764";99;0,4;7,1;19,57;20,08;20,75;99,72;99,96;99,99;14;
"13/11/2025 - 09:00 / GMT - 03:00";"Unimar Pesquisa (0020ED51)";"-22,2476";"-49,9764";209;0;7,7;20,78;21,61;22,58;90,85;94,77;99,38;15,1;
"13/11/2025 - 10:00 / GMT - 03:00";"Unimar Pesquisa (0020ED51)";"-22,2476";"-49,9764";735;0;13,4;23,04;23,57;24,17;82,11;84,4;91,06;33,8;
"13/11/2025 - 11:00 / GMT - 03:00";"Unimar Pesquisa (0020ED51)";"-22,2476";"-49,9764";897;0;13,3;24,15;24,85;26,2;74,5;77,99;81,12;27,4;
"13/11/2025 - 12:00 / GMT - 03:00";"Unimar Pesquisa (0020ED51)";"-22,2476";"-49,9764";1043;0;7,7;26,29;26,81;27,82;54,39;67,8;80,96;22,3;
"13/11/2025 - 13:00 / GMT - 03:00";"Unimar Pesquisa (0020ED51)";"-22,2476";"-49,9764";814;0;7,8;27,04;27,45;28,11;56,62;62,2;66,34;20,5;
"13/11/2025 - 14:00 / GMT - 03:00";"Unimar Pesquisa (0020ED51)";"-22,2476";"-49,9764";558;0;9,2;27,09;27,37;27,67;56,52;60,31;64,29;19,1;
"13/11/2025 - 15:00 / GMT - 03:00";"Unimar Pesquisa (0020ED51)";"-22,2476";"-49,9764";512;0;9;26,78;27,15;27,45;57,13;58,58;60,81;17,6;
"13/11/2025 - 16:00 / GMT - 03:00";"Unimar Pesquisa (0020ED51)";"-22,2476";"-49,9764";262;0;8,8;26,05;26,5;26,87;60,01;63,12;67,49;20,5;
"13/11/2025 - 17:00 / GMT - 03:00";"Unimar Pesquisa (0020ED51)";"-22,2476";"-49,9764";141;0;4,5;25,03;25,73;26,42;64,36;69,64;73,96;12,6;
"13/11/2025 - 18:00 / GMT - 03:00";"Unimar Pesquisa (0020ED51)";"-22,2476";"-49,9764";21;0;2,3;23,33;24,35;24,96;73,94;78,83;86,26;6,5;
"13/11/2025 - 19:00 / GMT - 03:00";"Unimar Pesquisa (0020ED51)";"-22,2476";"-49,9764";0;0;0,5;22,54;22,75;23,26;87,26;89,31;91,45;4,7;
"13/11/2025 - 20:00 / GMT - 03:00";"Unimar Pesquisa (0020ED51)";"-22,2476";"-49,9764";0;0;0,5;21,95;22,4;22,61;88,28;90,25;93,52;3,2;
"13/11/2025 - 21:00 / GMT - 03:00";"Unimar Pesquisa (0020ED51)";"-22,2476";"-49,9764";0;0;0,5;21,94;22,1;22,27;88,34;90,53;95,13;3,6;
"13/11/2025 - 22:00 / GMT - 03:00";"Unimar Pesquisa (0020ED51)";"-22,2476";"-49,9764";0;0;0,1;21,73;22,26;22,52;81,04;86,81;90,39;2,5;
"13/11/2025 - 23:00 / GMT - 03:00";"Unimar Pesquisa (0020ED51)";"-22,2476";"-49,9764";0;0;0,2;21,4;21,7;22,13;85,85;90,72;96,04;3,6;
"14/11/2025 - 00:00 / GMT - 03:00";"Unimar Pesquisa (0020ED51)";"-22,2476";"-49,9764";0;0;0,1;21;21,22;21,63;90,81;94,49;98,43;2,5;2
"14/11/2025 - 01:00 / GMT - 03:00";"Unimar Pesquisa (0020ED51)";"-22,2476";"-49,9764";0;0;0,6;20,47;20,87;21,28;91,91;96,81;100;3,2;
"14/11/2025 - 02:00 / GMT - 03:00";"Unimar Pesquisa (0020ED51)";"-22,2476";"-49,9764";0;0;0,7;20,78;20,9;21,12;90,84;93;95,1;3,6;
"14/11/2025 - 03:00 / GMT - 03:00";"Unimar Pesquisa (0020ED51)";"-22,2476";"-49,9764";0;0;3,2;20,28;20,74;20,99;90,68;92,22;95,6;9,7;
"14/11/2025 - 04:00 / GMT - 03:00";"Unimar Pesquisa (0020ED51)";"-22,2476";"-49,9764";0;0;3,2;20,14;20,33;20,45;95,13;95,92;97,29;11,2;
"14/11/2025 - 05:00 / GMT - 03:00";"Unimar Pesquisa (0020ED51)";"-22,2476";"-49,9764";0;0;2,3;20,02;20,2;20,4;93,94;94,96;97,03;9,7;
"14/11/2025 - 06:00 / GMT - 03:00";"Unimar Pesquisa (0020ED51)";"-22,2476";"-49,9764";21;0;1,8;20,02;20,1;20,2;90,4;91,74;93,79;5,4;
"14/11/2025 - 07:00 / GMT - 03:00";"Unimar Pesquisa (0020ED51)";"-22,2476";"-49,9764";82;0;3,4;20,18;20,33;20,41;86,81;89,07;90,72;7,2;
"14/11/2025 - 08:00 / GMT - 03:00";"Unimar Pesquisa (0020ED51)";"-22,2476";"-49,9764";137;0;4,4;20,47;20,7;20,89;82,88;85,91;87,43;11,2;
"14/11/2025 - 09:00 / GMT - 03:00";"Unimar Pesquisa (0020ED51)";"-22,2476";"-49,9764";188;0;5,1;20,53;20,64;20,78;86,31;87,26;89,01;12,6;
"14/11/2025 - 10:00 / GMT - 03:00";"Unimar Pesquisa (0020ED51)";"-22,2476";"-49,9764";496;0;5,5;20,89;21,97;22,59;79,24;82,71;86,07;12,6;
"14/11/2025 - 11:00 / GMT - 03:00";"Unimar Pesquisa (0020ED51)";"-22,2476";"-49,9764";378;0;5,2;22,25;22,81;23,22;75,9;79,6;82,27;12,6;
"14/11/2025 - 12:00 / GMT - 03:00";"Unimar Pesquisa (0020ED51)";"-22,2476";"-49,9764";267;0;5,1;22,07;22,24;22,41;78,81;80,92;83,44;14;
"14/11/2025 - 13:00 / GMT - 03:00";"Unimar Pesquisa (0020ED51)";"-22,2476";"-49,9764";278;0;3,4;22,51;22,67;23,06;78,63;81,35;83,25;10,4;
"14/11/2025 - 14:00 / GMT - 03:00";"Unimar Pesquisa (0020ED51)";"-22,2476";"-49,9764";166;0;3,2;22,22;22,45;22,62;81,66;83,97;88,81;8,6;
"14/11/2025 - 15:00 / GMT - 03:00";"Unimar Pesquisa (0020ED51)";"-22,2476";"-49,9764";156;0;2,3;22,39;22,7;22,93;80,2;84,58;90,3;8,3;
"14/11/2025 - 16:00 / GMT - 03:00";"Unimar Pesquisa (0020ED51)";"-22,2476";"-49,9764";210;0;3,9;22,28;22,64;22,95;86,48;88,21;90,28;10,8;
"14/11/2025 - 17:00 / GMT - 03:00";"Unimar Pesquisa (0020ED51)";"-22,2476";"-49,9764";84;0;3,3;22,24;22,63;22,85;85,85;88,48;90,06;7,6;
"14/11/2025 - 18:00 / GMT - 03:00";"Unimar Pesquisa (0020ED51)";"-22,2476";"-49,9764";17;0;1,9;21,95;22,15;22,27;86,69;87,73;88,71;5,4;
"14/11/2025 - 19:00 / GMT - 03:00";"Unimar Pesquisa (0020ED51)";"-22,2476";"-49,9764";0;0;1,5;22,07;22,17;22,38;85,98;86,67;87,89;5,8;
"14/11/2025 - 20:00 / GMT - 03:00";"Unimar Pesquisa (0020ED51)";"-22,2476";"-49,9764";0;0;2,4;22,25;22,39;22,52;86,11;86,9;87,92;6,5;
"14/11/2025 - 21:00 / GMT - 03:00";"Unimar Pesquisa (0020ED51)";"-22,2476";"-49,9764";0;0;3;22,53;22,62;22,7;81,53;82,99;84,98;7,2;
"14/11/2025 - 22:00 / GMT - 03:00";"Unimar Pesquisa (0020ED51)";"-22,2476";"-49,9764";0;0;3,5;22,42;22,55;22,65;79,11;81,22;82,33;10,8;
"14/11/2025 - 23:00 / GMT - 03:00";"Unimar Pesquisa (0020ED51)";"-22,2476";"-49,9764";0;0;4,6;21,91;22,15;22,46;78,25;79,43;80,04;10,1;
"15/11/2025 - 00:00 / GMT - 03:00";"Unimar Pesquisa (0020ED51)";"-22,2476";"-49,9764";0;0;4,7;21,2;21,54;21,83;78,73;80,19;82,22;11,5;1,7
"15/11/2025 - 01:00 / GMT - 03:00";"Unimar Pesquisa (0020ED51)";"-22,2476";"-49,9764";0;0;5;20,34;20,73;21,16;82,88;85,22;87,57;11,9;
"15/11/2025 - 02:00 / GMT - 03:00";"Unimar Pesquisa (0020ED51)";"-22,2476";"-49,9764";0;0;5,9;19,96;20,07;20,25;85,04;86,83;88,23;15,5;
"15/11/2025 - 03:00 / GMT - 03:00";"Unimar Pesquisa (0020ED51)";"-22,2476";"-49,9764";0;0;5,6;19,42;19,65;19,95;84,89;87,15;89,76;12,6;
"15/11/2025 - 04:00 / GMT - 03:00";"Unimar Pesquisa (0020ED51)";"-22,2476";"-49,9764";0;0;4,1;19,18;19,6;19,8;81,59;84,01;87,98;10,4;
"15/11/2025 - 05:00 / GMT - 03:00";"Unimar Pesquisa (0020ED51)";"-22,2476";"-49,9764";0;0;4,3;18,78;18,96;19,22;85,33;89,3;91,08;14;
"15/11/2025 - 06:00 / GMT - 03:00";"Unimar Pesquisa (0020ED51)";"-22,2476";"-49,9764";25;0;4,1;18,86;18,97;19,21;83,81;87,69;90,7;10,4;
"15/11/2025 - 07:00 / GMT - 03:00";"Unimar Pesquisa (0020ED51)";"-22,2476";"-49,9764";138;0;4,6;19,05;19,38;19,84;83,66;86,79;89,31;13;
"15/11/2025 - 08:00 / GMT - 03:00";"Unimar Pesquisa (0020ED51)";"-22,2476";"-49,9764";169;0;4,5;19,64;19,97;20,3;82,67;83,89;84,88;11,5;
"15/11/2025 - 09:00 / GMT - 03:00";"Unimar Pesquisa (0020ED51)";"-22,2476";"-49,9764";278;0;5;20,36;20,95;21,45;81,42;83,08;85,57;12,2;
"15/11/2025 - 10:00 / GMT - 03:00";"Unimar Pesquisa (0020ED51)";"-22,2476";"-49,9764";270;0;3,9;21,26;21,57;21,94;78,84;81,78;83,97;10,1;
"15/11/2025 - 11:00 / GMT - 03:00";"Unimar Pesquisa (0020ED51)";"-22,2476";"-49,9764";206;0;4,1;21,69;21,77;21,91;81,53;83,51;84,85;9,4;
"15/11/2025 - 12:00 / GMT - 03:00";"Unimar Pesquisa (0020ED51)";"-22,2476";"-49,9764";226;0;3,3;21,66;21,86;22,04;83,25;85,92;88,21;7,9;
"15/11/2025 - 13:00 / GMT - 03:00";"Unimar Pesquisa (0020ED51)";"-22,2476";"-49,9764";278;0;4,1;21,89;22,18;22,32;85,98;87,74;88,45;10,1;
"15/11/2025 - 14:00 / GMT - 03:00";"Unimar Pesquisa (0020ED51)";"-22,2476";"-49,9764";164;0;4;21,87;22,2;22,41;86,59;87,78;89,29;10,8;
"15/11/2025 - 15:00 / GMT - 03:00";"Unimar Pesquisa (0020ED51)";"-22,2476";"-49,9764";81;0;3,2;21,4;21,59;21,79;88,9;90,46;91,67;9,4;
"15/11/2025 - 16:00 / GMT - 03:00";"Unimar Pesquisa (0020ED51)";"-22,2476";"-49,9764";60;0;2,8;21,11;21,43;21,63;87,51;90,95;93,85;8,3;
"15/11/2025 - 17:00 / GMT - 03:00";"Unimar Pesquisa (0020ED51)";"-22,2476";"-49,9764";14;0,2;2,9;20,09;20,66;21,13;93,59;97,01;100;10,4;
"15/11/2025 - 18:00 / GMT - 03:00";"Unimar Pesquisa (0020ED51)";"-22,2476";"-49,9764";0;0,6;4,1;19,23;19,59;20,02;99,98;99,98;99,99;14;
"15/11/2025 - 19:00 / GMT - 03:00";"Unimar Pesquisa (0020ED51)";"-22,2476";"-49,9764";0;0,2;4,4;18,81;19,01;19,16;99,97;99,97;99,98;11,2;
"15/11/2025 - 20:00 / GMT - 03:00";"Unimar Pesquisa (0020ED51)";"-22,2476";"-49,9764";0;0;5;18,75;18,79;18,83;99,98;99,98;99,98;11,2;
"15/11/2025 - 21:00 / GMT - 03:00";"Unimar Pesquisa (0020ED51)";"-22,2476";"-49,9764";0;0,2;5,6;18,81;18,97;19,27;97,48;99,37;99,99;18;
"15/11/2025 - 22:00 / GMT - 03:00";"Unimar Pesquisa (0020ED51)";"-22,2476";"-49,9764";0;0;5,9;19,3;19,73;20,09;93,6;95,47;97,67;15,5;
"15/11/2025 - 23:00 / GMT - 03:00";"Unimar Pesquisa (0020ED51)";"-22,2476";"-49,9764";0;0;3,9;19,39;19,71;20,14;93,55;97,06;99,48;11,5;
"16/11/2025 - 00:00 / GMT - 03:00";"Unimar Pesquisa (0020ED51)";"-22,2476";"-49,9764";0;0;2,8;19,49;19,63;20,03;96,69;98,84;100;10,1;2,7
"16/11/2025 - 01:00 / GMT - 03:00";"Unimar Pesquisa (0020ED51)";"-22,2476";"-49,9764";0;0;2,2;19,86;20,05;20,23;94,31;96,05;97,91;7,9;
"16/11/2025 - 02:00 / GMT - 03:00";"Unimar Pesquisa (0020ED51)";"-22,2476";"-49,9764";0;0;1,2;19,02;19,31;19,81;98,43;99,81;100;4,3;
"16/11/2025 - 03:00 / GMT - 03:00";"Unimar Pesquisa (0020ED51)";"-22,2476";"-49,9764";0;0;2,3;18,78;18,88;18,98;99,97;99,98;99,98;10,1;
"16/11/2025 - 04:00 / GMT - 03:00";"Unimar Pesquisa (0020ED51)";"-22,2476";"-49,9764";0;0;3,2;18,63;18,78;18,85;99,97;99,97;99,97;9;
"16/11/2025 - 05:00 / GMT - 03:00";"Unimar Pesquisa (0020ED51)";"-22,2476";"-49,9764";0;0,6;3;18,75;18,85;18,94;99,97;99,97;99,98;7,6;
"16/11/2025 - 06:00 / GMT - 03:00";"Unimar Pesquisa (0020ED51)";"-22,2476";"-49,9764";21;0;2,3;18,74;19,13;19,48;99,97;99,98;99,99;6,8;
"16/11/2025 - 07:00 / GMT - 03:00";"Unimar Pesquisa (0020ED51)";"-22,2476";"-49,9764";78;0;1,4;19,24;19,45;19,64;99,98;99,98;99,98;4;
"16/11/2025 - 08:00 / GMT - 03:00";"Unimar Pesquisa (0020ED51)";"-22,2476";"-49,9764";81;0;2,1;19,53;19,72;20,35;99,98;99,98;99,99;8,6;
"16/11/2025 - 09:00 / GMT - 03:00";"Unimar Pesquisa (0020ED51)";"-22,2476";"-49,9764";137;0,2;4,1;20,5;20,9;21,44;95,89;98,93;100;10,8;
"16/11/2025 - 10:00 / GMT - 03:00";"Unimar Pesquisa (0020ED51)";"-22,2476";"-49,9764";321;0;6,1;20,65;21,55;22,18;94,92;98,45;100;17,3;
"16/11/2025 - 11:00 / GMT - 03:00";"Unimar Pesquisa (0020ED51)";"-22,2476";"-49,9764";373;0;7,4;22,32;22,81;23,22;89,09;92,2;96,29;16,2;
"16/11/2025 - 12:00 / GMT - 03:00";"Unimar Pesquisa (0020ED51)";"-22,2476";"-49,9764";448;0;4,4;23,45;24,02;24,75;79;82,74;87,26;13,3;
"16/11/2025 - 13:00 / GMT - 03:00";"Unimar Pesquisa (0020ED51)";"-22,2476";"-49,9764";635;0;3,2;24,57;25,74;26,12;72,83;75,46;79,05;10,8;
"16/11/2025 - 14:00 / GMT - 03:00";"Unimar Pesquisa (0020ED51)";"-22,2476";"-49,9764";509;0;4,8;25,92;26,11;26,69;71,53;75,76;80,46;13;
"16/11/2025 - 15:00 / GMT - 03:00";"Unimar Pesquisa (0020ED51)";"-22,2476";"-49,9764";339;0;3,7;25,74;26,49;26,87;68,34;72,62;81,28;10,1;
"16/11/2025 - 16:00 / GMT - 03:00";"Unimar Pesquisa (0020ED51)";"-22,2476";"-49,9764";223;0;6,6;25,18;25,51;25,82;78,03;80,58;82,9;13,7;
"16/11/2025 - 17:00 / GMT - 03:00";"Unimar Pesquisa (0020ED51)";"-22,2476";"-49,9764";148;0;6,4;24,56;24,77;25,11;81,42;83,72;85,65;13;
"16/11/2025 - 18:00 / GMT - 03:00";"Unimar Pesquisa (0020ED51)";"-22,2476";"-49,9764";35;0;5,5;23,93;24,2;24,52;80,88;83,69;85,21;10,4;
"16/11/2025 - 19:00 / GMT - 03:00";"Unimar Pesquisa (0020ED51)";"-22,2476";"-49,9764";0;0;7,3;23,66;23,75;23,9;80,86;82,67;84,04;16,9;
"16/11/2025 - 20:00 / GMT - 03:00";"Unimar Pesquisa (0020ED51)";"-22,2476";"-49,9764";0;0;7,4;22,85;23,26;23,56;83,57;86,45;89,28;21,6;
"16/11/2025 - 21:00 / GMT - 03:00";"Unimar Pesquisa (0020ED51)";"-22,2476";"-49,9764";0;0,2;4,6;22,5;22,81;23,09;87,47;91,23;94,99;11,2;
"16/11/2025 - 22:00 / GMT - 03:00";"Unimar Pesquisa (0020ED51)";"-22,2476";"-49,9764";0;0,6;9,4;22,65;22,8;23,01;90,43;91,86;92,96;20,2;
"16/11/2025 - 23:00 / GMT - 03:00";"Unimar Pesquisa (0020ED51)";"-22,2476";"-49,9764";0;0;7,7;22,56;22,89;23,26;88,72;90,95;94,32;13,7;
"17/11/2025 - 00:00 / GMT - 03:00";"Unimar Pesquisa (0020ED51)";"-22,2476";"-49,9764";0;0;6,4;22,24;22,63;22,99;90,69;93,88;97,82;16,2;2
"17/11/2025 - 01:00 / GMT - 03:00";"Unimar Pesquisa (0020ED51)";"-22,2476";"-49,9764";0;0;10,4;22,05;22,14;22,28;97,61;98,99;99,74;21,2;
"17/11/2025 - 02:00 / GMT - 03:00";"Unimar Pesquisa (0020ED51)";"-22,2476";"-49,9764";0;0;9,5;22,08;22,19;22,3;96,97;97,82;99;19,4;
"17/11/2025 - 03:00 / GMT - 03:00";"Unimar Pesquisa (0020ED51)";"-22,2476";"-49,9764";0;0;9,2;21,53;21,82;22,06;97,23;98,81;100;19,4;
"17/11/2025 - 04:00 / GMT - 03:00";"Unimar Pesquisa (0020ED51)";"-22,2476";"-49,9764";0;0;7,6;21,03;21,39;21,76;97,93;99,64;100;16,9;
"17/11/2025 - 05:00 / GMT - 03:00";"Unimar Pesquisa (0020ED51)";"-22,2476";"-49,9764";0;0;11,4;21,03;21,19;21,57;97,24;99,55;100;25,2;
"17/11/2025 - 06:00 / GMT - 03:00";"Unimar Pesquisa (0020ED51)";"-22,2476";"-49,9764";66;0;10,6;20,96;21,1;21,4;98,68;99,89;100;20,5;
"17/11/2025 - 07:00 / GMT - 03:00";"Unimar Pesquisa (0020ED51)";"-22,2476";"-49,9764";121;0;7,7;21,54;21,97;22,19;87,22;90,98;97,14;16,9;
"17/11/2025 - 08:00 / GMT - 03:00";"Unimar Pesquisa (0020ED51)";"-22,2476";"-49,9764";199;0;6,9;22,15;22,64;23,25;82,77;85,91;89,02;17,3;
"17/11/2025 - 09:00 / GMT - 03:00";"Unimar Pesquisa (0020ED51)";"-22,2476";"-49,9764";121;0;3,1;22,47;23,23;23,53;79,96;83,41;92;11,9;
"17/11/2025 - 10:00 / GMT - 03:00";"Unimar Pesquisa (0020ED51)";"-22,2476";"-49,9764";58;4,2;8,4;18,83;21,2;22,49;92,96;98,28;100;29,5;
"17/11/2025 - 11:00 / GMT - 03:00";"Unimar Pesquisa (0020ED51)";"-22,2476";"-49,9764";51;3,4;5,9;18,52;18,71;18,87;99,97;99,98;99,98;18,4;
"17/11/2025 - 12:00 / GMT - 03:00";"Unimar Pesquisa (0020ED51)";"-22,2476";"-49,9764";124;1;4,8;18,57;18,72;18,94;99,97;99,97;99,98;12,2;
"17/11/2025 - 13:00 / GMT - 03:00";"Unimar Pesquisa (0020ED51)";"-22,2476";"-49,9764";305;0,4;4,4;19,02;19,58;20,31;98,52;99,7;100;10,4;
"17/11/2025 - 14:00 / GMT - 03:00";"Unimar Pesquisa (0020ED51)";"-22,2476";"-49,9764";601;0;4,3;20,71;21,43;22,14;93,52;96,23;99,64;10,1;
"17/11/2025 - 15:00 / GMT - 03:00";"Unimar Pesquisa (0020ED51)";"-22,2476";"-49,9764";391;0;1,9;21,87;22,83;24;81,82;88,68;93,52;9;
"17/11/2025 - 16:00 / GMT - 03:00";"Unimar Pesquisa (0020ED51)";"-22,2476";"-49,9764";247;0;5,5;23,26;23,43;23,66;81,53;85,37;88,57;15,8;
"17/11/2025 - 17:00 / GMT - 03:00";"Unimar Pesquisa (0020ED51)";"-22,2476";"-49,9764";128;0;7;22,96;23,17;23,37;84,26;86,66;90,11;14,8;
"17/11/2025 - 18:00 / GMT - 03:00";"Unimar Pesquisa (0020ED51)";"-22,2476";"-49,9764";27;0;4,8;22,61;22,78;22,98;87,44;89,15;90,96;11,2;
"17/11/2025 - 19:00 / GMT - 03:00";"Unimar Pesquisa (0020ED51)";"-22,2476";"-49,9764";0;0;4,3;22,28;22,55;22,63;92,1;93,28;95,51;9;
"17/11/2025 - 20:00 / GMT - 03:00";"Unimar Pesquisa (0020ED51)";"-22,2476";"-49,9764";0;0;3,7;21,53;21,86;22,21;96,01;98,8;100;7,9;
"17/11/2025 - 21:00 / GMT - 03:00";"Unimar Pesquisa (0020ED51)";"-22,2476";"-49,9764";0;0;3,4;21,46;21,53;21,65;98,11;99,11;99,98;10,1;
"17/11/2025 - 22:00 / GMT - 03:00";"Unimar Pesquisa (0020ED51)";"-22,2476";"-49,9764";0;0;3,5;21,01;21,22;21,39;99,09;99,81;100;9;
"17/11/2025 - 23:00 / GMT - 03:00";"Unimar Pesquisa (0020ED51)";"-22,2476";"-49,9764";0;0;4,2;20,75;20,84;20,98;99,12;99,82;100;9,4;
"18/11/2025 - 00:00 / GMT - 03:00";"Unimar Pesquisa (0020ED51)";"-22,2476";"-49,9764";0;0;4,3;20,44;20,59;20,74;99,79;99,98;100;9,7;4,1
"18/11/2025 - 01:00 / GMT - 03:00";"Unimar Pesquisa (0020ED51)";"-22,2476";"-49,9764";0;1;6,1;19,26;20,13;20,51;99,98;99,98;100;18,4;
"18/11/2025 - 02:00 / GMT - 03:00";"Unimar Pesquisa (0020ED51)";"-22,2476";"-49,9764";0;0,2;7,9;18,64;19,03;19,27;99,97;99,97;99,98;21,2;
"18/11/2025 - 03:00 / GMT - 03:00";"Unimar Pesquisa (0020ED51)";"-22,2476";"-49,9764";0;0,6;8,7;17,8;18,19;18,42;99,97;99,97;99,97;20,5;
"18/11/2025 - 04:00 / GMT - 03:00";"Unimar Pesquisa (0020ED51)";"-22,2476";"-49,9764";0;0;8,6;17,39;17,64;17,79;99,97;99,97;99,97;17,3;
"18/11/2025 - 05:00 / GMT - 03:00";"Unimar Pesquisa (0020ED51)";"-22,2476";"-49,9764";0;0,2;9,3;16,91;17,05;17,19;99,97;99,97;99,97;19,1;
"18/11/2025 - 06:00 / GMT - 03:00";"Unimar Pesquisa (0020ED51)";"-22,2476";"-49,9764";11;0,2;8,8;16,92;17,1;17,34;99,97;99,98;99,98;17,6;
"18/11/2025 - 07:00 / GMT - 03:00";"Unimar Pesquisa (0020ED51)";"-22,2476";"-49,9764";76;0;5,9;17,18;17,47;18,2;98,6;99,87;99,99;13;
"18/11/2025 - 08:00 / GMT - 03:00";"Unimar Pesquisa (0020ED51)";"-22,2476";"-49,9764";232;0;3,8;18,26;18,72;19,11;94;95,76;97,26;10,4;
"18/11/2025 - 09:00 / GMT - 03:00";"Unimar Pesquisa (0020ED51)";"-22,2476";"-49,9764";178;0,2;6,3;18,16;18,64;19,28;93,37;97,77;99,99;17,6;
"18/11/2025 - 10:00 / GMT - 03:00";"Unimar Pesquisa (0020ED51)";"-22,2476";"-49,9764";321;0,2;7,9;18,18;18,59;19,28;98,81;99,89;99,99;16,9;
"18/11/2025 - 11:00 / GMT - 03:00";"Unimar Pesquisa (0020ED51)";"-22,2476";"-49,9764";485;0;9,7;19,26;19,9;20,63;92,81;95,71;98,95;24,1;
"18/11/2025 - 12:00 / GMT - 03:00";"Unimar Pesquisa (0020ED51)";"-22,2476";"-49,9764";617;0;12,3;20,05;20,88;21,63;85,14;88,26;93,91;26,6;
"18/11/2025 - 13:00 / GMT - 03:00";"Unimar Pesquisa (0020ED51)";"-22,2476";"-49,9764";1060;0;13,7;21,74;22,67;23,63;68,08;77,74;84,42;25,2;
"18/11/2025 - 14:00 / GMT - 03:00";"Unimar Pesquisa (0020ED51)";"-22,2476";"-49,9764";542;0;14;23,44;23,84;24,51;57,37;64,89;69,96;35,3;
"18/11/2025 - 15:00 / GMT - 03:00";"Unimar Pesquisa (0020ED51)";"-22,2476";"-49,9764";488;0;16,1;23,78;24,34;25,09;52,79;56,44;58,87;29,9;
"18/11/2025 - 16:00 / GMT - 03:00";"Unimar Pesquisa (0020ED51)";"-22,2476";"-49,9764";409;0;16,3;23,59;24,19;24,54;46,56;51,72;55,74;35,3;
"18/11/2025 - 17:00 / GMT - 03:00";"Unimar Pesquisa (0020ED51)";"-22,2476";"-49,9764";255;0;15,3;23,31;23,96;24,39;42,76;44,8;46,36;31,3;
"18/11/2025 - 18:00 / GMT - 03:00";"Unimar Pesquisa (0020ED51)";"-22,2476";"-49,9764";70;0;10,6;21,81;22,52;23,3;46,11;52,02;57,23;28,1;
"18/11/2025 - 19:00 / GMT - 03:00";"Unimar Pesquisa (0020ED51)";"-22,2476";"-49,9764";0;0;12,4;20,41;21;21,63;50,77;55,31;61,58;22,3;
"18/11/2025 - 20:00 / GMT - 03:00";"Unimar Pesquisa (0020ED51)";"-22,2476";"-49,9764";0;0;14;19,14;19,76;20,39;48,67;50,78;53,75;24,8;
"18/11/2025 - 21:00 / GMT - 03:00";"Unimar Pesquisa (0020ED51)";"-22,2476";"-49,9764";0;0;12,9;18,15;18,71;19,18;50,49;52,78;55,55;22,3;
"18/11/2025 - 22:00 / GMT - 03:00";"Unimar Pesquisa (0020ED51)";"-22,2476";"-49,9764";0;0;10,2;17,27;17,78;18,44;54,12;57,37;60,78;18;
"18/11/2025 - 23:00 / GMT - 03:00";"Unimar Pesquisa (0020ED51)";"-22,2476";"-49,9764";0;0;10,3;16,69;16,98;17,49;57,88;61,43;63,79;22,3;
"19/11/2025 - 00:00 / GMT - 03:00";"Unimar Pesquisa (0020ED51)";"-22,2476";"-49,9764";0;0;8,4;16,05;16,21;16,59;64,44;66,98;69,17;17,3;5,7
"19/11/2025 - 01:00 / GMT - 03:00";"Unimar Pesquisa (0020ED51)";"-22,2476";"-49,9764";0;0;9,7;15,71;15,85;16,06;67,96;70,1;71,56;20,2;
"19/11/2025 - 02:00 / GMT - 03:00";"Unimar Pesquisa (0020ED51)";"-22,2476";"-49,9764";0;0;9,7;14,64;15,24;15,68;71,3;73,35;77,5;19,8;
"19/11/2025 - 03:00 / GMT - 03:00";"Unimar Pesquisa (0020ED51)";"-22,2476";"-49,9764";0;0;5,1;14,02;14,45;14,68;76,05;78,74;83,25;12,2;
"19/11/2025 - 04:00 / GMT - 03:00";"Unimar Pesquisa (0020ED51)";"-22,2476";"-49,9764";0;0;6,1;14,3;14,6;14,85;76,46;78,6;80,93;11,9;
"19/11/2025 - 05:00 / GMT - 03:00";"Unimar Pesquisa (0020ED51)";"-22,2476";"-49,9764";0;0;5,5;14,13;14,42;14,59;78,25;79,81;82,43;9,7;
"19/11/2025 - 06:00 / GMT - 03:00";"Unimar Pesquisa (0020ED51)";"-22,2476";"-49,9764";152;0;6;14,51;15,67;16,71;72,27;75,77;80,7;13,7;
"19/11/2025 - 07:00 / GMT - 03:00";"Unimar Pesquisa (0020ED51)";"-22,2476";"-49,9764";285;0;6,4;16,75;17,48;18,39;66,43;70,77;72,39;15,1;
"19/11/2025 - 08:00 / GMT - 03:00";"Unimar Pesquisa (0020ED51)";"-22,2476";"-49,9764";397;0;5,3;18,07;19,08;20,43;59,81;66,47;70,64;20,2;
"19/11/2025 - 09:00 / GMT - 03:00";"Unimar Pesquisa (0020ED51)";"-22,2476";"-49,9764";615;0;5,3;20,34;21,27;22,3;53,34;59,73;64,84;14,8;
"19/11/2025 - 10:00 / GMT - 03:00";"Unimar Pesquisa (0020ED51)";"-22,2476";"-49,9764";844;0;6,3;21,89;22,86;23,78;48,74;52,98;57,35;14,4;
"19/11/2025 - 11:00 / GMT - 03:00";"Unimar Pesquisa (0020ED51)";"-22,2476";"-49,9764";1082;0;5,2;23,12;24,12;24,93;45,98;49,84;57,03;14;
"19/11/2025 - 12:00 / GMT - 03:00";"Unimar Pesquisa (0020ED51)";"-22,2476";"-49,9764";1159;0;3,8;24,59;25,36;25,98;39,52;46,12;53,69;11,5;
"19/11/2025 - 13:00 / GMT - 03:00";"Unimar Pesquisa (0020ED51)";"-22,2476";"-49,9764";1085;0;4,1;25,6;26,23;27;39,69;42,6;48,98;18,4;
"19/11/2025 - 14:00 / GMT - 03:00";"Unimar Pesquisa (0020ED51)";"-22,2476";"-49,9764";901;0;5,1;26,98;27,37;27,86;33,09;38,72;46,8;16,6;
"19/11/2025 - 15:00 / GMT - 03:00";"Unimar Pesquisa (0020ED51)";"-22,2476";"-49,9764";728;0;6;27,33;27,54;28;31,26;33,6;36,76;15,5;
"19/11/2025 - 16:00 / GMT - 03:00";"Unimar Pesquisa (0020ED51)";"-22,2476";"-49,9764";523;0;5,7;27,32;27,61;28,1;29,68;32,85;36,31;19,8;
"19/11/2025 - 17:00 / GMT - 03:00";"Unimar Pesquisa (0020ED51)";"-22,2476";"-49,9764";280;0;3,8;26,62;27,17;27,49;30,25;32,34;35,42;12,6;
"19/11/2025 - 18:00 / GMT - 03:00";"Unimar Pesquisa (0020ED51)";"-22,2476";"-49,9764";77;0;1,4;24,55;25,76;26,63;34,77;40,11;49,32;5,4;
"19/11/2025 - 19:00 / GMT - 03:00";"Unimar Pesquisa (0020ED51)";"-22,2476";"-49,9764";0;0;1,3;23,71;24,04;24,54;40,79;47,52;52,64;3,2;
"19/11/2025 - 20:00 / GMT - 03:00";"Unimar Pesquisa (0020ED51)";"-22,2476";"-49,9764";0;0;1,4;23,06;23,53;23,95;42,22;47,71;52,18;3,2;
"19/11/2025 - 21:00 / GMT - 03:00";"Unimar Pesquisa (0020ED51)";"-22,2476";"-49,9764";0;0;2,3;22,38;22,8;23,69;43,3;50,25;53,88;5;
"19/11/2025 - 22:00 / GMT - 03:00";"Unimar Pesquisa (0020ED51)";"-22,2476";"-49,9764";0;0;0,9;21,82;22,48;23,04;41,99;47,23;50,95;4,3;
"19/11/2025 - 23:00 / GMT - 03:00";"Unimar Pesquisa (0020ED51)";"-22,2476";"-49,9764";0;0;0;22,12;22,7;23,14;40,81;43,44;46,73;0,7;
"20/11/2025 - 00:00 / GMT - 03:00";"Unimar Pesquisa (0020ED51)";"-22,2476";"-49,9764";0;0;1,4;21,22;22,3;22,91;38,81;41,59;46,79;8,3;6,1
"20/11/2025 - 01:00 / GMT - 03:00";"Unimar Pesquisa (0020ED51)";"-22,2476";"-49,9764";0;0;3,3;18,98;19,76;20,78;48,85;55,68;62,69;13;
"20/11/2025 - 02:00 / GMT - 03:00";"Unimar Pesquisa (0020ED51)";"-22,2476";"-49,9764";0;0;3,9;17,99;18,44;19;61,95;67,09;70,24;13;
"20/11/2025 - 03:00 / GMT - 03:00";"Unimar Pesquisa (0020ED51)";"-22,2476";"-49,9764";0;0;5,5;17,61;17,93;18,28;67,56;70,13;71,96;15,8;
"20/11/2025 - 04:00 / GMT - 03:00";"Unimar Pesquisa (0020ED51)";"-22,2476";"-49,9764";0;0;8,4;16,81;17,24;17,51;73,1;75,02;78,82;27;
"20/11/2025 - 05:00 / GMT - 03:00";"Unimar Pesquisa (0020ED51)";"-22,2476";"-49,9764";0;0;7,3;16,43;16,7;17;75,7;76,44;78,67;24,8;
"20/11/2025 - 06:00 / GMT - 03:00";"Unimar Pesquisa (0020ED51)";"-22,2476";"-49,9764";142;0;8;16,55;17,05;17,65;70,04;74,39;77,07;25,6;
"20/11/2025 - 07:00 / GMT - 03:00";"Unimar Pesquisa (0020ED51)";"-22,2476";"-49,9764";283;0;7,6;17,85;18,52;19,45;62,87;67,78;72,07;19,1;
"20/11/2025 - 08:00 / GMT - 03:00";"Unimar Pesquisa (0020ED51)";"-22,2476";"-49,9764";414;0;9;19,54;20,39;21,24;60,13;63,23;66,13;23,4;
"20/11/2025 - 09:00 / GMT - 03:00";"Unimar Pesquisa (0020ED51)";"-22,2476";"-49,9764";616;0;8,2;21,12;22,21;23,32;55,83;59,29;61,89;18,7;
"20/11/2025 - 10:00 / GMT - 03:00";"Unimar Pesquisa (0020ED51)";"-22,2476";"-49,9764";830;0;8,2;23,16;24;25,11;49,66;52,79;57,14;21,6;
"20/11/2025 - 11:00 / GMT - 03:00";"Unimar Pesquisa (0020ED51)";"-22,2476";"-49,9764";1101;0;6,8;25,04;25,84;26,68;44,78;48,89;54,77;15,1;
"20/11/2025 - 12:00 / GMT - 03:00";"Unimar Pesquisa (0020ED51)";"-22,2476";"-49,9764";1068;0;6,8;26,07;26,83;27,26;37,19;42,08;51,62;19,1;
"20/11/2025 - 13:00 / GMT - 03:00";"Unimar Pesquisa (0020ED51)";"-22,2476";"-49,9764";1074;0;7,1;27,06;27,58;27,96;34,09;38,55;42,67;17,6;
"20/11/2025 - 14:00 / GMT - 03:00";"Unimar Pesquisa (0020ED51)";"-22,2476";"-49,9764";923;0;6,6;27,91;28,23;28,76;31,58;34,73;40,38;19,8;
"20/11/2025 - 15:00 / GMT - 03:00";"Unimar Pesquisa (0020ED51)";"-22,2476";"-49,9764";731;0;5,7;27,89;28,35;28,9;31,92;34,4;38,28;16,6;
"20/11/2025 - 16:00 / GMT - 03:00";"Unimar Pesquisa (0020ED51)";"-22,2476";"-49,9764";515;0;5,3;27,78;28,1;28,34;30,74;33,36;36,11;14;
"20/11/2025 - 17:00 / GMT - 03:00";"Unimar Pesquisa (0020ED51)";"-22,2476";"-49,9764";282;0;5,8;26,82;27,46;27,92;32,66;34,49;36,76;15,8;
"20/11/2025 - 18:00 / GMT - 03:00";"Unimar Pesquisa (0020ED51)";"-22,2476";"-49,9764";71;0;3;25,18;26,01;26,88;34,87;38,95;42,29;13,7;
"20/11/2025 - 19:00 / GMT - 03:00";"Unimar Pesquisa (0020ED51)";"-22,2476";"-49,9764";0;0;3,5;24;24,54;25,09;41,19;43,28;45,59;10,8;
"20/11/2025 - 20:00 / GMT - 03:00";"Unimar Pesquisa (0020ED51)";"-22,2476";"-49,9764";0;0;6,4;23,53;23,98;24,54;43,68;46,03;48,15;20,5;
"20/11/2025 - 21:00 / GMT - 03:00";"Unimar Pesquisa (0020ED51)";"-22,2476";"-49,9764";0;0;4,7;21;22,61;23,73;47,01;51,85;60,28;16,9;
"20/11/2025 - 22:00 / GMT - 03:00";"Unimar Pesquisa (0020ED51)";"-22,2476";"-49,9764";0;0;5,9;20,33;20,79;21,24;61,5;65,1;68,01;21,2;
"20/11/2025 - 23:00 / GMT - 03:00";"Unimar Pesquisa (0020ED51)";"-22,2476";"-49,9764";0;0;6,2;19,72;19,89;20,31;67,98;69,74;71,18;18,4;
"21/11/2025 - 00:00 / GMT - 03:00";"Unimar Pesquisa (0020ED51)";"-22,2476";"-49,9764";0;0;7,3;19,49;19,7;19,91;65,56;67,33;69,63;19,4;6,7
"21/11/2025 - 01:00 / GMT - 03:00";"Unimar Pesquisa (0020ED51)";"-22,2476";"-49,9764";0;0;5,9;18,7;19,11;19,57;65,72;68,82;71,56;18;
"21/11/2025 - 02:00 / GMT - 03:00";"Unimar Pesquisa (0020ED51)";"-22,2476";"-49,9764";0;0;6,9;18,42;18,82;19,13;68,87;70,38;73,03;24,1;
"21/11/2025 - 03:00 / GMT - 03:00";"Unimar Pesquisa (0020ED51)";"-22,2476";"-49,9764";0;0;6,4;17,6;18,12;18,42;72,1;73,64;76,75;19,8;
"21/11/2025 - 04:00 / GMT - 03:00";"Unimar Pesquisa (0020ED51)";"-22,2476";"-49,9764";0;0;5,9;16,66;17,07;17,72;75,7;79,6;82,36;16,2;
"21/11/2025 - 05:00 / GMT - 03:00";"Unimar Pesquisa (0020ED51)";"-22,2476";"-49,9764";0;0;9,3;16,86;17,35;17,88;73,44;77,34;80,49;38,9;
"21/11/2025 - 06:00 / GMT - 03:00";"Unimar Pesquisa (0020ED51)";"-22,2476";"-49,9764";136;0;6,9;17,48;18,13;18,77;72,2;74,54;77,65;22;
"21/11/2025 - 07:00 / GMT - 03:00";"Unimar Pesquisa (0020ED51)";"-22,2476";"-49,9764";282;0;6,7;19,01;19,88;21,43;64,22;69,38;73,05;17,6;
"21/11/2025 - 08:00 / GMT - 03:00";"Unimar Pesquisa (0020ED51)";"-22,2476";"-49,9764";402;0;5,7;21,16;22,69;23,99;55,84;61,43;67,25;15,5;
"21/11/2025 - 09:00 / GMT - 03:00";"Unimar Pesquisa (0020ED51)";"-22,2476";"-49,9764";607;0;8,2;23,94;25,42;26,65;48,26;52,38;61,69;18,7;
"21/11/2025 - 10:00 / GMT - 03:00";"Unimar Pesquisa (0020ED51)";"-22,2476";"-49,9764";809;0;10,6;26,28;26,96;27,7;44,95;48,59;52,34;23;
"21/11/2025 - 11:00 / GMT - 03:00";"Unimar Pesquisa (0020ED51)";"-22,2476";"-49,9764";1061;0;10,4;27,58;28,22;29,11;43,38;46;51,43;24,8;
"21/11/2025 - 12:00 / GMT - 03:00";"Unimar Pesquisa (0020ED51)";"-22,2476";"-49,9764";1169;0;8,4;29,05;29,7;30,3;37,08;43,91;50,37;18,4;
"21/11/2025 - 13:00 / GMT - 03:00";"Unimar Pesquisa (0020ED51)";"-22,2476";"-49,9764";1071;0;7,5;30,32;31,17;31,89;32,07;37,46;43,93;18,4;
"21/11/2025 - 14:00 / GMT - 03:00";"Unimar Pesquisa (0020ED51)";"-22,2476";"-49,9764";903;0;5,8;30,64;31,92;32,61;29,76;33,7;38,02;18;
"21/11/2025 - 15:00 / GMT - 03:00";"Unimar Pesquisa (0020ED51)";"-22,2476";"-49,9764";781;0;7,1;31,85;32,6;33,02;26,43;29,46;32,07;22;
"21/11/2025 - 16:00 / GMT - 03:00";"Unimar Pesquisa (0020ED51)";"-22,2476";"-49,9764";519;0;8,4;32,18;32,4;32,73;25,8;27,23;29,53;25,2;
"21/11/2025 - 17:00 / GMT - 03:00";"Unimar Pesquisa (0020ED51)";"-22,2476";"-49,9764";280;0;9;31,36;31,82;32,39;25,82;27,93;29,66;19,8;
"21/11/2025 - 18:00 / GMT - 03:00";"Unimar Pesquisa (0020ED51)";"-22,2476";"-49,9764";65;0;3,5;28,12;29,58;31,27;30,38;36,79;41,93;14,8;
"21/11/2025 - 19:00 / GMT - 03:00";"Unimar Pesquisa (0020ED51)";"-22,2476";"-49,9764";0;0;0,9;26,86;27,47;27,99;40,07;42,19;43,94;3,6;
"21/11/2025 - 20:00 / GMT - 03:00";"Unimar Pesquisa (0020ED51)";"-22,2476";"-49,9764";0;0;1,7;26;26,75;27,4;41,52;44,87;47,17;8,6;
"21/11/2025 - 21:00 / GMT - 03:00";"Unimar Pesquisa (0020ED51)";"-22,2476";"-49,9764";0;0;3,2;25,5;25,81;26,06;43,9;46,31;48,06;7,9;
"21/11/2025 - 22:00 / GMT - 03:00";"Unimar Pesquisa (0020ED51)";"-22,2476";"-49,9764";0;0;2;25,35;25,67;25,99;46,07;47,52;48,78;7,9;
"21/11/2025 - 23:00 / GMT - 03:00";"Unimar Pesquisa (0020ED51)";"-22,2476";"-49,9764";0;0;0,5;24,87;25,07;25,25;48,96;50,69;51,85;2,9;
"22/11/2025 - 00:00 / GMT - 03:00";"Unimar Pesquisa (0020ED51)";"-22,2476";"-49,9764";0;0;0,5;24,39;24,68;25,01;51,71;53,68;54,97;2,5;6,4
"22/11/2025 - 01:00 / GMT - 03:00";"Unimar Pesquisa (0020ED51)";"-22,2476";"-49,9764";0;0;0,1;24,06;24,37;24,76;52,37;54,28;55,79;3,6;
"22/11/2025 - 02:00 / GMT - 03:00";"Unimar Pesquisa (0020ED51)";"-22,2476";"-49,9764";0;0;0;22,37;23,42;24,22;54,87;59,17;65,44;2,2;
"22/11/2025 - 03:00 / GMT - 03:00";"Unimar Pesquisa (0020ED51)";"-22,2476";"-49,9764";0;0;0,1;23,38;23,7;24,02;54,29;56,87;59,25;1,4;
"22/11/2025 - 04:00 / GMT - 03:00";"Unimar Pesquisa (0020ED51)";"-22,2476";"-49,9764";0;0;4,1;22,53;23,63;24,39;51,41;55,95;62,07;17,3;
"22/11/2025 - 05:00 / GMT - 03:00";"Unimar Pesquisa (0020ED51)";"-22,2476";"-49,9764";0;0;11,5;22,98;23,21;23,53;54,08;57,03;59,57;23,8;
"22/11/2025 - 06:00 / GMT - 03:00";"Unimar Pesquisa (0020ED51)";"-22,2476";"-49,9764";60;0;11,7;23,03;23,35;23,87;55,29;58,27;60;25,9;
"22/11/2025 - 07:00 / GMT - 03:00";"Unimar Pesquisa (0020ED51)";"-22,2476";"-49,9764";265;0;11,5;24,09;25,27;26,29;49,31;52,18;55,16;20,9;
"22/11/2025 - 08:00 / GMT - 03:00";"Unimar Pesquisa (0020ED51)";"-22,2476";"-49,9764";414;0;12,6;26,51;27,36;28,09;45,64;47,15;49,15;28,8;
"22/11/2025 - 09:00 / GMT - 03:00";"Unimar Pesquisa (0020ED51)";"-22,2476";"-49,9764";550;0;12,5;27,4;28,12;28,59;43,25;46,29;48,86;32;
"22/11/2025 - 10:00 / GMT - 03:00";"Unimar Pesquisa (0020ED51)";"-22,2476";"-49,9764";722;0;9,1;28,3;29,47;30,39;40,45;44,15;47,77;21,6;
"22/11/2025 - 11:00 / GMT - 03:00";"Unimar Pesquisa (0020ED51)";"-22,2476";"-49,9764";1045;0;8,6;30,81;31,62;32,32;32,53;38,52;44,49;20,9;
"22/11/2025 - 12:00 / GMT - 03:00";"Unimar Pesquisa (0020ED51)";"-22,2476";"-49,9764";936;0;6,1;31,69;32,55;33,27;27,56;31,81;38,45;13,7;
"22/11/2025 - 13:00 / GMT - 03:00";"Unimar Pesquisa (0020ED51)";"-22,2476";"-49,9764";667;0;3,2;31,61;32,48;33,6;28,11;32,34;41,48;13;
"22/11/2025 - 14:00 / GMT - 03:00";"Unimar Pesquisa (0020ED51)";"-22,2476";"-49,9764";920;0;5,9;33,03;33,46;33,98;27,13;30,18;34,56;14;
"22/11/2025 - 15:00 / GMT - 03:00";"Unimar Pesquisa (0020ED51)";"-22,2476";"-49,9764";570;0;10,1;30,05;32,29;33,85;27,16;33,31;40,23;29,2;
"22/11/2025 - 16:00 / GMT - 03:00";"Unimar Pesquisa (0020ED51)";"-22,2476";"-49,9764";547;0;6,8;31,36;32,46;33,19;29,34;32,92;39,28;16,9;
"22/11/2025 - 17:00 / GMT - 03:00";"Unimar Pesquisa (0020ED51)";"-22,2476";"-49,9764";287;0;9,5;31,25;32,02;32,62;29,16;30,06;31,39;17,3;
"22/11/2025 - 18:00 / GMT - 03:00";"Unimar Pesquisa (0020ED51)";"-22,2476";"-49,9764";68;0;4,1;29,1;29,96;31,06;31,67;35,45;37,69;11,9;
"22/11/2025 - 19:00 / GMT - 03:00";"Unimar Pesquisa (0020ED51)";"-22,2476";"-49,9764";0;0;1,8;27,8;28,33;28,95;37,24;40,01;44,38;7,9;
"22/11/2025 - 20:00 / GMT - 03:00";"Unimar Pesquisa (0020ED51)";"-22,2476";"-49,9764";0;0;0,4;26,97;27,31;27,82;42,44;43,89;45,65;3,2;
"22/11/2025 - 21:00 / GMT - 03:00";"Unimar Pesquisa (0020ED51)";"-22,2476";"-49,9764";0;0;0;26,81;27,11;27,45;41,32;44,65;50,15;2,2;
"22/11/2025 - 22:00 / GMT - 03:00";"Unimar Pesquisa (0020ED51)";"-22,2476";"-49,9764";0;0;0,3;26,83;27,07;27,41;41,32;45,85;49,3;2,2;
"22/11/2025 - 23:00 / GMT - 03:00";"Unimar Pesquisa (0020ED51)";"-22,2476";"-49,9764";0;0;0;26,68;27,14;27,46;39,57;41,93;44,57;1,1;
"23/11/2025 - 00:00 / GMT - 03:00";"Unimar Pesquisa (0020ED51)";"-22,2476";"-49,9764";0;0;4,4;23,01;24,25;26,91;42,85;60,01;67,85;14,8;4,8
"23/11/2025 - 01:00 / GMT - 03:00";"Unimar Pesquisa (0020ED51)";"-22,2476";"-49,9764";0;0;6,1;23,26;23,83;24,41;60,09;63,62;67,66;15,8;
"23/11/2025 - 02:00 / GMT - 03:00";"Unimar Pesquisa (0020ED51)";"-22,2476";"-49,9764";0;0;6;21,63;22,48;23,24;67,84;73,13;78,84;21,2;
"23/11/2025 - 03:00 / GMT - 03:00";"Unimar Pesquisa (0020ED51)";"-22,2476";"-49,9764";0;0;4,9;20,52;20,84;21,38;80,54;85,32;88,91;15,8;
"23/11/2025 - 04:00 / GMT - 03:00";"Unimar Pesquisa (0020ED51)";"-22,2476";"-49,9764";0;0;4,9;19,87;20,17;20,53;89,19;91,91;93,99;16,6;
"23/11/2025 - 05:00 / GMT - 03:00";"Unimar Pesquisa (0020ED51)";"-22,2476";"-49,9764";0;0;7,2;19,64;19,86;20;94,03;94,94;95,95;18,7;
"23/11/2025 - 06:00 / GMT - 03:00";"Unimar Pesquisa (0020ED51)";"-22,2476";"-49,9764";121;0;5,4;19,84;20,27;20,66;90,58;93,02;95,37;13;
"23/11/2025 - 07:00 / GMT - 03:00";"Unimar Pesquisa (0020ED51)";"-22,2476";"-49,9764";284;0;6;20,92;21,52;22,69;82,72;86,01;89,42;14;
"23/11/2025 - 08:00 / GMT - 03:00";"Unimar Pesquisa (0020ED51)";"-22,2476";"-49,9764";381;0;5,2;22,72;23,42;24,26;73,94;77,41;80,91;11,9;
"23/11/2025 - 09:00 / GMT - 03:00";"Unimar Pesquisa (0020ED51)";"-22,2476";"-49,9764";597;0;4,2;24,6;25,41;26,11;67,89;71,56;75,09;15,5;
"23/11/2025 - 10:00 / GMT - 03:00";"Unimar Pesquisa (0020ED51)";"-22,2476";"-49,9764";777;0;4,5;26,23;27,11;27,94;61,57;65,56;70,91;14,8;
"23/11/2025 - 11:00 / GMT - 03:00";"Unimar Pesquisa (0020ED51)";"-22,2476";"-49,9764";869;0;4,3;27,49;28,07;28,48;59,68;61,45;68,01;15,5;
"23/11/2025 - 12:00 / GMT - 03:00";"Unimar Pesquisa (0020ED51)";"-22,2476";"-49,9764";980;0;5,3;28,04;29,32;30,09;50,08;54,02;59,18;14,8;
"23/11/2025 - 13:00 / GMT - 03:00";"Unimar Pesquisa (0020ED51)";"-22,2476";"-49,9764";706;0;4,4;29,18;30,01;31,19;44,07;49,89;56,11;14;
"23/11/2025 - 14:00 / GMT - 03:00";"Unimar Pesquisa (0020ED51)";"-22,2476";"-49,9764";605;0;3,9;29,44;29,97;30,76;45,42;49,15;51,98;11,2;
"23/11/2025 - 15:00 / GMT - 03:00";"Unimar Pesquisa (0020ED51)";"-22,2476";"-49,9764";132;0;1,5;28,11;28,68;29,24;50,29;53,36;57,19;6,8;
"23/11/2025 - 16:00 / GMT - 03:00";"Unimar Pesquisa (0020ED51)";"-22,2476";"-49,9764";141;0;6,5;26,46;28,01;29,37;47,59;58,61;71,28;18,4;
"23/11/2025 - 17:00 / GMT - 03:00";"Unimar Pesquisa (0020ED51)";"-22,2476";"-49,9764";210;0;7,3;26,35;26,63;26,93;58,31;61,38;65,89;14,4;
"23/11/2025 - 18:00 / GMT - 03:00";"Unimar Pesquisa (0020ED51)";"-22,2476";"-49,9764";40;0;4,9;24,74;26,07;26,71;60,33;65,99;72,51;14,8;
"23/11/2025 - 19:00 / GMT - 03:00";"Unimar Pesquisa (0020ED51)";"-22,2476";"-49,9764";0;0;0,7;24,02;24,78;25,34;67,08;71,76;77,61;3,6;
"23/11/2025 - 20:00 / GMT - 03:00";"Unimar Pesquisa (0020ED51)";"-22,2476";"-49,9764";0;0;4,2;22,46;23,46;24,27;74,9;79,62;83,59;22;
"23/11/2025 - 21:00 / GMT - 03:00";"Unimar Pesquisa (0020ED51)";"-22,2476";"-49,9764";0;0;9,5;20,61;21,58;22,42;79,43;84,16;89,92;21,6;
"23/11/2025 - 22:00 / GMT - 03:00";"Unimar Pesquisa (0020ED51)";"-22,2476";"-49,9764";0;0;10,8;19,43;19,94;20,46;88;90,66;92,42;25,2;
"23/11/2025 - 23:00 / GMT - 03:00";"Unimar Pesquisa (0020ED51)";"-22,2476";"-49,9764";0;0,2;10,5;18,12;18,78;19,4;86,71;92,95;100;26,6;
"24/11/2025 - 00:00 / GMT - 03:00";"Unimar Pesquisa (0020ED51)";"-22,2476";"-49,9764";0;0;9,3;18,08;18,16;18,21;97,8;98,86;100;27,4;3
"24/11/2025 - 01:00 / GMT - 03:00";"Unimar Pesquisa (0020ED51)";"-22,2476";"-49,9764";0;0;9,8;18,18;18,27;18,41;95,34;96,41;98,19;23,8;
"24/11/2025 - 02:00 / GMT - 03:00";"Unimar Pesquisa (0020ED51)";"-22,2476";"-49,9764";0;0;8,3;18,12;18,22;18,3;94,32;95,62;96,15;24,1;
"24/11/2025 - 03:00 / GMT - 03:00";"Unimar Pesquisa (0020ED51)";"-22,2476";"-49,9764";0;0;6,4;18,05;18,21;18,36;94,7;96,1;97,57;21,6;
"24/11/2025 - 04:00 / GMT - 03:00";"Unimar Pesquisa (0020ED51)";"-22,2476";"-49,9764";0;0;6,1;17,94;18,04;18,16;96,87;97,72;98,92;19,8;
"24/11/2025 - 05:00 / GMT - 03:00";"Unimar Pesquisa (0020ED51)";"-22,2476";"-49,9764";0;0;5,1;17,91;17,96;18,02;98,41;99,01;99,43;12,2;
"24/11/2025 - 06:00 / GMT - 03:00";"Unimar Pesquisa (0020ED51)";"-22,2476";"-49,9764";47;0;6,1;17,99;18,16;18,51;97,02;99,04;99,91;16,9;
"24/11/2025 - 07:00 / GMT - 03:00";"Unimar Pesquisa (0020ED51)";"-22,2476";"-49,9764";99;1;9,6;18,59;18,95;19,15;90,47;93,67;97,14;22,3;
"24/11/2025 - 08:00 / GMT - 03:00";"Unimar Pesquisa (0020ED51)";"-22,2476";"-49,9764";105;3,8;6,8;18,3;18,84;19,22;97,07;99,09;100;24,8;
"24/11/2025 - 09:00 / GMT - 03:00";"Unimar Pesquisa (0020ED51)";"-22,2476";"-49,9764";11;5,4;10,4;18,12;18,61;19,01;87,93;95,32;100;28,1;
"24/11/2025 - 10:00 / GMT - 03:00";"Unimar Pesquisa (0020ED51)";"-22,2476";"-49,9764";456;0,8;14,9;18,36;19,39;21,21;82,3;95,49;99,99;38,2;
"24/11/2025 - 11:00 / GMT - 03:00";"Unimar Pesquisa (0020ED51)";"-22,2476";"-49,9764";963;0;3,2;21,43;22,04;22,88;73,65;81,47;89,37;10,8;
"24/11/2025 - 12:00 / GMT - 03:00";"Unimar Pesquisa (0020ED51)";"-22,2476";"-49,9764";714;0;6;22,84;23,29;24,03;75,22;81,01;86,9;19,1;
"24/11/2025 - 13:00 / GMT - 03:00";"Unimar Pesquisa (0020ED51)";"-22,2476";"-49,9764";388;0;3,7;23,06;23,61;23,95;72,28;76,23;79,45;11,2;
"24/11/2025 - 14:00 / GMT - 03:00";"Unimar Pesquisa (0020ED51)";"-22,2476";"-49,9764";241;0;5,5;22,89;23,36;24,45;73,99;78,91;84,2;12,2;
"24/11/2025 - 15:00 / GMT - 03:00";"Unimar Pesquisa (0020ED51)";"-22,2476";"-49,9764";459;4,2;6,7;18,08;20,15;21,7;91,64;97,28;99,99;27,4;
"24/11/2025 - 16:00 / GMT - 03:00";"Unimar Pesquisa (0020ED51)";"-22,2476";"-49,9764";445;0;5,2;21,65;22;22,39;89,08;90,98;94,61;12,2;
"24/11/2025 - 17:00 / GMT - 03:00";"Unimar Pesquisa (0020ED51)";"-22,2476";"-49,9764";237;0;4,7;21,7;21,94;22,11;82,91;87,33;90,39;11,9;
"24/11/2025 - 18:00 / GMT - 03:00";"Unimar Pesquisa (0020ED51)";"-22,2476";"-49,9764";41;0;3,8;20,57;21,18;21,77;85,11;88,28;91,58;14,8;
"24/11/2025 - 19:00 / GMT - 03:00";"Unimar Pesquisa (0020ED51)";"-22,2476";"-49,9764";0;0;2,3;19,72;20,1;20,58;89,52;92,86;96,5;7,9;
"24/11/2025 - 20:00 / GMT - 03:00";"Unimar Pesquisa (0020ED51)";"-22,2476";"-49,9764";0;0;4,1;19,04;19,6;19,93;89,25;92,28;98,03;11,5;
"24/11/2025 - 21:00 / GMT - 03:00";"Unimar Pesquisa (0020ED51)";"-22,2476";"-49,9764";0;0;8,5;18,41;18,77;19,28;91,32;92,83;95,63;25,6;
"24/11/2025 - 22:00 / GMT - 03:00";"Unimar Pesquisa (0020ED51)";"-22,2476";"-49,9764";0;0;9;17,59;18,11;18,43;88,41;90,4;93,7;23;
"24/11/2025 - 23:00 / GMT - 03:00";"Unimar Pesquisa (0020ED51)";"-22,2476";"-49,9764";0;0;8,2;16,91;17,15;17,46;93,78;94,55;95,1;19,8;
"25/11/2025 - 00:00 / GMT - 03:00";"Unimar Pesquisa (0020ED51)";"-22,2476";"-49,9764";0;0;7,4;16,27;16,51;16,88;93,6;95,2;95,89;19,1;5,3
"25/11/2025 - 01:00 / GMT - 03:00";"Unimar Pesquisa (0020ED51)";"-22,2476";"-49,9764";0;0;6,4;15,71;15,93;16,26;95,45;97,66;98,83;18,4;
"25/11/2025 - 02:00 / GMT - 03:00";"Unimar Pesquisa (0020ED51)";"-22,2476";"-49,9764";0;0;6,8;15,78;15,82;15,87;97,04;97,44;98,05;16,6;
"25/11/2025 - 03:00 / GMT - 03:00";"Unimar Pesquisa (0020ED51)";"-22,2476";"-49,9764";0;0;5,4;15,59;15,69;15,87;96,83;97,71;98,4;14,8;
"25/11/2025 - 04:00 / GMT - 03:00";"Unimar Pesquisa (0020ED51)";"-22,2476";"-49,9764";0;0;5,1;15,32;15,47;15,66;97,56;98,81;99,68;15,8;
"25/11/2025 - 05:00 / GMT - 03:00";"Unimar Pesquisa (0020ED51)";"-22,2476";"-49,9764";0;0;5,5;14,97;15,18;15,36;99,6;99,93;100;19,4;
"25/11/2025 - 06:00 / GMT - 03:00";"Unimar Pesquisa (0020ED51)";"-22,2476";"-49,9764";136;0;5,2;14,98;15,68;16,3;95,26;98,4;100;16,9;
"25/11/2025 - 07:00 / GMT - 03:00";"Unimar Pesquisa (0020ED51)";"-22,2476";"-49,9764";321;0;6,6;16,51;17,41;18,56;84,52;89,94;94,23;18,4;
"25/11/2025 - 08:00 / GMT - 03:00";"Unimar Pesquisa (0020ED51)";"-22,2476";"-49,9764";375;0;6,8;18,87;19,46;20,25;73,34;77,42;80,92;17,6;
"25/11/2025 - 09:00 / GMT - 03:00";"Unimar Pesquisa (0020ED51)";"-22,2476";"-49,9764";616;0;7,6;20,65;21,19;22,04;68,35;70,91;75,99;16,9;
"25/11/2025 - 10:00 / GMT - 03:00";"Unimar Pesquisa (0020ED51)";"-22,2476";"-49,9764";788;0;6,5;22,02;22,77;23,61;64,55;67,77;73,54;19,1;
"25/11/2025 - 11:00 / GMT - 03:00";"Unimar Pesquisa (0020ED51)";"-22,2476";"-49,9764";1003;0;4,3;23,29;24,24;24,94;60,59;63,64;68,32;13,7;
"25/11/2025 - 12:00 / GMT - 03:00";"Unimar Pesquisa (0020ED51)";"-22,2476";"-49,9764";1077;0;4,3;24,22;25,13;26,14;55,35;59,77;63,92;14,8;
"25/11/2025 - 13:00 / GMT - 03:00";"Unimar Pesquisa (0020ED51)";"-22,2476";"-49,9764";1128;0;4,1;26,11;26,55;26,88;52,32;55,07;64,49;11,5;
"25/11/2025 - 14:00 / GMT - 03:00";"Unimar Pesquisa (0020ED51)";"-22,2476";"-49,9764";881;0;4,8;26,07;26,95;27,86;47,04;50,9;55,39;13,3;
"25/11/2025 - 15:00 / GMT - 03:00";"Unimar Pesquisa (0020ED51)";"-22,2476";"-49,9764";635;0;4,1;25,79;26,83;28,06;44,64;49,17;52,46;12,2;
"25/11/2025 - 16:00 / GMT - 03:00";"Unimar Pesquisa (0020ED51)";"-22,2476";"-49,9764";544;0;4,2;26,72;27,02;27,4;44,39;47,68;54,73;11,9;
"25/11/2025 - 17:00 / GMT - 03:00";"Unimar Pesquisa (0020ED51)";"-22,2476";"-49,9764";301;0;4,6;25,91;26,46;27,04;42,67;46,57;49,51;12,2;
"25/11/2025 - 18:00 / GMT - 03:00";"Unimar Pesquisa (0020ED51)";"-22,2476";"-49,9764";89;0;3,2;23,79;24,88;25,78;48,54;51,96;56,06;8,6;
"25/11/2025 - 19:00 / GMT - 03:00";"Unimar Pesquisa (0020ED51)";"-22,2476";"-49,9764";0;0;1,2;22,82;23,07;23,43;54,8;56,28;57,72;5,8;
"25/11/2025 - 20:00 / GMT - 03:00";"Unimar Pesquisa (0020ED51)";"-22,2476";"-49,9764";0;0;3,2;22,07;22,33;22,68;56,09;58,99;60,83;13,3;
"25/11/2025 - 21:00 / GMT - 03:00";"Unimar Pesquisa (0020ED51)";"-22,2476";"-49,9764";0;0;3;21,57;21,84;22,12;60,59;61,92;63,34;8,6;
"25/11/2025 - 22:00 / GMT - 03:00";"Unimar Pesquisa (0020ED51)";"-22,2476";"-49,9764";0;0;2,5;20,69;21,1;21,63;62,76;65,73;67,76;9,4;
"25/11/2025 - 23:00 / GMT - 03:00";"Unimar Pesquisa (0020ED51)";"-22,2476";"-49,9764";0;0;3,2;20,39;20,68;20,92;65,75;67,27;69,53;13,7;
"26/11/2025 - 00:00 / GMT - 03:00";"Unimar Pesquisa (0020ED51)";"-22,2476";"-49,9764";0;0;4,9;19,35;19,9;20,41;69,19;72,58;75,95;16,9;5,7
"26/11/2025 - 01:00 / GMT - 03:00";"Unimar Pesquisa (0020ED51)";"-22,2476";"-49,9764";0;0;3,9;18,22;18,63;19,28;76,52;80,79;83,4;14,4;
"26/11/2025 - 02:00 / GMT - 03:00";"Unimar Pesquisa (0020ED51)";"-22,2476";"-49,9764";0;0;7;17,56;17,92;18,38;82,65;85,28;88,09;18;
"26/11/2025 - 03:00 / GMT - 03:00";"Unimar Pesquisa (0020ED51)";"-22,2476";"-49,9764";0;0;6,5;17,07;17,3;17,42;87,79;88,81;89,76;21,6;
"26/11/2025 - 04:00 / GMT - 03:00";"Unimar Pesquisa (0020ED51)";"-22,2476";"-49,9764";0;0;6,2;16,52;16,93;17,4;86,04;89,58;92,05;16,6;
"26/11/2025 - 05:00 / GMT - 03:00";"Unimar Pesquisa (0020ED51)";"-22,2476";"-49,9764";0;0;7,1;16,3;16,54;16,67;88,9;90,53;92,5;20,5;
"26/11/2025 - 06:00 / GMT - 03:00";"Unimar Pesquisa (0020ED51)";"-22,2476";"-49,9764";142;0;9,5;16,41;17,11;17,69;84,82;87,41;90,58;22,3;
"26/11/2025 - 07:00 / GMT - 03:00";"Unimar Pesquisa (0020ED51)";"-22,2476";"-49,9764";336;0;6,7;17,85;18,81;19,69;73,2;77,65;83,29;16,9;
"26/11/2025 - 08:00 / GMT - 03:00";"Unimar Pesquisa (0020ED51)";"-22,2476";"-49,9764";378;0;5;19,57;21,01;22,14;60,75;66,76;72,09;11,9;
"26/11/2025 - 09:00 / GMT - 03:00";"Unimar Pesquisa (0020ED51)";"-22,2476";"-49,9764";626;0;6,9;22,23;22,88;23,86;48,74;57,77;64,85;16,9;
"26/11/2025 - 10:00 / GMT - 03:00";"Unimar Pesquisa (0020ED51)";"-22,2476";"-49,9764";793;0;5,9;23,97;24,59;25,36;45,23;49,62;52,35;17,3;
"26/11/2025 - 11:00 / GMT - 03:00";"Unimar Pesquisa (0020ED51)";"-22,2476";"-49,9764";983;0;6;25,36;25,71;26,21;38,63;43,05;45,14;18,4;
"26/11/2025 - 12:00 / GMT - 03:00";"Unimar Pesquisa (0020ED51)";"-22,2476";"-49,9764";1175;0;6,1;25,59;26,42;26,85;38,07;41,42;45,84;16,6;
"26/11/2025 - 13:00 / GMT - 03:00";"Unimar Pesquisa (0020ED51)";"-22,2476";"-49,9764";1006;0;5,9;26,7;27,12;27,73;37,16;39,48;41,8;16,2;
"26/11/2025 - 14:00 / GMT - 03:00";"Unimar Pesquisa (0020ED51)";"-22,2476";"-49,9764";879;0;5,5;27,03;27,79;28,16;33,76;38,68;42,39;13,3;
"26/11/2025 - 15:00 / GMT - 03:00";"Unimar Pesquisa (0020ED51)";"-22,2476";"-49,9764";674;0;5,1;26,36;27,58;28,65;33,39;36,37;40,63;14,4;
"26/11/2025 - 16:00 / GMT - 03:00";"Unimar Pesquisa (0020ED51)";"-22,2476";"-49,9764";448;0;3,2;26,4;27,41;28,12;34,82;37,97;41,39;14;
"26/11/2025 - 17:00 / GMT - 03:00";"Unimar Pesquisa (0020ED51)";"-22,2476";"-49,9764";271;0;3,9;26,33;27,08;27,83;34,17;36,78;39,95;11,9;
"26/11/2025 - 18:00 / GMT - 03:00";"Unimar Pesquisa (0020ED51)";"-22,2476";"-49,9764";96;0;4,1;25,1;26,06;26,8;34,82;39,41;44,52;13,3;
"26/11/2025 - 19:00 / GMT - 03:00";"Unimar Pesquisa (0020ED51)";"-22,2476";"-49,9764";0;0;4,2;23,76;24,36;25,12;43,32;46,62;48,79;13;
"26/11/2025 - 20:00 / GMT - 03:00";"Unimar Pesquisa (0020ED51)";"-22,2476";"-49,9764";0;0;3;22,78;23,12;23,62;48,77;50,94;52,52;10,1;
"26/11/2025 - 21:00 / GMT - 03:00";"Unimar Pesquisa (0020ED51)";"-22,2476";"-49,9764";0;0;6,8;22,26;22,59;22,89;50,27;52;55,2;18,4;
"26/11/2025 - 22:00 / GMT - 03:00";"Unimar Pesquisa (0020ED51)";"-22,2476";"-49,9764";0;0;8,2;21,51;21,96;22,36;51,74;53,78;55,68;20,9;
"26/11/2025 - 23:00 / GMT - 03:00";"Unimar Pesquisa (0020ED51)";"-22,2476";"-49,9764";0;0;4,2;20,31;20,73;21,22;56,9;59,28;61,99;14,8;
"27/11/2025 - 00:00 / GMT - 03:00";"Unimar Pesquisa (0020ED51)";"-22,2476";"-49,9764";0;0;3,7;18,82;19,5;20,19;62,99;67,4;72,48;23,4;5,9
"27/11/2025 - 01:00 / GMT - 03:00";"Unimar Pesquisa (0020ED51)";"-22,2476";"-49,9764";0;0;2,3;17,89;18,29;18,9;71,05;74,95;77,52;11,5;
"27/11/2025 - 02:00 / GMT - 03:00";"Unimar Pesquisa (0020ED51)";"-22,2476";"-49,9764";0;0;3,2;17,25;17,68;18,16;70,08;72,49;76;11,5;
"27/11/2025 - 03:00 / GMT - 03:00";"Unimar Pesquisa (0020ED51)";"-22,2476";"-49,9764";0;0;4,3;16,81;17,15;17,37;65,64;67,78;71,21;20,9;
"27/11/2025 - 04:00 / GMT - 03:00";"Unimar Pesquisa (0020ED51)";"-22,2476";"-49,9764";0;0;4,5;16,72;16,87;17,03;64,52;65,7;66,83;14;
"27/11/2025 - 05:00 / GMT - 03:00";"Unimar Pesquisa (0020ED51)";"-22,2476";"-49,9764";2;0;5,2;16,35;16,71;17,18;62,82;65,32;67,87;24,8;
"27/11/2025 - 06:00 / GMT - 03:00";"Unimar Pesquisa (0020ED51)";"-22,2476";"-49,9764";151;0;8;16,85;17,21;17,6;63,42;65,28;67,32;19,4;
"27/11/2025 - 07:00 / GMT - 03:00";"Unimar Pesquisa (0020ED51)";"-22,2476";"-49,9764";357;0;9,4;17,57;18,32;19,23;61,3;63,54;65,74;21,2;
"27/11/2025 - 08:00 / GMT - 03:00";"Unimar Pesquisa (0020ED51)";"-22,2476";"-49,9764";372;0;9;19,02;19,64;20,54;54,24;58,17;59,79;26,6;
"27/11/2025 - 09:00 / GMT - 03:00";"Unimar Pesquisa (0020ED51)";"-22,2476";"-49,9764";621;0;8;20,39;21,23;22,17;50,7;54,88;57,98;18,4;
"27/11/2025 - 10:00 / GMT - 03:00";"Unimar Pesquisa (0020ED51)";"-22,2476";"-49,9764";784;0;6,5;22,29;23,38;24,69;44,47;48,4;53,8;15,1;
"27/11/2025 - 11:00 / GMT - 03:00";"Unimar Pesquisa (0020ED51)";"-22,2476";"-49,9764";981;0;6,5;24,17;24,86;25,9;34,99;42,52;47,21;14,8;
"27/11/2025 - 12:00 / GMT - 03:00";"Unimar Pesquisa (0020ED51)";"-22,2476";"-49,9764";1164;0;5,5;25,94;26,5;27,34;33,71;38,31;43,64;14,4;
"27/11/2025 - 13:00 / GMT - 03:00";"Unimar Pesquisa (0020ED51)";"-22,2476";"-49,9764";1079;0;5,7;26,85;27,4;28,31;31,13;35,42;39,29;16,9;
"27/11/2025 - 14:00 / GMT - 03:00";"Unimar Pesquisa (0020ED51)";"-22,2476";"-49,9764";914;0;7,2;27,3;27,73;28,21;34,07;35,51;38,86;17,3;
"27/11/2025 - 15:00 / GMT - 03:00";"Unimar Pesquisa (0020ED51)";"-22,2476";"-49,9764";741;0;6,6;27,67;27,99;28,49;32,81;34,72;37,09;15,5;
"27/11/2025 - 16:00 / GMT - 03:00";"Unimar Pesquisa (0020ED51)";"-22,2476";"-49,9764";531;0;6,8;27,38;27,68;28,06;32,17;33,63;35,15;19,4;
"27/11/2025 - 17:00 / GMT - 03:00";"Unimar Pesquisa (0020ED51)";"-22,2476";"-49,9764";271;0;5,4;26,18;26,81;27,24;34,19;36,13;39,09;14,8;
"27/11/2025 - 18:00 / GMT - 03:00";"Unimar Pesquisa (0020ED51)";"-22,2476";"-49,9764";78;0;3,6;24,64;25,47;26,03;38,28;41,13;44,6;9,7;
"27/11/2025 - 19:00 / GMT - 03:00";"Unimar Pesquisa (0020ED51)";"-22,2476";"-49,9764";0;0;2,8;23,12;23,93;24,44;44,45;46,34;49,49;6,8;
"27/11/2025 - 20:00 / GMT - 03:00";"Unimar Pesquisa (0020ED51)";"-22,2476";"-49,9764";0;0;1,6;22,25;22,65;22,88;46,94;48,58;49,93;6,5;
"27/11/2025 - 21:00 / GMT - 03:00";"Unimar Pesquisa (0020ED51)";"-22,2476";"-49,9764";0;0;1,6;22,18;22,42;22,85;44,09;46,92;48,68;7,6;
"27/11/2025 - 22:00 / GMT - 03:00";"Unimar Pesquisa (0020ED51)";"-22,2476";"-49,9764";0;0;4,3;21,68;22,46;23,24;42,91;45,84;49,33;14;
"27/11/2025 - 23:00 / GMT - 03:00";"Unimar Pesquisa (0020ED51)";"-22,2476";"-49,9764";0;0;2,7;20,13;20,81;21,56;51,33;55,87;59,76;11,5;
"28/11/2025 - 00:00 / GMT - 03:00";"Unimar Pesquisa (0020ED51)";"-22,2476";"-49,9764";0;0;4,1;19,57;20,04;20,46;57,82;60,76;63,42;11,5;5,7
"28/11/2025 - 01:00 / GMT - 03:00";"Unimar Pesquisa (0020ED51)";"-22,2476";"-49,9764";0;0;3,9;18,47;18,93;19,47;64,25;67,91;71,06;10,8;
"28/11/2025 - 02:00 / GMT - 03:00";"Unimar Pesquisa (0020ED51)";"-22,2476";"-49,9764";0;0;4,3;17,58;17,87;18,49;71,01;74,77;77,1;12,2;
"28/11/2025 - 03:00 / GMT - 03:00";"Unimar Pesquisa (0020ED51)";"-22,2476";"-49,9764";0;0;3,8;16,96;17,31;17,92;72,6;77,11;79,95;11,2;
"28/11/2025 - 04:00 / GMT - 03:00";"Unimar Pesquisa (0020ED51)";"-22,2476";"-49,9764";0;0;5,5;15,88;16,24;16,75;81,37;85,49;88,26;11,9;
"28/11/2025 - 05:00 / GMT - 03:00";"Unimar Pesquisa (0020ED51)";"-22,2476";"-49,9764";3;0;5;14,93;15,32;15,84;88,45;91,34;93,48;10,8;
"28/11/2025 - 06:00 / GMT - 03:00";"Unimar Pesquisa (0020ED51)";"-22,2476";"-49,9764";131;0;5,7;14,92;15,49;16,14;87,58;90,76;93,91;13,7;
"28/11/2025 - 07:00 / GMT - 03:00";"Unimar Pesquisa (0020ED51)";"-22,2476";"-49,9764";328;0;6,2;16,3;17,06;18,13;80,63;84,54;87,58;15,1;
"28/11/2025 - 08:00 / GMT - 03:00";"Unimar Pesquisa (0020ED51)";"-22,2476";"-49,9764";295;0;5,1;17,56;18,44;19,37;76,35;80,23;84,38;16,2;
"28/11/2025 - 09:00 / GMT - 03:00";"Unimar Pesquisa (0020ED51)";"-22,2476";"-49,9764";604;0;4,2;19,27;21,09;22,61;66,71;71,66;78,18;11,2;
"28/11/2025 - 10:00 / GMT - 03:00";"Unimar Pesquisa (0020ED51)";"-22,2476";"-49,9764";770;0;5;22,73;23,73;24,94;53,71;59,63;66,18;10,8;
"28/11/2025 - 11:00 / GMT - 03:00";"Unimar Pesquisa (0020ED51)";"-22,2476";"-49,9764";880;0;5;24,37;25,33;26,64;51,15;54,21;58,52;19,8;
"28/11/2025 - 12:00 / GMT - 03:00";"Unimar Pesquisa (0020ED51)";"-22,2476";"-49,9764";1157;0;8;26,59;27,69;28,37;38,63;43;51,65;22;
"28/11/2025 - 13:00 / GMT - 03:00";"Unimar Pesquisa (0020ED51)";"-22,2476";"-49,9764";1089;0;6,8;28,02;28,95;29,45;34,82;37,96;44,23;21,6;
"28/11/2025 - 14:00 / GMT - 03:00";"Unimar Pesquisa (0020ED51)";"-22,2476";"-49,9764";904;0;6,5;29,11;29,84;30,25;32,41;35,21;38,55;19,1;
"28/11/2025 - 15:00 / GMT - 03:00";"Unimar Pesquisa (0020ED51)";"-22,2476";"-49,9764";738;0;6,1;29,79;30,29;30,57;31,78;33,39;36,63;19,8;
"28/11/2025 - 16:00 / GMT - 03:00";"Unimar Pesquisa (0020ED51)";"-22,2476";"-49,9764";524;0;5,8;29,68;30,06;30,64;32,13;33,39;34,57;17,3;
"28/11/2025 - 17:00 / GMT - 03:00";"Unimar Pesquisa (0020ED51)";"-22,2476";"-49,9764";293;0;4,3;29,02;29,42;29,79;32,74;34,76;36,88;12,2;
"28/11/2025 - 18:00 / GMT - 03:00";"Unimar Pesquisa (0020ED51)";"-22,2476";"-49,9764";80;0;1,5;26,87;28,04;28,96;36,98;39,85;43,06;7,2;
"28/11/2025 - 19:00 / GMT - 03:00";"Unimar Pesquisa (0020ED51)";"-22,2476";"-49,9764";0;0;0,3;26,08;26,34;26,52;43,24;44,43;46,35;4,3;
"28/11/2025 - 20:00 / GMT - 03:00";"Unimar Pesquisa (0020ED51)";"-22,2476";"-49,9764";0;0;1,4;25,64;26,19;26,58;41,68;42,8;44,5;7,6;
"28/11/2025 - 21:00 / GMT - 03:00";"Unimar Pesquisa (0020ED51)";"-22,2476";"-49,9764";0;0;0,6;24,6;25,34;25,88;43,29;46,3;49,33;5,4;
"28/11/2025 - 22:00 / GMT - 03:00";"Unimar Pesquisa (0020ED51)";"-22,2476";"-49,9764";0;0;0;24,28;24,77;25,04;47,8;50,12;53,65;4,7;
"28/11/2025 - 23:00 / GMT - 03:00";"Unimar Pesquisa (0020ED51)";"-22,2476";"-49,9764";0;0;0,5;24,3;24,65;25,15;50,02;52,58;54,89;4;
"29/11/2025 - 00:00 / GMT - 03:00";"Unimar Pesquisa (0020ED51)";"-22,2476";"-49,9764";0;0;0,7;24,22;24,42;24,77;51,33;53,92;56,71;4,7;5,8
"29/11/2025 - 01:00 / GMT - 03:00";"Unimar Pesquisa (0020ED51)";"-22,2476";"-49,9764";0;0;1,5;23,82;24,28;24,87;50,31;53,96;58,64;4,7;
"29/11/2025 - 02:00 / GMT - 03:00";"Unimar Pesquisa (0020ED51)";"-22,2476";"-49,9764";0;0;1,1;23,48;23,86;24,25;52,71;54,58;57,24;5,8;
"29/11/2025 - 03:00 / GMT - 03:00";"Unimar Pesquisa (0020ED51)";"-22,2476";"-49,9764";0;0;2,5;22,73;23,24;24,15;49,7;53,51;59,02;10,4;
"29/11/2025 - 04:00 / GMT - 03:00";"Unimar Pesquisa (0020ED51)";"-22,2476";"-49,9764";0;0;1,1;22,22;22,58;22,86;47,82;50,55;56,25;7,2;
"29/11/2025 - 05:00 / GMT - 03:00";"Unimar Pesquisa (0020ED51)";"-22,2476";"-49,9764";2;0;2,6;21,8;21,97;22,4;50,02;51,66;53,71;5,8;
"29/11/2025 - 06:00 / GMT - 03:00";"Unimar Pesquisa (0020ED51)";"-22,2476";"-49,9764";127;0;5;21,98;23,29;24,3;46,23;49,94;55,36;20,9;
"29/11/2025 - 07:00 / GMT - 03:00";"Unimar Pesquisa (0020ED51)";"-22,2476";"-49,9764";339;0;4,7;24,27;25,12;26,05;45,84;48;50,88;14,8;
"29/11/2025 - 08:00 / GMT - 03:00";"Unimar Pesquisa (0020ED51)";"-22,2476";"-49,9764";369;0;4,6;25,88;26,66;27,44;41,7;45,79;50,37;14;
"29/11/2025 - 09:00 / GMT - 03:00";"Unimar Pesquisa (0020ED51)";"-22,2476";"-49,9764";603;0;4,9;27,72;28,49;29,4;34,34;40,41;45,28;10,8;
"29/11/2025 - 10:00 / GMT - 03:00";"Unimar Pesquisa (0020ED51)";"-22,2476";"-49,9764";766;0;3,1;29,58;30,06;30,58;34,68;38,9;43,76;11,9;
"29/11/2025 - 11:00 / GMT - 03:00";"Unimar Pesquisa (0020ED51)";"-22,2476";"-49,9764";961;0;4,5;29,93;30,54;30,91;35,61;37,77;42,77;17,6;
"29/11/2025 - 12:00 / GMT - 03:00";"Unimar Pesquisa (0020ED51)";"-22,2476";"-49,9764";810;0;4;30,39;31,02;31,85;34,48;36,58;44,49;12,2;
"29/11/2025 - 13:00 / GMT - 03:00";"Unimar Pesquisa (0020ED51)";"-22,2476";"-49,9764";952;0;4,1;30,97;31,57;32,21;36,73;38,14;40,48;12,2;
"29/11/2025 - 14:00 / GMT - 03:00";"Unimar Pesquisa (0020ED51)";"-22,2476";"-49,9764";978;0;3,6;31,81;32,57;33,46;30,13;33,14;36,15;13,7;
"29/11/2025 - 15:00 / GMT - 03:00";"Unimar Pesquisa (0020ED51)";"-22,2476";"-49,9764";730;0;2,9;32,36;33,25;34,42;28,4;31,05;34,86;11,2;
"29/11/2025 - 16:00 / GMT - 03:00";"Unimar Pesquisa (0020ED51)";"-22,2476";"-49,9764";552;0;3,7;32,54;32,95;33,53;28,7;31,88;34,62;10,8;
"29/11/2025 - 17:00 / GMT - 03:00";"Unimar Pesquisa (0020ED51)";"-22,2476";"-49,9764";304;0;1,7;31,94;32,4;33,03;28,59;30,62;34,21;6,8;
"29/11/2025 - 18:00 / GMT - 03:00";"Unimar Pesquisa (0020ED51)";"-22,2476";"-49,9764";82;0;2,2;29,42;30,73;31,89;30,66;37,13;41,54;6,8;
"29/11/2025 - 19:00 / GMT - 03:00";"Unimar Pesquisa (0020ED51)";"-22,2476";"-49,9764";0;0;2,9;28,8;29,33;29,85;37,44;41,38;43,91;7,6;
"29/11/2025 - 20:00 / GMT - 03:00";"Unimar Pesquisa (0020ED51)";"-22,2476";"-49,9764";0;0;2,9;27,68;28,31;28,93;42,67;44,83;46,9;6,5;
"29/11/2025 - 21:00 / GMT - 03:00";"Unimar Pesquisa (0020ED51)";"-22,2476";"-49,9764";0;0;2,1;26,28;27,14;27,55;44,31;46,77;48,05;6,1;
"29/11/2025 - 22:00 / GMT - 03:00";"Unimar Pesquisa (0020ED51)";"-22,2476";"-49,9764";0;0;0,1;26,01;26,93;27,41;42,34;44,85;47,33;2,2;
"29/11/2025 - 23:00 / GMT - 03:00";"Unimar Pesquisa (0020ED51)";"-22,2476";"-49,9764";0;0;0,1;26,68;27,04;27,43;43,77;44,91;46,06;1,8;
"30/11/2025 - 00:00 / GMT - 03:00";"Unimar Pesquisa (0020ED51)";"-22,2476";"-49,9764";0;0;0,9;25,3;25,93;26,89;45,39;49,94;54,04;4;6,4
"30/11/2025 - 01:00 / GMT - 03:00";"Unimar Pesquisa (0020ED51)";"-22,2476";"-49,9764";0;0;3,2;25,39;26,06;26,36;46,12;48,02;50,35;11,9;
"30/11/2025 - 02:00 / GMT - 03:00";"Unimar Pesquisa (0020ED51)";"-22,2476";"-49,9764";0;0;4,4;25;25,58;26,38;47,3;49,09;51,61;13,7;
"30/11/2025 - 03:00 / GMT - 03:00";"Unimar Pesquisa (0020ED51)";"-22,2476";"-49,9764";0;0;9,3;23,72;24,3;24,97;51,74;54,97;57,84;24,1;
"30/11/2025 - 04:00 / GMT - 03:00";"Unimar Pesquisa (0020ED51)";"-22,2476";"-49,9764";0;0;10,8;24,13;24,32;24,47;48,4;52,05;55,29;23,8;
"30/11/2025 - 05:00 / GMT - 03:00";"Unimar Pesquisa (0020ED51)";"-22,2476";"-49,9764";2;0;9,4;23,79;24,17;24,74;46;47,76;49,62;18,4;
"30/11/2025 - 06:00 / GMT - 03:00";"Unimar Pesquisa (0020ED51)";"-22,2476";"-49,9764";132;0;12;23,94;24,64;25,14;44,58;46,44;48,61;25,2;
"30/11/2025 - 07:00 / GMT - 03:00";"Unimar Pesquisa (0020ED51)";"-22,2476";"-49,9764";336;0;8,3;25,31;25,88;26,5;42,83;45,17;48,08;23,4;
"30/11/2025 - 08:00 / GMT - 03:00";"Unimar Pesquisa (0020ED51)";"-22,2476";"-49,9764";362;0;6,5;26,26;27,5;28,8;37,36;43,95;47,7;16,6;
"30/11/2025 - 09:00 / GMT - 03:00";"Unimar Pesquisa (0020ED51)";"-22,2476";"-49,9764";596;0;8,3;28,61;29,76;31,04;32,01;35,54;37,62;19,8;
"30/11/2025 - 10:00 / GMT - 03:00";"Unimar Pesquisa (0020ED51)";"-22,2476";"-49,9764";762;0;4,2;31,15;31,88;32,79;30,13;32,71;38,09;14;
"30/11/2025 - 11:00 / GMT - 03:00";"Unimar Pesquisa (0020ED51)";"-22,2476";"-49,9764";920;0;5,5;31,67;32,76;33,57;26,73;30,31;34,02;17,3;
"30/11/2025 - 12:00 / GMT - 03:00";"Unimar Pesquisa (0020ED51)";"-22,2476";"-49,9764";1145;0;5,1;32,03;33,18;34,05;26,25;28,68;36,48;14,4;
"30/11/2025 - 13:00 / GMT - 03:00";"Unimar Pesquisa (0020ED51)";"-22,2476";"-49,9764";1093;0;4,5;33,5;34,12;34,94;23,62;26,71;31,56;13;
"30/11/2025 - 14:00 / GMT - 03:00";"Unimar Pesquisa (0020ED51)";"-22,2476";"-49,9764";506;0;3,1;32,25;33,14;34,97;24,72;27,64;30,4;13;
"30/11/2025 - 15:00 / GMT - 03:00";"Unimar Pesquisa (0020ED51)";"-22,2476";"-49,9764";473;0;2,3;32,45;33,32;34,28;23,08;27,46;30,74;8,6;
"30/11/2025 - 16:00 / GMT - 03:00";"Unimar Pesquisa (0020ED51)";"-22,2476";"-49,9764";477;0;2,2;32,93;33,44;34,01;24,73;28,34;31,38;8,3;
"30/11/2025 - 17:00 / GMT - 03:00";"Unimar Pesquisa (0020ED51)";"-22,2476";"-49,9764";320;0;0,9;32,66;33,6;34,94;24,98;27,73;30,14;6,1;
"30/11/2025 - 18:00 / GMT - 03:00";"Unimar Pesquisa (0020ED51)";"-22,2476";"-49,9764";80;0;2,6;30,77;31,47;32,41;27,59;31,17;32,76;6,5;
"30/11/2025 - 19:00 / GMT - 03:00";"Unimar Pesquisa (0020ED51)";"-22,2476";"-49,9764";0;0;2,8;29,75;29,89;30,26;32,39;33,87;35,04;6,8;
"30/11/2025 - 20:00 / GMT - 03:00";"Unimar Pesquisa (0020ED51)";"-22,2476";"-49,9764";0;0;2,4;29,19;29,53;29,92;32,57;34,84;36,13;5,4;
"30/11/2025 - 21:00 / GMT - 03:00";"Unimar Pesquisa (0020ED51)";"-22,2476";"-49,9764";0;0;2,2;28,69;28,93;29,22;35,5;36,63;37,54;5;
"30/11/2025 - 22:00 / GMT - 03:00";"Unimar Pesquisa (0020ED51)";"-22,2476";"-49,9764";0;0;0,7;26,24;27,42;28,92;33,76;40,76;43,77;6,8;
"30/11/2025 - 23:00 / GMT - 03:00";"Unimar Pesquisa (0020ED51)";"-22,2476";"-49,9764";0;0;0,9;27;27,54;27,87;43,77;45,13;48,07;9,7;
"01/12/2025 - 00:00 / GMT - 03:00";"Unimar Pesquisa (0020ED51)";"-22,2476";"-49,9764";0;0;0,5;26,78;27,24;27,77;44,59;46,66;48,97;5;4,9
"01/12/2025 - 01:00 / GMT - 03:00";"Unimar Pesquisa (0020ED51)";"-22,2476";"-49,9764";0;0;0,5;26,78;27,22;27,88;43,33;45,88;48,53;5,8;
"01/12/2025 - 02:00 / GMT - 03:00";"Unimar Pesquisa (0020ED51)";"-22,2476";"-49,9764";0;0;1,9;25,93;26,86;27,22;45,8;47,65;52,15;7,9;
"01/12/2025 - 03:00 / GMT - 03:00";"Unimar Pesquisa (0020ED51)";"-22,2476";"-49,9764";0;0;1,4;26,06;26,56;27,45;44,88;48,3;50,95;7,6;
"01/12/2025 - 04:00 / GMT - 03:00";"Unimar Pesquisa (0020ED51)";"-22,2476";"-49,9764";0;0;8,2;24,37;25,16;26,18;49,7;56,09;62,05;19,4;
"01/12/2025 - 05:00 / GMT - 03:00";"Unimar Pesquisa (0020ED51)";"-22,2476";"-49,9764";2;0;7,3;23,52;23,92;24,25;63;65,73;68,7;18,4;
"01/12/2025 - 06:00 / GMT - 03:00";"Unimar Pesquisa (0020ED51)";"-22,2476";"-49,9764";85;0;5,8;23,59;23,84;24,19;68,35;69,75;71,26;13,7;
"01/12/2025 - 07:00 / GMT - 03:00";"Unimar Pesquisa (0020ED51)";"-22,2476";"-49,9764";281;0;5,1;23,6;24,84;26,04;62,59;67,04;72,44;12,6;
"01/12/2025 - 08:00 / GMT - 03:00";"Unimar Pesquisa (0020ED51)";"-22,2476";"-49,9764";398;0;5,7;26,6;28,07;29,53;46,33;54,05;60,78;15,8;
"01/12/2025 - 09:00 / GMT - 03:00";"Unimar Pesquisa (0020ED51)";"-22,2476";"-49,9764";577;0;5,3;29,81;30,85;31,87;38,97;42,59;47,01;12,2;
"01/12/2025 - 10:00 / GMT - 03:00";"Unimar Pesquisa (0020ED51)";"-22,2476";"-49,9764";759;0;6,6;31,3;31,82;32,36;38,22;40,84;43,5;16,9;
"01/12/2025 - 11:00 / GMT - 03:00";"Unimar Pesquisa (0020ED51)";"-22,2476";"-49,9764";874;0;6,8;32,3;33,19;33,97;28,65;33,37;38,38;18;
"01/12/2025 - 12:00 / GMT - 03:00";"Unimar Pesquisa (0020ED51)";"-22,2476";"-49,9764";815;0;6,9;32,5;33,27;33,79;31,18;34,06;36,71;19,8;
"01/12/2025 - 13:00 / GMT - 03:00";"Unimar Pesquisa (0020ED51)";"-22,2476";"-49,9764";365;0;3,5;32,54;32,69;32,88;33,14;34,82;38,95;16,9;
"01/12/2025 - 14:00 / GMT - 03:00";"Unimar Pesquisa (0020ED51)";"-22,2476";"-49,9764";287;0;7,5;31,58;32,15;32,8;33,54;36,23;42,59;17,3;
"01/12/2025 - 15:00 / GMT - 03:00";"Unimar Pesquisa (0020ED51)";"-22,2476";"-49,9764";461;0;6,2;31,92;32,3;32,76;34,24;39,36;42,6;13;
"01/12/2025 - 16:00 / GMT - 03:00";"Unimar Pesquisa (0020ED51)";"-22,2476";"-49,9764";175;0;5,7;30,22;31,07;31,86;39,51;43,21;48,84;16,2;
"01/12/2025 - 17:00 / GMT - 03:00";"Unimar Pesquisa (0020ED51)";"-22,2476";"-49,9764";74;0;3,5;29,12;29,65;30,24;46,65;48,23;49,49;10,4;
"01/12/2025 - 18:00 / GMT - 03:00";"Unimar Pesquisa (0020ED51)";"-22,2476";"-49,9764";14;0;5,9;27,36;28,18;29,11;48,75;57,76;63,63;14,8;
"01/12/2025 - 19:00 / GMT - 03:00";"Unimar Pesquisa (0020ED51)";"-22,2476";"-49,9764";0;0;4,9;26,22;26,79;27,32;60,28;61,5;63,27;16,9;
"01/12/2025 - 20:00 / GMT - 03:00";"Unimar Pesquisa (0020ED51)";"-22,2476";"-49,9764";0;0;2,9;25,73;26;26,2;63,38;65,24;67,55;12,2;
"01/12/2025 - 21:00 / GMT - 03:00";"Unimar Pesquisa (0020ED51)";"-22,2476";"-49,9764";0;0;0,6;25,05;25,34;25,76;68,17;71,92;73,88;9;
"01/12/2025 - 22:00 / GMT - 03:00";"Unimar Pesquisa (0020ED51)";"-22,2476";"-49,9764";0;0;0,2;24,9;25,18;25,34;71,46;72,52;74,02;4,7;
"01/12/2025 - 23:00 / GMT - 03:00";"Unimar Pesquisa (0020ED51)";"-22,2476";"-49,9764";0;0;0,3;24,68;24,91;25,21;72,38;73,63;75,57;2,5;
"02/12/2025 - 00:00 / GMT - 03:00";"Unimar Pesquisa (0020ED51)";"-22,2476";"-49,9764";0;0;0,2;23,88;24,28;24,75;73,13;76,84;81,07;2,2;4,3
"02/12/2025 - 01:00 / GMT - 03:00";"Unimar Pesquisa (0020ED51)";"-22,2476";"-49,9764";0;0;6,7;22,66;23,69;24,16;79,35;81,45;85,61;27,4;
"02/12/2025 - 02:00 / GMT - 03:00";"Unimar Pesquisa (0020ED51)";"-22,2476";"-49,9764";0;0;9,1;22,04;22,19;22,42;84,61;85,87;86,56;20,9;
"02/12/2025 - 03:00 / GMT - 03:00";"Unimar Pesquisa (0020ED51)";"-22,2476";"-49,9764";0;0;9,3;21,41;21,81;22,18;84,66;87,26;90,55;20,9;
"02/12/2025 - 04:00 / GMT - 03:00";"Unimar Pesquisa (0020ED51)";"-22,2476";"-49,9764";0;0;5,4;21;21,15;21,33;91,21;93,09;94,68;14,4;
"02/12/2025 - 05:00 / GMT - 03:00";"Unimar Pesquisa (0020ED51)";"-22,2476";"-49,9764";0;0;3,1;21,01;21,11;21,25;92,09;92,86;94,27;9;
"02/12/2025 - 06:00 / GMT - 03:00";"Unimar Pesquisa (0020ED51)";"-22,2476";"-49,9764";28;0;0,6;21,23;21,39;21,52;90,21;92,38;95,55;4;
"02/12/2025 - 07:00 / GMT - 03:00";"Unimar Pesquisa (0020ED51)";"-22,2476";"-49,9764";152;0;1,5;21,47;22,13;23,29;80,25;87,35;93,29;5;
"02/12/2025 - 08:00 / GMT - 03:00";"Unimar Pesquisa (0020ED51)";"-22,2476";"-49,9764";249;0;2,5;23,36;24,67;26,53;60,95;72,21;81,34;10,4;
"02/12/2025 - 09:00 / GMT - 03:00";"Unimar Pesquisa (0020ED51)";"-22,2476";"-49,9764";449;0;6,8;26,41;26,67;26,96;58,96;62,42;66,25;16,6;
"02/12/2025 - 10:00 / GMT - 03:00";"Unimar Pesquisa (0020ED51)";"-22,2476";"-49,9764";442;0;6,3;26,42;27,04;27,44;60,73;64,15;67,25;16,6;
"02/12/2025 - 11:00 / GMT - 03:00";"Unimar Pesquisa (0020ED51)";"-22,2476";"-49,9764";539;0;6,1;27,26;27,69;27,93;56,99;59,87;62,83;13,7;
"02/12/2025 - 12:00 / GMT - 03:00";"Unimar Pesquisa (0020ED51)";"-22,2476";"-49,9764";1022;0;9;28,14;29,23;29,92;48,64;52,87;58,67;24,5;
"02/12/2025 - 13:00 / GMT - 03:00";"Unimar Pesquisa (0020ED51)";"-22,2476";"-49,9764";1042;0;10,1;29,64;30,32;30,85;47,47;49,39;51,51;27;
"02/12/2025 - 14:00 / GMT - 03:00";"Unimar Pesquisa (0020ED51)";"-22,2476";"-49,9764";252;0,2;13,7;23,03;27,65;30,88;45,67;63,46;92,83;43,6;
"02/12/2025 - 15:00 / GMT - 03:00";"Unimar Pesquisa (0020ED51)";"-22,2476";"-49,9764";146;0,4;9,1;22,75;23,74;25,17;72,57;85,54;93,93;32,8;
"02/12/2025 - 16:00 / GMT - 03:00";"Unimar Pesquisa (0020ED51)";"-22,2476";"-49,9764";212;0;6,5;23,02;24,16;24,92;73,32;82,39;94,37;17,3;
"02/12/2025 - 17:00 / GMT - 03:00";"Unimar Pesquisa (0020ED51)";"-22,2476";"-49,9764";159;0;5,9;24,67;25,04;25,35;70,18;74,66;79,21;15,8;
"02/12/2025 - 18:00 / GMT - 03:00";"Unimar Pesquisa (0020ED51)";"-22,2476";"-49,9764";51;0;5,9;24,32;24,81;25,11;73,56;75,67;78,97;10,8;
"02/12/2025 - 19:00 / GMT - 03:00";"Unimar Pesquisa (0020ED51)";"-22,2476";"-49,9764";0;0;4,1;24,29;24,4;24,61;76,48;78,04;79,94;9,4;
"02/12/2025 - 20:00 / GMT - 03:00";"Unimar Pesquisa (0020ED51)";"-22,2476";"-49,9764";0;0;5;24,35;24,48;24,57;77,87;79,21;80,99;10,4;
"02/12/2025 - 21:00 / GMT - 03:00";"Unimar Pesquisa (0020ED51)";"-22,2476";"-49,9764";0;0;4,1;24,3;24,4;24,55;78,33;80,03;80,78;9;
"02/12/2025 - 22:00 / GMT - 03:00";"Unimar Pesquisa (0020ED51)";"-22,2476";"-49,9764";0;0;2,2;23,62;24,09;24,37;78,68;80,7;83,54;6,5;
"02/12/2025 - 23:00 / GMT - 03:00";"Unimar Pesquisa (0020ED51)";"-22,2476";"-49,9764";0;0;1,1;22,9;23,58;24,04;81,26;83,68;87,24;4,3;
"03/12/2025 - 00:00 / GMT - 03:00";"Unimar Pesquisa (0020ED51)";"-22,2476";"-49,9764";0;0;3,3;23,54;23,85;24,08;79,61;80,97;82,88;7,6;4,7
"03/12/2025 - 01:00 / GMT - 03:00";"Unimar Pesquisa (0020ED51)";"-22,2476";"-49,9764";0;0;4;23,46;23,87;24,12;79,94;81,48;83,35;10,4;
"03/12/2025 - 02:00 / GMT - 03:00";"Unimar Pesquisa (0020ED51)";"-22,2476";"-49,9764";0;0;5;23,23;23,46;23,71;82,85;84,44;86,4;10,1;
"03/12/2025 - 03:00 / GMT - 03:00";"Unimar Pesquisa (0020ED51)";"-22,2476";"-49,9764";0;0;2,9;22,44;22,81;23,13;85,95;88;90,17;7,6;
"03/12/2025 - 04:00 / GMT - 03:00";"Unimar Pesquisa (0020ED51)";"-22,2476";"-49,9764";0;0;5;22,52;22,73;22,98;87,52;89,79;91,84;12,2;
"03/12/2025 - 05:00 / GMT - 03:00";"Unimar Pesquisa (0020ED51)";"-22,2476";"-49,9764";2;0;7,3;21,96;22,31;22,77;90,69;92,67;94,31;14;
"03/12/2025 - 06:00 / GMT - 03:00";"Unimar Pesquisa (0020ED51)";"-22,2476";"-49,9764";123;0;5,3;22;23,13;24,33;82,98;87,89;94,05;15,8;
"03/12/2025 - 07:00 / GMT - 03:00";"Unimar Pesquisa (0020ED51)";"-22,2476";"-49,9764";343;0;4,4;24,58;24,74;24,94;81,04;82,03;83,53;9,4;
"03/12/2025 - 08:00 / GMT - 03:00";"Unimar Pesquisa (0020ED51)";"-22,2476";"-49,9764";358;0;1,9;25,27;25,87;27,3;76,44;81,2;84,83;6,1;
"03/12/2025 - 09:00 / GMT - 03:00";"Unimar Pesquisa (0020ED51)";"-22,2476";"-49,9764";583;0;3,9;27,08;27,56;28,45;64,1;68,51;72,34;9,4;
"03/12/2025 - 10:00 / GMT - 03:00";"Unimar Pesquisa (0020ED51)";"-22,2476";"-49,9764";620;0;3,5;27,83;28,81;29,66;55,81;60,7;68,63;14;
"03/12/2025 - 11:00 / GMT - 03:00";"Unimar Pesquisa (0020ED51)";"-22,2476";"-49,9764";711;0;5,1;28,48;29,72;30,4;56,23;58,22;62,35;13,7;
"03/12/2025 - 12:00 / GMT - 03:00";"Unimar Pesquisa (0020ED51)";"-22,2476";"-49,9764";1076;0;5,7;29,83;30,73;31,61;48,11;53,21;57,39;15,8;
"03/12/2025 - 13:00 / GMT - 03:00";"Unimar Pesquisa (0020ED51)";"-22,2476";"-49,9764";617;0;5,9;30,03;30,72;31,54;49,85;53,87;56,81;15,8;
"03/12/2025 - 14:00 / GMT - 03:00";"Unimar Pesquisa (0020ED51)";"-22,2476";"-49,9764";351;0;5,5;30,02;30,54;31,79;52,51;54,74;56,81;15,8;
"03/12/2025 - 15:00 / GMT - 03:00";"Unimar Pesquisa (0020ED51)";"-22,2476";"-49,9764";274;0;8,3;29,02;29,31;29,58;55,71;58,8;61,29;15,8;
"03/12/2025 - 16:00 / GMT - 03:00";"Unimar Pesquisa (0020ED51)";"-22,2476";"-49,9764";118;0;6,1;27,76;28,76;29,36;57,05;61,1;65,87;20,5;
"03/12/2025 - 17:00 / GMT - 03:00";"Unimar Pesquisa (0020ED51)";"-22,2476";"-49,9764";232;0;11,3;25,91;26,42;27,27;68,61;71,43;72,83;22,3;
"03/12/2025 - 18:00 / GMT - 03:00";"Unimar Pesquisa (0020ED51)";"-22,2476";"-49,9764";106;0;10,4;24,72;25,54;26,08;66,96;69,82;72,56;22;
"03/12/2025 - 19:00 / GMT - 03:00";"Unimar Pesquisa (0020ED51)";"-22,2476";"-49,9764";0;0;11;24,08;24,24;24,59;68,29;69,32;70,56;24,5;
"03/12/2025 - 20:00 / GMT - 03:00";"Unimar Pesquisa (0020ED51)";"-22,2476";"-49,9764";0;0;7,7;23;23,43;23,98;71,66;74,76;77,98;17,3;
"03/12/2025 - 21:00 / GMT - 03:00";"Unimar Pesquisa (0020ED51)";"-22,2476";"-49,9764";0;0;4,1;22,06;22,72;23,06;77,88;80,53;84,79;10,8;
"03/12/2025 - 22:00 / GMT - 03:00";"Unimar Pesquisa (0020ED51)";"-22,2476";"-49,9764";0;0;1,7;20,66;21,62;22,14;82,99;87,39;94,74;9,4;
"03/12/2025 - 23:00 / GMT - 03:00";"Unimar Pesquisa (0020ED51)";"-22,2476";"-49,9764";0;0;5,1;21,12;21,69;22,35;82,7;87,06;91,21;12,6;
"04/12/2025 - 00:00 / GMT - 03:00";"Unimar Pesquisa (0020ED51)";"-22,2476";"-49,9764";0;0;5,4;21,81;22,15;22,39;80,91;82,86;84,74;19,1;4,4
"04/12/2025 - 01:00 / GMT - 03:00";"Unimar Pesquisa (0020ED51)";"-22,2476";"-49,9764";0;0;3,4;21,3;21,92;22,44;80,83;83,3;86,41;12,2;
"04/12/2025 - 02:00 / GMT - 03:00";"Unimar Pesquisa (0020ED51)";"-22,2476";"-49,9764";0;0;1,6;20,67;21,02;21,28;86,17;87,58;89,61;6,8;
"04/12/2025 - 03:00 / GMT - 03:00";"Unimar Pesquisa (0020ED51)";"-22,2476";"-49,9764";0;0;3,1;20,3;20,69;20,97;84,91;87,93;89,43;13;
"04/12/2025 - 04:00 / GMT - 03:00";"Unimar Pesquisa (0020ED51)";"-22,2476";"-49,9764";0;0;4,2;20,13;20,51;20,93;86,07;89,03;92,03;11,5;
"04/12/2025 - 05:00 / GMT - 03:00";"Unimar Pesquisa (0020ED51)";"-22,2476";"-49,9764";0;0;2,6;19,68;19,82;20;93,13;95,38;97,01;10,4;
"04/12/2025 - 06:00 / GMT - 03:00";"Unimar Pesquisa (0020ED51)";"-22,2476";"-49,9764";41;0;3,8;19,87;20,14;20,4;93,62;95,62;96,86;14;
"04/12/2025 - 07:00 / GMT - 03:00";"Unimar Pesquisa (0020ED51)";"-22,2476";"-49,9764";88;0;5,1;20,26;20,42;20,63;91,24;93,08;94,2;14;
"04/12/2025 - 08:00 / GMT - 03:00";"Unimar Pesquisa (0020ED51)";"-22,2476";"-49,9764";197;0;6,8;20,58;20,88;21,67;86,25;88,65;90,95;20,2;
"04/12/2025 - 09:00 / GMT - 03:00";"Unimar Pesquisa (0020ED51)";"-22,2476";"-49,9764";410;0;7;21,48;22,42;23,6;74,05;81,3;85,06;16,9;
"04/12/2025 - 10:00 / GMT - 03:00";"Unimar Pesquisa (0020ED51)";"-22,2476";"-49,9764";549;0;6,5;23,51;24,34;25,62;68,17;73,63;80,38;16,2;
"04/12/2025 - 11:00 / GMT - 03:00";"Unimar Pesquisa (0020ED51)";"-22,2476";"-49,9764";681;0;6,1;25,34;26,25;27,22;61,31;66,6;70,52;17,6;
"04/12/2025 - 12:00 / GMT - 03:00";"Unimar Pesquisa (0020ED51)";"-22,2476";"-49,9764";746;0;3,7;26,08;27,14;28,34;57,82;62,22;66,18;13;
"04/12/2025 - 13:00 / GMT - 03:00";"Unimar Pesquisa (0020ED51)";"-22,2476";"-49,9764";991;0;4,1;27,73;28,99;30,88;47,44;56,39;62,01;15,5;
"04/12/2025 - 14:00 / GMT - 03:00";"Unimar Pesquisa (0020ED51)";"-22,2476";"-49,9764";500;0;2,6;27,86;28,98;30,45;47,89;53,23;57,83;11,2;
"04/12/2025 - 15:00 / GMT - 03:00";"Unimar Pesquisa (0020ED51)";"-22,2476";"-49,9764";484;0;3,6;28,46;28,94;29,86;51,07;54,94;58,01;12,6;
"04/12/2025 - 16:00 / GMT - 03:00";"Unimar Pesquisa (0020ED51)";"-22,2476";"-49,9764";347;0;3,7;28,26;29,63;30,72;47,68;51,95;58,03;11,9;
"04/12/2025 - 17:00 / GMT - 03:00";"Unimar Pesquisa (0020ED51)";"-22,2476";"-49,9764";323;0;4;28,97;29,35;29,81;48,85;51,08;53,18;10,8;
"04/12/2025 - 18:00 / GMT - 03:00";"Unimar Pesquisa (0020ED51)";"-22,2476";"-49,9764";93;0;2,2;27,03;28,05;28,98;51,02;55;58,31;8,3;
"04/12/2025 - 19:00 / GMT - 03:00";"Unimar Pesquisa (0020ED51)";"-22,2476";"-49,9764";0;0;1,9;25,75;26,27;26,92;58,37;60,7;62,19;9,4;
"04/12/2025 - 20:00 / GMT - 03:00";"Unimar Pesquisa (0020ED51)";"-22,2476";"-49,9764";0;0;4,3;24,75;25,3;25,71;61,59;63,66;66,27;13;
"04/12/2025 - 21:00 / GMT - 03:00";"Unimar Pesquisa (0020ED51)";"-22,2476";"-49,9764";0;0;5,8;23,19;24,09;24,83;65,55;68,52;73,04;15,8;
"04/12/2025 - 22:00 / GMT - 03:00";"Unimar Pesquisa (0020ED51)";"-22,2476";"-49,9764";0;0;4,8;21,9;22,43;22,84;75,23;75,75;76,86;15,5;
"04/12/2025 - 23:00 / GMT - 03:00";"Unimar Pesquisa (0020ED51)";"-22,2476";"-49,9764";0;0;4,8;20,65;21,33;21,74;75,53;77,3;80,15;15,1;
"05/12/2025 - 00:00 / GMT - 03:00";"Unimar Pesquisa (0020ED51)";"-22,2476";"-49,9764";0;0;5,9;20,12;20,4;20,68;79,94;80,49;81,61;15,5;5,9
"05/12/2025 - 01:00 / GMT - 03:00";"Unimar Pesquisa (0020ED51)";"-22,2476";"-49,9764";0;0;7,3;19,01;19,51;19,95;82,07;84,31;86,53;22,7;
"05/12/2025 - 02:00 / GMT - 03:00";"Unimar Pesquisa (0020ED51)";"-22,2476";"-49,9764";0;0;8,5;18,36;18,67;18,96;86,8;87,99;89,67;23,8;
"05/12/2025 - 03:00 / GMT - 03:00";"Unimar Pesquisa (0020ED51)";"-22,2476";"-49,9764";0;0;8,6;18,25;18,32;18,39;86,83;88,04;89,84;20,9;
"05/12/2025 - 04:00 / GMT - 03:00";"Unimar Pesquisa (0020ED51)";"-22,2476";"-49,9764";0;0;6,2;17,52;17,96;18,24;86,48;87,62;89,72;18;
"05/12/2025 - 05:00 / GMT - 03:00";"Unimar Pesquisa (0020ED51)";"-22,2476";"-49,9764";0;0;6,9;17,41;17,55;17,74;86,95;87,94;89,62;19,4;
"05/12/2025 - 06:00 / GMT - 03:00";"Unimar Pesquisa (0020ED51)";"-22,2476";"-49,9764";127;0;8;17,44;17,88;18,44;83,08;85,96;88,53;20,2;
"05/12/2025 - 07:00 / GMT - 03:00";"Unimar Pesquisa (0020ED51)";"-22,2476";"-49,9764";346;0;8,2;18,76;19,78;20,73;73,32;77,54;81,54;19,8;
"05/12/2025 - 08:00 / GMT - 03:00";"Unimar Pesquisa (0020ED51)";"-22,2476";"-49,9764";378;0;8;20,75;21,99;23,46;66,44;70,03;73,91;18,4;
"05/12/2025 - 09:00 / GMT - 03:00";"Unimar Pesquisa (0020ED51)";"-22,2476";"-49,9764";560;0;7,5;23,21;24,53;25,61;60,5;63,3;67,23;22,3;
"05/12/2025 - 10:00 / GMT - 03:00";"Unimar Pesquisa (0020ED51)";"-22,2476";"-49,9764";740;0;5,9;26,29;26,93;27,9;54,17;58,76;61,95;16,6;
"05/12/2025 - 11:00 / GMT - 03:00";"Unimar Pesquisa (0020ED51)";"-22,2476";"-49,9764";871;0;5,4;27,75;29,03;30,54;49,35;52,6;54,98;17,3;
"05/12/2025 - 12:00 / GMT - 03:00";"Unimar Pesquisa (0020ED51)";"-22,2476";"-49,9764";956;0;5,3;28,61;30,03;31,23;44,87;49,74;54,49;17,6;
"05/12/2025 - 13:00 / GMT - 03:00";"Unimar Pesquisa (0020ED51)";"-22,2476";"-49,9764";736;0;5;30,09;30,95;31,83;40,55;43,92;47,27;15,1;
"05/12/2025 - 14:00 / GMT - 03:00";"Unimar Pesquisa (0020ED51)";"-22,2476";"-49,9764";895;0;3;30,31;31,84;32,63;36,27;39,5;45,19;14,8;
"05/12/2025 - 15:00 / GMT - 03:00";"Unimar Pesquisa (0020ED51)";"-22,2476";"-49,9764";640;0;2,9;31,32;32,85;34;27,96;33,36;38,66;11,9;
"05/12/2025 - 16:00 / GMT - 03:00";"Unimar Pesquisa (0020ED51)";"-22,2476";"-49,9764";546;0;2,5;31,45;32,2;33,35;32,15;34,25;37,37;7,2;
"05/12/2025 - 17:00 / GMT - 03:00";"Unimar Pesquisa (0020ED51)";"-22,2476";"-49,9764";294;0;1,9;30,92;31,57;32,45;33,36;35,42;36,83;8,3;
"05/12/2025 - 18:00 / GMT - 03:00";"Unimar Pesquisa (0020ED51)";"-22,2476";"-49,9764";85;0;1,4;29,23;30,07;30,83;38,82;41,88;45,66;4,7;
"05/12/2025 - 19:00 / GMT - 03:00";"Unimar Pesquisa (0020ED51)";"-22,2476";"-49,9764";0;0;1,3;28,08;28,52;29,07;45,05;46,09;47,11;6,5;
"05/12/2025 - 20:00 / GMT - 03:00";"Unimar Pesquisa (0020ED51)";"-22,2476";"-49,9764";0;0;3,3;26,63;27,14;28,04;47,86;51,55;53,6;13;
"05/12/2025 - 21:00 / GMT - 03:00";"Unimar Pesquisa (0020ED51)";"-22,2476";"-49,9764";0;0;2,9;25,22;25,78;26,49;51,13;54,1;56,86;11,5;
"05/12/2025 - 22:00 / GMT - 03:00";"Unimar Pesquisa (0020ED51)";"-22,2476";"-49,9764";0;0;3,9;25,16;25,39;25,64;53,33;55,07;56,62;13,3;
"05/12/2025 - 23:00 / GMT - 03:00";"Unimar Pesquisa (0020ED51)";"-22,2476";"-49,9764";0;0;5;24,5;25;25,38;56,38;59,43;62,31;13,7;
"06/12/2025 - 00:00 / GMT - 03:00";"Unimar Pesquisa (0020ED51)";"-22,2476";"-49,9764";0;0;5,1;23,82;24,22;24,72;61,52;63,78;65,43;21,6;5,9
"06/12/2025 - 01:00 / GMT - 03:00";"Unimar Pesquisa (0020ED51)";"-22,2476";"-49,9764";0;0;2,9;22,27;23,07;23,77;65,29;69,58;74,75;11,2;
"06/12/2025 - 02:00 / GMT - 03:00";"Unimar Pesquisa (0020ED51)";"-22,2476";"-49,9764";0;0;2,3;21,29;21,66;22,06;76,65;79,21;81,93;8,6;
"06/12/2025 - 03:00 / GMT - 03:00";"Unimar Pesquisa (0020ED51)";"-22,2476";"-49,9764";0;0;3,6;21,37;21,53;21,78;76,76;77,99;78,79;12,6;
"06/12/2025 - 04:00 / GMT - 03:00";"Unimar Pesquisa (0020ED51)";"-22,2476";"-49,9764";0;0;3,2;21,06;21,34;21,48;76,41;77,95;79,99;13,3;
"06/12/2025 - 05:00 / GMT - 03:00";"Unimar Pesquisa (0020ED51)";"-22,2476";"-49,9764";0;0;5,1;20,74;21,13;21,35;77,24;78,73;81,37;18,4;
"06/12/2025 - 06:00 / GMT - 03:00";"Unimar Pesquisa (0020ED51)";"-22,2476";"-49,9764";123;0;5,9;20,64;21,13;21,73;76,68;79,46;82,15;13,7;
"06/12/2025 - 07:00 / GMT - 03:00";"Unimar Pesquisa (0020ED51)";"-22,2476";"-49,9764";326;0;5,8;21,76;22,6;23,59;72,98;74,72;77,61;15,1;
"06/12/2025 - 08:00 / GMT - 03:00";"Unimar Pesquisa (0020ED51)";"-22,2476";"-49,9764";447;0;8,1;23,93;25,09;26,59;65,16;69,17;72,04;17,6;
"06/12/2025 - 09:00 / GMT - 03:00";"Unimar Pesquisa (0020ED51)";"-22,2476";"-49,9764";532;0;9,3;26,13;27,35;28,55;59,81;64,62;68,13;20,9;
"06/12/2025 - 10:00 / GMT - 03:00";"Unimar Pesquisa (0020ED51)";"-22,2476";"-49,9764";742;0;7,7;28,36;29,37;30,08;54,12;56,81;60,98;27,7;
"06/12/2025 - 11:00 / GMT - 03:00";"Unimar Pesquisa (0020ED51)";"-22,2476";"-49,9764";864;0;8,6;29,67;30,39;31,25;49,71;52,93;56,89;19,4;
"06/12/2025 - 12:00 / GMT - 03:00";"Unimar Pesquisa (0020ED51)";"-22,2476";"-49,9764";940;0;9,8;30,59;31,54;32,21;42,65;46,67;49,7;21,2;
"06/12/2025 - 13:00 / GMT - 03:00";"Unimar Pesquisa (0020ED51)";"-22,2476";"-49,9764";746;0;8,8;30,47;31,72;32,49;41,83;45,17;47,99;19,1;
"06/12/2025 - 14:00 / GMT - 03:00";"Unimar Pesquisa (0020ED51)";"-22,2476";"-49,9764";888;0;9,3;31,25;32,51;34,23;37,63;41,73;45,33;19,4;
"06/12/2025 - 15:00 / GMT - 03:00";"Unimar Pesquisa (0020ED51)";"-22,2476";"-49,9764";443;0;7,5;31,37;32,3;33,59;38,36;40,64;43,17;19,1;
"06/12/2025 - 16:00 / GMT - 03:00";"Unimar Pesquisa (0020ED51)";"-22,2476";"-49,9764";501;0;5,5;31,5;32,43;32,87;39,51;41,59;43,31;25,2;
"06/12/2025 - 17:00 / GMT - 03:00";"Unimar Pesquisa (0020ED51)";"-22,2476";"-49,9764";171;0;7,8;30,25;31,12;31,69;42,46;44,16;48,12;18;
"06/12/2025 - 18:00 / GMT - 03:00";"Unimar Pesquisa (0020ED51)";"-22,2476";"-49,9764";87;0;5,8;29,16;29,7;30,23;48,33;50;52,56;16,9;
"06/12/2025 - 19:00 / GMT - 03:00";"Unimar Pesquisa (0020ED51)";"-22,2476";"-49,9764";2;0;4,4;28,23;28,76;29,28;48,16;49,94;52,18;15,5;
"06/12/2025 - 20:00 / GMT - 03:00";"Unimar Pesquisa (0020ED51)";"-22,2476";"-49,9764";0;0;1,6;27,39;27,87;28,58;50,63;53,31;56,52;8,6;
"06/12/2025 - 21:00 / GMT - 03:00";"Unimar Pesquisa (0020ED51)";"-22,2476";"-49,9764";0;0;3,2;27,73;27,86;28,26;52,18;53,1;53,85;9;
"06/12/2025 - 22:00 / GMT - 03:00";"Unimar Pesquisa (0020ED51)";"-22,2476";"-49,9764";0;0;3,6;26,46;27,08;27,83;53,78;56,91;59,33;14,4;
"06/12/2025 - 23:00 / GMT - 03:00";"Unimar Pesquisa (0020ED51)";"-22,2476";"-49,9764";0;0;6,1;25,57;26,29;26,63;60,09;61,85;65,33;16,6;
"07/12/2025 - 00:00 / GMT - 03:00";"Unimar Pesquisa (0020ED51)";"-22,2476";"-49,9764";0;0;5;25,68;26;26,23;61,43;62,35;64,26;11,2;4,5
"07/12/2025 - 01:00 / GMT - 03:00";"Unimar Pesquisa (0020ED51)";"-22,2476";"-49,9764";0;0;4,8;25,42;25,81;26,32;59,73;62,25;64,1;12,2;
"07/12/2025 - 02:00 / GMT - 03:00";"Unimar Pesquisa (0020ED51)";"-22,2476";"-49,9764";0;0;8,4;25,47;25,85;26,13;59,89;61,76;63,89;22;
"07/12/2025 - 03:00 / GMT - 03:00";"Unimar Pesquisa (0020ED51)";"-22,2476";"-49,9764";0;0;5,7;24,6;24,87;25,34;63,89;67,07;69,17;19,8;
"07/12/2025 - 04:00 / GMT - 03:00";"Unimar Pesquisa (0020ED51)";"-22,2476";"-49,9764";0;0;3,4;23,81;24,18;24,48;69,81;72,58;75,28;9,4;
"07/12/2025 - 05:00 / GMT - 03:00";"Unimar Pesquisa (0020ED51)";"-22,2476";"-49,9764";4;0;3,1;23,44;23,65;23,94;74,61;77,77;79,59;11,5;
"07/12/2025 - 06:00 / GMT - 03:00";"Unimar Pesquisa (0020ED51)";"-22,2476";"-49,9764";100;0;5;23,82;24,84;25,34;70,76;73,33;78,81;11,5;
"07/12/2025 - 07:00 / GMT - 03:00";"Unimar Pesquisa (0020ED51)";"-22,2476";"-49,9764";287;0;4,9;25,12;26,01;26,98;64,67;69,08;72,97;13;
"07/12/2025 - 08:00 / GMT - 03:00";"Unimar Pesquisa (0020ED51)";"-22,2476";"-49,9764";416;0;4,2;26,89;28,04;29,24;56,19;60,82;64,21;15,1;
"07/12/2025 - 09:00 / GMT - 03:00";"Unimar Pesquisa (0020ED51)";"-22,2476";"-49,9764";557;0;6,7;28,61;29,55;30,34;51,03;54,67;57,77;18,4;
"07/12/2025 - 10:00 / GMT - 03:00";"Unimar Pesquisa (0020ED51)";"-22,2476";"-49,9764";635;0;7,5;28,78;29,52;30,19;53,08;55,86;58,77;19,4;
"07/12/2025 - 11:00 / GMT - 03:00";"Unimar Pesquisa (0020ED51)";"-22,2476";"-49,9764";615;0;9;29,23;30,1;31,08;49,65;52,69;55,13;20,5;
"07/12/2025 - 12:00 / GMT - 03:00";"Unimar Pesquisa (0020ED51)";"-22,2476";"-49,9764";672;0;9,2;29,89;30,59;31,49;46,74;49,5;53,15;21,2;
"07/12/2025 - 13:00 / GMT - 03:00";"Unimar Pesquisa (0020ED51)";"-22,2476";"-49,9764";876;0;9,5;30,35;31,82;33,51;39,45;43,53;48,56;19,8;
"07/12/2025 - 14:00 / GMT - 03:00";"Unimar Pesquisa (0020ED51)";"-22,2476";"-49,9764";251;0;6;27,06;30,76;33,3;37,15;46,5;65,45;22;
"07/12/2025 - 15:00 / GMT - 03:00";"Unimar Pesquisa (0020ED51)";"-22,2476";"-49,9764";84;0,6;8,1;23,04;24,25;26,26;68,94;82,23;91,2;22,7;
"07/12/2025 - 16:00 / GMT - 03:00";"Unimar Pesquisa (0020ED51)";"-22,2476";"-49,9764";164;0;5,2;24,68;25,52;26,69;67,94;79,98;86,94;19,4;
"07/12/2025 - 17:00 / GMT - 03:00";"Unimar Pesquisa (0020ED51)";"-22,2476";"-49,9764";99;0;1,6;25,03;25,51;25,78;76,07;79,56;86,46;5,4;
"07/12/2025 - 18:00 / GMT - 03:00";"Unimar Pesquisa (0020ED51)";"-22,2476";"-49,9764";39;0;0,9;25,15;25,62;25,97;71,37;75,4;79,91;6,5;
"07/12/2025 - 19:00 / GMT - 03:00";"Unimar Pesquisa (0020ED51)";"-22,2476";"-49,9764";0;0;4,1;24,09;24,78;25,91;66,54;72,64;77,12;9,4;
"07/12/2025 - 20:00 / GMT - 03:00";"Unimar Pesquisa (0020ED51)";"-22,2476";"-49,9764";0;0;1,5;23,49;24,07;24,53;73,8;77,55;84,95;9;
"07/12/2025 - 21:00 / GMT - 03:00";"Unimar Pesquisa (0020ED51)";"-22,2476";"-49,9764";0;0;1,1;23,19;23,81;24,04;80,3;83,7;89,87;4,3;
"07/12/2025 - 22:00 / GMT - 03:00";"Unimar Pesquisa (0020ED51)";"-22,2476";"-49,9764";0;0;0,6;23,66;24,3;24,63;76;79,82;86,39;2,9;
"07/12/2025 - 23:00 / GMT - 03:00";"Unimar Pesquisa (0020ED51)";"-22,2476";"-49,9764";0;0;0,9;23,61;24,12;24,84;70,66;78,17;86,6;6,5;
"08/12/2025 - 00:00 / GMT - 03:00";"Unimar Pesquisa (0020ED51)";"-22,2476";"-49,9764";0;0;1,3;24,68;24,81;24,96;70,26;71,66;73,21;6,8;4
"08/12/2025 - 01:00 / GMT - 03:00";"Unimar Pesquisa (0020ED51)";"-22,2476";"-49,9764";0;0;4,3;24,42;24,86;25,42;68,74;72,24;74,74;12,6;
"08/12/2025 - 02:00 / GMT - 03:00";"Unimar Pesquisa (0020ED51)";"-22,2476";"-49,9764";0;0;4,2;23,55;24,32;24,74;71,9;74,71;79,43;11,5;
"08/12/2025 - 03:00 / GMT - 03:00";"Unimar Pesquisa (0020ED51)";"-22,2476";"-49,9764";0;0;4,3;23,46;23,75;24,22;76,05;78,09;80,17;18,7;
"08/12/2025 - 04:00 / GMT - 03:00";"Unimar Pesquisa (0020ED51)";"-22,2476";"-49,9764";0;0;7,3;22,41;22,76;23,67;78,65;83,62;85,82;19,1;
"08/12/2025 - 05:00 / GMT - 03:00";"Unimar Pesquisa (0020ED51)";"-22,2476";"-49,9764";0;0;6,7;22,49;22,83;23,21;79,45;81,82;84,61;19,8;
"08/12/2025 - 06:00 / GMT - 03:00";"Unimar Pesquisa (0020ED51)";"-22,2476";"-49,9764";64;0;4,5;22,77;22,92;23,27;81,18;82,36;84,02;14,4;
"08/12/2025 - 07:00 / GMT - 03:00";"Unimar Pesquisa (0020ED51)";"-22,2476";"-49,9764";306;0;7,3;23,43;24,34;25,04;76,13;78,88;81,23;13,7;
"08/12/2025 - 08:00 / GMT - 03:00";"Unimar Pesquisa (0020ED51)";"-22,2476";"-49,9764";328;0;8,1;24,58;24,99;25,67;74,47;77,04;78,09;16,9;
"08/12/2025 - 09:00 / GMT - 03:00";"Unimar Pesquisa (0020ED51)";"-22,2476";"-49,9764";568;0;8,6;25,86;26,43;27,18;70,27;72,87;75,03;19,4;
"08/12/2025 - 10:00 / GMT - 03:00";"Unimar Pesquisa (0020ED51)";"-22,2476";"-49,9764";478;0;8,5;26,86;27,11;27,43;68,69;69,9;71,94;19,1;
"08/12/2025 - 11:00 / GMT - 03:00";"Unimar Pesquisa (0020ED51)";"-22,2476";"-49,9764";615;0;8,8;27,15;27,69;28,46;65,89;68,77;71,06;18,4;
"08/12/2025 - 12:00 / GMT - 03:00";"Unimar Pesquisa (0020ED51)";"-22,2476";"-49,9764";402;0;8,6;27,27;27,73;28,16;65,73;68,3;70,93;20,5;
"08/12/2025 - 13:00 / GMT - 03:00";"Unimar Pesquisa (0020ED51)";"-22,2476";"-49,9764";527;0;8,9;27,69;28,21;28,54;59,33;64,57;68,87;17,6;
"08/12/2025 - 14:00 / GMT - 03:00";"Unimar Pesquisa (0020ED51)";"-22,2476";"-49,9764";582;0;7,9;27,96;28,74;29,09;57,48;59,09;61,41;15,5;
"08/12/2025 - 15:00 / GMT - 03:00";"Unimar Pesquisa (0020ED51)";"-22,2476";"-49,9764";398;0;9,9;28,25;28,91;29,5;58,29;60,89;65,89;22,3;
"08/12/2025 - 16:00 / GMT - 03:00";"Unimar Pesquisa (0020ED51)";"-22,2476";"-49,9764";200;0;8,6;27,91;28,1;28,27;62,07;64,32;65,79;19,4;
"08/12/2025 - 17:00 / GMT - 03:00";"Unimar Pesquisa (0020ED51)";"-22,2476";"-49,9764";123;0;7,3;27,71;27,92;28,18;61,19;62,7;64,42;13,7;
"08/12/2025 - 18:00 / GMT - 03:00";"Unimar Pesquisa (0020ED51)";"-22,2476";"-49,9764";32;0;5;27,25;27,52;27,76;63,84;65,17;67,08;10,4;
"08/12/2025 - 19:00 / GMT - 03:00";"Unimar Pesquisa (0020ED51)";"-22,2476";"-49,9764";0;0;9,6;21,89;24,51;27,13;66,92;81,27;97,1;29,5;
"08/12/2025 - 20:00 / GMT - 03:00";"Unimar Pesquisa (0020ED51)";"-22,2476";"-49,9764";0;9;15,2;20,96;21,28;21,81;95,3;98,54;100;30,6;
"08/12/2025 - 21:00 / GMT - 03:00";"Unimar Pesquisa (0020ED51)";"-22,2476";"-49,9764";0;5;5,6;21,01;21,08;21,15;99,97;99,98;99,98;18,7;
"08/12/2025 - 22:00 / GMT - 03:00";"Unimar Pesquisa (0020ED51)";"-22,2476";"-49,9764";0;2,6;5,3;20,66;20,98;21,14;99,97;99,97;99,97;14,8;
"08/12/2025 - 23:00 / GMT - 03:00";"Unimar Pesquisa (0020ED51)";"-22,2476";"-49,9764";0;2,6;6,4;20,55;20,7;20,85;99,97;99,98;99,98;14,8;
"09/12/2025 - 00:00 / GMT - 03:00";"Unimar Pesquisa (0020ED51)";"-22,2476";"-49,9764";0;0,4;5,7;20,8;20,92;21,02;99,97;99,98;99,98;12,6;0,9
"09/12/2025 - 01:00 / GMT - 03:00";"Unimar Pesquisa (0020ED51)";"-22,2476";"-49,9764";0;1,8;5,9;20,9;20,97;21,02;99,98;99,98;99,98;14,8;
"09/12/2025 - 02:00 / GMT - 03:00";"Unimar Pesquisa (0020ED51)";"-22,2476";"-49,9764";0;4,8;7,7;20,84;20,98;21,08;99,97;99,97;99,98;18,7;
"09/12/2025 - 03:00 / GMT - 03:00";"Unimar Pesquisa (0020ED51)";"-22,2476";"-49,9764";0;0;10,5;20,81;20,92;21,01;99,97;99,98;99,98;22,7;
"09/12/2025 - 04:00 / GMT - 03:00";"Unimar Pesquisa (0020ED51)";"-22,2476";"-49,9764";0;0,2;12,6;20,94;20,98;21,03;99,98;99,98;99,98;23,4;
"09/12/2025 - 05:00 / GMT - 03:00";"Unimar Pesquisa (0020ED51)";"-22,2476";"-49,9764";0;4,4;12,4;20,98;21,01;21,05;99,98;99,98;99,98;30,6;
"09/12/2025 - 06:00 / GMT - 03:00";"Unimar Pesquisa (0020ED51)";"-22,2476";"-49,9764";0;3;14,3;20,92;21;21,09;99,98;99,98;99,98;31,3;
"09/12/2025 - 07:00 / GMT - 03:00";"Unimar Pesquisa (0020ED51)";"-22,2476";"-49,9764";0;5,4;14;20,82;20,92;21;99,98;99,98;99,98;29,9;
"09/12/2025 - 08:00 / GMT - 03:00";"Unimar Pesquisa (0020ED51)";"-22,2476";"-49,9764";0;9,4;15,2;20,72;20,77;20,83;99,98;99,98;99,98;30,2;
"09/12/2025 - 09:00 / GMT - 03:00";"Unimar Pesquisa (0020ED51)";"-22,2476";"-49,9764";34;4,4;15;20,71;20,84;21,01;99,98;99,98;99,98;29,5;
"09/12/2025 - 10:00 / GMT - 03:00";"Unimar Pesquisa (0020ED51)";"-22,2476";"-49,9764";106;1;15,2;21,01;21,17;21,36;99,98;99,98;99,98;30,2;
"09/12/2025 - 11:00 / GMT - 03:00";"Unimar Pesquisa (0020ED51)";"-22,2476";"-49,9764";174;0,8;11,3;21,22;21,64;22,03;99,98;99,98;99,99;27,4;
"09/12/2025 - 12:00 / GMT - 03:00";"Unimar Pesquisa (0020ED51)";"-22,2476";"-49,9764";289;7,4;13,7;21,71;22,23;23,24;99,05;99,91;100;34,6;
"09/12/2025 - 13:00 / GMT - 03:00";"Unimar Pesquisa (0020ED51)";"-22,2476";"-49,9764";275;1,4;17,5;22,69;23,13;23,41;97,42;99,06;100;38,9;
"09/12/2025 - 14:00 / GMT - 03:00";"Unimar Pesquisa (0020ED51)";"-22,2476";"-49,9764";180;1,2;18,7;22,42;22,83;23,26;98,26;99,71;100;36,4;
"09/12/2025 - 15:00 / GMT - 03:00";"Unimar Pesquisa (0020ED51)";"-22,2476";"-49,9764";30;8;17,2;21,9;22,35;23;99,34;99,93;100;37,8;
"09/12/2025 - 16:00 / GMT - 03:00";"Unimar Pesquisa (0020ED51)";"-22,2476";"-49,9764";41;1;16,2;21,95;22,19;22,38;99,98;99,98;99,99;36,4;
"09/12/2025 - 17:00 / GMT - 03:00";"Unimar Pesquisa (0020ED51)";"-22,2476";"-49,9764";3;24,2;17;21,54;21,83;21,98;99,98;99,98;99,98;46,1;
"09/12/2025 - 18:00 / GMT - 03:00";"Unimar Pesquisa (0020ED51)";"-22,2476";"-49,9764";0;38;9,8;20,69;21,04;21,39;99,97;99,97;99,97;23,8;
"09/12/2025 - 19:00 / GMT - 03:00";"Unimar Pesquisa (0020ED51)";"-22,2476";"-49,9764";0;0,2;12,4;21,46;21,54;21,63;99,97;99,97;99,97;24,1;
"09/12/2025 - 20:00 / GMT - 03:00";"Unimar Pesquisa (0020ED51)";"-22,2476";"-49,9764";0;0;14,6;21,63;21,75;21,95;99,97;99,97;99,97;34,2;
"09/12/2025 - 21:00 / GMT - 03:00";"Unimar Pesquisa (0020ED51)";"-22,2476";"-49,9764";0;0;15,1;21,92;22,01;22,11;99,97;99,97;99,98;33,1;
"09/12/2025 - 22:00 / GMT - 03:00";"Unimar Pesquisa (0020ED51)";"-22,2476";"-49,9764";0;1,4;16,9;21,21;21,96;22,07;99,98;99,98;99,98;35,6;
"09/12/2025 - 23:00 / GMT - 03:00";"Unimar Pesquisa (0020ED51)";"-22,2476";"-49,9764";0;11;12,2;20,43;21,03;21,29;99,98;99,98;99,99;31,3;
"10/12/2025 - 00:00 / GMT - 03:00";"Unimar Pesquisa (0020ED51)";"-22,2476";"-49,9764";0;0;9,6;21,25;21,33;21,41;99,98;99,98;99,98;22,3;5,6
"10/12/2025 - 01:00 / GMT - 03:00";"Unimar Pesquisa (0020ED51)";"-22,2476";"-49,9764";0;0;10,1;21,29;21,43;21,56;99,98;99,98;99,99;25,2;
"10/12/2025 - 02:00 / GMT - 03:00";"Unimar Pesquisa (0020ED51)";"-22,2476";"-49,9764";0;0;10,1;21,26;21,34;21,45;99,98;99,98;99,99;27;
"10/12/2025 - 03:00 / GMT - 03:00";"Unimar Pesquisa (0020ED51)";"-22,2476";"-49,9764";0;0;7,7;20,96;21,06;21,22;99,98;99,99;100;19,1;
"10/12/2025 - 04:00 / GMT - 03:00";"Unimar Pesquisa (0020ED51)";"-22,2476";"-49,9764";0;0;7,5;20,84;20,9;20,99;99,99;99,99;99,99;17,6;
"10/12/2025 - 05:00 / GMT - 03:00";"Unimar Pesquisa (0020ED51)";"-22,2476";"-49,9764";0;0;6,9;20,4;20,56;20,84;99,99;99,99;100;20,2;
"10/12/2025 - 06:00 / GMT - 03:00";"Unimar Pesquisa (0020ED51)";"-22,2476";"-49,9764";116;0;6,8;20,35;20,67;21,2;97,66;99,51;100;16,6;
"10/12/2025 - 07:00 / GMT - 03:00";"Unimar Pesquisa (0020ED51)";"-22,2476";"-49,9764";355;0;9,7;21,27;21,77;22,27;90,33;93,84;97,09;28,1;
"10/12/2025 - 08:00 / GMT - 03:00";"Unimar Pesquisa (0020ED51)";"-22,2476";"-49,9764";425;0;12,9;22,4;22,92;23,52;78,63;84,12;88,62;27;
"10/12/2025 - 09:00 / GMT - 03:00";"Unimar Pesquisa (0020ED51)";"-22,2476";"-49,9764";522;0;14,6;23,43;23,9;24,36;75,12;77,96;81,61;32;
"10/12/2025 - 10:00 / GMT - 03:00";"Unimar Pesquisa (0020ED51)";"-22,2476";"-49,9764";551;0;16;24,16;24,62;25,16;66,74;72,17;79,59;41,4;
"10/12/2025 - 11:00 / GMT - 03:00";"Unimar Pesquisa (0020ED51)";"-22,2476";"-49,9764";596;0;15,7;24,46;25,2;25,99;62,11;66,95;70,61;36,7;
"10/12/2025 - 12:00 / GMT - 03:00";"Unimar Pesquisa (0020ED51)";"-22,2476";"-49,9764";674;0;19,4;25,85;26,38;26,79;55,69;59,31;61,69;45,4;
"10/12/2025 - 13:00 / GMT - 03:00";"Unimar Pesquisa (0020ED51)";"-22,2476";"-49,9764";1020;0;17,2;26,6;27,18;27,86;52,03;56,42;61,47;43,2;
"10/12/2025 - 14:00 / GMT - 03:00";"Unimar Pesquisa (0020ED51)";"-22,2476";"-49,9764";941;0;16,6;27,53;27,82;28,09;49,37;53,02;56,44;44,3;
"10/12/2025 - 15:00 / GMT - 03:00";"Unimar Pesquisa (0020ED51)";"-22,2476";"-49,9764";675;0;15,9;27,52;28,13;28,55;46,26;49,84;53,59;42,8;
"10/12/2025 - 16:00 / GMT - 03:00";"Unimar Pesquisa (0020ED51)";"-22,2476";"-49,9764";499;0;15,6;27,96;28,14;28,47;43,81;45,62;48,96;34,6;
"10/12/2025 - 17:00 / GMT - 03:00";"Unimar Pesquisa (0020ED51)";"-22,2476";"-49,9764";278;0;14,6;27,07;27,58;27,96;43,56;45,92;47,97;32,4;
"10/12/2025 - 18:00 / GMT - 03:00";"Unimar Pesquisa (0020ED51)";"-22,2476";"-49,9764";73;0;12,1;25,79;26,35;26,99;46,88;50,33;52,99;32,8;
"10/12/2025 - 19:00 / GMT - 03:00";"Unimar Pesquisa (0020ED51)";"-22,2476";"-49,9764";0;0;10,1;25,02;25,35;25,73;49,34;51,13;53,33;23,8;
"10/12/2025 - 20:00 / GMT - 03:00";"Unimar Pesquisa (0020ED51)";"-22,2476";"-49,9764";0;0;6,8;23,84;24,29;25,2;49,94;54,4;57,24;17,3;
"10/12/2025 - 21:00 / GMT - 03:00";"Unimar Pesquisa (0020ED51)";"-22,2476";"-49,9764";0;0;5,4;23;23,47;23,96;55,71;58,9;61,91;16,2;
"10/12/2025 - 22:00 / GMT - 03:00";"Unimar Pesquisa (0020ED51)";"-22,2476";"-49,9764";0;0;6,6;23;23,21;23,47;58,64;59,47;60,79;12,6;
"10/12/2025 - 23:00 / GMT - 03:00";"Unimar Pesquisa (0020ED51)";"-22,2476";"-49,9764";0;0;7,3;22,64;22,84;23,17;58,54;60,2;61,62;17,6;
"11/12/2025 - 00:00 / GMT - 03:00";"Unimar Pesquisa (0020ED51)";"-22,2476";"-49,9764";0;0;7,9;21,72;22,33;22,89;59,07;62,57;65,96;20,2;6,1
"11/12/2025 - 01:00 / GMT - 03:00";"Unimar Pesquisa (0020ED51)";"-22,2476";"-49,9764";0;0;6,2;19,69;20,53;21,48;67,59;74,4;79,88;12,6;
"11/12/2025 - 02:00 / GMT - 03:00";"Unimar Pesquisa (0020ED51)";"-22,2476";"-49,9764";0;0;3,6;18,91;19,47;19,76;79,11;81,13;85,19;7,6;
"11/12/2025 - 03:00 / GMT - 03:00";"Unimar Pesquisa (0020ED51)";"-22,2476";"-49,9764";0;0;4;18,72;19,04;19,21;84,6;86,61;88,37;10,8;
"11/12/2025 - 04:00 / GMT - 03:00";"Unimar Pesquisa (0020ED51)";"-22,2476";"-49,9764";0;0;3;18,21;18,53;19,03;88,85;91,64;93,83;6,8;
"11/12/2025 - 05:00 / GMT - 03:00";"Unimar Pesquisa (0020ED51)";"-22,2476";"-49,9764";2;0;3,3;18,19;18,32;18,45;91,98;92,89;93,67;6,5;
"11/12/2025 - 06:00 / GMT - 03:00";"Unimar Pesquisa (0020ED51)";"-22,2476";"-49,9764";119;0;4,6;18,55;19,13;19,8;86,63;89,99;92,66;10,4;
"11/12/2025 - 07:00 / GMT - 03:00";"Unimar Pesquisa (0020ED51)";"-22,2476";"-49,9764";372;0;6,8;20,1;20,95;21,45;70,43;78,38;85,81;14,4;
"11/12/2025 - 08:00 / GMT - 03:00";"Unimar Pesquisa (0020ED51)";"-22,2476";"-49,9764";405;0;7,9;21,64;22,28;22,92;66,6;70,13;72,22;17,3;
"11/12/2025 - 09:00 / GMT - 03:00";"Unimar Pesquisa (0020ED51)";"-22,2476";"-49,9764";499;0;9,7;23,05;23,69;24,12;65,4;69,03;73,38;19,4;
"11/12/2025 - 10:00 / GMT - 03:00";"Unimar Pesquisa (0020ED51)";"-22,2476";"-49,9764";760;0;10,7;24,09;25,14;26,12;57,3;65,49;70,03;20,5;
"11/12/2025 - 11:00 / GMT - 03:00";"Unimar Pesquisa (0020ED51)";"-22,2476";"-49,9764";895;0;10,1;26,01;26,7;27,35;51,12;56,94;64,78;21,2;
"11/12/2025 - 12:00 / GMT - 03:00";"Unimar Pesquisa (0020ED51)";"-22,2476";"-49,9764";1083;0;11,8;27,3;27,76;28,33;44,1;48,66;54,2;28,8;
"11/12/2025 - 13:00 / GMT - 03:00";"Unimar Pesquisa (0020ED51)";"-22,2476";"-49,9764";1037;0;11,3;27,82;28,43;29,03;42,54;46,95;50,56;25,2;
"11/12/2025 - 14:00 / GMT - 03:00";"Unimar Pesquisa (0020ED51)";"-22,2476";"-49,9764";932;0;13,5;28,66;29,13;29,64;39,9;46,02;50,4;27;
"11/12/2025 - 15:00 / GMT - 03:00";"Unimar Pesquisa (0020ED51)";"-22,2476";"-49,9764";794;0;13,8;29,41;29,58;29,76;40,23;42,85;45,56;34,6;
"11/12/2025 - 16:00 / GMT - 03:00";"Unimar Pesquisa (0020ED51)";"-22,2476";"-49,9764";588;0;10,9;28,88;29,42;29,69;42,1;45,07;50,02;36;
"11/12/2025 - 17:00 / GMT - 03:00";"Unimar Pesquisa (0020ED51)";"-22,2476";"-49,9764";314;0;9,1;28,55;29,03;29,44;43,33;46,57;49,95;19,4;
"11/12/2025 - 18:00 / GMT - 03:00";"Unimar Pesquisa (0020ED51)";"-22,2476";"-49,9764";113;0;5,3;26,72;27,74;28,48;47,16;53,52;59,11;16,2;
"11/12/2025 - 19:00 / GMT - 03:00";"Unimar Pesquisa (0020ED51)";"-22,2476";"-49,9764";0;0;2,4;25,27;25,71;26,4;61,08;64,54;66,76;4,7;
"11/12/2025 - 20:00 / GMT - 03:00";"Unimar Pesquisa (0020ED51)";"-22,2476";"-49,9764";0;0;2,6;25,03;25,12;25,32;65,82;66,92;67,93;4,7;
"11/12/2025 - 21:00 / GMT - 03:00";"Unimar Pesquisa (0020ED51)";"-22,2476";"-49,9764";0;0;2,6;24,74;24,98;25,19;65,6;66,95;68,82;5;
"11/12/2025 - 22:00 / GMT - 03:00";"Unimar Pesquisa (0020ED51)";"-22,2476";"-49,9764";0;0;1,4;23,78;24,55;25,19;64,1;67,93;73,83;4;
"11/12/2025 - 23:00 / GMT - 03:00";"Unimar Pesquisa (0020ED51)";"-22,2476";"-49,9764";0;0;0,3;23,64;24,16;24,56;64,93;67,94;73,62;2,9;
"12/12/2025 - 00:00 / GMT - 03:00";"Unimar Pesquisa (0020ED51)";"-22,2476";"-49,9764";0;0;2;23,64;23,83;24,34;68,4;71,51;74,56;4,7;1,7
"12/12/2025 - 01:00 / GMT - 03:00";"Unimar Pesquisa (0020ED51)";"-22,2476";"-49,9764";0;0;3,6;23,34;23,52;23,81;70,33;71,3;72,74;6,8;
"12/12/2025 - 02:00 / GMT - 03:00";"Unimar Pesquisa (0020ED51)";"-22,2476";"-49,9764";0;0;3,3;23,21;23,43;23,54;70,38;71,5;73,92;6,8;
"12/12/2025 - 03:00 / GMT - 03:00";"Unimar Pesquisa (0020ED51)";"-22,2476";"-49,9764";0;0;2,3;23,07;23,44;23,69;70,41;71,92;75,87;7,2;
"12/12/2025 - 04:00 / GMT - 03:00";"Unimar Pesquisa (0020ED51)";"-22,2476";"-49,9764";0;0;4,2;22,79;23,54;23,95;65,96;69,32;76,17;9,4;
"12/12/2025 - 05:00 / GMT - 03:00";"Unimar Pesquisa (0020ED51)";"-22,2476";"-49,9764";0;0;5,9;23,19;23,39;23,66;67,52;69,3;70,7;12,6;
"12/12/2025 - 06:00 / GMT - 03:00";"Unimar Pesquisa (0020ED51)";"-22,2476";"-49,9764";51;0;9,4;23,62;23,9;24,14;66,02;66,91;67,92;18;
"12/12/2025 - 07:00 / GMT - 03:00";"Unimar Pesquisa (0020ED51)";"-22,2476";"-49,9764";11;0;10,6;22,27;23,08;23,72;67,49;72,55;81,45;20,2;
"12/12/2025 - 08:00 / GMT - 03:00";"Unimar Pesquisa (0020ED51)";"-22,2476";"-49,9764";41;0;9,7;22,31;22,93;23,37;74,1;76,62;80,46;23,8;
"12/12/2025 - 09:00 / GMT - 03:00";"Unimar Pesquisa (0020ED51)";"-22,2476";"-49,9764";2;0;9,3;22,5;22,81;23,08;77,15;80,87;86;21,2;
"12/12/2025 - 10:00 / GMT - 03:00";"Unimar Pesquisa (0020ED51)";"-22,2476";"-49,9764";0;1,8;6,8;20,06;21,25;22,4;86,8;94,96;99,99;19,8;
"12/12/2025 - 11:00 / GMT - 03:00";"Unimar Pesquisa (0020ED51)";"-22,2476";"-49,9764";16;0,6;2,1;19,86;20,01;20,21;99,97;99,98;99,98;11,5;
"12/12/2025 - 12:00 / GMT - 03:00";"Unimar Pesquisa (0020ED51)";"-22,2476";"-49,9764";52;0;1,2;20;20,27;20,55;99,97;99,97;99,97;4,3;
"12/12/2025 - 13:00 / GMT - 03:00";"Unimar Pesquisa (0020ED51)";"-22,2476";"-49,9764";96;0;3;20,07;20,44;21,09;99,97;99,97;99,98;16,2;
"12/12/2025 - 14:00 / GMT - 03:00";"Unimar Pesquisa (0020ED51)";"-22,2476";"-49,9764";381;0;4,4;19,98;20,79;21,75;99,97;99,98;100;10,4;
"12/12/2025 - 15:00 / GMT - 03:00";"Unimar Pesquisa (0020ED51)";"-22,2476";"-49,9764";455;0;4,6;21,77;22,46;22,82;94,78;96,98;98,71;12,6;
"12/12/2025 - 16:00 / GMT - 03:00";"Unimar Pesquisa (0020ED51)";"-22,2476";"-49,9764";319;0;3,5;23,04;23,63;24,04;91,41;93,74;95,63;9,4;
"12/12/2025 - 17:00 / GMT - 03:00";"Unimar Pesquisa (0020ED51)";"-22,2476";"-49,9764";85;0;4,1;23,29;23,53;23,65;93,45;95,64;97,34;13;
"12/12/2025 - 18:00 / GMT - 03:00";"Unimar Pesquisa (0020ED51)";"-22,2476";"-49,9764";0;3,8;4,1;22,56;22,8;23,13;97,17;99,56;100;15,8;
"12/12/2025 - 19:00 / GMT - 03:00";"Unimar Pesquisa (0020ED51)";"-22,2476";"-49,9764";0;0;3,1;22,34;22,43;22,61;99,98;99,98;100;7,6;
"12/12/2025 - 20:00 / GMT - 03:00";"Unimar Pesquisa (0020ED51)";"-22,2476";"-49,9764";0;1,6;3,7;20,98;21,6;22,72;99,6;99,93;100;16,2;
"12/12/2025 - 21:00 / GMT - 03:00";"Unimar Pesquisa (0020ED51)";"-22,2476";"-49,9764";0;0,6;1,3;21,09;21,24;21,42;99,97;99,97;99,97;5,4;
"12/12/2025 - 22:00 / GMT - 03:00";"Unimar Pesquisa (0020ED51)";"-22,2476";"-49,9764";0;0;1,8;20,91;21,06;21,17;99,97;99,97;99,97;9,4;
"12/12/2025 - 23:00 / GMT - 03:00";"Unimar Pesquisa (0020ED51)";"-22,2476";"-49,9764";0;3,4;4,5;19,43;19,84;20,49;99,97;99,97;99,97;18,4;
"13/12/2025 - 00:00 / GMT - 03:00";"Unimar Pesquisa (0020ED51)";"-22,2476";"-49,9764";0;0,2;3,7;19,14;19,28;19,43;99,97;99,97;99,97;11,2;1,7
"13/12/2025 - 01:00 / GMT - 03:00";"Unimar Pesquisa (0020ED51)";"-22,2476";"-49,9764";0;17;6;19,03;19,15;19,25;99,97;99,97;99,97;21,6;
"13/12/2025 - 02:00 / GMT - 03:00";"Unimar Pesquisa (0020ED51)";"-22,2476";"-49,9764";0;7,8;1,6;19,01;19,06;19,13;99,97;99,97;99,97;11,5;
"13/12/2025 - 03:00 / GMT - 03:00";"Unimar Pesquisa (0020ED51)";"-22,2476";"-49,9764";0;3,8;3,2;19,17;19,48;19,67;99,96;99,97;99,97;11,2;
"13/12/2025 - 04:00 / GMT - 03:00";"Unimar Pesquisa (0020ED51)";"-22,2476";"-49,9764";0;0,4;7,6;19,29;19,44;19,74;99,96;99,96;99,98;19,8;
"13/12/2025 - 05:00 / GMT - 03:00";"Unimar Pesquisa (0020ED51)";"-22,2476";"-49,9764";0;0;3,4;19,61;19,93;20,37;96,79;99,29;100;15,5;
"13/12/2025 - 06:00 / GMT - 03:00";"Unimar Pesquisa (0020ED51)";"-22,2476";"-49,9764";35;0;4,7;19,82;20,22;20,52;95,39;98,55;100;12,2;
"13/12/2025 - 07:00 / GMT - 03:00";"Unimar Pesquisa (0020ED51)";"-22,2476";"-49,9764";164;0;4,3;20,37;20,93;21,3;95,74;97,35;98,51;13;
"13/12/2025 - 08:00 / GMT - 03:00";"Unimar Pesquisa (0020ED51)";"-22,2476";"-49,9764";258;0;7,7;21,5;22;22,31;90,43;92,05;95,29;20,5;
"13/12/2025 - 09:00 / GMT - 03:00";"Unimar Pesquisa (0020ED51)";"-22,2476";"-49,9764";347;0;8,4;22,35;22,75;23,37;86,55;90,66;94,66;19,1;
"13/12/2025 - 10:00 / GMT - 03:00";"Unimar Pesquisa (0020ED51)";"-22,2476";"-49,9764";332;0;9,2;22,88;23,26;23,93;86,29;89,95;91,55;22,7;
"13/12/2025 - 11:00 / GMT - 03:00";"Unimar Pesquisa (0020ED51)";"-22,2476";"-49,9764";336;0;11,4;23,44;23,85;24,38;86,97;90,54;93,08;22,7;
"13/12/2025 - 12:00 / GMT - 03:00";"Unimar Pesquisa (0020ED51)";"-22,2476";"-49,9764";82;4,6;8,8;22,3;23,02;23,45;93,77;98,05;100;20,5;
"13/12/2025 - 13:00 / GMT - 03:00";"Unimar Pesquisa (0020ED51)";"-22,2476";"-49,9764";11;17;9,5;19,7;20,65;22,29;99,97;99,97;99,98;36;
"13/12/2025 - 14:00 / GMT - 03:00";"Unimar Pesquisa (0020ED51)";"-22,2476";"-49,9764";22;2,2;5;20,32;20,76;21,02;99,97;99,97;99,97;13;
"13/12/2025 - 15:00 / GMT - 03:00";"Unimar Pesquisa (0020ED51)";"-22,2476";"-49,9764";211;0;5;20,82;21,38;22,12;99,97;99,98;99,99;11,9;
"13/12/2025 - 16:00 / GMT - 03:00";"Unimar Pesquisa (0020ED51)";"-22,2476";"-49,9764";169;0;6;21,99;22,16;22,37;99,99;99,99;100;13,7;
"13/12/2025 - 17:00 / GMT - 03:00";"Unimar Pesquisa (0020ED51)";"-22,2476";"-49,9764";175;0;5,4;22;22,17;22,39;99,99;99,99;100;15,1;
"13/12/2025 - 18:00 / GMT - 03:00";"Unimar Pesquisa (0020ED51)";"-22,2476";"-49,9764";63;0;4,7;21,31;21,79;22,2;99,98;99,99;100;13,3;
"13/12/2025 - 19:00 / GMT - 03:00";"Unimar Pesquisa (0020ED51)";"-22,2476";"-49,9764";0;0;6,5;21,02;21,15;21,27;99,98;99,99;99,99;16,9;
"13/12/2025 - 20:00 / GMT - 03:00";"Unimar Pesquisa (0020ED51)";"-22,2476";"-49,9764";0;0;7,7;20,81;20,92;21,07;99,98;99,99;99,99;22;
"13/12/2025 - 21:00 / GMT - 03:00";"Unimar Pesquisa (0020ED51)";"-22,2476";"-49,9764";0;0;8,6;20,8;20,94;21,01;99,98;99,99;99,99;26,3;
"13/12/2025 - 22:00 / GMT - 03:00";"Unimar Pesquisa (0020ED51)";"-22,2476";"-49,9764";0;0;11,9;20,7;20,77;20,89;99,98;99,98;99,99;29,5;
"13/12/2025 - 23:00 / GMT - 03:00";"Unimar Pesquisa (0020ED51)";"-22,2476";"-49,9764";0;0,4;11,8;20,81;20,85;20,89;99,97;99,98;99,98;23,8;
"14/12/2025 - 00:00 / GMT - 03:00";"Unimar Pesquisa (0020ED51)";"-22,2476";"-49,9764";0;2,4;14,2;20,85;20,98;21,12;99,97;99,97;99,97;29,9;1,2
"14/12/2025 - 01:00 / GMT - 03:00";"Unimar Pesquisa (0020ED51)";"-22,2476";"-49,9764";0;0,8;10,4;20,86;21;21,14;99,97;99,97;99,98;24,1;
"14/12/2025 - 02:00 / GMT - 03:00";"Unimar Pesquisa (0020ED51)";"-22,2476";"-49,9764";0;0,2;11,9;20,95;21,02;21,13;99,97;99,97;99,98;27;
"14/12/2025 - 03:00 / GMT - 03:00";"Unimar Pesquisa (0020ED51)";"-22,2476";"-49,9764";0;0,6;9,3;20,77;20,82;20,93;99,97;99,97;99,97;28,1;
"14/12/2025 - 04:00 / GMT - 03:00";"Unimar Pesquisa (0020ED51)";"-22,2476";"-49,9764";0;22,8;3,1;20,57;20,72;20,78;99,97;99,97;99,97;13,7;
"14/12/2025 - 05:00 / GMT - 03:00";"Unimar Pesquisa (0020ED51)";"-22,2476";"-49,9764";0;15,6;4,8;20,43;20,5;20,55;99,97;99,97;99,97;13,7;
"14/12/2025 - 06:00 / GMT - 03:00";"Unimar Pesquisa (0020ED51)";"-22,2476";"-49,9764";0;16,2;2,4;20,43;20,52;20,6;99,96;99,97;99,97;6,5;
"14/12/2025 - 07:00 / GMT - 03:00";"Unimar Pesquisa (0020ED51)";"-22,2476";"-49,9764";0;4,2;5;18,62;19,28;20,43;99,96;99,96;99,96;17,3;
"14/12/2025 - 08:00 / GMT - 03:00";"Unimar Pesquisa (0020ED51)";"-22,2476";"-49,9764";31;3;2,8;18,66;18,78;19,05;99,96;99,96;99,96;11,9;
"14/12/2025 - 09:00 / GMT - 03:00";"Unimar Pesquisa (0020ED51)";"-22,2476";"-49,9764";75;3,2;5,1;18,92;19,3;19,61;99,96;99,96;99,96;17,3;
"14/12/2025 - 10:00 / GMT - 03:00";"Unimar Pesquisa (0020ED51)";"-22,2476";"-49,9764";87;6,4;2,1;19,57;19,94;20,34;99,96;99,96;99,96;5,8;
"14/12/2025 - 11:00 / GMT - 03:00";"Unimar Pesquisa (0020ED51)";"-22,2476";"-49,9764";167;0,2;2,7;20,49;21,3;21,8;99,96;99,96;99,96;9;
"14/12/2025 - 12:00 / GMT - 03:00";"Unimar Pesquisa (0020ED51)";"-22,2476";"-49,9764";77;0,4;4,9;21,79;21,96;22,12;99,96;99,96;99,96;14;
"14/12/2025 - 13:00 / GMT - 03:00";"Unimar Pesquisa (0020ED51)";"-22,2476";"-49,9764";299;0;5;22,18;22,81;23,56;99,15;99,84;99,99;13;
"14/12/2025 - 14:00 / GMT - 03:00";"Unimar Pesquisa (0020ED51)";"-22,2476";"-49,9764";175;0,2;6;22,51;23,02;23,42;96,36;98,61;100;14,8;
"14/12/2025 - 15:00 / GMT - 03:00";"Unimar Pesquisa (0020ED51)";"-22,2476";"-49,9764";129;0,6;2,7;21,96;22,18;22,43;99,08;99,76;100;9,4;
"14/12/2025 - 16:00 / GMT - 03:00";"Unimar Pesquisa (0020ED51)";"-22,2476";"-49,9764";203;0;4,8;22,02;22,24;22,86;96,24;98,19;99,99;12,6;
"14/12/2025 - 17:00 / GMT - 03:00";"Unimar Pesquisa (0020ED51)";"-22,2476";"-49,9764";132;0;2,8;21,97;22,05;22,18;98,03;99,77;100;7,2;
"14/12/2025 - 18:00 / GMT - 03:00";"Unimar Pesquisa (0020ED51)";"-22,2476";"-49,9764";14;0;1,6;21,42;21,69;22,03;99,97;99,98;99,99;5;
"14/12/2025 - 19:00 / GMT - 03:00";"Unimar Pesquisa (0020ED51)";"-22,2476";"-49,9764";0;0;0,8;21,24;21,31;21,39;99,97;99,97;99,98;4,3;
"14/12/2025 - 20:00 / GMT - 03:00";"Unimar Pesquisa (0020ED51)";"-22,2476";"-49,9764";0;0,2;0,6;21,14;21,25;21,34;99,97;99,97;99,97;3,2;
"14/12/2025 - 21:00 / GMT - 03:00";"Unimar Pesquisa (0020ED51)";"-22,2476";"-49,9764";0;0;1,4;20,93;21,06;21,17;99,97;99,97;99,97;6,8;
"14/12/2025 - 22:00 / GMT - 03:00";"Unimar Pesquisa (0020ED51)";"-22,2476";"-49,9764";0;0;5,4;21,14;21,2;21,29;99,97;99,97;99,98;13,7;
"14/12/2025 - 23:00 / GMT - 03:00";"Unimar Pesquisa (0020ED51)";"-22,2476";"-49,9764";0;0;5,1;21,17;21,32;21,42;99,98;99,98;99,99;14,4;
"15/12/2025 - 00:00 / GMT - 03:00";"Unimar Pesquisa (0020ED51)";"-22,2476";"-49,9764";0;0;2,1;21,05;21,14;21,23;99,97;99,97;99,98;9,4;3,9
"15/12/2025 - 01:00 / GMT - 03:00";"Unimar Pesquisa (0020ED51)";"-22,2476";"-49,9764";0;0;3,2;21;21,14;21,22;99,97;99,97;99,97;9,7;
"15/12/2025 - 02:00 / GMT - 03:00";"Unimar Pesquisa (0020ED51)";"-22,2476";"-49,9764";0;0;4,7;20,95;21,05;21,19;99,97;99,97;99,97;10,4;
"15/12/2025 - 03:00 / GMT - 03:00";"Unimar Pesquisa (0020ED51)";"-22,2476";"-49,9764";0;0;5,4;21,03;21,14;21,3;99,97;99,97;99,97;15,5;
"15/12/2025 - 04:00 / GMT - 03:00";"Unimar Pesquisa (0020ED51)";"-22,2476";"-49,9764";0;0;4,6;20,8;21;21,26;99,97;99,97;99,98;11,9;
"15/12/2025 - 05:00 / GMT - 03:00";"Unimar Pesquisa (0020ED51)";"-22,2476";"-49,9764";0;0;2,3;20,76;20,9;21,03;99,98;99,98;99,98;6,5;
"15/12/2025 - 06:00 / GMT - 03:00";"Unimar Pesquisa (0020ED51)";"-22,2476";"-49,9764";40;0;4,9;21,09;21,25;21,42;99,97;99,98;99,98;11,9;
"15/12/2025 - 07:00 / GMT - 03:00";"Unimar Pesquisa (0020ED51)";"-22,2476";"-49,9764";251;0;5,1;21,48;22,03;22,49;99,98;99,98;99,99;10,8;
"15/12/2025 - 08:00 / GMT - 03:00";"Unimar Pesquisa (0020ED51)";"-22,2476";"-49,9764";440;0;5,3;22,8;23,37;23,71;94,44;97,37;100;12,2;
"15/12/2025 - 09:00 / GMT - 03:00";"Unimar Pesquisa (0020ED51)";"-22,2476";"-49,9764";310;0;4,8;23,16;23,6;23,92;92,97;95,6;97,6;11,9;
"15/12/2025 - 10:00 / GMT - 03:00";"Unimar Pesquisa (0020ED51)";"-22,2476";"-49,9764";449;0;4,5;23,94;24,46;25,22;87,92;91,03;94,43;11,5;
"15/12/2025 - 11:00 / GMT - 03:00";"Unimar Pesquisa (0020ED51)";"-22,2476";"-49,9764";777;0;5,6;25,32;26,02;27,05;79,43;85,51;88,52;22,7;
"15/12/2025 - 12:00 / GMT - 03:00";"Unimar Pesquisa (0020ED51)";"-22,2476";"-49,9764";764;0;6,3;26,25;26,83;27,49;77,36;83,02;86,61;14,8;
"15/12/2025 - 13:00 / GMT - 03:00";"Unimar Pesquisa (0020ED51)";"-22,2476";"-49,9764";1025;0;6,2;27,21;27,76;28,25;74,75;78,41;81,17;17,6;
"15/12/2025 - 14:00 / GMT - 03:00";"Unimar Pesquisa (0020ED51)";"-22,2476";"-49,9764";737;0;7,4;27,81;28,24;28,65;74,07;77,66;81,6;18,7;
"15/12/2025 - 15:00 / GMT - 03:00";"Unimar Pesquisa (0020ED51)";"-22,2476";"-49,9764";186;0,2;9,6;24,2;25,36;27,98;77,62;85,56;91,88;24,8;
"15/12/2025 - 16:00 / GMT - 03:00";"Unimar Pesquisa (0020ED51)";"-22,2476";"-49,9764";143;0;3,5;24,5;24,84;25,25;89,96;91,44;92,75;10,8;
"15/12/2025 - 17:00 / GMT - 03:00";"Unimar Pesquisa (0020ED51)";"-22,2476";"-49,9764";108;0;1,6;24,55;24,72;24,99;91,66;93,93;95,17;5,4;
"15/12/2025 - 18:00 / GMT - 03:00";"Unimar Pesquisa (0020ED51)";"-22,2476";"-49,9764";42;0;0,5;24,32;24,56;24,71;94,96;96,15;97,78;2,9;
"15/12/2025 - 19:00 / GMT - 03:00";"Unimar Pesquisa (0020ED51)";"-22,2476";"-49,9764";0;0;0;23,8;24,2;24,4;95,35;96,96;100;1,4;
"15/12/2025 - 20:00 / GMT - 03:00";"Unimar Pesquisa (0020ED51)";"-22,2476";"-49,9764";0;0;1;23,48;23,83;24,12;95,26;97,09;100;5,4;
"15/12/2025 - 21:00 / GMT - 03:00";"Unimar Pesquisa (0020ED51)";"-22,2476";"-49,9764";0;0;1,4;23,79;23,98;24,12;94,71;95,84;98;4;
"15/12/2025 - 22:00 / GMT - 03:00";"Unimar Pesquisa (0020ED51)";"-22,2476";"-49,9764";0;0;2,2;24,02;24,41;24,75;90,07;92,25;94,77;7,2;
"15/12/2025 - 23:00 / GMT - 03:00";"Unimar Pesquisa (0020ED51)";"-22,2476";"-49,9764";0;0;0,9;24,25;24,41;24,53;89,86;91,56;92,71;5,4;
"16/12/2025 - 00:00 / GMT - 03:00";"Unimar Pesquisa (0020ED51)";"-22,2476";"-49,9764";0;0;0,8;24,1;24,26;24,48;87,82;90,33;93,18;2,9;2,8
"16/12/2025 - 01:00 / GMT - 03:00";"Unimar Pesquisa (0020ED51)";"-22,2476";"-49,9764";0;0;5;23,62;23,95;24,17;87,31;89,45;91,96;13,3;
"16/12/2025 - 02:00 / GMT - 03:00";"Unimar Pesquisa (0020ED51)";"-22,2476";"-49,9764";0;0;7;22,26;22,71;23,67;92,04;98,25;100;18;
"16/12/2025 - 03:00 / GMT - 03:00";"Unimar Pesquisa (0020ED51)";"-22,2476";"-49,9764";0;0;6,2;22,2;22,42;22,91;98,88;99,89;100;11,9;
"16/12/2025 - 04:00 / GMT - 03:00";"Unimar Pesquisa (0020ED51)";"-22,2476";"-49,9764";0;0;10;22,07;22,32;23,05;98,39;99,85;100;27;
"16/12/2025 - 05:00 / GMT - 03:00";"Unimar Pesquisa (0020ED51)";"-22,2476";"-49,9764";0;0;8,1;21,86;21,96;22,06;99,98;99,98;99,98;16,2;
"16/12/2025 - 06:00 / GMT - 03:00";"Unimar Pesquisa (0020ED51)";"-22,2476";"-49,9764";12;0;6,3;21,43;21,7;21,84;99,97;99,97;99,98;14,8;
"16/12/2025 - 07:00 / GMT - 03:00";"Unimar Pesquisa (0020ED51)";"-22,2476";"-49,9764";63;0;8,4;20,75;21,3;21,66;98,24;99,64;100;18;
"16/12/2025 - 08:00 / GMT - 03:00";"Unimar Pesquisa (0020ED51)";"-22,2476";"-49,9764";208;0;4,1;20,78;21,34;22,03;96,56;98,57;100;13,3;
"16/12/2025 - 09:00 / GMT - 03:00";"Unimar Pesquisa (0020ED51)";"-22,2476";"-49,9764";281;0;3,5;21,96;22,25;22,43;92,13;94,54;96,58;10,1;
"16/12/2025 - 10:00 / GMT - 03:00";"Unimar Pesquisa (0020ED51)";"-22,2476";"-49,9764";253;0;4,4;22,47;23,25;23,81;87,28;90,73;94,09;11,5;
"16/12/2025 - 11:00 / GMT - 03:00";"Unimar Pesquisa (0020ED51)";"-22,2476";"-49,9764";401;0;5,6;24,17;24,47;24,85;84,12;86,04;90,91;14;
"16/12/2025 - 12:00 / GMT - 03:00";"Unimar Pesquisa (0020ED51)";"-22,2476";"-49,9764";265;0;6,6;24,23;24,46;24,63;84,12;85,72;86,81;16,9;
"16/12/2025 - 13:00 / GMT - 03:00";"Unimar Pesquisa (0020ED51)";"-22,2476";"-49,9764";355;0;6,1;24,33;24,7;25,54;87,02;88,98;91,07;11,9;
"16/12/2025 - 14:00 / GMT - 03:00";"Unimar Pesquisa (0020ED51)";"-22,2476";"-49,9764";403;0;5,4;24,98;25,38;25,86;83,37;85,66;87,45;14,8;
"16/12/2025 - 15:00 / GMT - 03:00";"Unimar Pesquisa (0020ED51)";"-22,2476";"-49,9764";378;0;7,7;25,32;25,75;26,48;80,91;84;85,99;19,4;
"16/12/2025 - 16:00 / GMT - 03:00";"Unimar Pesquisa (0020ED51)";"-22,2476";"-49,9764";474;0;11,3;25,35;26,25;27,16;73,52;77,74;81,58;26,3;
"16/12/2025 - 17:00 / GMT - 03:00";"Unimar Pesquisa (0020ED51)";"-22,2476";"-49,9764";330;0;8,6;25,4;26,34;26,93;72,9;75,75;80,62;18,4;
"16/12/2025 - 18:00 / GMT - 03:00";"Unimar Pesquisa (0020ED51)";"-22,2476";"-49,9764";69;0;6,3;24,08;25,04;25,87;76,64;80,99;87,12;13,7;
"16/12/2025 - 19:00 / GMT - 03:00";"Unimar Pesquisa (0020ED51)";"-22,2476";"-49,9764";0;0;2,5;22,46;23,15;23,91;87,54;92,64;97,94;11,2;
"16/12/2025 - 20:00 / GMT - 03:00";"Unimar Pesquisa (0020ED51)";"-22,2476";"-49,9764";0;0;0;22,27;22,43;22,61;95,97;98,42;100;2,2;
"16/12/2025 - 21:00 / GMT - 03:00";"Unimar Pesquisa (0020ED51)";"-22,2476";"-49,9764";0;0;0,3;22,2;22,34;22,45;97,74;99,18;100;3,2;
"16/12/2025 - 22:00 / GMT - 03:00";"Unimar Pesquisa (0020ED51)";"-22,2476";"-49,9764";0;0;0,3;21,73;22,08;22,31;99,99;99,99;100;2,2;
"16/12/2025 - 23:00 / GMT - 03:00";"Unimar Pesquisa (0020ED51)";"-22,2476";"-49,9764";0;0;1;22,04;22,34;22,49;97,33;98,59;99,99;4,3;
"17/12/2025 - 00:00 / GMT - 03:00";"Unimar Pesquisa (0020ED51)";"-22,2476";"-49,9764";0;0;0,4;21,92;22,07;22,2;99,36;99,87;100;2,9;4,6
"17/12/2025 - 01:00 / GMT - 03:00";"Unimar Pesquisa (0020ED51)";"-22,2476";"-49,9764";0;0;4,4;21,46;21,63;22,07;99,62;99,96;100;13,3;
"17/12/2025 - 02:00 / GMT - 03:00";"Unimar Pesquisa (0020ED51)";"-22,2476";"-49,9764";0;0;5;21,07;21,43;21,59;96,88;97,83;99,44;18;
"17/12/2025 - 03:00 / GMT - 03:00";"Unimar Pesquisa (0020ED51)";"-22,2476";"-49,9764";0;0;5,9;20,3;20,58;20,96;87,28;90,28;94,86;23;
"17/12/2025 - 04:00 / GMT - 03:00";"Unimar Pesquisa (0020ED51)";"-22,2476";"-49,9764";0;0;5,4;19,38;19,76;20,24;88,14;89,67;91,67;16,6;
"17/12/2025 - 05:00 / GMT - 03:00";"Unimar Pesquisa (0020ED51)";"-22,2476";"-49,9764";0;0;7,3;18,71;18,99;19,33;88,78;89,81;90,37;19,4;
"17/12/2025 - 06:00 / GMT - 03:00";"Unimar Pesquisa (0020ED51)";"-22,2476";"-49,9764";96;0;9;18,67;18,8;19,38;84,83;89,36;90,88;25,6;
"17/12/2025 - 07:00 / GMT - 03:00";"Unimar Pesquisa (0020ED51)";"-22,2476";"-49,9764";273;0;8,9;19,17;19,76;20,32;79,62;81,28;84,02;22;
"17/12/2025 - 08:00 / GMT - 03:00";"Unimar Pesquisa (0020ED51)";"-22,2476";"-49,9764";206;0;9,8;19,43;19,67;19,86;79,45;80,78;82,62;29,5;
"17/12/2025 - 09:00 / GMT - 03:00";"Unimar Pesquisa (0020ED51)";"-22,2476";"-49,9764";342;0;10,4;20,03;20,73;21,37;75,48;77,96;80,28;23;
"17/12/2025 - 10:00 / GMT - 03:00";"Unimar Pesquisa (0020ED51)";"-22,2476";"-49,9764";656;0;9,2;21,73;22,44;23,06;70,7;73,91;76,84;25,6;
"17/12/2025 - 11:00 / GMT - 03:00";"Unimar Pesquisa (0020ED51)";"-22,2476";"-49,9764";668;0;9,1;23,2;23,7;24,02;68,89;71,68;77,9;21,2;
"17/12/2025 - 12:00 / GMT - 03:00";"Unimar Pesquisa (0020ED51)";"-22,2476";"-49,9764";996;0;10,6;23,07;23,5;24,08;69,02;72,39;74,69;30,2;
"17/12/2025 - 13:00 / GMT - 03:00";"Unimar Pesquisa (0020ED51)";"-22,2476";"-49,9764";1059;0;9;24,14;24,73;25,41;63,78;67,49;70,72;20,5;
"17/12/2025 - 14:00 / GMT - 03:00";"Unimar Pesquisa (0020ED51)";"-22,2476";"-49,9764";908;0;7,5;25,3;25,88;26,75;63,27;65,33;70,68;18,4;
"17/12/2025 - 15:00 / GMT - 03:00";"Unimar Pesquisa (0020ED51)";"-22,2476";"-49,9764";610;0;7,3;25,34;26,03;26,79;62,05;65,69;68,03;19,8;
"17/12/2025 - 16:00 / GMT - 03:00";"Unimar Pesquisa (0020ED51)";"-22,2476";"-49,9764";402;0;8,1;24,88;25,32;26,46;64,84;66,7;69,06;20,9;
"17/12/2025 - 17:00 / GMT - 03:00";"Unimar Pesquisa (0020ED51)";"-22,2476";"-49,9764";405;0;8,8;23,6;24,48;25,24;65,57;68,1;69,82;20,2;
"17/12/2025 - 18:00 / GMT - 03:00";"Unimar Pesquisa (0020ED51)";"-22,2476";"-49,9764";77;0;8,4;21,49;22,59;23,65;69,72;72,84;77,03;20,9;
"17/12/2025 - 19:00 / GMT - 03:00";"Unimar Pesquisa (0020ED51)";"-22,2476";"-49,9764";0;0;9,3;20,44;20,84;21,29;77,16;78,04;79,32;21,2;
"17/12/2025 - 20:00 / GMT - 03:00";"Unimar Pesquisa (0020ED51)";"-22,2476";"-49,9764";0;0;8,8;19,3;19,76;20,31;80,54;81,91;83,24;27;
"17/12/2025 - 21:00 / GMT - 03:00";"Unimar Pesquisa (0020ED51)";"-22,2476";"-49,9764";0;0;7,7;18,51;18,81;19,25;82,63;83,9;84,9;20,9;
"17/12/2025 - 22:00 / GMT - 03:00";"Unimar Pesquisa (0020ED51)";"-22,2476";"-49,9764";0;0;7,5;17,9;18,18;18,39;82,9;84,45;85,58;19,1;
"17/12/2025 - 23:00 / GMT - 03:00";"Unimar Pesquisa (0020ED51)";"-22,2476";"-49,9764";0;0;7,7;17,36;17,64;17,84;83,91;84,63;85,63;20,9;
"18/12/2025 - 00:00 / GMT - 03:00";"Unimar Pesquisa (0020ED51)";"-22,2476";"-49,9764";0;0;8,9;17;17,17;17,39;85,56;86,16;86,8;24,5;4,2
"18/12/2025 - 01:00 / GMT - 03:00";"Unimar Pesquisa (0020ED51)";"-22,2476";"-49,9764";0;0;8,5;16,59;16,74;17,01;85,72;86,37;87,53;22,7;
"18/12/2025 - 02:00 / GMT - 03:00";"Unimar Pesquisa (0020ED51)";"-22,2476";"-49,9764";0;0;8,6;16,38;16,54;16,65;84,58;85,19;85,91;23,4;
"18/12/2025 - 03:00 / GMT - 03:00";"Unimar Pesquisa (0020ED51)";"-22,2476";"-49,9764";0;0;8,5;15,87;16,15;16,42;84,5;85,89;87,3;19,8;
"18/12/2025 - 04:00 / GMT - 03:00";"Unimar Pesquisa (0020ED51)";"-22,2476";"-49,9764";0;0;7,7;15,74;15,84;15,92;85,89;86,7;87,35;23,8;
"18/12/2025 - 05:00 / GMT - 03:00";"Unimar Pesquisa (0020ED51)";"-22,2476";"-49,9764";0;0;8;15,61;15,73;15,85;86,28;87,29;88,27;22;
"18/12/2025 - 06:00 / GMT - 03:00";"Unimar Pesquisa (0020ED51)";"-22,2476";"-49,9764";112;0;7,7;15,75;16,3;17,1;81,68;85,33;87,25;18,4;
"18/12/2025 - 07:00 / GMT - 03:00";"Unimar Pesquisa (0020ED51)";"-22,2476";"-49,9764";339;0;7,2;17,33;18,19;18,93;76,74;78,86;81,82;18,4;
"18/12/2025 - 08:00 / GMT - 03:00";"Unimar Pesquisa (0020ED51)";"-22,2476";"-49,9764";459;0;7,4;19,09;20,35;21,86;69,07;74,16;78,17;17,6;
"18/12/2025 - 09:00 / GMT - 03:00";"Unimar Pesquisa (0020ED51)";"-22,2476";"-49,9764";510;0;7;21,43;22,67;23,46;66,36;69,48;72,21;18,7;
"18/12/2025 - 10:00 / GMT - 03:00";"Unimar Pesquisa (0020ED51)";"-22,2476";"-49,9764";604;0;6,5;23,55;23,9;24,34;66,3;68,7;72,52;18;
"18/12/2025 - 11:00 / GMT - 03:00";"Unimar Pesquisa (0020ED51)";"-22,2476";"-49,9764";692;0;7;23,94;24,81;25,38;65,3;67,98;70,06;18;
"18/12/2025 - 12:00 / GMT - 03:00";"Unimar Pesquisa (0020ED51)";"-22,2476";"-49,9764";403;0;4,3;24,57;24,89;25,44;68,17;70,84;74,71;13,3;
"18/12/2025 - 13:00 / GMT - 03:00";"Unimar Pesquisa (0020ED51)";"-22,2476";"-49,9764";649;0;4,4;25,31;25,98;26,85;65,45;69,67;73,77;10,4;
"18/12/2025 - 14:00 / GMT - 03:00";"Unimar Pesquisa (0020ED51)";"-22,2476";"-49,9764";661;0;5,1;26,8;27,18;27,55;62,55;66,52;70,61;12,6;
"18/12/2025 - 15:00 / GMT - 03:00";"Unimar Pesquisa (0020ED51)";"-22,2476";"-49,9764";567;0;5,9;26,59;26,85;27,28;66,33;67,81;69,31;14,4;
"18/12/2025 - 16:00 / GMT - 03:00";"Unimar Pesquisa (0020ED51)";"-22,2476";"-49,9764";364;0;6,5;26,36;26,6;26,83;67,04;68,59;69,98;16,2;
"18/12/2025 - 17:00 / GMT - 03:00";"Unimar Pesquisa (0020ED51)";"-22,2476";"-49,9764";268;0;5,9;26,28;26,62;27,17;66,4;68,82;70,62;15,8;
"18/12/2025 - 18:00 / GMT - 03:00";"Unimar Pesquisa (0020ED51)";"-22,2476";"-49,9764";83;0;4,7;24,93;25,56;26,28;68,94;72,1;74,87;17,3;
"18/12/2025 - 19:00 / GMT - 03:00";"Unimar Pesquisa (0020ED51)";"-22,2476";"-49,9764";0;0;3,6;24,21;24,47;24,81;75,19;76,75;78,44;11,9;
"18/12/2025 - 20:00 / GMT - 03:00";"Unimar Pesquisa (0020ED51)";"-22,2476";"-49,9764";0;0;5,9;23,8;24,09;24,33;76,05;77,39;78,25;19,4;
"18/12/2025 - 21:00 / GMT - 03:00";"Unimar Pesquisa (0020ED51)";"-22,2476";"-49,9764";0;0;6,7;23,25;23,41;23,64;78,79;79,81;81,58;14,8;
"18/12/2025 - 22:00 / GMT - 03:00";"Unimar Pesquisa (0020ED51)";"-22,2476";"-49,9764";0;0;6,7;22,52;22,84;23,27;79,8;82,26;83,78;17,3;
"18/12/2025 - 23:00 / GMT - 03:00";"Unimar Pesquisa (0020ED51)";"-22,2476";"-49,9764";0;0;7,3;20,59;21,51;22,44;84,37;86,8;89,22;17,3;
"19/12/2025 - 00:00 / GMT - 03:00";"Unimar Pesquisa (0020ED51)";"-22,2476";"-49,9764";0;0;7,1;19,3;19,85;20,36;90,38;91,46;93,8;18;4,4
"19/12/2025 - 01:00 / GMT - 03:00";"Unimar Pesquisa (0020ED51)";"-22,2476";"-49,9764";0;0;5,5;18,89;19,05;19,35;93,16;93,96;94,53;15,1;
"19/12/2025 - 02:00 / GMT - 03:00";"Unimar Pesquisa (0020ED51)";"-22,2476";"-49,9764";0;0;3;18,82;18,89;18,97;94,59;94,93;95,32;13;
"19/12/2025 - 03:00 / GMT - 03:00";"Unimar Pesquisa (0020ED51)";"-22,2476";"-49,9764";0;0;3,9;18,49;18,84;19,06;93,61;94,84;96,47;12,6;
"19/12/2025 - 04:00 / GMT - 03:00";"Unimar Pesquisa (0020ED51)";"-22,2476";"-49,9764";0;0;6,2;17,99;18,22;18,52;95,86;97,53;98,69;15,1;
"19/12/2025 - 05:00 / GMT - 03:00";"Unimar Pesquisa (0020ED51)";"-22,2476";"-49,9764";0;0;5,9;17,64;17,85;17,99;98,69;99,65;100;18;
"19/12/2025 - 06:00 / GMT - 03:00";"Unimar Pesquisa (0020ED51)";"-22,2476";"-49,9764";83;0;6;17,83;18,36;18,92;94,86;97,65;100;14,4;
"19/12/2025 - 07:00 / GMT - 03:00";"Unimar Pesquisa (0020ED51)";"-22,2476";"-49,9764";177;0;6,7;19,03;19,65;20,11;89,43;92,37;94,87;16,6;
"19/12/2025 - 08:00 / GMT - 03:00";"Unimar Pesquisa (0020ED51)";"-22,2476";"-49,9764";224;0;5,8;19,95;20,99;22,01;84,95;88,43;91,8;14,8;
"19/12/2025 - 09:00 / GMT - 03:00";"Unimar Pesquisa (0020ED51)";"-22,2476";"-49,9764";470;0;6,5;22,14;23,61;24,85;75,97;80,72;84,31;16,6;
"19/12/2025 - 10:00 / GMT - 03:00";"Unimar Pesquisa (0020ED51)";"-22,2476";"-49,9764";563;0;5,8;24,38;25,51;26,97;71,85;75,33;80,51;14,4;
"19/12/2025 - 11:00 / GMT - 03:00";"Unimar Pesquisa (0020ED51)";"-22,2476";"-49,9764";558;0;5;26,04;26,69;27,17;69,6;72,34;76,9;13,7;
"19/12/2025 - 12:00 / GMT - 03:00";"Unimar Pesquisa (0020ED51)";"-22,2476";"-49,9764";507;0;5;26,64;26,98;28,09;67,31;72,36;74,76;14;
"19/12/2025 - 13:00 / GMT - 03:00";"Unimar Pesquisa (0020ED51)";"-22,2476";"-49,9764";717;0;5,6;27,5;28,11;29,22;66,58;68,92;71,63;16,2;
"19/12/2025 - 14:00 / GMT - 03:00";"Unimar Pesquisa (0020ED51)";"-22,2476";"-49,9764";747;0;5;28,02;28,9;30,24;61,23;65,3;68,49;14,4;
"19/12/2025 - 15:00 / GMT - 03:00";"Unimar Pesquisa (0020ED51)";"-22,2476";"-49,9764";714;0;5,4;28,78;29,63;30,16;59,5;63,95;66,8;13;
"19/12/2025 - 16:00 / GMT - 03:00";"Unimar Pesquisa (0020ED51)";"-22,2476";"-49,9764";464;0;5;28,61;29,32;30,4;60,27;64,05;67,28;14;
"19/12/2025 - 17:00 / GMT - 03:00";"Unimar Pesquisa (0020ED51)";"-22,2476";"-49,9764";326;0;5,3;27,91;28,64;29,26;66,59;68,25;71,38;13,7;
"19/12/2025 - 18:00 / GMT - 03:00";"Unimar Pesquisa (0020ED51)";"-22,2476";"-49,9764";118;0;5,8;26,85;27,56;28,22;69,51;70,85;72,8;18,4;
"19/12/2025 - 19:00 / GMT - 03:00";"Unimar Pesquisa (0020ED51)";"-22,2476";"-49,9764";2;0;5,4;25,73;26,25;26,71;73,44;75,79;77,39;13,7;
"19/12/2025 - 20:00 / GMT - 03:00";"Unimar Pesquisa (0020ED51)";"-22,2476";"-49,9764";0;0;5,8;25,14;25,51;25,77;77,15;78,93;81,07;15,1;
"19/12/2025 - 21:00 / GMT - 03:00";"Unimar Pesquisa (0020ED51)";"-22,2476";"-49,9764";0;0;6,1;24,07;24,48;24,99;81,55;83,77;85,34;15,1;
"19/12/2025 - 22:00 / GMT - 03:00";"Unimar Pesquisa (0020ED51)";"-22,2476";"-49,9764";0;0;7,3;23,05;23,53;23,97;84,2;85,12;86,42;23;
"19/12/2025 - 23:00 / GMT - 03:00";"Unimar Pesquisa (0020ED51)";"-22,2476";"-49,9764";0;0;7,8;22,02;22,55;23,03;86,26;87,31;89;19,4;
"20/12/2025 - 00:00 / GMT - 03:00";"Unimar Pesquisa (0020ED51)";"-22,2476";"-49,9764";0;0;6,2;21,55;21,71;22,05;88,66;89,42;89,81;16,9;4,5
"20/12/2025 - 01:00 / GMT - 03:00";"Unimar Pesquisa (0020ED51)";"-22,2476";"-49,9764";0;0;5,9;20,89;21,27;21,58;89,03;89,97;91,47;16,9;
"20/12/2025 - 02:00 / GMT - 03:00";"Unimar Pesquisa (0020ED51)";"-22,2476";"-49,9764";0;0;4,9;20,73;20,82;20,89;91,18;91,82;92,39;11,5;
"20/12/2025 - 03:00 / GMT - 03:00";"Unimar Pesquisa (0020ED51)";"-22,2476";"-49,9764";0;0;3,2;20,65;20,76;20,86;92,18;92,56;92,91;14;
"20/12/2025 - 04:00 / GMT - 03:00";"Unimar Pesquisa (0020ED51)";"-22,2476";"-49,9764";0;0;4;20,74;20,8;20,86;92,46;93,17;93,78;11,9;
"20/12/2025 - 05:00 / GMT - 03:00";"Unimar Pesquisa (0020ED51)";"-22,2476";"-49,9764";0;0;3;20,38;20,58;20,71;93,59;95,44;98,37;10,1;
"20/12/2025 - 06:00 / GMT - 03:00";"Unimar Pesquisa (0020ED51)";"-22,2476";"-49,9764";16;0;3;20,32;20,5;20,71;95,54;96,89;98,19;9,4;
"20/12/2025 - 07:00 / GMT - 03:00";"Unimar Pesquisa (0020ED51)";"-22,2476";"-49,9764";102;0;3,8;20,78;21,13;21,69;92,17;94,21;96,13;9,7;
"20/12/2025 - 08:00 / GMT - 03:00";"Unimar Pesquisa (0020ED51)";"-22,2476";"-49,9764";314;0;6,3;21,7;22,71;24,39;82,11;88,87;93,1;14;
"20/12/2025 - 09:00 / GMT - 03:00";"Unimar Pesquisa (0020ED51)";"-22,2476";"-49,9764";398;0;7,5;24,19;24,46;24,83;81,12;82,7;84,92;19,8;
"20/12/2025 - 10:00 / GMT - 03:00";"Unimar Pesquisa (0020ED51)";"-22,2476";"-49,9764";482;0;7,9;24,98;25,57;26,21;78;79,86;83,56;17,3;
"20/12/2025 - 11:00 / GMT - 03:00";"Unimar Pesquisa (0020ED51)";"-22,2476";"-49,9764";626;0;8,8;25,34;26,02;27,6;75,07;79,82;82,11;20,9;
"20/12/2025 - 12:00 / GMT - 03:00";"Unimar Pesquisa (0020ED51)";"-22,2476";"-49,9764";553;0;8;26,36;27,24;28,09;72,73;75,19;78,57;16,9;
"20/12/2025 - 13:00 / GMT - 03:00";"Unimar Pesquisa (0020ED51)";"-22,2476";"-49,9764";800;0;7,2;27,71;28,81;29,81;64,72;69,27;74,56;16,9;
"20/12/2025 - 14:00 / GMT - 03:00";"Unimar Pesquisa (0020ED51)";"-22,2476";"-49,9764";690;0;7,4;28,1;29,29;30,04;61,1;64,24;68,98;20,9;
"20/12/2025 - 15:00 / GMT - 03:00";"Unimar Pesquisa (0020ED51)";"-22,2476";"-49,9764";589;0;7,6;28,65;29,83;30,42;59,79;62,48;66,49;16,6;
"20/12/2025 - 16:00 / GMT - 03:00";"Unimar Pesquisa (0020ED51)";"-22,2476";"-49,9764";567;0;7,9;29,41;29,98;30,25;58,63;61,68;66,2;16,2;
"20/12/2025 - 17:00 / GMT - 03:00";"Unimar Pesquisa (0020ED51)";"-22,2476";"-49,9764";303;0;8,4;28,89;29,28;30,01;60,46;63,29;65,67;18,7;
"20/12/2025 - 18:00 / GMT - 03:00";"Unimar Pesquisa (0020ED51)";"-22,2476";"-49,9764";105;0;8,7;27,69;28,26;29;63,98;66,7;68,77;20,5;
"20/12/2025 - 19:00 / GMT - 03:00";"Unimar Pesquisa (0020ED51)";"-22,2476";"-49,9764";2;0;6,8;26,63;27,06;27,62;68,23;70,84;72,85;12,6;
"20/12/2025 - 20:00 / GMT - 03:00";"Unimar Pesquisa (0020ED51)";"-22,2476";"-49,9764";0;0;7,1;25,99;26,35;26,59;73,04;74,14;76,74;17,3;
"20/12/2025 - 21:00 / GMT - 03:00";"Unimar Pesquisa (0020ED51)";"-22,2476";"-49,9764";0;0;8,9;25,29;25,64;26,05;75,83;78,16;79,83;16,2;
"20/12/2025 - 22:00 / GMT - 03:00";"Unimar Pesquisa (0020ED51)";"-22,2476";"-49,9764";0;0;9,5;24,81;25,01;25,22;79,13;79,86;80,54;19,8;
"20/12/2025 - 23:00 / GMT - 03:00";"Unimar Pesquisa (0020ED51)";"-22,2476";"-49,9764";0;0;9,6;24,37;24,59;24,88;80,07;82,42;83,7;20,9;
"21/12/2025 - 00:00 / GMT - 03:00";"Unimar Pesquisa (0020ED51)";"-22,2476";"-49,9764";0;0;7;23,33;23,98;24,43;83,16;85,15;88,54;15,8;5,8
"21/12/2025 - 01:00 / GMT - 03:00";"Unimar Pesquisa (0020ED51)";"-22,2476";"-49,9764";0;0;1,7;22,04;22,44;23,24;89,07;93,7;96,5;9;
"21/12/2025 - 02:00 / GMT - 03:00";"Unimar Pesquisa (0020ED51)";"-22,2476";"-49,9764";0;0;3,9;21,66;22,03;22,42;94,15;96,09;97,68;14,8;
"21/12/2025 - 03:00 / GMT - 03:00";"Unimar Pesquisa (0020ED51)";"-22,2476";"-49,9764";0;0;4,9;21,12;21,47;21,64;94,34;96,34;97,76;14,8;
"21/12/2025 - 04:00 / GMT - 03:00";"Unimar Pesquisa (0020ED51)";"-22,2476";"-49,9764";0;0;4,5;20,87;21,04;21,21;95,53;96,31;97,46;11,2;
"21/12/2025 - 05:00 / GMT - 03:00";"Unimar Pesquisa (0020ED51)";"-22,2476";"-49,9764";0;0;5,3;20,47;20,7;21;95,28;96,87;97,9;14,4;
"21/12/2025 - 06:00 / GMT - 03:00";"Unimar Pesquisa (0020ED51)";"-22,2476";"-49,9764";106;0;4,3;20,36;21,27;22,48;91,45;94,63;99;10,4;
"21/12/2025 - 07:00 / GMT - 03:00";"Unimar Pesquisa (0020ED51)";"-22,2476";"-49,9764";340;0;7,9;22,51;23,62;25,17;79,53;85,9;89,88;18,7;
"21/12/2025 - 08:00 / GMT - 03:00";"Unimar Pesquisa (0020ED51)";"-22,2476";"-49,9764";448;0;10,4;25,22;25,91;26,76;72,31;75,42;78,62;20,9;
"21/12/2025 - 09:00 / GMT - 03:00";"Unimar Pesquisa (0020ED51)";"-22,2476";"-49,9764";471;0;11,6;26,7;27,53;28,72;66,89;70,43;74,22;27;
"21/12/2025 - 10:00 / GMT - 03:00";"Unimar Pesquisa (0020ED51)";"-22,2476";"-49,9764";718;0;10,3;28,15;29,06;29,75;60,79;64,37;69,02;23,8;
"21/12/2025 - 11:00 / GMT - 03:00";"Unimar Pesquisa (0020ED51)";"-22,2476";"-49,9764";818;0;8,9;29,46;29,9;30,69;57,64;61,78;65,42;19,1;
"21/12/2025 - 12:00 / GMT - 03:00";"Unimar Pesquisa (0020ED51)";"-22,2476";"-49,9764";1091;0;9,3;30,11;30,93;31,6;51,24;54,14;56,34;19,8;
"21/12/2025 - 13:00 / GMT - 03:00";"Unimar Pesquisa (0020ED51)";"-22,2476";"-49,9764";638;0;7,7;29,69;30,47;31,78;49,54;54,14;59;21,6;
"21/12/2025 - 14:00 / GMT - 03:00";"Unimar Pesquisa (0020ED51)";"-22,2476";"-49,9764";896;0;6,7;30,7;31,5;32,06;47,51;51,04;54,9;16,9;
"21/12/2025 - 15:00 / GMT - 03:00";"Unimar Pesquisa (0020ED51)";"-22,2476";"-49,9764";714;0;5,6;30,92;31,82;32,41;44,29;47,44;53,27;19,4;
"21/12/2025 - 16:00 / GMT - 03:00";"Unimar Pesquisa (0020ED51)";"-22,2476";"-49,9764";571;0;6,8;31,18;31,59;31,96;44,52;48,7;51,47;14,4;
"21/12/2025 - 17:00 / GMT - 03:00";"Unimar Pesquisa (0020ED51)";"-22,2476";"-49,9764";343;0;5;30,65;31,15;31,61;43,71;47,75;51,89;14;
"21/12/2025 - 18:00 / GMT - 03:00";"Unimar Pesquisa (0020ED51)";"-22,2476";"-49,9764";97;0;4,6;29,01;29,91;30,56;49,5;53,29;57,16;10,4;
"21/12/2025 - 19:00 / GMT - 03:00";"Unimar Pesquisa (0020ED51)";"-22,2476";"-49,9764";0;0;2,9;27,66;28,3;28,7;55,93;58,55;61,78;6,8;
"21/12/2025 - 20:00 / GMT - 03:00";"Unimar Pesquisa (0020ED51)";"-22,2476";"-49,9764";0;0;1,9;26,84;27,5;27,85;60,29;62,39;67,59;4,7;
"21/12/2025 - 21:00 / GMT - 03:00";"Unimar Pesquisa (0020ED51)";"-22,2476";"-49,9764";0;0;1,1;25,68;26,45;27,1;63,37;65,76;70,47;5,8;
"21/12/2025 - 22:00 / GMT - 03:00";"Unimar Pesquisa (0020ED51)";"-22,2476";"-49,9764";0;0;1,2;26,41;26,72;27,3;60,62;63,64;65,16;6,5;
"21/12/2025 - 23:00 / GMT - 03:00";"Unimar Pesquisa (0020ED51)";"-22,2476";"-49,9764";0;0;0,5;25,64;26,33;26,9;60,6;64,9;70,39;5,8;
"22/12/2025 - 00:00 / GMT - 03:00";"Unimar Pesquisa (0020ED51)";"-22,2476";"-49,9764";0;0;0,5;24,93;25,55;26,22;62,56;68,52;74,6;2,9;5,7
"22/12/2025 - 01:00 / GMT - 03:00";"Unimar Pesquisa (0020ED51)";"-22,2476";"-49,9764";0;0;0,9;24,75;25,44;26,06;63,04;69,38;73,85;4,3;
"22/12/2025 - 02:00 / GMT - 03:00";"Unimar Pesquisa (0020ED51)";"-22,2476";"-49,9764";0;0;1,9;22,7;23,94;25,27;67,85;76,6;85,79;7,2;
"22/12/2025 - 03:00 / GMT - 03:00";"Unimar Pesquisa (0020ED51)";"-22,2476";"-49,9764";0;0;3,6;24,13;24,44;24,76;72,62;74,13;75,71;13;
"22/12/2025 - 04:00 / GMT - 03:00";"Unimar Pesquisa (0020ED51)";"-22,2476";"-49,9764";0;0;5,3;23,54;23,76;24,03;75,73;77,37;78,89;14,4;
"22/12/2025 - 05:00 / GMT - 03:00";"Unimar Pesquisa (0020ED51)";"-22,2476";"-49,9764";0;0;8,1;23,42;23,93;24,24;73,43;75,87;79,37;18,4;
"22/12/2025 - 06:00 / GMT - 03:00";"Unimar Pesquisa (0020ED51)";"-22,2476";"-49,9764";67;0;10,2;24,15;24,25;24,45;73,13;74,45;75,04;23,4;
"22/12/2025 - 07:00 / GMT - 03:00";"Unimar Pesquisa (0020ED51)";"-22,2476";"-49,9764";279;0;12,2;23,99;25,28;26,26;66,78;71,03;76,32;29,9;
"22/12/2025 - 08:00 / GMT - 03:00";"Unimar Pesquisa (0020ED51)";"-22,2476";"-49,9764";445;0;15;26,18;26,85;27,34;63,08;66,2;68,56;31,7;
"22/12/2025 - 09:00 / GMT - 03:00";"Unimar Pesquisa (0020ED51)";"-22,2476";"-49,9764";456;0;14,4;27,57;28,28;28,94;59,41;62,19;64,74;27,4;
"22/12/2025 - 10:00 / GMT - 03:00";"Unimar Pesquisa (0020ED51)";"-22,2476";"-49,9764";686;0;11,6;29,09;29,76;30,24;56,99;58,78;61,26;23,8;
"22/12/2025 - 11:00 / GMT - 03:00";"Unimar Pesquisa (0020ED51)";"-22,2476";"-49,9764";366;0;11,1;29,16;29,67;30,43;53,86;55,76;56,69;23,8;
"22/12/2025 - 12:00 / GMT - 03:00";"Unimar Pesquisa (0020ED51)";"-22,2476";"-49,9764";985;0;11,3;30,77;31,46;32,01;46,01;50,6;54,98;27;
"22/12/2025 - 13:00 / GMT - 03:00";"Unimar Pesquisa (0020ED51)";"-22,2476";"-49,9764";528;0;9,5;30,54;31,36;32,93;43,07;48,18;51,5;22,7;
"22/12/2025 - 14:00 / GMT - 03:00";"Unimar Pesquisa (0020ED51)";"-22,2476";"-49,9764";600;0;6,8;30,55;31,44;32,33;45,73;49,11;52,38;16,9;
"22/12/2025 - 15:00 / GMT - 03:00";"Unimar Pesquisa (0020ED51)";"-22,2476";"-49,9764";576;0;7,5;30,35;31,61;32,55;44,62;48,81;54,04;20,5;
"22/12/2025 - 16:00 / GMT - 03:00";"Unimar Pesquisa (0020ED51)";"-22,2476";"-49,9764";581;0;7,6;31,43;31,96;32,53;43,01;46,65;49,34;19,1;
"22/12/2025 - 17:00 / GMT - 03:00";"Unimar Pesquisa (0020ED51)";"-22,2476";"-49,9764";374;0;5,7;31,3;31,89;32,25;42,87;44,51;47,26;14;
"22/12/2025 - 18:00 / GMT - 03:00";"Unimar Pesquisa (0020ED51)";"-22,2476";"-49,9764";105;0;6;29,52;30,59;31,43;43,69;46,06;48,77;13;
"22/12/2025 - 19:00 / GMT - 03:00";"Unimar Pesquisa (0020ED51)";"-22,2476";"-49,9764";0;0;2,8;28,12;28,87;29,42;49,26;51,77;57,54;7,6;
"22/12/2025 - 20:00 / GMT - 03:00";"Unimar Pesquisa (0020ED51)";"-22,2476";"-49,9764";0;0;2;26,83;27,36;28,09;57,28;59,55;61,95;4,7;
"22/12/2025 - 21:00 / GMT - 03:00";"Unimar Pesquisa (0020ED51)";"-22,2476";"-49,9764";0;0;2,7;26,61;26,93;27,58;56,73;60,61;62,63;5,4;
"22/12/2025 - 22:00 / GMT - 03:00";"Unimar Pesquisa (0020ED51)";"-22,2476";"-49,9764";0;0;2,6;26,58;26,99;27,65;55,36;57,8;59,19;5,8;
"22/12/2025 - 23:00 / GMT - 03:00";"Unimar Pesquisa (0020ED51)";"-22,2476";"-49,9764";0;0;5,7;26,64;26,77;26,86;54,58;55,18;56,26;12,6;
"23/12/2025 - 00:00 / GMT - 03:00";"Unimar Pesquisa (0020ED51)";"-22,2476";"-49,9764";0;0;5,5;25,92;26,22;26,6;55,58;57,85;59,17;9,7;6,1
"23/12/2025 - 01:00 / GMT - 03:00";"Unimar Pesquisa (0020ED51)";"-22,2476";"-49,9764";0;0;6,8;26,29;26,48;26,64;56,13;56,82;57,92;13,3;
"23/12/2025 - 02:00 / GMT - 03:00";"Unimar Pesquisa (0020ED51)";"-22,2476";"-49,9764";0;0;6;25,08;25,82;26,33;58,4;61,49;65,47;11,5;
"23/12/2025 - 03:00 / GMT - 03:00";"Unimar Pesquisa (0020ED51)";"-22,2476";"-49,9764";0;0;7;24,66;24,89;25,26;64,53;67,76;69,28;16,9;
"23/12/2025 - 04:00 / GMT - 03:00";"Unimar Pesquisa (0020ED51)";"-22,2476";"-49,9764";0;0;8,1;24,26;24,57;24,76;69,09;70,17;71,9;14,4;
"23/12/2025 - 05:00 / GMT - 03:00";"Unimar Pesquisa (0020ED51)";"-22,2476";"-49,9764";0;0;9,1;23,88;24,17;24,32;71,28;72,37;74,72;18,7;
"23/12/2025 - 06:00 / GMT - 03:00";"Unimar Pesquisa (0020ED51)";"-22,2476";"-49,9764";118;0;8,7;23,86;24,56;25,18;68,68;71,64;75,17;17,3;
"23/12/2025 - 07:00 / GMT - 03:00";"Unimar Pesquisa (0020ED51)";"-22,2476";"-49,9764";342;0;12,2;25,32;25,92;26,63;63,56;66,35;69,17;25,9;
"23/12/2025 - 08:00 / GMT - 03:00";"Unimar Pesquisa (0020ED51)";"-22,2476";"-49,9764";447;0;13,7;26,44;27,14;28,13;57,51;61,8;64,92;28,8;
"23/12/2025 - 09:00 / GMT - 03:00";"Unimar Pesquisa (0020ED51)";"-22,2476";"-49,9764";460;0;15,1;28,03;28,55;29,23;54,05;56,67;59,42;34,2;
"23/12/2025 - 10:00 / GMT - 03:00";"Unimar Pesquisa (0020ED51)";"-22,2476";"-49,9764";711;0;14,6;29,36;29,85;30,81;45,8;51,54;55,55;28,1;
"23/12/2025 - 11:00 / GMT - 03:00";"Unimar Pesquisa (0020ED51)";"-22,2476";"-49,9764";859;0;12,1;30,01;30,98;31,6;43,43;46,73;51,13;29,9;
"23/12/2025 - 12:00 / GMT - 03:00";"Unimar Pesquisa (0020ED51)";"-22,2476";"-49,9764";769;0;9,5;30,69;31,55;32,1;42,05;45,79;51,1;23,4;
"23/12/2025 - 13:00 / GMT - 03:00";"Unimar Pesquisa (0020ED51)";"-22,2476";"-49,9764";594;0;9,2;30,68;31,45;32,11;39,55;43,16;47,39;22;
"23/12/2025 - 14:00 / GMT - 03:00";"Unimar Pesquisa (0020ED51)";"-22,2476";"-49,9764";414;0;9;30,5;31,14;32,61;40,96;43,73;46,59;19,1;
"23/12/2025 - 15:00 / GMT - 03:00";"Unimar Pesquisa (0020ED51)";"-22,2476";"-49,9764";456;0;9,2;30,55;31,49;32,47;38,21;41,57;43,74;18,7;
"23/12/2025 - 16:00 / GMT - 03:00";"Unimar Pesquisa (0020ED51)";"-22,2476";"-49,9764";513;0;9,3;31,08;31,82;32,31;38,2;40,26;43,45;22,3;
"23/12/2025 - 17:00 / GMT - 03:00";"Unimar Pesquisa (0020ED51)";"-22,2476";"-49,9764";355;0;8,8;30,9;31,39;31,89;38,6;40,11;41,82;17,6;
"23/12/2025 - 18:00 / GMT - 03:00";"Unimar Pesquisa (0020ED51)";"-22,2476";"-49,9764";105;0;6,7;29,56;30,26;30,94;38,33;41,55;44,87;16,6;
"23/12/2025 - 19:00 / GMT - 03:00";"Unimar Pesquisa (0020ED51)";"-22,2476";"-49,9764";2;0;5;28,38;28,79;29,43;43,71;46,96;48,7;14;
"23/12/2025 - 20:00 / GMT - 03:00";"Unimar Pesquisa (0020ED51)";"-22,2476";"-49,9764";0;0;3,3;27,55;28,02;28,4;48,27;51;54,23;7,2;
"23/12/2025 - 21:00 / GMT - 03:00";"Unimar Pesquisa (0020ED51)";"-22,2476";"-49,9764";0;0;3,6;26,77;27,31;27,83;50,41;53,45;56,1;9;
"23/12/2025 - 22:00 / GMT - 03:00";"Unimar Pesquisa (0020ED51)";"-22,2476";"-49,9764";0;0;3;26,21;26,51;26,7;55,66;56,51;58,11;5;
"23/12/2025 - 23:00 / GMT - 03:00";"Unimar Pesquisa (0020ED51)";"-22,2476";"-49,9764";0;0;1,3;24,9;25,47;26,01;58,51;60,99;64,02;4;
"24/12/2025 - 00:00 / GMT - 03:00";"Unimar Pesquisa (0020ED51)";"-22,2476";"-49,9764";0;0;3;25,14;25,82;26,19;57,04;59,02;62,33;5,8;5,9
"24/12/2025 - 01:00 / GMT - 03:00";"Unimar Pesquisa (0020ED51)";"-22,2476";"-49,9764";0;0;3,1;25,27;25,47;25,77;58,86;60,32;61,59;5,8;
"24/12/2025 - 02:00 / GMT - 03:00";"Unimar Pesquisa (0020ED51)";"-22,2476";"-49,9764";0;0;3,7;25,18;25,51;25,89;58,35;60,16;62,02;7,6;
"24/12/2025 - 03:00 / GMT - 03:00";"Unimar Pesquisa (0020ED51)";"-22,2476";"-49,9764";0;0;4,1;25,36;25,57;25,77;58,73;59,51;60,21;9;
"24/12/2025 - 04:00 / GMT - 03:00";"Unimar Pesquisa (0020ED51)";"-22,2476";"-49,9764";0;0;4,6;25,24;25,48;25,6;59,2;60,31;61,91;9;
"24/12/2025 - 05:00 / GMT - 03:00";"Unimar Pesquisa (0020ED51)";"-22,2476";"-49,9764";0;0;4,6;24,77;25,11;25,37;61,51;62,84;64,61;8,6;
"24/12/2025 - 06:00 / GMT - 03:00";"Unimar Pesquisa (0020ED51)";"-22,2476";"-49,9764";102;0;2,8;24,69;25,2;26,05;62,64;65,27;67,82;7,2;
"24/12/2025 - 07:00 / GMT - 03:00";"Unimar Pesquisa (0020ED51)";"-22,2476";"-49,9764";329;0;4,8;26,21;27,13;28,32;56,22;59,71;63,72;10,8;
"24/12/2025 - 08:00 / GMT - 03:00";"Unimar Pesquisa (0020ED51)";"-22,2476";"-49,9764";438;0;3;28;28,4;28,63;54,77;56,76;59,81;10,1;
"24/12/2025 - 09:00 / GMT - 03:00";"Unimar Pesquisa (0020ED51)";"-22,2476";"-49,9764";454;0;3,2;28,64;29,53;30,65;52,99;56,45;60;10,1;
"24/12/2025 - 10:00 / GMT - 03:00";"Unimar Pesquisa (0020ED51)";"-22,2476";"-49,9764";523;0;4,2;29,68;30,69;31,32;46,54;50,16;54,09;11,5;
"24/12/2025 - 11:00 / GMT - 03:00";"Unimar Pesquisa (0020ED51)";"-22,2476";"-49,9764";443;0;4,7;28,93;30,26;31,47;45,02;51,86;58,53;15,1;
"24/12/2025 - 12:00 / GMT - 03:00";"Unimar Pesquisa (0020ED51)";"-22,2476";"-49,9764";952;0;6,8;30,86;31,9;32,75;42,34;45,05;48,6;16,6;
"24/12/2025 - 13:00 / GMT - 03:00";"Unimar Pesquisa (0020ED51)";"-22,2476";"-49,9764";965;0;5,5;31,4;32,53;33,97;36,49;43,01;45,6;16,9;
"24/12/2025 - 14:00 / GMT - 03:00";"Unimar Pesquisa (0020ED51)";"-22,2476";"-49,9764";894;0;7,2;32,4;33,42;34,2;33,71;38,01;42,53;18,4;
"24/12/2025 - 15:00 / GMT - 03:00";"Unimar Pesquisa (0020ED51)";"-22,2476";"-49,9764";748;0;7,4;32,33;33,51;34,26;34,99;37,57;39,93;20,2;
"24/12/2025 - 16:00 / GMT - 03:00";"Unimar Pesquisa (0020ED51)";"-22,2476";"-49,9764";599;0;6,5;33,13;33,52;34,29;34,06;36,93;40,39;16,6;
"24/12/2025 - 17:00 / GMT - 03:00";"Unimar Pesquisa (0020ED51)";"-22,2476";"-49,9764";352;0;5,7;32,48;32,9;33,44;35,83;37,18;39,13;14;
"24/12/2025 - 18:00 / GMT - 03:00";"Unimar Pesquisa (0020ED51)";"-22,2476";"-49,9764";139;0;4,5;31,11;31,91;32,56;35,64;38,56;41,32;13,3;
"24/12/2025 - 19:00 / GMT - 03:00";"Unimar Pesquisa (0020ED51)";"-22,2476";"-49,9764";2;0;2,4;28,64;29,56;30,83;42,11;48,03;53,09;5,4;
"24/12/2025 - 20:00 / GMT - 03:00";"Unimar Pesquisa (0020ED51)";"-22,2476";"-49,9764";0;0;1,9;28,15;28,44;28,7;51,36;53,46;55,99;4,3;
"24/12/2025 - 21:00 / GMT - 03:00";"Unimar Pesquisa (0020ED51)";"-22,2476";"-49,9764";0;0;1,6;26,61;27,46;28,25;52,02;56,95;61,29;3,6;
"24/12/2025 - 22:00 / GMT - 03:00";"Unimar Pesquisa (0020ED51)";"-22,2476";"-49,9764";0;0;0,3;26,46;27,56;28,12;51,61;54,64;61,26;2,5;
"24/12/2025 - 23:00 / GMT - 03:00";"Unimar Pesquisa (0020ED51)";"-22,2476";"-49,9764";0;0;0;26,63;27,03;27,57;53,15;56,23;59,46;0;
"25/12/2025 - 00:00 / GMT - 03:00";"Unimar Pesquisa (0020ED51)";"-22,2476";"-49,9764";0;0;0;25,46;26,32;26,71;61,29;63,63;67,79;1,8;5,6
"25/12/2025 - 01:00 / GMT - 03:00";"Unimar Pesquisa (0020ED51)";"-22,2476";"-49,9764";0;0;0;25,53;26,22;26,6;61,39;63,62;67,79;2,2;
"25/12/2025 - 02:00 / GMT - 03:00";"Unimar Pesquisa (0020ED51)";"-22,2476";"-49,9764";0;0;0,1;25,55;25,88;26,21;62,64;64,77;68,38;1,4;
"25/12/2025 - 03:00 / GMT - 03:00";"Unimar Pesquisa (0020ED51)";"-22,2476";"-49,9764";0;0;0;25,46;25,94;26,27;61,24;63,5;66,26;0;
"25/12/2025 - 04:00 / GMT - 03:00";"Unimar Pesquisa (0020ED51)";"-22,2476";"-49,9764";0;0;0,9;23,25;24,56;26,15;61,98;70,39;79,88;4,7;
"25/12/2025 - 05:00 / GMT - 03:00";"Unimar Pesquisa (0020ED51)";"-22,2476";"-49,9764";0;0;0,1;24,11;24,39;24,58;68,47;70,41;72,87;2,5;
"25/12/2025 - 06:00 / GMT - 03:00";"Unimar Pesquisa (0020ED51)";"-22,2476";"-49,9764";101;0;0,5;24,29;25,57;26,77;65,8;70,09;75,68;3,2;
"25/12/2025 - 07:00 / GMT - 03:00";"Unimar Pesquisa (0020ED51)";"-22,2476";"-49,9764";327;0;1,4;27,04;28,09;28,67;60,72;64;67,78;5,4;
"25/12/2025 - 08:00 / GMT - 03:00";"Unimar Pesquisa (0020ED51)";"-22,2476";"-49,9764";427;0;3,4;28,78;29,21;29,58;58,93;62,54;65,37;10,1;
"25/12/2025 - 09:00 / GMT - 03:00";"Unimar Pesquisa (0020ED51)";"-22,2476";"-49,9764";471;0;3,4;29,55;30,5;31,76;52,61;58,32;62,92;8,6;
"25/12/2025 - 10:00 / GMT - 03:00";"Unimar Pesquisa (0020ED51)";"-22,2476";"-49,9764";507;0;2,6;30,69;31,48;32,34;46,17;51,73;56,72;9;
"25/12/2025 - 11:00 / GMT - 03:00";"Unimar Pesquisa (0020ED51)";"-22,2476";"-49,9764";611;0;2,3;30,31;31,45;32,68;46,63;52,25;60,88;9,7;
"25/12/2025 - 12:00 / GMT - 03:00";"Unimar Pesquisa (0020ED51)";"-22,2476";"-49,9764";909;0;3,4;31,99;33,17;35,03;36,87;43,81;53,34;10,1;
"25/12/2025 - 13:00 / GMT - 03:00";"Unimar Pesquisa (0020ED51)";"-22,2476";"-49,9764";1125;0;5,6;33,74;34,34;34,75;33,04;37,11;40,26;16,9;
"25/12/2025 - 14:00 / GMT - 03:00";"Unimar Pesquisa (0020ED51)";"-22,2476";"-49,9764";947;0;5;34,17;34,68;35,1;34,42;37,45;41,54;16,2;
"25/12/2025 - 15:00 / GMT - 03:00";"Unimar Pesquisa (0020ED51)";"-22,2476";"-49,9764";801;0;5;34,4;34,85;35,34;34,26;36,14;37,91;14,4;
"25/12/2025 - 16:00 / GMT - 03:00";"Unimar Pesquisa (0020ED51)";"-22,2476";"-49,9764";435;0;7,9;31,92;33,33;35,13;34,92;45,08;52,51;18,4;
"25/12/2025 - 17:00 / GMT - 03:00";"Unimar Pesquisa (0020ED51)";"-22,2476";"-49,9764";169;0;5,6;26,82;28,88;32,29;52,82;62,51;69,66;17,6;
"25/12/2025 - 18:00 / GMT - 03:00";"Unimar Pesquisa (0020ED51)";"-22,2476";"-49,9764";108;0;1,2;27,3;28,75;29,45;59,27;62,71;66,26;5,8;
"25/12/2025 - 19:00 / GMT - 03:00";"Unimar Pesquisa (0020ED51)";"-22,2476";"-49,9764";2;0;4,1;27,07;28,16;29,3;58,42;65,04;69,44;18,7;
"25/12/2025 - 20:00 / GMT - 03:00";"Unimar Pesquisa (0020ED51)";"-22,2476";"-49,9764";0;0;3,2;27,05;27,35;27,59;67,32;68,83;70,72;8,6;
"25/12/2025 - 21:00 / GMT - 03:00";"Unimar Pesquisa (0020ED51)";"-22,2476";"-49,9764";0;0;0,7;25,85;26,61;27,18;70,82;73,58;77,58;6,5;
"25/12/2025 - 22:00 / GMT - 03:00";"Unimar Pesquisa (0020ED51)";"-22,2476";"-49,9764";0;0;1,3;24,14;25,78;26,98;71,45;78,82;89,34;7,9;
"25/12/2025 - 23:00 / GMT - 03:00";"Unimar Pesquisa (0020ED51)";"-22,2476";"-49,9764";0;0;0,3;24,53;25,16;25,83;76,48;80,04;84,01;2,5;
"26/12/2025 - 00:00 / GMT - 03:00";"Unimar Pesquisa (0020ED51)";"-22,2476";"-49,9764";0;0;0,1;25,83;26,07;26,43;69,66;73,8;76,42;3,2;5,6
"26/12/2025 - 01:00 / GMT - 03:00";"Unimar Pesquisa (0020ED51)";"-22,2476";"-49,9764";0;0;0,1;25,55;26,06;26,43;69,58;73,57;77,2;2,2;
"26/12/2025 - 02:00 / GMT - 03:00";"Unimar Pesquisa (0020ED51)";"-22,2476";"-49,9764";0;0;0,1;24,74;25,49;26,14;69,32;73,74;80,91;1,8;
"26/12/2025 - 03:00 / GMT - 03:00";"Unimar Pesquisa (0020ED51)";"-22,2476";"-49,9764";0;0;0,6;25,02;25,18;25,53;68,82;72,03;76,35;2,9;
"26/12/2025 - 04:00 / GMT - 03:00";"Unimar Pesquisa (0020ED51)";"-22,2476";"-49,9764";0;0;0,5;23,69;24,79;25,8;65,35;72,84;82,72;2,9;
"26/12/2025 - 05:00 / GMT - 03:00";"Unimar Pesquisa (0020ED51)";"-22,2476";"-49,9764";0;0;0;23,98;24,29;24,61;70,95;72,61;75,09;1,1;
"26/12/2025 - 06:00 / GMT - 03:00";"Unimar Pesquisa (0020ED51)";"-22,2476";"-49,9764";94;0;1,7;24,18;25,37;26,5;66;70,47;77,26;12,2;
"26/12/2025 - 07:00 / GMT - 03:00";"Unimar Pesquisa (0020ED51)";"-22,2476";"-49,9764";325;0;4,9;26,37;27,55;28,57;59,86;62,62;66,85;10,4;
"26/12/2025 - 08:00 / GMT - 03:00";"Unimar Pesquisa (0020ED51)";"-22,2476";"-49,9764";433;0;3;28,65;29,56;30,49;56,15;59,31;61,87;8,3;
"26/12/2025 - 09:00 / GMT - 03:00";"Unimar Pesquisa (0020ED51)";"-22,2476";"-49,9764";452;0;3,2;30,14;30,96;31,87;51,25;55,64;58,92;10,8;
"26/12/2025 - 10:00 / GMT - 03:00";"Unimar Pesquisa (0020ED51)";"-22,2476";"-49,9764";701;0;3,1;31,29;32,18;32,97;46,54;50,54;56,95;12,2;
"26/12/2025 - 11:00 / GMT - 03:00";"Unimar Pesquisa (0020ED51)";"-22,2476";"-49,9764";851;0;3,3;31,99;32,56;33,2;48,11;50,81;53,65;10,1;
"26/12/2025 - 12:00 / GMT - 03:00";"Unimar Pesquisa (0020ED51)";"-22,2476";"-49,9764";992;0;3,6;32,32;33,58;34,6;42,07;46,18;51,76;11,2;
"26/12/2025 - 13:00 / GMT - 03:00";"Unimar Pesquisa (0020ED51)";"-22,2476";"-49,9764";674;0;2,4;32,42;33,63;34,75;40,82;44,94;49,87;12,2;
"26/12/2025 - 14:00 / GMT - 03:00";"Unimar Pesquisa (0020ED51)";"-22,2476";"-49,9764";520;0;2,8;32,27;33,3;34,64;38,23;44,4;49,51;9,7;
"26/12/2025 - 15:00 / GMT - 03:00";"Unimar Pesquisa (0020ED51)";"-22,2476";"-49,9764";770;0;2,2;33,02;34,66;35,9;33,69;38,83;42,53;10,1;
"26/12/2025 - 16:00 / GMT - 03:00";"Unimar Pesquisa (0020ED51)";"-22,2476";"-49,9764";581;0;2,2;34,13;34,61;35,28;36,43;39,5;42,23;10,1;
"26/12/2025 - 17:00 / GMT - 03:00";"Unimar Pesquisa (0020ED51)";"-22,2476";"-49,9764";330;0;1,4;34,15;34,77;35,61;33,64;37,41;41,26;5,4;
"26/12/2025 - 18:00 / GMT - 03:00";"Unimar Pesquisa (0020ED51)";"-22,2476";"-49,9764";157;0;0,9;33,15;33,83;34,45;37,71;40,5;43,95;4,7;
"26/12/2025 - 19:00 / GMT - 03:00";"Unimar Pesquisa (0020ED51)";"-22,2476";"-49,9764";0;0;1,9;30,02;31,26;32,62;46,49;52,42;59,19;10,8;
"26/12/2025 - 20:00 / GMT - 03:00";"Unimar Pesquisa (0020ED51)";"-22,2476";"-49,9764";0;0;1,2;28,42;28,92;29,48;53,99;57,52;62,32;9,7;
"26/12/2025 - 21:00 / GMT - 03:00";"Unimar Pesquisa (0020ED51)";"-22,2476";"-49,9764";0;0;6,7;25,46;27,33;28,8;57,56;68,35;84,8;25,2;
"26/12/2025 - 22:00 / GMT - 03:00";"Unimar Pesquisa (0020ED51)";"-22,2476";"-49,9764";0;1;9,8;23,76;24,07;24,69;85,23;90,76;94,31;27,7;
"26/12/2025 - 23:00 / GMT - 03:00";"Unimar Pesquisa (0020ED51)";"-22,2476";"-49,9764";0;3,8;5,1;22,75;23,86;24,52;83,59;89,26;97,91;15,8;
"27/12/2025 - 00:00 / GMT - 03:00";"Unimar Pesquisa (0020ED51)";"-22,2476";"-49,9764";0;0;8,2;22,82;23,49;24,18;83,99;90,12;95,17;27,7;5,6
"27/12/2025 - 01:00 / GMT - 03:00";"Unimar Pesquisa (0020ED51)";"-22,2476";"-49,9764";0;0,4;4,8;22,08;22,44;23,23;86,05;92,49;96,45;23;
"27/12/2025 - 02:00 / GMT - 03:00";"Unimar Pesquisa (0020ED51)";"-22,2476";"-49,9764";0;0;1,6;21,62;22,21;22,88;86,79;92,59;96,2;7,6;
"27/12/2025 - 03:00 / GMT - 03:00";"Unimar Pesquisa (0020ED51)";"-22,2476";"-49,9764";0;0;2,5;21,85;22,39;22,77;86,08;87,93;92,71;8,3;
"27/12/2025 - 04:00 / GMT - 03:00";"Unimar Pesquisa (0020ED51)";"-22,2476";"-49,9764";0;0;2,3;22,42;22,68;22,92;87,18;89,65;92,57;9;
"27/12/2025 - 05:00 / GMT - 03:00";"Unimar Pesquisa (0020ED51)";"-22,2476";"-49,9764";0;0;1,7;22,52;23,03;23,23;85,21;87,55;92,99;9,4;
"27/12/2025 - 06:00 / GMT - 03:00";"Unimar Pesquisa (0020ED51)";"-22,2476";"-49,9764";24;0;5,9;22,5;22,68;23,01;86,5;89,11;90,72;15,8;
"27/12/2025 - 07:00 / GMT - 03:00";"Unimar Pesquisa (0020ED51)";"-22,2476";"-49,9764";189;0;6,9;22,79;23,92;24,79;82,24;85,37;88,54;16,9;
"27/12/2025 - 08:00 / GMT - 03:00";"Unimar Pesquisa (0020ED51)";"-22,2476";"-49,9764";236;0;1,7;24,7;25,61;26,84;74,22;80,94;84,09;6,5;
"27/12/2025 - 09:00 / GMT - 03:00";"Unimar Pesquisa (0020ED51)";"-22,2476";"-49,9764";450;0;2,9;26,62;28,1;29,23;68,91;74,44;80,7;9,7;
"27/12/2025 - 10:00 / GMT - 03:00";"Unimar Pesquisa (0020ED51)";"-22,2476";"-49,9764";706;0;5,1;28,35;28,95;29,61;72,24;75,32;78,27;12,2;
"27/12/2025 - 11:00 / GMT - 03:00";"Unimar Pesquisa (0020ED51)";"-22,2476";"-49,9764";807;0;3,1;29,44;30,58;31,5;59,02;64,36;69,82;9,7;
"27/12/2025 - 12:00 / GMT - 03:00";"Unimar Pesquisa (0020ED51)";"-22,2476";"-49,9764";1029;0;2,9;31,31;31,91;32,5;48,94;55,97;61,82;10,4;
"27/12/2025 - 13:00 / GMT - 03:00";"Unimar Pesquisa (0020ED51)";"-22,2476";"-49,9764";1088;0;2,7;32,3;33,21;33,86;47,38;49,94;57,07;10,1;
"27/12/2025 - 14:00 / GMT - 03:00";"Unimar Pesquisa (0020ED51)";"-22,2476";"-49,9764";948;0;4;33,37;34;34,49;47,68;49,41;52,96;10,8;
"27/12/2025 - 15:00 / GMT - 03:00";"Unimar Pesquisa (0020ED51)";"-22,2476";"-49,9764";759;0;4,7;33,51;34,19;34,6;38,24;44,37;49,9;13;
"27/12/2025 - 16:00 / GMT - 03:00";"Unimar Pesquisa (0020ED51)";"-22,2476";"-49,9764";216;0;2,2;31,39;32,19;33,45;39,83;53,95;63,78;7,2;
"27/12/2025 - 17:00 / GMT - 03:00";"Unimar Pesquisa (0020ED51)";"-22,2476";"-49,9764";229;0;2,3;30,9;31,14;31,48;58,83;61,17;63,94;6,5;
"27/12/2025 - 18:00 / GMT - 03:00";"Unimar Pesquisa (0020ED51)";"-22,2476";"-49,9764";46;0;1,1;30,25;30,64;31,03;57,82;60,8;63,36;6,5;
"27/12/2025 - 19:00 / GMT - 03:00";"Unimar Pesquisa (0020ED51)";"-22,2476";"-49,9764";7;0;8,1;29,05;29,59;30,37;59,87;65,52;68,7;21,2;
"27/12/2025 - 20:00 / GMT - 03:00";"Unimar Pesquisa (0020ED51)";"-22,2476";"-49,9764";0;0;6,5;27,76;28,33;28,94;68,22;69,28;70,5;18,7;
"27/12/2025 - 21:00 / GMT - 03:00";"Unimar Pesquisa (0020ED51)";"-22,2476";"-49,9764";0;0;4,4;27,13;27,48;27,83;69,86;71,48;73,14;14;
"27/12/2025 - 22:00 / GMT - 03:00";"Unimar Pesquisa (0020ED51)";"-22,2476";"-49,9764";0;0;1,8;26,24;26,52;27,2;72,79;75,96;79,83;7,6;
"27/12/2025 - 23:00 / GMT - 03:00";"Unimar Pesquisa (0020ED51)";"-22,2476";"-49,9764";0;0;2,1;25,9;26,19;26,53;76,8;79,91;83,03;10,4;
"28/12/2025 - 00:00 / GMT - 03:00";"Unimar Pesquisa (0020ED51)";"-22,2476";"-49,9764";0;0;1,1;25,38;25,62;25,95;80,49;83,59;86,46;5,8;4,6
"28/12/2025 - 01:00 / GMT - 03:00";"Unimar Pesquisa (0020ED51)";"-22,2476";"-49,9764";0;0;1;24,7;25,11;26,08;74,92;85,39;89,67;4,3;
"28/12/2025 - 02:00 / GMT - 03:00";"Unimar Pesquisa (0020ED51)";"-22,2476";"-49,9764";0;0;0,6;24,37;24,85;25,8;78,38;86,04;90,36;3,2;
"28/12/2025 - 03:00 / GMT - 03:00";"Unimar Pesquisa (0020ED51)";"-22,2476";"-49,9764";0;0;0,3;24,24;24,81;25,56;79,69;85,61;89,37;2,9;
"28/12/2025 - 04:00 / GMT - 03:00";"Unimar Pesquisa (0020ED51)";"-22,2476";"-49,9764";0;0;0,2;24,75;25,15;25,6;80,44;85,06;89,29;2,9;
"28/12/2025 - 05:00 / GMT - 03:00";"Unimar Pesquisa (0020ED51)";"-22,2476";"-49,9764";0;0;0,3;25,42;25,8;26,25;75,56;81,05;88;2,5;
"28/12/2025 - 06:00 / GMT - 03:00";"Unimar Pesquisa (0020ED51)";"-22,2476";"-49,9764";31;0;1,2;25,17;26,26;26,54;72,93;77,42;84,59;11,2;
"28/12/2025 - 07:00 / GMT - 03:00";"Unimar Pesquisa (0020ED51)";"-22,2476";"-49,9764";255;0;4,6;24,09;25,43;26,87;73,71;85,66;95,13;13,7;
"28/12/2025 - 08:00 / GMT - 03:00";"Unimar Pesquisa (0020ED51)";"-22,2476";"-49,9764";386;0;8,6;26,44;26,9;27,28;63,76;71,24;75,91;20,5;
"28/12/2025 - 09:00 / GMT - 03:00";"Unimar Pesquisa (0020ED51)";"-22,2476";"-49,9764";463;0;9,2;27,33;28,03;28,73;62,03;63,85;65,49;26,6;
"28/12/2025 - 10:00 / GMT - 03:00";"Unimar Pesquisa (0020ED51)";"-22,2476";"-49,9764";662;0;5,7;28,08;29,97;31,3;55,86;60,28;65,55;19,4;
"28/12/2025 - 11:00 / GMT - 03:00";"Unimar Pesquisa (0020ED51)";"-22,2476";"-49,9764";818;0;4,1;29,45;30,84;32,35;49,92;58,29;62,24;11,2;
"28/12/2025 - 12:00 / GMT - 03:00";"Unimar Pesquisa (0020ED51)";"-22,2476";"-49,9764";397;0;6,8;28,9;30,28;32,63;52,47;62,61;71,56;20,2;
"28/12/2025 - 13:00 / GMT - 03:00";"Unimar Pesquisa (0020ED51)";"-22,2476";"-49,9764";643;0,2;14,2;25,67;26,7;28,37;66,31;81,37;87,84;31,7;
"28/12/2025 - 14:00 / GMT - 03:00";"Unimar Pesquisa (0020ED51)";"-22,2476";"-49,9764";874;0;7,4;28,36;29,21;30,24;59,8;63,06;65,95;17,3;
"28/12/2025 - 15:00 / GMT - 03:00";"Unimar Pesquisa (0020ED51)";"-22,2476";"-49,9764";312;0;1,9;27,9;28,85;29,56;61,92;67,33;72,95;5;
"28/12/2025 - 16:00 / GMT - 03:00";"Unimar Pesquisa (0020ED51)";"-22,2476";"-49,9764";503;0;2,7;28,99;30,13;30,85;59,86;65,16;73,56;7,6;
"28/12/2025 - 17:00 / GMT - 03:00";"Unimar Pesquisa (0020ED51)";"-22,2476";"-49,9764";220;0;2,3;28,99;29,94;31,3;59,09;64,77;70,09;7,2;
"28/12/2025 - 18:00 / GMT - 03:00";"Unimar Pesquisa (0020ED51)";"-22,2476";"-49,9764";103;0;1,5;28,38;28,99;29,65;66,82;69,61;73,03;5,4;
"28/12/2025 - 19:00 / GMT - 03:00";"Unimar Pesquisa (0020ED51)";"-22,2476";"-49,9764";2;0;1,6;26,79;27,31;28,08;75,64;77,9;81,04;7,9;
"28/12/2025 - 20:00 / GMT - 03:00";"Unimar Pesquisa (0020ED51)";"-22,2476";"-49,9764";0;0;0,4;25,77;26,29;26,78;75,86;80,31;83,29;5,8;
"28/12/2025 - 21:00 / GMT - 03:00";"Unimar Pesquisa (0020ED51)";"-22,2476";"-49,9764";0;0;0,2;25,6;25,92;26,32;77,25;80,83;83,45;2,5;
"28/12/2025 - 22:00 / GMT - 03:00";"Unimar Pesquisa (0020ED51)";"-22,2476";"-49,9764";0;0;2,6;25,28;26,02;26,62;76,74;79,93;84,33;19,4;
"28/12/2025 - 23:00 / GMT - 03:00";"Unimar Pesquisa (0020ED51)";"-22,2476";"-49,9764";0;2;12,9;22,52;23,87;25,1;84,86;90,21;100;28,8;
"29/12/2025 - 00:00 / GMT - 03:00";"Unimar Pesquisa (0020ED51)";"-22,2476";"-49,9764";0;5,2;12,9;22,14;22,29;22,46;99,97;99,98;99,99;31;4,9
"29/12/2025 - 01:00 / GMT - 03:00";"Unimar Pesquisa (0020ED51)";"-22,2476";"-49,9764";0;3,2;4,8;22,02;22,23;22,41;99,97;99,97;99,98;14,8;
"29/12/2025 - 02:00 / GMT - 03:00";"Unimar Pesquisa (0020ED51)";"-22,2476";"-49,9764";0;0,8;4,4;21,84;22;22,1;99,97;99,97;99,97;16,2;
"29/12/2025 - 03:00 / GMT - 03:00";"Unimar Pesquisa (0020ED51)";"-22,2476";"-49,9764";0;0;2,2;21,86;21,98;22,08;99,97;99,97;99,97;8,3;
"29/12/2025 - 04:00 / GMT - 03:00";"Unimar Pesquisa (0020ED51)";"-22,2476";"-49,9764";0;0;0,6;21,6;21,65;21,78;99,97;99,97;99,97;5;
"29/12/2025 - 05:00 / GMT - 03:00";"Unimar Pesquisa (0020ED51)";"-22,2476";"-49,9764";0;0,2;0,6;20,8;21,06;21,34;99,97;99,97;99,97;5;
"29/12/2025 - 06:00 / GMT - 03:00";"Unimar Pesquisa (0020ED51)";"-22,2476";"-49,9764";41;0;2,3;20,99;21,3;21,8;99,97;99,97;99,97;8,6;
"29/12/2025 - 07:00 / GMT - 03:00";"Unimar Pesquisa (0020ED51)";"-22,2476";"-49,9764";299;0;1,1;21,61;22,47;23,54;96,48;99,55;100;4,7;
"29/12/2025 - 08:00 / GMT - 03:00";"Unimar Pesquisa (0020ED51)";"-22,2476";"-49,9764";408;0;1,6;23,73;24,88;25,8;87,42;92,61;97,59;5,8;
"29/12/2025 - 09:00 / GMT - 03:00";"Unimar Pesquisa (0020ED51)";"-22,2476";"-49,9764";461;0;2,1;25,25;26,71;28,03;70,74;77,81;84,83;7,6;
"29/12/2025 - 10:00 / GMT - 03:00";"Unimar Pesquisa (0020ED51)";"-22,2476";"-49,9764";705;0;2,3;27,65;28,59;29,59;63,19;71,42;77,54;7,2;
"29/12/2025 - 11:00 / GMT - 03:00";"Unimar Pesquisa (0020ED51)";"-22,2476";"-49,9764";835;0;2,1;29,02;30,08;31,35;52,97;61,2;68,83;8,6;
"29/12/2025 - 12:00 / GMT - 03:00";"Unimar Pesquisa (0020ED51)";"-22,2476";"-49,9764";860;0;2,5;29,69;30,98;31,82;52,85;59,35;64,55;18,4;
"29/12/2025 - 13:00 / GMT - 03:00";"Unimar Pesquisa (0020ED51)";"-22,2476";"-49,9764";1145;0;3,1;31,1;31,92;33,04;44,4;52,54;62,14;10,4;
"29/12/2025 - 14:00 / GMT - 03:00";"Unimar Pesquisa (0020ED51)";"-22,2476";"-49,9764";208;0;6,8;23,9;28,53;32,96;48,65;63,19;81,58;29,5;
"29/12/2025 - 15:00 / GMT - 03:00";"Unimar Pesquisa (0020ED51)";"-22,2476";"-49,9764";349;0;9,7;23,39;24,91;28,46;61,9;75,63;82,88;29,9;
"29/12/2025 - 16:00 / GMT - 03:00";"Unimar Pesquisa (0020ED51)";"-22,2476";"-49,9764";470;0;3,8;27,43;28,83;30,08;58,12;63,87;69,7;10,1;
"29/12/2025 - 17:00 / GMT - 03:00";"Unimar Pesquisa (0020ED51)";"-22,2476";"-49,9764";339;0;2,3;27,93;28,25;29,16;63,96;68,58;71,87;8,6;
"29/12/2025 - 18:00 / GMT - 03:00";"Unimar Pesquisa (0020ED51)";"-22,2476";"-49,9764";137;0;0,9;25,95;26,65;28,26;68,63;76,4;81,28;6,8;
"29/12/2025 - 19:00 / GMT - 03:00";"Unimar Pesquisa (0020ED51)";"-22,2476";"-49,9764";3;0;0,9;24,91;25,45;26,2;70,2;85,44;93,01;3,2;
"29/12/2025 - 20:00 / GMT - 03:00";"Unimar Pesquisa (0020ED51)";"-22,2476";"-49,9764";0;0;1;24,6;25,08;25,95;78,22;81,27;85,99;6,5;
"29/12/2025 - 21:00 / GMT - 03:00";"Unimar Pesquisa (0020ED51)";"-22,2476";"-49,9764";0;0;0,6;24,49;24,83;25,35;78,92;84,78;88,82;3,2;
"29/12/2025 - 22:00 / GMT - 03:00";"Unimar Pesquisa (0020ED51)";"-22,2476";"-49,9764";0;0;1,4;24,38;24,69;25,23;80,91;87,78;90,33;4;
"29/12/2025 - 23:00 / GMT - 03:00";"Unimar Pesquisa (0020ED51)";"-22,2476";"-49,9764";0;0;0,1;23,72;24,14;24,66;83,48;88,07;92,35;1,4;
"30/12/2025 - 00:00 / GMT - 03:00";"Unimar Pesquisa (0020ED51)";"-22,2476";"-49,9764";0;0;0;23,72;24,06;24,26;82,43;85,77;89,82;3,2;4,8
"30/12/2025 - 01:00 / GMT - 03:00";"Unimar Pesquisa (0020ED51)";"-22,2476";"-49,9764";0;0;2,3;22,52;23,13;23,88;91,52;95,48;98,79;8,3;
"30/12/2025 - 02:00 / GMT - 03:00";"Unimar Pesquisa (0020ED51)";"-22,2476";"-49,9764";0;0;3,8;22,41;22,68;22,87;96,96;99,14;100;9;
"30/12/2025 - 03:00 / GMT - 03:00";"Unimar Pesquisa (0020ED51)";"-22,2476";"-49,9764";0;0;0,9;21,76;22,02;22,27;99,98;99,99;100;5,4;
"30/12/2025 - 04:00 / GMT - 03:00";"Unimar Pesquisa (0020ED51)";"-22,2476";"-49,9764";0;0;1,1;22;22,12;22,23;98,03;99,32;100;5;
"30/12/2025 - 05:00 / GMT - 03:00";"Unimar Pesquisa (0020ED51)";"-22,2476";"-49,9764";0;0;0,5;21,8;22,02;22,41;94,94;97,56;99,36;4,7;
"30/12/2025 - 06:00 / GMT - 03:00";"Unimar Pesquisa (0020ED51)";"-22,2476";"-49,9764";45;0;0,4;22,13;22,89;23,86;89,37;93,62;97,51;4,3;
"30/12/2025 - 07:00 / GMT - 03:00";"Unimar Pesquisa (0020ED51)";"-22,2476";"-49,9764";286;0;1,9;23,31;25,28;26,08;74,22;81,14;92,15;7,2;
"30/12/2025 - 08:00 / GMT - 03:00";"Unimar Pesquisa (0020ED51)";"-22,2476";"-49,9764";443;0;3,3;26,83;27,72;28,6;67,18;71,09;74,16;8,6;
"30/12/2025 - 09:00 / GMT - 03:00";"Unimar Pesquisa (0020ED51)";"-22,2476";"-49,9764";459;0;3,4;28,48;29,14;30,11;61,47;66,15;69,66;11,5;
"30/12/2025 - 10:00 / GMT - 03:00";"Unimar Pesquisa (0020ED51)";"-22,2476";"-49,9764";686;0;2;29,67;30,73;31,74;51,78;55,93;60,72;8,3;
"30/12/2025 - 11:00 / GMT - 03:00";"Unimar Pesquisa (0020ED51)";"-22,2476";"-49,9764";620;0;3;29,82;30,63;31,53;48,06;54,79;60,41;13,3;
"30/12/2025 - 12:00 / GMT - 03:00";"Unimar Pesquisa (0020ED51)";"-22,2476";"-49,9764";1029;0;4;30,94;31,7;32,48;51,28;54,23;64,05;10,1;
"30/12/2025 - 13:00 / GMT - 03:00";"Unimar Pesquisa (0020ED51)";"-22,2476";"-49,9764";839;0;5;30,9;31,72;32,58;51,62;54,02;57,9;13,3;
"30/12/2025 - 14:00 / GMT - 03:00";"Unimar Pesquisa (0020ED51)";"-22,2476";"-49,9764";562;0;8,3;27,41;30,85;32,82;48,33;55,45;70,95;30,6;
"30/12/2025 - 15:00 / GMT - 03:00";"Unimar Pesquisa (0020ED51)";"-22,2476";"-49,9764";346;0;7,4;25,01;27,22;28,8;67,47;74,78;83,4;20,5;
"30/12/2025 - 16:00 / GMT - 03:00";"Unimar Pesquisa (0020ED51)";"-22,2476";"-49,9764";500;0;4,7;26,68;28,66;29,78;62,13;69,54;78,57;14,8;
"30/12/2025 - 17:00 / GMT - 03:00";"Unimar Pesquisa (0020ED51)";"-22,2476";"-49,9764";265;0;4,7;27,58;29,2;30,12;61,23;68,57;75,32;12,2;
"30/12/2025 - 18:00 / GMT - 03:00";"Unimar Pesquisa (0020ED51)";"-22,2476";"-49,9764";31;0;2,6;26,68;27,02;27,36;73,28;76,17;78,38;6,5;
"30/12/2025 - 19:00 / GMT - 03:00";"Unimar Pesquisa (0020ED51)";"-22,2476";"-49,9764";5;0;2,3;26,09;26,55;27,25;73,3;78,21;82,21;7,6;
"30/12/2025 - 20:00 / GMT - 03:00";"Unimar Pesquisa (0020ED51)";"-22,2476";"-49,9764";0;0;2,5;25,91;26,02;26,16;81,98;84,28;86,04;6,5;
"30/12/2025 - 21:00 / GMT - 03:00";"Unimar Pesquisa (0020ED51)";"-22,2476";"-49,9764";0;0;2,4;25,66;25,92;26,13;84,27;85,22;87,53;9,7;
"30/12/2025 - 22:00 / GMT - 03:00";"Unimar Pesquisa (0020ED51)";"-22,2476";"-49,9764";0;0;0,8;25,47;25,63;25,74;84,72;86,86;89,56;5;
"30/12/2025 - 23:00 / GMT - 03:00";"Unimar Pesquisa (0020ED51)";"-22,2476";"-49,9764";0;0;1,1;24,51;25;25,44;87,48;89,88;93,28;3,2;
"31/12/2025 - 00:00 / GMT - 03:00";"Unimar Pesquisa (0020ED51)";"-22,2476";"-49,9764";0;0;0,5;24,43;24,61;24,77;91,12;92,34;93,75;4;5,5
"31/12/2025 - 01:00 / GMT - 03:00";"Unimar Pesquisa (0020ED51)";"-22,2476";"-49,9764";0;0;0,6;24,1;24,39;24,76;90,36;93,6;96,28;3,6;
"31/12/2025 - 02:00 / GMT - 03:00";"Unimar Pesquisa (0020ED51)";"-22,2476";"-49,9764";0;0;0,6;23,83;23,98;24,44;91,77;94,67;98,07;3,6;
"31/12/2025 - 03:00 / GMT - 03:00";"Unimar Pesquisa (0020ED51)";"-22,2476";"-49,9764";0;0;0,4;23,64;23,78;23,88;92,97;94,29;97,48;2,5;
"31/12/2025 - 04:00 / GMT - 03:00";"Unimar Pesquisa (0020ED51)";"-22,2476";"-49,9764";0;0;0,1;23,66;23,75;23,82;90,63;93,37;96,45;1,8;
"31/12/2025 - 05:00 / GMT - 03:00";"Unimar Pesquisa (0020ED51)";"-22,2476";"-49,9764";0;0;0,6;23,89;24,05;24,29;87,88;89,65;91,88;4;
"31/12/2025 - 06:00 / GMT - 03:00";"Unimar Pesquisa (0020ED51)";"-22,2476";"-49,9764";27;0;3;23,88;24,13;24,48;88,74;92,8;94,72;8,6;
"31/12/2025 - 07:00 / GMT - 03:00";"Unimar Pesquisa (0020ED51)";"-22,2476";"-49,9764";345;0;6,8;24,58;25,7;26,59;84,75;88,65;94,24;13,3;
"31/12/2025 - 08:00 / GMT - 03:00";"Unimar Pesquisa (0020ED51)";"-22,2476";"-49,9764";469;0;7;25,98;26,91;27,48;78,46;82,54;86,4;13,3;
"31/12/2025 - 09:00 / GMT - 03:00";"Unimar Pesquisa (0020ED51)";"-22,2476";"-49,9764";538;0;4,7;27,23;28,19;29,86;67,11;76,23;81,09;13;
"31/12/2025 - 10:00 / GMT - 03:00";"Unimar Pesquisa (0020ED51)";"-22,2476";"-49,9764";575;0;4,1;27,91;28,56;29,35;70,35;74,45;78,7;10,4;
"31/12/2025 - 11:00 / GMT - 03:00";"Unimar Pesquisa (0020ED51)";"-22,2476";"-49,9764";695;0;3,4;28,62;29,57;30,23;64,4;67,96;72,49;9;
"31/12/2025 - 12:00 / GMT - 03:00";"Unimar Pesquisa (0020ED51)";"-22,2476";"-49,9764";956;0;3,2;30,07;30,92;32,09;52,3;61,5;66,4;9,7;
"31/12/2025 - 13:00 / GMT - 03:00";"Unimar Pesquisa (0020ED51)";"-22,2476";"-49,9764";1162;0;4,1;31,94;32,26;32,71;48,3;52,34;55,82;12,2;
"31/12/2025 - 14:00 / GMT - 03:00";"Unimar Pesquisa (0020ED51)";"-22,2476";"-49,9764";1010;0;4,6;32,24;32,72;33,59;46,8;50,37;57,34;16,9;
"31/12/2025 - 15:00 / GMT - 03:00";"Unimar Pesquisa (0020ED51)";"-22,2476";"-49,9764";676;0;6,6;29,94;31,64;33,43;50,07;55,19;61,02;23;
"31/12/2025 - 16:00 / GMT - 03:00";"Unimar Pesquisa (0020ED51)";"-22,2476";"-49,9764";511;0;5,4;28,34;29,74;31,35;59,12;65,79;71,4;19,1;
"31/12/2025 - 17:00 / GMT - 03:00";"Unimar Pesquisa (0020ED51)";"-22,2476";"-49,9764";68;0,2;6,6;23,51;26,48;28,57;66,91;75,85;88,93;23,4;
"31/12/2025 - 18:00 / GMT - 03:00";"Unimar Pesquisa (0020ED51)";"-22,2476";"-49,9764";2;0,8;6,8;23,31;24,16;24,74;83,48;90,08;95,25;15,1;
"31/12/2025 - 19:00 / GMT - 03:00";"Unimar Pesquisa (0020ED51)";"-22,2476";"-49,9764";0;0;5,2;23,09;23,3;23,53;90,58;92,05;93,85;11,5;
"31/12/2025 - 20:00 / GMT - 03:00";"Unimar Pesquisa (0020ED51)";"-22,2476";"-49,9764";0;0;6,7;22,89;23,53;24,06;87,44;92,43;96,25;15,8;
"31/12/2025 - 21:00 / GMT - 03:00";"Unimar Pesquisa (0020ED51)";"-22,2476";"-49,9764";0;4,8;7,5;21,68;22,05;22,61;97,45;99,76;100;16,2;
"31/12/2025 - 22:00 / GMT - 03:00";"Unimar Pesquisa (0020ED51)";"-22,2476";"-49,9764";0;3,6;1,2;21,58;21,71;21,76;99,97;99,97;99,97;5,8;
"31/12/2025 - 23:00 / GMT - 03:00";"Unimar Pesquisa (0020ED51)";"-22,2476";"-49,9764";0;1,8;3,4;21,44;21,52;21,61;99,97;99,97;99,97;8,6;
"01/01/2026 - 00:00 / GMT - 03:00";"Unimar Pesquisa (0020ED51)";"-22,2476";"-49,9764";0;0,2;4,9;21,3;21,45;21,58;99,97;99,97;99,97;13;5
"01/01/2026 - 01:00 / GMT - 03:00";"Unimar Pesquisa (0020ED51)";"-22,2476";"-49,9764";0;0;3,2;20,97;21,08;21,27;99,97;99,97;99,97;7,6;
"01/01/2026 - 02:00 / GMT - 03:00";"Unimar Pesquisa (0020ED51)";"-22,2476";"-49,9764";0;0;1,2;20,99;21,07;21,17;99,97;99,97;99,98;2,9;
"01/01/2026 - 03:00 / GMT - 03:00";"Unimar Pesquisa (0020ED51)";"-22,2476";"-49,9764";0;0;0,2;20,82;20,98;21,13;99,97;99,97;99,98;1,8;
"01/01/2026 - 04:00 / GMT - 03:00";"Unimar Pesquisa (0020ED51)";"-22,2476";"-49,9764";0;0;1,5;20,93;21,62;22,12;92;98,05;99,99;4,7;
"01/01/2026 - 05:00 / GMT - 03:00";"Unimar Pesquisa (0020ED51)";"-22,2476";"-49,9764";0;0;1,9;21,81;22,04;22,31;92,47;95,37;98,08;5,8;
"01/01/2026 - 06:00 / GMT - 03:00";"Unimar Pesquisa (0020ED51)";"-22,2476";"-49,9764";7;0;3,1;21,69;21,81;21,97;94,51;96,72;99,11;9,7;
"01/01/2026 - 07:00 / GMT - 03:00";"Unimar Pesquisa (0020ED51)";"-22,2476";"-49,9764";206;0;6,6;21,61;22,22;23,14;93,3;98,15;100;14,4;
"01/01/2026 - 08:00 / GMT - 03:00";"Unimar Pesquisa (0020ED51)";"-22,2476";"-49,9764";392;0;7,2;23,53;24,16;24,87;87,54;89,86;92,17;16,2;
"01/01/2026 - 09:00 / GMT - 03:00";"Unimar Pesquisa (0020ED51)";"-22,2476";"-49,9764";486;0;5,4;24,85;25,52;26,3;82,19;85,93;90,22;15,1;
"01/01/2026 - 10:00 / GMT - 03:00";"Unimar Pesquisa (0020ED51)";"-22,2476";"-49,9764";714;0;5,2;26,18;27,16;27,92;75,72;79,53;84,61;10,8;
"01/01/2026 - 11:00 / GMT - 03:00";"Unimar Pesquisa (0020ED51)";"-22,2476";"-49,9764";845;0;6,8;28,05;28,5;29,15;69,88;73,85;77,19;17,6;
"01/01/2026 - 12:00 / GMT - 03:00";"Unimar Pesquisa (0020ED51)";"-22,2476";"-49,9764";976;0;6,9;29,23;29,6;30,13;66,79;70,22;74,31;19,8;
"01/01/2026 - 13:00 / GMT - 03:00";"Unimar Pesquisa (0020ED51)";"-22,2476";"-49,9764";730;0;5,9;28,69;29,66;30,67;62,49;67,88;71,54;14,8;
"01/01/2026 - 14:00 / GMT - 03:00";"Unimar Pesquisa (0020ED51)";"-22,2476";"-49,9764";985;0;6,7;30,32;30,89;31,31;61,14;63,78;68,74;15,5;
"01/01/2026 - 15:00 / GMT - 03:00";"Unimar Pesquisa (0020ED51)";"-22,2476";"-49,9764";373;0;6,2;28,68;29,37;30,34;62,65;68,01;74,07;16,2;
"01/01/2026 - 16:00 / GMT - 03:00";"Unimar Pesquisa (0020ED51)";"-22,2476";"-49,9764";613;0;6;29,67;30,47;31;63,44;66,6;69,23;15,8;
"01/01/2026 - 17:00 / GMT - 03:00";"Unimar Pesquisa (0020ED51)";"-22,2476";"-49,9764";177;0;3,6;27,64;28,8;29,56;61,58;72,85;79,56;11,2;
"01/01/2026 - 18:00 / GMT - 03:00";"Unimar Pesquisa (0020ED51)";"-22,2476";"-49,9764";59;0;2,3;24,83;25,99;27,68;79,88;85,34;90,67;9;
"01/01/2026 - 19:00 / GMT - 03:00";"Unimar Pesquisa (0020ED51)";"-22,2476";"-49,9764";0;26,6;10;20,96;22,42;25,29;87,63;97,32;99,99;35,3;
"01/01/2026 - 20:00 / GMT - 03:00";"Unimar Pesquisa (0020ED51)";"-22,2476";"-49,9764";0;1,4;1,5;20,72;20,91;21,04;99,97;99,97;99,97;7,9;
"01/01/2026 - 21:00 / GMT - 03:00";"Unimar Pesquisa (0020ED51)";"-22,2476";"-49,9764";0;0,8;0,5;20,87;20,93;21,06;99,97;99,97;99,97;4,3;
"01/01/2026 - 22:00 / GMT - 03:00";"Unimar Pesquisa (0020ED51)";"-22,2476";"-49,9764";0;0;0,8;20,81;21,06;21,48;99,97;99,97;99,97;3,6;
"01/01/2026 - 23:00 / GMT - 03:00";"Unimar Pesquisa (0020ED51)";"-22,2476";"-49,9764";0;0,2;3;21,43;21,75;22;99,97;99,97;99,98;11,2;
"02/01/2026 - 00:00 / GMT - 03:00";"Unimar Pesquisa (0020ED51)";"-22,2476";"-49,9764";0;0;3,8;21,49;21,6;21,69;99,97;99,97;99,97;11,5;2,1
"02/01/2026 - 01:00 / GMT - 03:00";"Unimar Pesquisa (0020ED51)";"-22,2476";"-49,9764";0;0;3;21,45;21,52;21,63;99,97;99,98;99,98;6,5;
"02/01/2026 - 02:00 / GMT - 03:00";"Unimar Pesquisa (0020ED51)";"-22,2476";"-49,9764";0;0;4,1;21,63;21,76;21,88;99,98;99,98;99,99;10,4;
"02/01/2026 - 03:00 / GMT - 03:00";"Unimar Pesquisa (0020ED51)";"-22,2476";"-49,9764";0;0;4,6;21,58;21,7;21,82;99,98;99,98;99,99;13,3;
"02/01/2026 - 04:00 / GMT - 03:00";"Unimar Pesquisa (0020ED51)";"-22,2476";"-49,9764";0;0;8;21,33;21,44;21,59;99,97;99,97;99,98;19,1;
"02/01/2026 - 05:00 / GMT - 03:00";"Unimar Pesquisa (0020ED51)";"-22,2476";"-49,9764";0;0;9,2;21,45;21,57;21,69;99,97;99,97;99,97;16,6;
"02/01/2026 - 06:00 / GMT - 03:00";"Unimar Pesquisa (0020ED51)";"-22,2476";"-49,9764";4;0;7;21,65;21,8;21,91;99,97;99,98;99,98;14,8;
"02/01/2026 - 07:00 / GMT - 03:00";"Unimar Pesquisa (0020ED51)";"-22,2476";"-49,9764";82;0;6,3;21,94;22,22;22,45;99,98;99,98;99,98;14,4;
"02/01/2026 - 08:00 / GMT - 03:00";"Unimar Pesquisa (0020ED51)";"-22,2476";"-49,9764";378;0;9,3;22,47;23,64;24,63;91,64;97,05;100;17,6;
"02/01/2026 - 09:00 / GMT - 03:00";"Unimar Pesquisa (0020ED51)";"-22,2476";"-49,9764";521;0;8,6;24,11;24,98;25,76;85,28;89,97;93,57;19,1;
"02/01/2026 - 10:00 / GMT - 03:00";"Unimar Pesquisa (0020ED51)";"-22,2476";"-49,9764";527;0;6,6;25,57;25,86;26,28;82,32;85,97;87,61;15,1;
"02/01/2026 - 11:00 / GMT - 03:00";"Unimar Pesquisa (0020ED51)";"-22,2476";"-49,9764";360;1;5,1;24,09;25,56;26,37;84,99;89,64;99,99;14;
"02/01/2026 - 12:00 / GMT - 03:00";"Unimar Pesquisa (0020ED51)";"-22,2476";"-49,9764";46;8,4;6,5;21,29;21,78;23,91;99,97;99,97;99,99;30,6;
"02/01/2026 - 13:00 / GMT - 03:00";"Unimar Pesquisa (0020ED51)";"-22,2476";"-49,9764";279;0;2,5;22,16;22,8;23,57;98,51;99,75;100;9,7;
"02/01/2026 - 14:00 / GMT - 03:00";"Unimar Pesquisa (0020ED51)";"-22,2476";"-49,9764";124;1;4,4;22,52;23,11;23,74;97,26;99,26;100;9,7;
"02/01/2026 - 15:00 / GMT - 03:00";"Unimar Pesquisa (0020ED51)";"-22,2476";"-49,9764";2;4;3,9;21,59;22,04;22,5;99,97;99,97;99,98;13,3;
"02/01/2026 - 16:00 / GMT - 03:00";"Unimar Pesquisa (0020ED51)";"-22,2476";"-49,9764";24;1,4;2,3;21,17;21,4;21,77;99,97;99,97;99,97;10,1;
"02/01/2026 - 17:00 / GMT - 03:00";"Unimar Pesquisa (0020ED51)";"-22,2476";"-49,9764";113;0;1,7;21,5;21,81;22,16;99,97;99,98;100;6,5;
"02/01/2026 - 18:00 / GMT - 03:00";"Unimar Pesquisa (0020ED51)";"-22,2476";"-49,9764";39;0;4,9;21,48;21,78;22,17;99,97;99,98;99,99;11,9;
"02/01/2026 - 19:00 / GMT - 03:00";"Unimar Pesquisa (0020ED51)";"-22,2476";"-49,9764";0;0;4,6;21,29;21,36;21,42;99,97;99,97;99,97;10,4;
"02/01/2026 - 20:00 / GMT - 03:00";"Unimar Pesquisa (0020ED51)";"-22,2476";"-49,9764";0;0;2,3;21,23;21,33;21,43;99,97;99,98;99,98;7,6;
"02/01/2026 - 21:00 / GMT - 03:00";"Unimar Pesquisa (0020ED51)";"-22,2476";"-49,9764";0;0;1;21,11;21,24;21,33;99,97;99,98;99,98;5;
"02/01/2026 - 22:00 / GMT - 03:00";"Unimar Pesquisa (0020ED51)";"-22,2476";"-49,9764";0;0;2;21,13;21,34;21,51;99,97;99,97;99,97;7,6;
"02/01/2026 - 23:00 / GMT - 03:00";"Unimar Pesquisa (0020ED51)";"-22,2476";"-49,9764";0;0;2,4;20,88;21;21,09;99,97;99,97;99,97;9,4;
"03/01/2026 - 00:00 / GMT - 03:00";"Unimar Pesquisa (0020ED51)";"-22,2476";"-49,9764";0;0;0,6;20,49;20,69;20,84;99,97;99,97;99,97;4,3;4
"03/01/2026 - 01:00 / GMT - 03:00";"Unimar Pesquisa (0020ED51)";"-22,2476";"-49,9764";0;0;3,4;20,74;20,86;20,93;99,97;99,97;99,97;7,6;
"03/01/2026 - 02:00 / GMT - 03:00";"Unimar Pesquisa (0020ED51)";"-22,2476";"-49,9764";0;0;4,1;20,8;20,89;20,96;99,97;99,97;99,97;11,5;
"03/01/2026 - 03:00 / GMT - 03:00";"Unimar Pesquisa (0020ED51)";"-22,2476";"-49,9764";0;0;3,2;20,9;20,97;21,1;99,97;99,97;99,97;8,3;
"03/01/2026 - 04:00 / GMT - 03:00";"Unimar Pesquisa (0020ED51)";"-22,2476";"-49,9764";0;0;1,9;20,76;20,84;20,92;99,97;99,97;99,97;6,8;
"03/01/2026 - 05:00 / GMT - 03:00";"Unimar Pesquisa (0020ED51)";"-22,2476";"-49,9764";0;0;0,8;20,61;20,77;20,84;99,97;99,97;99,97;4,7;
"03/01/2026 - 06:00 / GMT - 03:00";"Unimar Pesquisa (0020ED51)";"-22,2476";"-49,9764";8;0;0,8;20,54;20,73;20,85;99,97;99,97;99,97;6,5;
"03/01/2026 - 07:00 / GMT - 03:00";"Unimar Pesquisa (0020ED51)";"-22,2476";"-49,9764";82;0,2;2,3;20,73;20,92;21,27;99,97;99,97;99,97;9,4;
"03/01/2026 - 08:00 / GMT - 03:00";"Unimar Pesquisa (0020ED51)";"-22,2476";"-49,9764";145;0;1,5;20,98;21,37;22;99,97;99,98;99,99;6,1;
"03/01/2026 - 09:00 / GMT - 03:00";"Unimar Pesquisa (0020ED51)";"-22,2476";"-49,9764";347;0;1,4;21,81;22,93;23,76;88,17;93,62;100;5,4;
"03/01/2026 - 10:00 / GMT - 03:00";"Unimar Pesquisa (0020ED51)";"-22,2476";"-49,9764";309;0;2,3;23;23,5;23,99;88,27;91,2;95,75;7,6;
"03/01/2026 - 11:00 / GMT - 03:00";"Unimar Pesquisa (0020ED51)";"-22,2476";"-49,9764";337;0;2,9;23,61;24,08;24,84;83,99;87,96;92,43;10,1;
"03/01/2026 - 12:00 / GMT - 03:00";"Unimar Pesquisa (0020ED51)";"-22,2476";"-49,9764";718;0;3,5;24,8;25,51;26,43;73,6;80,9;87,14;11,2;
"03/01/2026 - 13:00 / GMT - 03:00";"Unimar Pesquisa (0020ED51)";"-22,2476";"-49,9764";899;0;4,2;25,73;27;28,41;66,53;75,67;82,18;12,2;
"03/01/2026 - 14:00 / GMT - 03:00";"Unimar Pesquisa (0020ED51)";"-22,2476";"-49,9764";654;0;4,7;26,68;27,27;27,77;73,33;76,48;80,2;14;
"03/01/2026 - 15:00 / GMT - 03:00";"Unimar Pesquisa (0020ED51)";"-22,2476";"-49,9764";787;0;5;27,56;27,9;28,22;67,95;70,81;76,6;11,9;
"03/01/2026 - 16:00 / GMT - 03:00";"Unimar Pesquisa (0020ED51)";"-22,2476";"-49,9764";578;0;5;27,59;28,21;28,96;69,8;72,81;75,37;13;
"03/01/2026 - 17:00 / GMT - 03:00";"Unimar Pesquisa (0020ED51)";"-22,2476";"-49,9764";396;0;4,9;27,5;28,02;28,64;69,21;73,33;76,31;13,3;
"03/01/2026 - 18:00 / GMT - 03:00";"Unimar Pesquisa (0020ED51)";"-22,2476";"-49,9764";136;0;4,1;26,28;27,09;27,87;69,65;75,01;81,66;11,5;
"03/01/2026 - 19:00 / GMT - 03:00";"Unimar Pesquisa (0020ED51)";"-22,2476";"-49,9764";7;0;1,8;23,94;24,58;26,01;83,11;90,2;93,1;4,7;
"03/01/2026 - 20:00 / GMT - 03:00";"Unimar Pesquisa (0020ED51)";"-22,2476";"-49,9764";0;0;1,8;23,53;23,75;24,02;91,93;93,69;94,87;4,3;
"03/01/2026 - 21:00 / GMT - 03:00";"Unimar Pesquisa (0020ED51)";"-22,2476";"-49,9764";0;0;1,9;23,34;23,47;23,6;94,59;95,38;96,69;4,3;
"03/01/2026 - 22:00 / GMT - 03:00";"Unimar Pesquisa (0020ED51)";"-22,2476";"-49,9764";0;0;2,1;23,27;23,39;23,52;94,21;94,91;95,55;5;
"03/01/2026 - 23:00 / GMT - 03:00";"Unimar Pesquisa (0020ED51)";"-22,2476";"-49,9764";0;0;2;23,19;23,31;23,5;93,69;95,07;96,17;4,7;
"04/01/2026 - 00:00 / GMT - 03:00";"Unimar Pesquisa (0020ED51)";"-22,2476";"-49,9764";0;0;2,6;23,22;23,38;23,59;92,04;92,97;93,95;5,4;5,2
"04/01/2026 - 01:00 / GMT - 03:00";"Unimar Pesquisa (0020ED51)";"-22,2476";"-49,9764";0;0;2,1;22,22;22,62;23,13;93,51;95,25;97,15;4,7;
"04/01/2026 - 02:00 / GMT - 03:00";"Unimar Pesquisa (0020ED51)";"-22,2476";"-49,9764";0;0;1,4;21,49;21,81;22,24;90,63;94,3;97,49;4,7;
"04/01/2026 - 03:00 / GMT - 03:00";"Unimar Pesquisa (0020ED51)";"-22,2476";"-49,9764";0;0;0,5;20,76;21,37;21,72;89;91,83;96,26;5;
"04/01/2026 - 04:00 / GMT - 03:00";"Unimar Pesquisa (0020ED51)";"-22,2476";"-49,9764";0;0;1,5;20,95;21,34;21,78;84,34;88,35;90,87;10,1;
"04/01/2026 - 05:00 / GMT - 03:00";"Unimar Pesquisa (0020ED51)";"-22,2476";"-49,9764";0;0;2;20,58;20,95;21,18;89,06;90,72;94,53;7,9;
"04/01/2026 - 06:00 / GMT - 03:00";"Unimar Pesquisa (0020ED51)";"-22,2476";"-49,9764";65;0;4,3;20,52;20,77;21,04;94,92;97,42;99,46;11,9;
"04/01/2026 - 07:00 / GMT - 03:00";"Unimar Pesquisa (0020ED51)";"-22,2476";"-49,9764";268;0;6,2;21,16;21,94;22,59;90,19;93,95;98,91;19,4;
"04/01/2026 - 08:00 / GMT - 03:00";"Unimar Pesquisa (0020ED51)";"-22,2476";"-49,9764";407;0;5,1;22,55;23,64;24,31;83,99;88,07;91,35;13,7;
"04/01/2026 - 09:00 / GMT - 03:00";"Unimar Pesquisa (0020ED51)";"-22,2476";"-49,9764";491;0;5,1;24,45;25,19;26,09;77,92;81,25;84,44;16,6;
"04/01/2026 - 10:00 / GMT - 03:00";"Unimar Pesquisa (0020ED51)";"-22,2476";"-49,9764";731;0;4,1;26,09;27,15;27,84;69,44;75,58;80,09;10,4;
"04/01/2026 - 11:00 / GMT - 03:00";"Unimar Pesquisa (0020ED51)";"-22,2476";"-49,9764";864;0;3,2;27,81;28,82;29,71;58,34;66,13;73,4;13,3;
"04/01/2026 - 12:00 / GMT - 03:00";"Unimar Pesquisa (0020ED51)";"-22,2476";"-49,9764";991;0;2,3;28,57;29,81;31,91;57,9;64,55;71,29;11,5;
"04/01/2026 - 13:00 / GMT - 03:00";"Unimar Pesquisa (0020ED51)";"-22,2476";"-49,9764";686;0;2,8;28,83;29,67;31,13;57,72;61,58;66,41;13;
"04/01/2026 - 14:00 / GMT - 03:00";"Unimar Pesquisa (0020ED51)";"-22,2476";"-49,9764";878;0;5,9;29,74;30,42;31,06;55,69;58,95;62,75;18;
"04/01/2026 - 15:00 / GMT - 03:00";"Unimar Pesquisa (0020ED51)";"-22,2476";"-49,9764";638;0;6,7;28,47;29,58;30,5;60,94;65,84;69,47;18,7;
"04/01/2026 - 16:00 / GMT - 03:00";"Unimar Pesquisa (0020ED51)";"-22,2476";"-49,9764";470;0;5,4;28,01;29,02;30,12;60,64;65,91;71,73;12,6;
"04/01/2026 - 17:00 / GMT - 03:00";"Unimar Pesquisa (0020ED51)";"-22,2476";"-49,9764";364;0;5,6;28;28,48;28,84;60,71;63,27;65,52;20,5;
"04/01/2026 - 18:00 / GMT - 03:00";"Unimar Pesquisa (0020ED51)";"-22,2476";"-49,9764";150;0;3,1;26,46;27,39;28,11;61,46;64,29;69,15;9,7;
"04/01/2026 - 19:00 / GMT - 03:00";"Unimar Pesquisa (0020ED51)";"-22,2476";"-49,9764";9;0;2,5;24,28;25,08;26,17;67,92;74,58;80,3;6,5;
"04/01/2026 - 20:00 / GMT - 03:00";"Unimar Pesquisa (0020ED51)";"-22,2476";"-49,9764";0;0;2,4;23,9;24,1;24,24;80,57;81,6;82,98;7,9;
"04/01/2026 - 21:00 / GMT - 03:00";"Unimar Pesquisa (0020ED51)";"-22,2476";"-49,9764";0;0;3,1;23,22;23,5;23,84;83,38;85,57;87,18;8,3;
"04/01/2026 - 22:00 / GMT - 03:00";"Unimar Pesquisa (0020ED51)";"-22,2476";"-49,9764";0;0;5,5;22,1;22,71;23,27;85,34;88,35;91,3;16,9;
"04/01/2026 - 23:00 / GMT - 03:00";"Unimar Pesquisa (0020ED51)";"-22,2476";"-49,9764";0;0;6,3;20,77;21,32;22,04;91,22;93,06;94,19;16,2;
"05/01/2026 - 00:00 / GMT - 03:00";"Unimar Pesquisa (0020ED51)";"-22,2476";"-49,9764";0;0;7,4;19,68;20,02;20,65;90,22;93,42;95,09;18,7;5,4
"05/01/2026 - 01:00 / GMT - 03:00";"Unimar Pesquisa (0020ED51)";"-22,2476";"-49,9764";0;0;5,5;18,7;19,1;19,64;91,46;94,73;96,26;16,2;
"05/01/2026 - 02:00 / GMT - 03:00";"Unimar Pesquisa (0020ED51)";"-22,2476";"-49,9764";0;0;6,7;18,26;18,51;18,73;93,43;94,49;95,45;18,7;
"05/01/2026 - 03:00 / GMT - 03:00";"Unimar Pesquisa (0020ED51)";"-22,2476";"-49,9764";0;0;7,7;18,2;18,29;18,4;93,33;93,98;94,63;21,6;
"05/01/2026 - 04:00 / GMT - 03:00";"Unimar Pesquisa (0020ED51)";"-22,2476";"-49,9764";0;0;8,6;17,94;18,12;18,27;92,85;94,01;94,9;18,7;
"05/01/2026 - 05:00 / GMT - 03:00";"Unimar Pesquisa (0020ED51)";"-22,2476";"-49,9764";0;0;9;17,84;17,95;18,06;93,43;94,35;95,16;25,6;
"05/01/2026 - 06:00 / GMT - 03:00";"Unimar Pesquisa (0020ED51)";"-22,2476";"-49,9764";108;0;9;17,89;18,35;19,37;87,01;91,88;94,06;22,3;
"05/01/2026 - 07:00 / GMT - 03:00";"Unimar Pesquisa (0020ED51)";"-22,2476";"-49,9764";388;0;7,7;19,63;20,34;21,02;81,45;83,84;86,94;19,8;
"05/01/2026 - 08:00 / GMT - 03:00";"Unimar Pesquisa (0020ED51)";"-22,2476";"-49,9764";388;0;8,2;21,05;21,61;22,09;75,42;77,93;81,37;20,2;
"05/01/2026 - 09:00 / GMT - 03:00";"Unimar Pesquisa (0020ED51)";"-22,2476";"-49,9764";489;0;8,6;21,92;23,08;24,09;69,29;72,81;78,2;21,6;
"05/01/2026 - 10:00 / GMT - 03:00";"Unimar Pesquisa (0020ED51)";"-22,2476";"-49,9764";735;0;8,4;23,75;24,71;25,78;65,44;69,82;72,42;23;
"05/01/2026 - 11:00 / GMT - 03:00";"Unimar Pesquisa (0020ED51)";"-22,2476";"-49,9764";849;0;7,7;25,52;25,97;26,65;64,89;67,29;70,31;18,7;
"05/01/2026 - 12:00 / GMT - 03:00";"Unimar Pesquisa (0020ED51)";"-22,2476";"-49,9764";1014;0;7,2;26,51;27,05;27,45;60,11;63,45;67,59;19,8;
"05/01/2026 - 13:00 / GMT - 03:00";"Unimar Pesquisa (0020ED51)";"-22,2476";"-49,9764";895;0;6,3;26,66;27,71;28,8;59,32;62,54;66,72;18,4;
"05/01/2026 - 14:00 / GMT - 03:00";"Unimar Pesquisa (0020ED51)";"-22,2476";"-49,9764";778;0;5,2;26,97;28,05;28,88;57,07;61,98;66,79;17,6;
"05/01/2026 - 15:00 / GMT - 03:00";"Unimar Pesquisa (0020ED51)";"-22,2476";"-49,9764";662;0;5,7;27,44;28,67;29,8;55,53;60,39;63,21;14,8;
"05/01/2026 - 16:00 / GMT - 03:00";"Unimar Pesquisa (0020ED51)";"-22,2476";"-49,9764";480;0;5,8;27,47;28,16;29,29;58,35;62,4;66,21;17,6;
"05/01/2026 - 17:00 / GMT - 03:00";"Unimar Pesquisa (0020ED51)";"-22,2476";"-49,9764";385;0;7,8;26,73;27,19;27,65;63,15;65,68;71,23;19,8;
"05/01/2026 - 18:00 / GMT - 03:00";"Unimar Pesquisa (0020ED51)";"-22,2476";"-49,9764";153;0;9,2;24,45;25,43;26,33;67,12;68,62;70,24;24,1;
"05/01/2026 - 19:00 / GMT - 03:00";"Unimar Pesquisa (0020ED51)";"-22,2476";"-49,9764";9;0;9,6;22,76;23,36;24,23;71,15;72,76;74,38;26,3;
"05/01/2026 - 20:00 / GMT - 03:00";"Unimar Pesquisa (0020ED51)";"-22,2476";"-49,9764";0;0;10,2;20,81;21,66;22,6;73,9;78,14;80,83;26,3;
"05/01/2026 - 21:00 / GMT - 03:00";"Unimar Pesquisa (0020ED51)";"-22,2476";"-49,9764";0;0;9,4;19,32;19,88;20,67;81,56;83,79;85,57;35,6;
"05/01/2026 - 22:00 / GMT - 03:00";"Unimar Pesquisa (0020ED51)";"-22,2476";"-49,9764";0;0;8,9;18,63;18,91;19,25;84,46;85,88;87,12;28,8;
"05/01/2026 - 23:00 / GMT - 03:00";"Unimar Pesquisa (0020ED51)";"-22,2476";"-49,9764";0;0;8,7;18,37;18,55;18,77;83,18;84,62;85,34;22,7;
"06/01/2026 - 00:00 / GMT - 03:00";"Unimar Pesquisa (0020ED51)";"-22,2476";"-49,9764";0;0;6,9;17,97;18,17;18,39;85,07;86,34;87,5;22,7;5,2
"06/01/2026 - 01:00 / GMT - 03:00";"Unimar Pesquisa (0020ED51)";"-22,2476";"-49,9764";0;0;6,8;17,74;17,88;18,02;86,7;87,72;88,73;16,2;
"06/01/2026 - 02:00 / GMT - 03:00";"Unimar Pesquisa (0020ED51)";"-22,2476";"-49,9764";0;0;6,1;17,29;17,55;17,73;88,52;89,71;91,35;17,3;
"06/01/2026 - 03:00 / GMT - 03:00";"Unimar Pesquisa (0020ED51)";"-22,2476";"-49,9764";0;0;5,5;17,05;17,18;17,33;90,86;91,92;92,99;16,2;
"06/01/2026 - 04:00 / GMT - 03:00";"Unimar Pesquisa (0020ED51)";"-22,2476";"-49,9764";0;0;5,3;16,85;17,02;17,19;92,66;93,38;94,61;16,6;
"06/01/2026 - 05:00 / GMT - 03:00";"Unimar Pesquisa (0020ED51)";"-22,2476";"-49,9764";0;0;5,7;17,08;17,17;17,25;92,3;92,99;93,73;15,8;
"06/01/2026 - 06:00 / GMT - 03:00";"Unimar Pesquisa (0020ED51)";"-22,2476";"-49,9764";74;0;5,4;17,08;17,61;18,5;87,35;91,46;93,88;14,4;
"06/01/2026 - 07:00 / GMT - 03:00";"Unimar Pesquisa (0020ED51)";"-22,2476";"-49,9764";311;0;6,5;18,52;19,48;20,57;80,15;83,98;87,08;18,4;
"06/01/2026 - 08:00 / GMT - 03:00";"Unimar Pesquisa (0020ED51)";"-22,2476";"-49,9764";391;0;7,9;20,59;21,76;22,74;74,22;77,32;81,69;21,2;
"06/01/2026 - 09:00 / GMT - 03:00";"Unimar Pesquisa (0020ED51)";"-22,2476";"-49,9764";445;0;8,5;23,23;24,02;24,96;67,7;70,55;74,48;23,4;
"06/01/2026 - 10:00 / GMT - 03:00";"Unimar Pesquisa (0020ED51)";"-22,2476";"-49,9764";616;0;9;24,81;25,36;26,57;65,48;68,49;69,85;28,8;
"06/01/2026 - 11:00 / GMT - 03:00";"Unimar Pesquisa (0020ED51)";"-22,2476";"-49,9764";821;0;9;25,05;26,33;27,93;62,52;66,6;70,2;20,2;
"06/01/2026 - 12:00 / GMT - 03:00";"Unimar Pesquisa (0020ED51)";"-22,2476";"-49,9764";1046;0;7,6;26,15;27,46;28,53;58,12;62,24;66,72;18,4;
"06/01/2026 - 13:00 / GMT - 03:00";"Unimar Pesquisa (0020ED51)";"-22,2476";"-49,9764";891;0;6,1;26,92;27,74;28,98;57,85;62,55;67,32;15,5;
"06/01/2026 - 14:00 / GMT - 03:00";"Unimar Pesquisa (0020ED51)";"-22,2476";"-49,9764";811;0;5;27,32;28,23;29,84;54,8;60,64;64,69;13;
"06/01/2026 - 15:00 / GMT - 03:00";"Unimar Pesquisa (0020ED51)";"-22,2476";"-49,9764";615;0;5,5;27,51;28,29;29,1;55,22;59,03;62,57;16,6;
"06/01/2026 - 16:00 / GMT - 03:00";"Unimar Pesquisa (0020ED51)";"-22,2476";"-49,9764";614;0;5,4;27,4;28,65;29,25;52,54;57;59,57;14,4;
"06/01/2026 - 17:00 / GMT - 03:00";"Unimar Pesquisa (0020ED51)";"-22,2476";"-49,9764";400;0;4,8;27,74;28,2;28,57;54,61;57,18;60,85;12,2;
"06/01/2026 - 18:00 / GMT - 03:00";"Unimar Pesquisa (0020ED51)";"-22,2476";"-49,9764";154;0;3;26,49;27,2;27,56;57,7;60,08;63,24;9;
"06/01/2026 - 19:00 / GMT - 03:00";"Unimar Pesquisa (0020ED51)";"-22,2476";"-49,9764";10;0;2,3;25,07;25,63;26,63;62,34;66,86;69,22;11,2;
"06/01/2026 - 20:00 / GMT - 03:00";"Unimar Pesquisa (0020ED51)";"-22,2476";"-49,9764";0;0;3,6;24,57;24,96;25,22;68,15;70,52;73,45;10,4;
"06/01/2026 - 21:00 / GMT - 03:00";"Unimar Pesquisa (0020ED51)";"-22,2476";"-49,9764";0;0;5,3;24,28;24,67;25,01;69,81;72,09;73,94;12,2;
"06/01/2026 - 22:00 / GMT - 03:00";"Unimar Pesquisa (0020ED51)";"-22,2476";"-49,9764";0;0;5,8;23,75;24,12;24,48;72,25;74,21;76,54;13;
"06/01/2026 - 23:00 / GMT - 03:00";"Unimar Pesquisa (0020ED51)";"-22,2476";"-49,9764";0;0;3,5;23,11;23,39;23,79;75,2;76,86;78,76;10,4;
"07/01/2026 - 00:00 / GMT - 03:00";"Unimar Pesquisa (0020ED51)";"-22,2476";"-49,9764";0;0;4,2;22,97;23,22;23,57;76;77,85;79,53;14,8;4,4
"07/01/2026 - 01:00 / GMT - 03:00";"Unimar Pesquisa (0020ED51)";"-22,2476";"-49,9764";0;0;4,3;22,11;22,37;22,73;80,75;82,91;84,77;13;
"07/01/2026 - 02:00 / GMT - 03:00";"Unimar Pesquisa (0020ED51)";"-22,2476";"-49,9764";0;0;3,9;21;21,4;21,88;85,85;88,73;91,11;13;
"07/01/2026 - 03:00 / GMT - 03:00";"Unimar Pesquisa (0020ED51)";"-22,2476";"-49,9764";0;0;1,8;19,86;20,33;20,94;91,52;94,85;97,26;5,8;
"07/01/2026 - 04:00 / GMT - 03:00";"Unimar Pesquisa (0020ED51)";"-22,2476";"-49,9764";0;0;1,8;19,5;19,7;19,86;96,9;97,87;98,51;8,3;
"07/01/2026 - 05:00 / GMT - 03:00";"Unimar Pesquisa (0020ED51)";"-22,2476";"-49,9764";0;0;1,6;19,18;19,36;19,5;98,54;99,33;100;7,2;
"07/01/2026 - 06:00 / GMT - 03:00";"Unimar Pesquisa (0020ED51)";"-22,2476";"-49,9764";67;0;3,1;19,41;19,97;20,89;91,71;96,09;98,89;10,4;
"07/01/2026 - 07:00 / GMT - 03:00";"Unimar Pesquisa (0020ED51)";"-22,2476";"-49,9764";253;0;6,4;20,76;21,9;22,6;83,54;87,81;91,39;17,3;
"07/01/2026 - 08:00 / GMT - 03:00";"Unimar Pesquisa (0020ED51)";"-22,2476";"-49,9764";236;0;9,4;22,55;22,93;23,44;79,4;82,49;85,13;20,5;
"07/01/2026 - 09:00 / GMT - 03:00";"Unimar Pesquisa (0020ED51)";"-22,2476";"-49,9764";356;0;10,4;23,34;23,97;25,02;75,22;78,31;80,36;22,7;
"07/01/2026 - 10:00 / GMT - 03:00";"Unimar Pesquisa (0020ED51)";"-22,2476";"-49,9764";389;0;8,9;24,54;25,07;25,46;72,54;75,28;77,9;19,1;
"07/01/2026 - 11:00 / GMT - 03:00";"Unimar Pesquisa (0020ED51)";"-22,2476";"-49,9764";505;0;8,1;25,73;26,09;26,47;71,94;73,44;75,86;20,5;
"07/01/2026 - 12:00 / GMT - 03:00";"Unimar Pesquisa (0020ED51)";"-22,2476";"-49,9764";850;0;7,2;26,6;27,38;28,8;60,04;68,27;73,87;20,2;
"07/01/2026 - 13:00 / GMT - 03:00";"Unimar Pesquisa (0020ED51)";"-22,2476";"-49,9764";941;0;7,6;27,35;28,56;30,03;59,11;65,55;68,72;19,8;
"07/01/2026 - 14:00 / GMT - 03:00";"Unimar Pesquisa (0020ED51)";"-22,2476";"-49,9764";612;0;6,5;28,28;29,15;30,01;56,05;60,62;67,47;22;
"07/01/2026 - 15:00 / GMT - 03:00";"Unimar Pesquisa (0020ED51)";"-22,2476";"-49,9764";706;0;5,7;28,71;29,83;30,54;50,48;55,82;58,99;14,8;
"07/01/2026 - 16:00 / GMT - 03:00";"Unimar Pesquisa (0020ED51)";"-22,2476";"-49,9764";548;0;4,5;28,09;29,29;30,16;51,41;56,87;61,72;11,5;
"07/01/2026 - 17:00 / GMT - 03:00";"Unimar Pesquisa (0020ED51)";"-22,2476";"-49,9764";70;0;2,1;27,03;27,53;28,02;59,82;63,13;67,54;10,4;
"07/01/2026 - 18:00 / GMT - 03:00";"Unimar Pesquisa (0020ED51)";"-22,2476";"-49,9764";94;0;1,6;26,26;26,7;27,32;62,28;69,12;72,31;7,2;
"07/01/2026 - 19:00 / GMT - 03:00";"Unimar Pesquisa (0020ED51)";"-22,2476";"-49,9764";11;0;0,1;24,52;25,21;26,59;72,93;77,9;81,23;1,8;
"07/01/2026 - 20:00 / GMT - 03:00";"Unimar Pesquisa (0020ED51)";"-22,2476";"-49,9764";0;0;0;24,48;24,81;24,99;76,05;77,88;80,44;1,1;
"07/01/2026 - 21:00 / GMT - 03:00";"Unimar Pesquisa (0020ED51)";"-22,2476";"-49,9764";0;0;0,8;24,02;24,47;25,13;74,9;79,04;83,46;4,3;
"07/01/2026 - 22:00 / GMT - 03:00";"Unimar Pesquisa (0020ED51)";"-22,2476";"-49,9764";0;0;4,1;24,82;25,25;25,72;71,11;73,87;77,31;11,9;
"07/01/2026 - 23:00 / GMT - 03:00";"Unimar Pesquisa (0020ED51)";"-22,2476";"-49,9764";0;0;7,1;23,63;24,39;25,14;74,98;78,28;83,17;16,9;
"08/01/2026 - 00:00 / GMT - 03:00";"Unimar Pesquisa (0020ED51)";"-22,2476";"-49,9764";0;0;10,1;23,39;23,56;23,68;83,33;84,52;85,82;18,7;5,4
"08/01/2026 - 01:00 / GMT - 03:00";"Unimar Pesquisa (0020ED51)";"-22,2476";"-49,9764";0;5,4;14,2;21,54;22,32;23,48;85,68;95,1;100;28,8;
"08/01/2026 - 02:00 / GMT - 03:00";"Unimar Pesquisa (0020ED51)";"-22,2476";"-49,9764";0;0,6;14,1;21,72;22,08;22,57;85,27;90,4;95,29;31;
"08/01/2026 - 03:00 / GMT - 03:00";"Unimar Pesquisa (0020ED51)";"-22,2476";"-49,9764";0;0;8,5;22,37;22,5;22,59;90,8;91,75;92,55;17,6;
"08/01/2026 - 04:00 / GMT - 03:00";"Unimar Pesquisa (0020ED51)";"-22,2476";"-49,9764";0;0;8;21,62;21,99;22,36;92,29;95,22;97,75;17,6;
"08/01/2026 - 05:00 / GMT - 03:00";"Unimar Pesquisa (0020ED51)";"-22,2476";"-49,9764";0;0;7,3;21,52;21,7;21,84;94,31;96,12;97,18;16,6;
"08/01/2026 - 06:00 / GMT - 03:00";"Unimar Pesquisa (0020ED51)";"-22,2476";"-49,9764";69;0;8,6;21,43;21,72;22,1;92,34;94,72;96,3;19,8;
"08/01/2026 - 07:00 / GMT - 03:00";"Unimar Pesquisa (0020ED51)";"-22,2476";"-49,9764";298;0;9,7;22,22;22,76;23,1;87,29;91,04;93,76;21,2;
"08/01/2026 - 08:00 / GMT - 03:00";"Unimar Pesquisa (0020ED51)";"-22,2476";"-49,9764";373;0;12,9;23,18;23,87;24,83;80,46;85,58;89,22;27,4;
"08/01/2026 - 09:00 / GMT - 03:00";"Unimar Pesquisa (0020ED51)";"-22,2476";"-49,9764";527;0;12,3;24,9;25,61;26,49;72,8;77,28;81,44;31;
"08/01/2026 - 10:00 / GMT - 03:00";"Unimar Pesquisa (0020ED51)";"-22,2476";"-49,9764";857;0;11,7;26,14;26,95;27,59;69,89;72,76;74,52;24,5;
"08/01/2026 - 11:00 / GMT - 03:00";"Unimar Pesquisa (0020ED51)";"-22,2476";"-49,9764";660;0;7,9;25,97;27,17;28,04;65,6;70,08;73,95;18,4;
"08/01/2026 - 12:00 / GMT - 03:00";"Unimar Pesquisa (0020ED51)";"-22,2476";"-49,9764";532;0;5,2;26,6;26,96;27,69;63,07;69,92;73,09;12,2;
"08/01/2026 - 13:00 / GMT - 03:00";"Unimar Pesquisa (0020ED51)";"-22,2476";"-49,9764";986;0;6,4;28,43;29,27;30,43;56,39;60,99;67,73;18;
"08/01/2026 - 14:00 / GMT - 03:00";"Unimar Pesquisa (0020ED51)";"-22,2476";"-49,9764";655;0;5,5;28,23;29,31;30;57,37;61,47;66,92;14,4;
"08/01/2026 - 15:00 / GMT - 03:00";"Unimar Pesquisa (0020ED51)";"-22,2476";"-49,9764";596;0;3,9;29,08;29,82;30,52;52,92;57,22;61,15;14,4;
"08/01/2026 - 16:00 / GMT - 03:00";"Unimar Pesquisa (0020ED51)";"-22,2476";"-49,9764";507;0;3,5;29,41;30,35;31,16;49,71;54,61;59,02;10,4;
"08/01/2026 - 17:00 / GMT - 03:00";"Unimar Pesquisa (0020ED51)";"-22,2476";"-49,9764";379;0;3,1;29,18;29,79;30,48;51,56;55,18;58,03;8,3;
"08/01/2026 - 18:00 / GMT - 03:00";"Unimar Pesquisa (0020ED51)";"-22,2476";"-49,9764";146;0;2,1;27,79;28,75;29,37;56,11;59,35;64,32;6,8;
"08/01/2026 - 19:00 / GMT - 03:00";"Unimar Pesquisa (0020ED51)";"-22,2476";"-49,9764";8;0;2,3;26,34;26,93;27,91;62,38;67,88;72,26;5,8;
"08/01/2026 - 20:00 / GMT - 03:00";"Unimar Pesquisa (0020ED51)";"-22,2476";"-49,9764";0;0;6,9;25,06;25,77;26,76;68,86;74;79,91;27;
"08/01/2026 - 21:00 / GMT - 03:00";"Unimar Pesquisa (0020ED51)";"-22,2476";"-49,9764";0;0;8,6;24,96;25,2;25,47;71,14;73,27;75,73;19,1;
"08/01/2026 - 22:00 / GMT - 03:00";"Unimar Pesquisa (0020ED51)";"-22,2476";"-49,9764";0;0;10,3;24,79;25,12;25,54;69,64;73,41;76;20,2;
"08/01/2026 - 23:00 / GMT - 03:00";"Unimar Pesquisa (0020ED51)";"-22,2476";"-49,9764";0;0;5,4;23,45;24,01;24,89;77,28;82,12;86,66;15,1;
"09/01/2026 - 00:00 / GMT - 03:00";"Unimar Pesquisa (0020ED51)";"-22,2476";"-49,9764";0;0;5,7;24,17;24,44;24,61;79,16;80,21;81,87;11,5;5,1
"09/01/2026 - 01:00 / GMT - 03:00";"Unimar Pesquisa (0020ED51)";"-22,2476";"-49,9764";0;0;7,9;23,82;24,09;24,27;80,38;81,35;82,45;15,8;
"09/01/2026 - 02:00 / GMT - 03:00";"Unimar Pesquisa (0020ED51)";"-22,2476";"-49,9764";0;0;5,2;23,79;24,11;24,4;78,17;80,1;81,93;10,1;
"09/01/2026 - 03:00 / GMT - 03:00";"Unimar Pesquisa (0020ED51)";"-22,2476";"-49,9764";0;0;6,2;23,16;23,75;24,05;79,11;81,21;84,28;18;
"09/01/2026 - 04:00 / GMT - 03:00";"Unimar Pesquisa (0020ED51)";"-22,2476";"-49,9764";0;0;8,1;21,86;22,18;22,8;85,63;89,54;91,41;23,8;
"09/01/2026 - 05:00 / GMT - 03:00";"Unimar Pesquisa (0020ED51)";"-22,2476";"-49,9764";0;0;5,3;21,52;21,69;21,97;90,94;92,07;92,9;12,6;
"09/01/2026 - 06:00 / GMT - 03:00";"Unimar Pesquisa (0020ED51)";"-22,2476";"-49,9764";68;0;8,3;21,88;22,71;23,81;81,93;86,75;90,23;21,2;
"09/01/2026 - 07:00 / GMT - 03:00";"Unimar Pesquisa (0020ED51)";"-22,2476";"-49,9764";312;0;9,5;23,9;24,8;25,94;74,36;79,19;82,82;18,4;
"09/01/2026 - 08:00 / GMT - 03:00";"Unimar Pesquisa (0020ED51)";"-22,2476";"-49,9764";364;0;9,7;25,88;26,79;27,57;66,19;71,15;73,74;19,8;
"09/01/2026 - 09:00 / GMT - 03:00";"Unimar Pesquisa (0020ED51)";"-22,2476";"-49,9764";498;0;9,8;27,53;28,13;28,75;66,45;67,98;71,14;21,2;
"09/01/2026 - 10:00 / GMT - 03:00";"Unimar Pesquisa (0020ED51)";"-22,2476";"-49,9764";732;0;10,7;28,29;29,16;29,89;64,48;66,73;69,32;22,7;
"09/01/2026 - 11:00 / GMT - 03:00";"Unimar Pesquisa (0020ED51)";"-22,2476";"-49,9764";912;0;11,4;29,48;30,21;30,85;55,7;60,75;66,71;27;
"09/01/2026 - 12:00 / GMT - 03:00";"Unimar Pesquisa (0020ED51)";"-22,2476";"-49,9764";678;0;9,1;29,72;30,7;31,88;51,56;54,05;59,18;22;
"09/01/2026 - 13:00 / GMT - 03:00";"Unimar Pesquisa (0020ED51)";"-22,2476";"-49,9764";725;0;9;29,95;31,14;32,07;43,96;49,68;56,25;21,6;
"09/01/2026 - 14:00 / GMT - 03:00";"Unimar Pesquisa (0020ED51)";"-22,2476";"-49,9764";550;0;8,5;30,23;31,33;32,45;38,54;46,26;51,37;29,9;
"09/01/2026 - 15:00 / GMT - 03:00";"Unimar Pesquisa (0020ED51)";"-22,2476";"-49,9764";401;0;6;30,8;31,17;31,79;44,07;47,33;52,88;14,8;
"09/01/2026 - 16:00 / GMT - 03:00";"Unimar Pesquisa (0020ED51)";"-22,2476";"-49,9764";350;0;2,4;29,91;30,67;31,23;45,26;53,41;60,35;13,3;
"09/01/2026 - 17:00 / GMT - 03:00";"Unimar Pesquisa (0020ED51)";"-22,2476";"-49,9764";224;0;5;25,01;29,61;31,91;42,08;54,84;73,88;23;
"09/01/2026 - 18:00 / GMT - 03:00";"Unimar Pesquisa (0020ED51)";"-22,2476";"-49,9764";40;0;3,8;24,21;24,82;25,23;71,84;75,85;79,72;15,5;
"09/01/2026 - 19:00 / GMT - 03:00";"Unimar Pesquisa (0020ED51)";"-22,2476";"-49,9764";0;0;0,4;23,69;23,95;24,29;77,53;81,89;85,76;4;
"09/01/2026 - 20:00 / GMT - 03:00";"Unimar Pesquisa (0020ED51)";"-22,2476";"-49,9764";0;0;0,3;23,06;23,48;23,99;82,17;83,91;86,53;5;
"09/01/2026 - 21:00 / GMT - 03:00";"Unimar Pesquisa (0020ED51)";"-22,2476";"-49,9764";0;0;0,5;22,78;23,02;23,29;84,23;87,86;91,76;5;
"09/01/2026 - 22:00 / GMT - 03:00";"Unimar Pesquisa (0020ED51)";"-22,2476";"-49,9764";0;0;0,8;22,62;22,96;23,51;77,37;86,42;89,49;2,9;
"09/01/2026 - 23:00 / GMT - 03:00";"Unimar Pesquisa (0020ED51)";"-22,2476";"-49,9764";0;0;0,1;23,56;24,13;24,99;70,39;76,86;82,38;1,4;
"10/01/2026 - 00:00 / GMT - 03:00";"Unimar Pesquisa (0020ED51)";"-22,2476";"-49,9764";0;0;0,1;23,38;24;24,57;72,2;76,33;81,69;2,2;3,7
"10/01/2026 - 01:00 / GMT - 03:00";"Unimar Pesquisa (0020ED51)";"-22,2476";"-49,9764";0;0;0,3;23;23,67;24,23;74,96;79,03;83,57;2,5;
"10/01/2026 - 02:00 / GMT - 03:00";"Unimar Pesquisa (0020ED51)";"-22,2476";"-49,9764";0;0;0;23,14;23,42;23,66;78,68;79,86;81,66;1,4;
"10/01/2026 - 03:00 / GMT - 03:00";"Unimar Pesquisa (0020ED51)";"-22,2476";"-49,9764";0;0;0,4;23,26;23,58;23,73;78,79;82,99;88,41;3,2;
"10/01/2026 - 04:00 / GMT - 03:00";"Unimar Pesquisa (0020ED51)";"-22,2476";"-49,9764";0;0;0,5;21,35;22,46;23,24;88,36;92,02;97,04;2,2;
"10/01/2026 - 05:00 / GMT - 03:00";"Unimar Pesquisa (0020ED51)";"-22,2476";"-49,9764";0;0;0,2;21,25;21,97;22,66;90,69;94,66;98,19;2,5;
"10/01/2026 - 06:00 / GMT - 03:00";"Unimar Pesquisa (0020ED51)";"-22,2476";"-49,9764";72;0;0,8;21,88;22,65;23,13;90,27;93,05;96,43;6,8;
"10/01/2026 - 07:00 / GMT - 03:00";"Unimar Pesquisa (0020ED51)";"-22,2476";"-49,9764";276;0;1,1;23,93;24,95;25,93;80,46;84,88;88,93;5,4;
"10/01/2026 - 08:00 / GMT - 03:00";"Unimar Pesquisa (0020ED51)";"-22,2476";"-49,9764";360;0;2;25,82;27,17;29,57;65,86;73,71;81,17;5,4;
"10/01/2026 - 09:00 / GMT - 03:00";"Unimar Pesquisa (0020ED51)";"-22,2476";"-49,9764";506;0;3,1;28,42;29,26;30,17;60,54;65,73;70,17;9;
"10/01/2026 - 10:00 / GMT - 03:00";"Unimar Pesquisa (0020ED51)";"-22,2476";"-49,9764";704;0;5,7;29,95;30,54;31,22;52,8;59,85;65,77;14;
"10/01/2026 - 11:00 / GMT - 03:00";"Unimar Pesquisa (0020ED51)";"-22,2476";"-49,9764";909;0;6,5;31,09;31,8;32,43;46,83;53,49;60,26;17,6;
"10/01/2026 - 12:00 / GMT - 03:00";"Unimar Pesquisa (0020ED51)";"-22,2476";"-49,9764";798;0;9,3;30,05;30,98;31,72;51,31;56,66;61,2;23,4;
"10/01/2026 - 13:00 / GMT - 03:00";"Unimar Pesquisa (0020ED51)";"-22,2476";"-49,9764";198;0;6,1;26,67;29,04;30,49;53,31;60,53;70,56;16,9;
"10/01/2026 - 14:00 / GMT - 03:00";"Unimar Pesquisa (0020ED51)";"-22,2476";"-49,9764";81;10,8;7,2;19,94;23,07;26,36;72,72;85,92;98,43;31;
"10/01/2026 - 15:00 / GMT - 03:00";"Unimar Pesquisa (0020ED51)";"-22,2476";"-49,9764";198;0;4,4;21,97;22,99;24,52;84,07;88,95;92,21;51,5;
"10/01/2026 - 16:00 / GMT - 03:00";"Unimar Pesquisa (0020ED51)";"-22,2476";"-49,9764";49;0,8;12,7;20,68;21,45;22,46;83,17;90,02;94,06;41,4;
"10/01/2026 - 17:00 / GMT - 03:00";"Unimar Pesquisa (0020ED51)";"-22,2476";"-49,9764";14;1,8;2,1;21,45;22,02;22,54;83,36;90,68;96,88;8,3;
"10/01/2026 - 18:00 / GMT - 03:00";"Unimar Pesquisa (0020ED51)";"-22,2476";"-49,9764";31;0;2;21,96;23,34;23,82;75,36;83,92;91,64;9,7;
"10/01/2026 - 19:00 / GMT - 03:00";"Unimar Pesquisa (0020ED51)";"-22,2476";"-49,9764";0;0;2,7;20,69;20,91;21,25;97,59;99,49;100;16,2;
"10/01/2026 - 20:00 / GMT - 03:00";"Unimar Pesquisa (0020ED51)";"-22,2476";"-49,9764";0;0;4,1;20,61;20,82;21;96,57;97,53;98,77;13,3;
"10/01/2026 - 21:00 / GMT - 03:00";"Unimar Pesquisa (0020ED51)";"-22,2476";"-49,9764";0;0;2,9;20,99;21,11;21,22;98,1;99,43;100;7,2;
"10/01/2026 - 22:00 / GMT - 03:00";"Unimar Pesquisa (0020ED51)";"-22,2476";"-49,9764";0;0;5;20,48;20,97;21,3;97,79;99,39;100;13,3;
"10/01/2026 - 23:00 / GMT - 03:00";"Unimar Pesquisa (0020ED51)";"-22,2476";"-49,9764";0;0;2,7;20,34;20,39;20,46;99,99;100;100;8,3;
"11/01/2026 - 00:00 / GMT - 03:00";"Unimar Pesquisa (0020ED51)";"-22,2476";"-49,9764";0;0;1,7;20,02;20,21;20,45;99,99;99,99;99,99;7,6;4,7
"11/01/2026 - 01:00 / GMT - 03:00";"Unimar Pesquisa (0020ED51)";"-22,2476";"-49,9764";0;1,6;8,1;20,39;20,63;20,97;98,48;99,66;99,99;26,3;
"11/01/2026 - 02:00 / GMT - 03:00";"Unimar Pesquisa (0020ED51)";"-22,2476";"-49,9764";0;0,8;2,4;19,78;20,04;20,45;99,97;99,98;99,99;10,8;
"11/01/2026 - 03:00 / GMT - 03:00";"Unimar Pesquisa (0020ED51)";"-22,2476";"-49,9764";0;0,2;1,1;19,58;19,75;19,89;99,97;99,97;99,97;4,3;
"11/01/2026 - 04:00 / GMT - 03:00";"Unimar Pesquisa (0020ED51)";"-22,2476";"-49,9764";0;0;1,8;19,75;20;20,33;97,05;99,73;99,99;5,8;
"11/01/2026 - 05:00 / GMT - 03:00";"Unimar Pesquisa (0020ED51)";"-22,2476";"-49,9764";0;0;3,2;20,38;20,52;20,66;95,28;95,84;96,61;10,1;
"11/01/2026 - 06:00 / GMT - 03:00";"Unimar Pesquisa (0020ED51)";"-22,2476";"-49,9764";13;0;3,1;20,58;20,95;21,4;93,24;95,73;98,03;7,6;
"11/01/2026 - 07:00 / GMT - 03:00";"Unimar Pesquisa (0020ED51)";"-22,2476";"-49,9764";154;0;1,7;21,31;22,13;23,24;87,65;90,99;94,96;5;
"11/01/2026 - 08:00 / GMT - 03:00";"Unimar Pesquisa (0020ED51)";"-22,2476";"-49,9764";234;0,2;2,4;22,65;23,23;24,15;82,16;89,95;97,19;9,7;
"11/01/2026 - 09:00 / GMT - 03:00";"Unimar Pesquisa (0020ED51)";"-22,2476";"-49,9764";397;0;5,2;22,92;25,22;26,8;65,94;80,21;95,43;11,9;
"11/01/2026 - 10:00 / GMT - 03:00";"Unimar Pesquisa (0020ED51)";"-22,2476";"-49,9764";477;0;3,7;26,1;26,71;27,25;66,54;69,89;76,44;11,2;
"11/01/2026 - 11:00 / GMT - 03:00";"Unimar Pesquisa (0020ED51)";"-22,2476";"-49,9764";781;0;3,2;27,21;28,23;28,92;63,56;65,49;67,64;13;
"11/01/2026 - 12:00 / GMT - 03:00";"Unimar Pesquisa (0020ED51)";"-22,2476";"-49,9764";1074;0;3,1;28,5;29,18;30,18;56,68;63,52;69,64;11,5;
"11/01/2026 - 13:00 / GMT - 03:00";"Unimar Pesquisa (0020ED51)";"-22,2476";"-49,9764";906;0;3,2;28,66;29,75;31,17;55,54;62,2;66,45;9,4;
"11/01/2026 - 14:00 / GMT - 03:00";"Unimar Pesquisa (0020ED51)";"-22,2476";"-49,9764";922;0;5,6;29,68;30,06;30,58;59,95;64,75;67,88;14,8;
"11/01/2026 - 15:00 / GMT - 03:00";"Unimar Pesquisa (0020ED51)";"-22,2476";"-49,9764";687;0;4,9;29,02;30;30,77;56,62;64,04;69,18;11,2;
"11/01/2026 - 16:00 / GMT - 03:00";"Unimar Pesquisa (0020ED51)";"-22,2476";"-49,9764";563;0;6,5;28,32;29,15;29,62;66,43;69,38;73,62;16,6;
"11/01/2026 - 17:00 / GMT - 03:00";"Unimar Pesquisa (0020ED51)";"-22,2476";"-49,9764";149;0;3,2;26,29;26,92;29,16;66,75;78,75;82,95;13,3;
"11/01/2026 - 18:00 / GMT - 03:00";"Unimar Pesquisa (0020ED51)";"-22,2476";"-49,9764";68;0;2,3;25,47;25,91;26,26;79,53;81,7;84,78;7,2;
"11/01/2026 - 19:00 / GMT - 03:00";"Unimar Pesquisa (0020ED51)";"-22,2476";"-49,9764";0;0;1,4;24,14;24,57;25,13;82,98;86,16;90,13;6,1;
"11/01/2026 - 20:00 / GMT - 03:00";"Unimar Pesquisa (0020ED51)";"-22,2476";"-49,9764";0;0;0,7;23,09;23,75;24,69;82,22;89,77;94,52;6,5;
"11/01/2026 - 21:00 / GMT - 03:00";"Unimar Pesquisa (0020ED51)";"-22,2476";"-49,9764";0;0;0,3;23,19;23,65;24,03;83,27;87,04;91,73;2,5;
"11/01/2026 - 22:00 / GMT - 03:00";"Unimar Pesquisa (0020ED51)";"-22,2476";"-49,9764";0;0;0,3;23,26;23,44;23,66;84,18;86,65;88,8;3,2;
"11/01/2026 - 23:00 / GMT - 03:00";"Unimar Pesquisa (0020ED51)";"-22,2476";"-49,9764";0;0;0,3;22,46;23,04;23,47;84,87;89,05;92,08;3,2;
"12/01/2026 - 00:00 / GMT - 03:00";"Unimar Pesquisa (0020ED51)";"-22,2476";"-49,9764";0;0;1,4;21,71;22,1;22,66;90,04;94,05;96,8;4,3;4,5
"12/01/2026 - 01:00 / GMT - 03:00";"Unimar Pesquisa (0020ED51)";"-22,2476";"-49,9764";0;0;3,4;21,97;22,39;22,94;88,96;93,68;98;19,1;
"12/01/2026 - 02:00 / GMT - 03:00";"Unimar Pesquisa (0020ED51)";"-22,2476";"-49,9764";0;0;3,2;21,17;22,09;22,91;89,28;93,85;100;18;
"12/01/2026 - 03:00 / GMT - 03:00";"Unimar Pesquisa (0020ED51)";"-22,2476";"-49,9764";0;0;2;21,06;21,18;21,39;99,16;99,83;100;7,6;
"12/01/2026 - 04:00 / GMT - 03:00";"Unimar Pesquisa (0020ED51)";"-22,2476";"-49,9764";0;0;2,7;20,97;21,15;21,36;99,73;99,96;100;9;
"12/01/2026 - 05:00 / GMT - 03:00";"Unimar Pesquisa (0020ED51)";"-22,2476";"-49,9764";0;0;2,8;20,9;21,06;21,3;99,52;99,93;100;7,6;
"12/01/2026 - 06:00 / GMT - 03:00";"Unimar Pesquisa (0020ED51)";"-22,2476";"-49,9764";27;0;0,7;21,06;21,53;21,9;96,09;98,71;100;5,8;
"12/01/2026 - 07:00 / GMT - 03:00";"Unimar Pesquisa (0020ED51)";"-22,2476";"-49,9764";177;0;1,2;22,01;22,97;23,9;85,37;90,48;100;5,4;
"12/01/2026 - 08:00 / GMT - 03:00";"Unimar Pesquisa (0020ED51)";"-22,2476";"-49,9764";280;0;2,4;23,46;23,92;24,53;81,93;85,12;87,65;7,2;
"12/01/2026 - 09:00 / GMT - 03:00";"Unimar Pesquisa (0020ED51)";"-22,2476";"-49,9764";400;0;3,4;23,91;24,56;25,32;78,78;83,32;88,35;7,6;
"12/01/2026 - 10:00 / GMT - 03:00";"Unimar Pesquisa (0020ED51)";"-22,2476";"-49,9764";435;0;2,3;24,93;25,59;26,28;75,99;79,64;84,43;7,2;
"12/01/2026 - 11:00 / GMT - 03:00";"Unimar Pesquisa (0020ED51)";"-22,2476";"-49,9764";586;0;2,6;26,22;26,55;27,37;67,83;73,73;80,54;7,9;
"12/01/2026 - 12:00 / GMT - 03:00";"Unimar Pesquisa (0020ED51)";"-22,2476";"-49,9764";561;0;3;26,2;26,9;27,31;66,33;73,49;78,06;10,1;
"12/01/2026 - 13:00 / GMT - 03:00";"Unimar Pesquisa (0020ED51)";"-22,2476";"-49,9764";705;0;2,9;27,36;27,99;29,3;65,02;70,45;73,75;9,7;
"12/01/2026 - 14:00 / GMT - 03:00";"Unimar Pesquisa (0020ED51)";"-22,2476";"-49,9764";860;0;3,8;27,58;28,64;29,64;66,75;71,21;76,42;12,2;
"12/01/2026 - 15:00 / GMT - 03:00";"Unimar Pesquisa (0020ED51)";"-22,2476";"-49,9764";693;0;3,5;28,06;29,34;30,49;62,91;67,13;73,81;15,5;
"12/01/2026 - 16:00 / GMT - 03:00";"Unimar Pesquisa (0020ED51)";"-22,2476";"-49,9764";597;0;4;29,21;29,43;29,67;63,03;65,95;69,79;10,8;
"12/01/2026 - 17:00 / GMT - 03:00";"Unimar Pesquisa (0020ED51)";"-22,2476";"-49,9764";400;0;2,2;29,54;29,85;30,96;54,16;63,19;67,35;8,6;
"12/01/2026 - 18:00 / GMT - 03:00";"Unimar Pesquisa (0020ED51)";"-22,2476";"-49,9764";236;0;3,4;27,21;28,3;29,43;60,37;64,45;70,7;11,9;
"12/01/2026 - 19:00 / GMT - 03:00";"Unimar Pesquisa (0020ED51)";"-22,2476";"-49,9764";2;0;0,3;25,12;26,02;26,95;62,26;70,22;81,66;2,9;
"12/01/2026 - 20:00 / GMT - 03:00";"Unimar Pesquisa (0020ED51)";"-22,2476";"-49,9764";0;0;2,3;22,55;24,69;25,51;69,75;76,27;84,89;25,9;
"12/01/2026 - 21:00 / GMT - 03:00";"Unimar Pesquisa (0020ED51)";"-22,2476";"-49,9764";0;2,2;6,8;20,01;20,67;21,82;86,96;94,4;100;20,5;
"12/01/2026 - 22:00 / GMT - 03:00";"Unimar Pesquisa (0020ED51)";"-22,2476";"-49,9764";0;4,2;1,8;19,44;19,87;20,31;97,24;99,55;100;6,1;
"12/01/2026 - 23:00 / GMT - 03:00";"Unimar Pesquisa (0020ED51)";"-22,2476";"-49,9764";0;0,6;10,1;19,87;20,03;20,32;95,91;98,85;100;32,4;
"13/01/2026 - 00:00 / GMT - 03:00";"Unimar Pesquisa (0020ED51)";"-22,2476";"-49,9764";0;0,8;3,5;19,22;19,41;19,62;99,97;99,98;99,99;10,4;3,9
"13/01/2026 - 01:00 / GMT - 03:00";"Unimar Pesquisa (0020ED51)";"-22,2476";"-49,9764";0;0;1,6;19,05;19,21;19,37;99,97;99,97;99,97;6,8;
"13/01/2026 - 02:00 / GMT - 03:00";"Unimar Pesquisa (0020ED51)";"-22,2476";"-49,9764";0;0;9,5;19,38;19,66;20,05;95,19;97,93;100;28,4;
"13/01/2026 - 03:00 / GMT - 03:00";"Unimar Pesquisa (0020ED51)";"-22,2476";"-49,9764";0;0;2,5;18,9;19,17;19,49;94,71;97,25;99,37;9,7;
"13/01/2026 - 04:00 / GMT - 03:00";"Unimar Pesquisa (0020ED51)";"-22,2476";"-49,9764";0;0;1;19;19,69;20,3;86,18;93,35;100;4,3;
"13/01/2026 - 05:00 / GMT - 03:00";"Unimar Pesquisa (0020ED51)";"-22,2476";"-49,9764";0;0;0,7;18,58;18,8;19,26;99,1;99,91;100;4;
"13/01/2026 - 06:00 / GMT - 03:00";"Unimar Pesquisa (0020ED51)";"-22,2476";"-49,9764";13;0;2;18,53;18,91;19,19;97,46;99,32;100;11,2;
"13/01/2026 - 07:00 / GMT - 03:00";"Unimar Pesquisa (0020ED51)";"-22,2476";"-49,9764";90;0;3,9;19,36;19,89;20,2;89,8;93;98,36;10,8;
"13/01/2026 - 08:00 / GMT - 03:00";"Unimar Pesquisa (0020ED51)";"-22,2476";"-49,9764";192;0;2,6;20,39;20,91;21,53;84,72;89,58;93,28;9,7;
"13/01/2026 - 09:00 / GMT - 03:00";"Unimar Pesquisa (0020ED51)";"-22,2476";"-49,9764";274;0;4,4;20,67;20,98;21,8;89,6;92,64;94,66;11,2;
"13/01/2026 - 10:00 / GMT - 03:00";"Unimar Pesquisa (0020ED51)";"-22,2476";"-49,9764";509;0;10,6;22,04;23,12;24,43;81,79;86,14;89,44;24,5;
"13/01/2026 - 11:00 / GMT - 03:00";"Unimar Pesquisa (0020ED51)";"-22,2476";"-49,9764";880;0;10,7;24,19;25,53;26,67;75,67;79,25;84,94;29,9;
"13/01/2026 - 12:00 / GMT - 03:00";"Unimar Pesquisa (0020ED51)";"-22,2476";"-49,9764";900;0;9,1;25,93;26,63;28;71,47;75,97;80,36;25,6;
"13/01/2026 - 13:00 / GMT - 03:00";"Unimar Pesquisa (0020ED51)";"-22,2476";"-49,9764";1018;0;6,4;26,37;27,56;29,01;64,79;70,85;75,72;15,8;
"13/01/2026 - 14:00 / GMT - 03:00";"Unimar Pesquisa (0020ED51)";"-22,2476";"-49,9764";745;0;5,7;26,93;27,74;29,3;64,74;69,97;74,65;13,7;
"13/01/2026 - 15:00 / GMT - 03:00";"Unimar Pesquisa (0020ED51)";"-22,2476";"-49,9764";459;0;4,1;27,08;27,79;28,43;63,33;68,28;73,17;13,7;
"13/01/2026 - 16:00 / GMT - 03:00";"Unimar Pesquisa (0020ED51)";"-22,2476";"-49,9764";87;0;5,7;25,5;26,02;26,74;73,6;76,66;81,12;14,4;
"13/01/2026 - 17:00 / GMT - 03:00";"Unimar Pesquisa (0020ED51)";"-22,2476";"-49,9764";44;0,4;3,7;23,53;24,41;25,44;80,46;89,08;99,07;10,4;
"13/01/2026 - 18:00 / GMT - 03:00";"Unimar Pesquisa (0020ED51)";"-22,2476";"-49,9764";27;0;1,9;23,3;23,66;24,02;94,72;96,24;97,92;8,6;
"13/01/2026 - 19:00 / GMT - 03:00";"Unimar Pesquisa (0020ED51)";"-22,2476";"-49,9764";0;0;2,9;22,69;22,88;23,32;94,96;97,03;98,12;7,2;
"13/01/2026 - 20:00 / GMT - 03:00";"Unimar Pesquisa (0020ED51)";"-22,2476";"-49,9764";0;0;3,8;22,43;22,56;22,78;89,23;93,88;96,31;19,8;
"13/01/2026 - 21:00 / GMT - 03:00";"Unimar Pesquisa (0020ED51)";"-22,2476";"-49,9764";0;0;5,4;19,51;20,48;21,9;88,82;94,09;98,93;23;
"13/01/2026 - 22:00 / GMT - 03:00";"Unimar Pesquisa (0020ED51)";"-22,2476";"-49,9764";0;0;1,5;19,38;19,52;19,68;99,25;99,83;100;4,7;
"13/01/2026 - 23:00 / GMT - 03:00";"Unimar Pesquisa (0020ED51)";"-22,2476";"-49,9764";0;0;1,5;19,39;19,62;19,97;99,63;99,95;100;5,8;
"14/01/2026 - 00:00 / GMT - 03:00";"Unimar Pesquisa (0020ED51)";"-22,2476";"-49,9764";0;0;5,3;19,94;20,19;20,43;97,85;98,48;99,38;21,2;5,4
"14/01/2026 - 01:00 / GMT - 03:00";"Unimar Pesquisa (0020ED51)";"-22,2476";"-49,9764";0;0;9,5;20,42;20,68;20,86;94,4;96,3;98,39;25,9;
"14/01/2026 - 02:00 / GMT - 03:00";"Unimar Pesquisa (0020ED51)";"-22,2476";"-49,9764";0;0;8,6;20,29;20,84;21,3;89,55;92,9;95,91;18,7;
"14/01/2026 - 03:00 / GMT - 03:00";"Unimar Pesquisa (0020ED51)";"-22,2476";"-49,9764";0;0;6,6;20,04;20,13;20,39;92,92;94,23;94,98;18,4;
"14/01/2026 - 04:00 / GMT - 03:00";"Unimar Pesquisa (0020ED51)";"-22,2476";"-49,9764";0;0;7,2;19,78;20,06;20,33;92,29;93,9;95,46;16,6;
"14/01/2026 - 05:00 / GMT - 03:00";"Unimar Pesquisa (0020ED51)";"-22,2476";"-49,9764";0;0;6,5;19,6;19,78;19,92;91,63;93,75;95,61;17,3;
"14/01/2026 - 06:00 / GMT - 03:00";"Unimar Pesquisa (0020ED51)";"-22,2476";"-49,9764";52;0;7,7;19,84;20,19;20,53;88,33;91,27;92,88;23,4;
"14/01/2026 - 07:00 / GMT - 03:00";"Unimar Pesquisa (0020ED51)";"-22,2476";"-49,9764";136;0;6,8;20,48;20,82;21,26;84,37;87;89,93;15,5;
"14/01/2026 - 08:00 / GMT - 03:00";"Unimar Pesquisa (0020ED51)";"-22,2476";"-49,9764";240;0;2,8;21,32;21,98;22,85;80,23;83,48;86,06;11,9;
"14/01/2026 - 09:00 / GMT - 03:00";"Unimar Pesquisa (0020ED51)";"-22,2476";"-49,9764";464;0;3,5;22,81;24,13;26,03;70,79;77,36;84,74;13,3;
"14/01/2026 - 10:00 / GMT - 03:00";"Unimar Pesquisa (0020ED51)";"-22,2476";"-49,9764";642;0;4,8;24,9;25,56;26,65;67,72;71,14;77,71;13,3;
"14/01/2026 - 11:00 / GMT - 03:00";"Unimar Pesquisa (0020ED51)";"-22,2476";"-49,9764";764;0;3,9;25,82;26,97;27,79;60,51;66,01;71,94;11,9;
"14/01/2026 - 12:00 / GMT - 03:00";"Unimar Pesquisa (0020ED51)";"-22,2476";"-49,9764";1145;0;4,5;27,56;28,36;28,94;57,84;64,08;67,9;18;
"14/01/2026 - 13:00 / GMT - 03:00";"Unimar Pesquisa (0020ED51)";"-22,2476";"-49,9764";835;0;2,9;28,04;28,79;29,66;56,9;60,77;65,14;10,1;
"14/01/2026 - 14:00 / GMT - 03:00";"Unimar Pesquisa (0020ED51)";"-22,2476";"-49,9764";1034;0;2,6;28,32;29,66;31,22;47,44;57,85;67,55;10,1;
"14/01/2026 - 15:00 / GMT - 03:00";"Unimar Pesquisa (0020ED51)";"-22,2476";"-49,9764";803;0;3;29,45;29,98;30,82;43,04;52,58;58,98;9;
"14/01/2026 - 16:00 / GMT - 03:00";"Unimar Pesquisa (0020ED51)";"-22,2476";"-49,9764";578;0;1,9;29,99;30,53;31,31;47,22;50,47;53,12;9;
"14/01/2026 - 17:00 / GMT - 03:00";"Unimar Pesquisa (0020ED51)";"-22,2476";"-49,9764";314;0;2,1;28,79;29,62;30,31;49,76;53,63;59,7;6,5;
"14/01/2026 - 18:00 / GMT - 03:00";"Unimar Pesquisa (0020ED51)";"-22,2476";"-49,9764";59;0;0,1;26,26;27,51;28,81;58,88;65,41;72,2;3,2;
"14/01/2026 - 19:00 / GMT - 03:00";"Unimar Pesquisa (0020ED51)";"-22,2476";"-49,9764";5;0;1,3;24,83;25,41;26,03;69,16;78,47;83,53;5;
"14/01/2026 - 20:00 / GMT - 03:00";"Unimar Pesquisa (0020ED51)";"-22,2476";"-49,9764";0;0;0,7;24,1;24,52;24,79;84,41;87,02;91,36;4;
"14/01/2026 - 21:00 / GMT - 03:00";"Unimar Pesquisa (0020ED51)";"-22,2476";"-49,9764";0;0;0,9;23,18;24,03;24,99;83,88;89,94;95,08;6,1;
"14/01/2026 - 22:00 / GMT - 03:00";"Unimar Pesquisa (0020ED51)";"-22,2476";"-49,9764";0;0;3,7;23,15;23,54;24,02;82,67;89,43;94,75;28,1;
"14/01/2026 - 23:00 / GMT - 03:00";"Unimar Pesquisa (0020ED51)";"-22,2476";"-49,9764";0;0,2;16,5;20,65;21,28;22,72;83,94;94,17;99,33;39,2;
"15/01/2026 - 00:00 / GMT - 03:00";"Unimar Pesquisa (0020ED51)";"-22,2476";"-49,9764";0;0,8;9,8;20,23;20,39;20,65;97,49;99,28;100;26,6;3,2
"15/01/2026 - 01:00 / GMT - 03:00";"Unimar Pesquisa (0020ED51)";"-22,2476";"-49,9764";0;0,4;5;19,69;20,08;20,58;99,97;99,98;99,99;11,9;
"15/01/2026 - 02:00 / GMT - 03:00";"Unimar Pesquisa (0020ED51)";"-22,2476";"-49,9764";0;1,4;3,6;19,73;19,79;19,84;99,97;99,97;99,98;10,4;
"15/01/2026 - 03:00 / GMT - 03:00";"Unimar Pesquisa (0020ED51)";"-22,2476";"-49,9764";0;2;9,1;19,92;20,05;20,25;99,98;99,98;99,98;24,8;
"15/01/2026 - 04:00 / GMT - 03:00";"Unimar Pesquisa (0020ED51)";"-22,2476";"-49,9764";0;2;8,9;19,92;20,18;20,42;96,63;99,23;100;22,3;
"15/01/2026 - 05:00 / GMT - 03:00";"Unimar Pesquisa (0020ED51)";"-22,2476";"-49,9764";0;0,8;3;20,42;20,62;20,79;93,12;96,21;97,7;9;
"15/01/2026 - 06:00 / GMT - 03:00";"Unimar Pesquisa (0020ED51)";"-22,2476";"-49,9764";28;0;7,2;20,5;20,59;20,72;94,69;96,12;98,31;18,4;
"15/01/2026 - 07:00 / GMT - 03:00";"Unimar Pesquisa (0020ED51)";"-22,2476";"-49,9764";77;0;9,5;20,53;20,86;21,16;96,68;97,72;99,48;24,5;
"15/01/2026 - 08:00 / GMT - 03:00";"Unimar Pesquisa (0020ED51)";"-22,2476";"-49,9764";250;0;3,3;21,28;21,92;22,46;93,34;96,01;98,5;11,2;
"15/01/2026 - 09:00 / GMT - 03:00";"Unimar Pesquisa (0020ED51)";"-22,2476";"-49,9764";447;0;2,2;22,22;23,43;24,33;81,82;88,42;96,92;7,9;
"15/01/2026 - 10:00 / GMT - 03:00";"Unimar Pesquisa (0020ED51)";"-22,2476";"-49,9764";656;0;4,4;25,16;25,8;26,62;72,69;76,97;83,21;13,3;
"15/01/2026 - 11:00 / GMT - 03:00";"Unimar Pesquisa (0020ED51)";"-22,2476";"-49,9764";614;0;3,3;25,59;26,28;27,63;70,16;75,38;78,76;9,4;
"15/01/2026 - 12:00 / GMT - 03:00";"Unimar Pesquisa (0020ED51)";"-22,2476";"-49,9764";907;0;3,4;26,82;27,63;29,11;61,43;68,99;75,51;13;
"15/01/2026 - 13:00 / GMT - 03:00";"Unimar Pesquisa (0020ED51)";"-22,2476";"-49,9764";663;0;5,1;23,86;27,22;28,8;61,32;72,05;84,39;22,3;
"15/01/2026 - 14:00 / GMT - 03:00";"Unimar Pesquisa (0020ED51)";"-22,2476";"-49,9764";110;0;5;21,74;22,52;23,68;85,29;93,01;97,61;15,8;
"15/01/2026 - 15:00 / GMT - 03:00";"Unimar Pesquisa (0020ED51)";"-22,2476";"-49,9764";98;0;4,6;21,82;22,25;22,65;85,43;92,31;98,29;16,6;
"15/01/2026 - 16:00 / GMT - 03:00";"Unimar Pesquisa (0020ED51)";"-22,2476";"-49,9764";47;0,6;2,3;21,11;21,33;21,74;99,06;99,87;99,99;7,9;
"15/01/2026 - 17:00 / GMT - 03:00";"Unimar Pesquisa (0020ED51)";"-22,2476";"-49,9764";105;0;1,2;21,33;21,79;22,2;98,95;99,83;100;5,4;
"15/01/2026 - 18:00 / GMT - 03:00";"Unimar Pesquisa (0020ED51)";"-22,2476";"-49,9764";34;0;0,7;21,54;21,79;22,12;99,98;99,98;99,99;3,2;
"15/01/2026 - 19:00 / GMT - 03:00";"Unimar Pesquisa (0020ED51)";"-22,2476";"-49,9764";0;0;0,8;20,95;21,2;21,43;99,97;99,97;99,98;4;
"15/01/2026 - 20:00 / GMT - 03:00";"Unimar Pesquisa (0020ED51)";"-22,2476";"-49,9764";0;0;1,7;20,86;21,6;22,24;93,02;97,53;99,99;7,2;
"15/01/2026 - 21:00 / GMT - 03:00";"Unimar Pesquisa (0020ED51)";"-22,2476";"-49,9764";0;0;5,9;21,79;21,98;22,33;90,36;93,86;96,59;18;
"15/01/2026 - 22:00 / GMT - 03:00";"Unimar Pesquisa (0020ED51)";"-22,2476";"-49,9764";0;0;8,3;21,79;21,92;22,04;93,18;94,89;96,72;16,9;
"15/01/2026 - 23:00 / GMT - 03:00";"Unimar Pesquisa (0020ED51)";"-22,2476";"-49,9764";0;0;7,8;21,02;21,2;21,59;98,37;99,84;100;20,9;
"16/01/2026 - 00:00 / GMT - 03:00";"Unimar Pesquisa (0020ED51)";"-22,2476";"-49,9764";0;0;5,9;20,82;21,03;21,24;96,83;98,17;99,23;14,8;4,7
"16/01/2026 - 01:00 / GMT - 03:00";"Unimar Pesquisa (0020ED51)";"-22,2476";"-49,9764";0;0;14;20,62;20,94;21,16;95,92;96,89;98,17;37,4;
"16/01/2026 - 02:00 / GMT - 03:00";"Unimar Pesquisa (0020ED51)";"-22,2476";"-49,9764";0;0,2;14,8;20,22;20,31;20,49;99,49;99,95;100;28,8;
"16/01/2026 - 03:00 / GMT - 03:00";"Unimar Pesquisa (0020ED51)";"-22,2476";"-49,9764";0;0;6,3;20,19;20,3;20,38;99,99;99,99;99,99;23;
"16/01/2026 - 04:00 / GMT - 03:00";"Unimar Pesquisa (0020ED51)";"-22,2476";"-49,9764";0;0;6,3;19,97;20,04;20,14;99,99;99,99;100;17,6;
"16/01/2026 - 05:00 / GMT - 03:00";"Unimar Pesquisa (0020ED51)";"-22,2476";"-49,9764";0;0;5,9;19,88;19,95;20,01;99,99;99,99;99,99;13,3;
"16/01/2026 - 06:00 / GMT - 03:00";"Unimar Pesquisa (0020ED51)";"-22,2476";"-49,9764";27;0;5,7;19,81;19,93;20,21;99,98;99,98;99,99;13,7;
"16/01/2026 - 07:00 / GMT - 03:00";"Unimar Pesquisa (0020ED51)";"-22,2476";"-49,9764";175;0;5,8;20,36;21,02;22,04;92,92;97,31;100;13,7;
"16/01/2026 - 08:00 / GMT - 03:00";"Unimar Pesquisa (0020ED51)";"-22,2476";"-49,9764";300;0;6,4;21,96;23,2;23,86;82,14;86,62;91,9;16,2;
"16/01/2026 - 09:00 / GMT - 03:00";"Unimar Pesquisa (0020ED51)";"-22,2476";"-49,9764";488;0;5,8;24,02;24,98;25,94;75,46;78,48;81,28;16,2;
"16/01/2026 - 10:00 / GMT - 03:00";"Unimar Pesquisa (0020ED51)";"-22,2476";"-49,9764";717;0;5,7;25,59;26,56;27,59;70,08;73,19;79,02;16,6;
"16/01/2026 - 11:00 / GMT - 03:00";"Unimar Pesquisa (0020ED51)";"-22,2476";"-49,9764";907;0;3,5;27,09;27,83;28,46;60,63;67,86;71,85;13,3;
"16/01/2026 - 12:00 / GMT - 03:00";"Unimar Pesquisa (0020ED51)";"-22,2476";"-49,9764";1021;0;2,7;27,65;28,72;29,62;60,26;64,78;72,19;9,4;
"16/01/2026 - 13:00 / GMT - 03:00";"Unimar Pesquisa (0020ED51)";"-22,2476";"-49,9764";925;0;4;27,37;28,83;29,56;58,95;66,81;72,74;13;
"16/01/2026 - 14:00 / GMT - 03:00";"Unimar Pesquisa (0020ED51)";"-22,2476";"-49,9764";907;0;4,2;28,51;29,63;30,17;58,97;64,02;69,2;11,9;
"16/01/2026 - 15:00 / GMT - 03:00";"Unimar Pesquisa (0020ED51)";"-22,2476";"-49,9764";538;0;6,4;25,54;28,17;30,67;50,43;67,85;79,61;15,8;
"16/01/2026 - 16:00 / GMT - 03:00";"Unimar Pesquisa (0020ED51)";"-22,2476";"-49,9764";55;4,2;4,4;21,78;22,71;24,48;86,75;98,04;100;11,9;
"16/01/2026 - 17:00 / GMT - 03:00";"Unimar Pesquisa (0020ED51)";"-22,2476";"-49,9764";76;0,4;2,3;22,36;23,11;24,02;96,35;98,47;100;7,2;
"16/01/2026 - 18:00 / GMT - 03:00";"Unimar Pesquisa (0020ED51)";"-22,2476";"-49,9764";40;0;2,3;23,71;23,87;24,17;96,16;97,8;100;9,7;
"16/01/2026 - 19:00 / GMT - 03:00";"Unimar Pesquisa (0020ED51)";"-22,2476";"-49,9764";0;0;0,7;23,21;23,56;23,8;99,58;99,95;100;5,4;
"16/01/2026 - 20:00 / GMT - 03:00";"Unimar Pesquisa (0020ED51)";"-22,2476";"-49,9764";0;0;4,2;22,89;23,2;23,6;90,24;94,76;100;10,1;
"16/01/2026 - 21:00 / GMT - 03:00";"Unimar Pesquisa (0020ED51)";"-22,2476";"-49,9764";0;0;3,2;22,84;22,95;23,26;92,77;94,58;95,87;8,6;
"16/01/2026 - 22:00 / GMT - 03:00";"Unimar Pesquisa (0020ED51)";"-22,2476";"-49,9764";0;0;5,3;22,04;22,42;22,71;95,76;97,08;99,56;15,1;
"16/01/2026 - 23:00 / GMT - 03:00";"Unimar Pesquisa (0020ED51)";"-22,2476";"-49,9764";0;0;4,6;21,36;21,57;21,93;99,98;99,98;100;11,5;
"17/01/2026 - 00:00 / GMT - 03:00";"Unimar Pesquisa (0020ED51)";"-22,2476";"-49,9764";0;0;5,7;21,05;21,28;21,4;99,97;99,97;99,98;14,8;4,5
"17/01/2026 - 01:00 / GMT - 03:00";"Unimar Pesquisa (0020ED51)";"-22,2476";"-49,9764";0;0;3,4;20,69;20,85;21,09;99,98;99,98;99,98;10,4;
"17/01/2026 - 02:00 / GMT - 03:00";"Unimar Pesquisa (0020ED51)";"-22,2476";"-49,9764";0;0;2;20,52;20,67;20,81;99,98;99,99;99,99;5,4;
"17/01/2026 - 03:00 / GMT - 03:00";"Unimar Pesquisa (0020ED51)";"-22,2476";"-49,9764";0;0;0;19,9;20,11;20,46;99,97;99,97;99,99;2,2;
"17/01/2026 - 04:00 / GMT - 03:00";"Unimar Pesquisa (0020ED51)";"-22,2476";"-49,9764";0;0;0;19,86;19,94;20,07;99,97;99,97;99,97;1,8;
"17/01/2026 - 05:00 / GMT - 03:00";"Unimar Pesquisa (0020ED51)";"-22,2476";"-49,9764";0;0;0,3;19,83;19,94;20,2;99,97;99,97;99,97;2,5;
"17/01/2026 - 06:00 / GMT - 03:00";"Unimar Pesquisa (0020ED51)";"-22,2476";"-49,9764";32;0,2;2,5;19,96;20,39;20,72;99,97;99,98;99,98;6,5;
"17/01/2026 - 07:00 / GMT - 03:00";"Unimar Pesquisa (0020ED51)";"-22,2476";"-49,9764";167;0;2,6;20,63;21,49;22,63;97,94;99,68;99,99;7,9;
"17/01/2026 - 08:00 / GMT - 03:00";"Unimar Pesquisa (0020ED51)";"-22,2476";"-49,9764";274;0;1,6;21,8;22,48;23,3;93,77;98,18;100;6,8;
"17/01/2026 - 09:00 / GMT - 03:00";"Unimar Pesquisa (0020ED51)";"-22,2476";"-49,9764";215;0;1,3;22,62;22,96;23,3;92,04;94,22;97,11;5;
"17/01/2026 - 10:00 / GMT - 03:00";"Unimar Pesquisa (0020ED51)";"-22,2476";"-49,9764";501;0;0,9;23,01;24,24;25,3;82,14;88,49;94,78;5,8;
"17/01/2026 - 11:00 / GMT - 03:00";"Unimar Pesquisa (0020ED51)";"-22,2476";"-49,9764";722;0;5,3;25,02;25,47;26,12;81,44;85,11;87,87;11,9;
"17/01/2026 - 12:00 / GMT - 03:00";"Unimar Pesquisa (0020ED51)";"-22,2476";"-49,9764";746;0;3;25,94;27,18;28,04;68,33;75,91;82,32;11,9;
"17/01/2026 - 13:00 / GMT - 03:00";"Unimar Pesquisa (0020ED51)";"-22,2476";"-49,9764";784;0;2,7;27,15;28,2;29;67,64;71,89;80,12;10,1;
"17/01/2026 - 14:00 / GMT - 03:00";"Unimar Pesquisa (0020ED51)";"-22,2476";"-49,9764";984;0;3,5;28,33;29,22;29,83;61,97;65,16;72,35;9,7;
"17/01/2026 - 15:00 / GMT - 03:00";"Unimar Pesquisa (0020ED51)";"-22,2476";"-49,9764";773;0;3,2;27,99;29,55;30,4;57,31;63,96;67,32;10,4;
"17/01/2026 - 16:00 / GMT - 03:00";"Unimar Pesquisa (0020ED51)";"-22,2476";"-49,9764";486;0;2,4;28,45;29,59;30,5;58,84;63,76;69,51;8,3;
"17/01/2026 - 17:00 / GMT - 03:00";"Unimar Pesquisa (0020ED51)";"-22,2476";"-49,9764";367;0;2,2;28,61;29,46;30,25;61,05;64,67;70,6;6,1;
"17/01/2026 - 18:00 / GMT - 03:00";"Unimar Pesquisa (0020ED51)";"-22,2476";"-49,9764";120;0;1,3;26,01;27,73;29,33;61,95;71,06;81,39;4;
"17/01/2026 - 19:00 / GMT - 03:00";"Unimar Pesquisa (0020ED51)";"-22,2476";"-49,9764";8;0;1,4;24,75;25,47;26,49;77,07;81,25;84,99;3,6;
"17/01/2026 - 20:00 / GMT - 03:00";"Unimar Pesquisa (0020ED51)";"-22,2476";"-49,9764";0;0;1,4;24,62;24,96;25,27;78,86;80,55;84,07;3,2;
"17/01/2026 - 21:00 / GMT - 03:00";"Unimar Pesquisa (0020ED51)";"-22,2476";"-49,9764";0;0;1,9;24,23;24,56;25;78,94;82,64;84,84;4;
"17/01/2026 - 22:00 / GMT - 03:00";"Unimar Pesquisa (0020ED51)";"-22,2476";"-49,9764";0;0;1,9;24,03;24,26;24,68;80,59;84,4;86,81;3,6;
"17/01/2026 - 23:00 / GMT - 03:00";"Unimar Pesquisa (0020ED51)";"-22,2476";"-49,9764";0;0;1,9;23,79;23,93;24,03;85,65;86,61;87,36;4;
"18/01/2026 - 00:00 / GMT - 03:00";"Unimar Pesquisa (0020ED51)";"-22,2476";"-49,9764";0;0;2,1;23,81;23,96;24,18;84,44;85,66;86,97;4;4,5
"18/01/2026 - 01:00 / GMT - 03:00";"Unimar Pesquisa (0020ED51)";"-22,2476";"-49,9764";0;0;1,7;23,61;23,77;23,92;85,1;86,35;87,62;4,3;
"18/01/2026 - 02:00 / GMT - 03:00";"Unimar Pesquisa (0020ED51)";"-22,2476";"-49,9764";0;0;1,5;22,03;23,33;23,91;84,15;88,34;97,95;10,4;
"18/01/2026 - 03:00 / GMT - 03:00";"Unimar Pesquisa (0020ED51)";"-22,2476";"-49,9764";0;0;1,2;21,86;22,06;22,35;95,64;97,75;99,69;5,8;
"18/01/2026 - 04:00 / GMT - 03:00";"Unimar Pesquisa (0020ED51)";"-22,2476";"-49,9764";0;0;1,4;21,9;22,17;22,38;96,11;97,43;99,33;6,5;
"18/01/2026 - 05:00 / GMT - 03:00";"Unimar Pesquisa (0020ED51)";"-22,2476";"-49,9764";0;0;1,4;21,56;21,75;21,94;98,01;99,23;100;5,8;
"18/01/2026 - 06:00 / GMT - 03:00";"Unimar Pesquisa (0020ED51)";"-22,2476";"-49,9764";23;0;1,7;21,53;21,78;22,02;99,23;99,87;100;7,6;
"18/01/2026 - 07:00 / GMT - 03:00";"Unimar Pesquisa (0020ED51)";"-22,2476";"-49,9764";10;0;4,8;21,98;22,09;22,18;98,87;99,47;100;13;
"18/01/2026 - 08:00 / GMT - 03:00";"Unimar Pesquisa (0020ED51)";"-22,2476";"-49,9764";0;1,8;3,4;21,07;21,62;22,09;99,97;99,98;100;17,3;
"18/01/2026 - 09:00 / GMT - 03:00";"Unimar Pesquisa (0020ED51)";"-22,2476";"-49,9764";156;1;3,5;21,1;22,02;23,38;99,97;99,98;100;9;
"18/01/2026 - 10:00 / GMT - 03:00";"Unimar Pesquisa (0020ED51)";"-22,2476";"-49,9764";401;0;5,3;23,72;24,4;25,02;90,62;94,26;99,99;16,2;
"18/01/2026 - 11:00 / GMT - 03:00";"Unimar Pesquisa (0020ED51)";"-22,2476";"-49,9764";641;0;4;25,08;25,95;28;77,87;87,74;91,24;9,4;
"18/01/2026 - 12:00 / GMT - 03:00";"Unimar Pesquisa (0020ED51)";"-22,2476";"-49,9764";1153;0;4,2;27,28;28,15;28,79;73,43;79,19;85,16;11,9;
"18/01/2026 - 13:00 / GMT - 03:00";"Unimar Pesquisa (0020ED51)";"-22,2476";"-49,9764";1143;0;4,4;28,63;29,29;30,57;65,85;73,45;77,25;14,4;
"18/01/2026 - 14:00 / GMT - 03:00";"Unimar Pesquisa (0020ED51)";"-22,2476";"-49,9764";855;0;5,6;29,36;30,06;30,77;60,91;66,39;74,1;18,4;
"18/01/2026 - 15:00 / GMT - 03:00";"Unimar Pesquisa (0020ED51)";"-22,2476";"-49,9764";707;0;7,1;27,19;29,43;31,2;57,35;65,81;72,63;19,1;
"18/01/2026 - 16:00 / GMT - 03:00";"Unimar Pesquisa (0020ED51)";"-22,2476";"-49,9764";486;0;7,5;27,48;28,16;28,84;65,7;69,04;71,17;24,5;
"18/01/2026 - 17:00 / GMT - 03:00";"Unimar Pesquisa (0020ED51)";"-22,2476";"-49,9764";236;0;3,3;27,13;27,49;28,03;72,36;76,2;78,24;11,9;
"18/01/2026 - 18:00 / GMT - 03:00";"Unimar Pesquisa (0020ED51)";"-22,2476";"-49,9764";94;0;3,2;25,04;26,17;27,04;77,3;81,85;88,53;9;
"18/01/2026 - 19:00 / GMT - 03:00";"Unimar Pesquisa (0020ED51)";"-22,2476";"-49,9764";0;0;0,6;23,58;24,26;24,75;88,98;91,51;95,26;3,2;
"18/01/2026 - 20:00 / GMT - 03:00";"Unimar Pesquisa (0020ED51)";"-22,2476";"-49,9764";0;0;2,5;23,48;23,89;24,55;80,41;88,18;92,35;5,8;
"18/01/2026 - 21:00 / GMT - 03:00";"Unimar Pesquisa (0020ED51)";"-22,2476";"-49,9764";0;0;5,8;23,13;23,87;24,84;78,7;85,22;89,98;24,1;
"18/01/2026 - 22:00 / GMT - 03:00";"Unimar Pesquisa (0020ED51)";"-22,2476";"-49,9764";0;0;5,6;22,22;22,42;22,86;93,54;96,56;98,15;14,8;
"18/01/2026 - 23:00 / GMT - 03:00";"Unimar Pesquisa (0020ED51)";"-22,2476";"-49,9764";0;0;2,8;22,03;22,24;22,38;91,98;93,65;95,67;10,1;
"19/01/2026 - 00:00 / GMT - 03:00";"Unimar Pesquisa (0020ED51)";"-22,2476";"-49,9764";0;0;0,9;21,36;21,61;22,01;95,44;98,04;99,24;3,6;5,4
"19/01/2026 - 01:00 / GMT - 03:00";"Unimar Pesquisa (0020ED51)";"-22,2476";"-49,9764";0;0;3,2;21,56;21,91;22,2;94,15;95,82;97,57;7,6;
"19/01/2026 - 02:00 / GMT - 03:00";"Unimar Pesquisa (0020ED51)";"-22,2476";"-49,9764";0;0;3,7;21,43;21,67;21,89;95,08;95,65;97,09;9;
"19/01/2026 - 03:00 / GMT - 03:00";"Unimar Pesquisa (0020ED51)";"-22,2476";"-49,9764";0;0;2,1;21,16;21,36;21,51;96,59;98,01;99,42;7,6;
"19/01/2026 - 04:00 / GMT - 03:00";"Unimar Pesquisa (0020ED51)";"-22,2476";"-49,9764";0;0;2,2;21,16;21,29;21,4;99,45;99,82;100;7,9;
"19/01/2026 - 05:00 / GMT - 03:00";"Unimar Pesquisa (0020ED51)";"-22,2476";"-49,9764";0;0;2,7;21,06;21,13;21,21;99,98;99,99;100;7,9;
"19/01/2026 - 06:00 / GMT - 03:00";"Unimar Pesquisa (0020ED51)";"-22,2476";"-49,9764";47;0;1,7;20,96;21,19;21,71;99,97;99,98;99,98;6,8;
"19/01/2026 - 07:00 / GMT - 03:00";"Unimar Pesquisa (0020ED51)";"-22,2476";"-49,9764";255;0;3,1;21,88;22,72;23,3;95,73;98,52;100;7,9;
"19/01/2026 - 08:00 / GMT - 03:00";"Unimar Pesquisa (0020ED51)";"-22,2476";"-49,9764";314;0;3,3;23,57;24,5;26,66;76,72;87,75;93,63;11,2;
"19/01/2026 - 09:00 / GMT - 03:00";"Unimar Pesquisa (0020ED51)";"-22,2476";"-49,9764";304;0;2,8;24,78;25,41;26,2;77,66;81,7;85,15;7,9;
"19/01/2026 - 10:00 / GMT - 03:00";"Unimar Pesquisa (0020ED51)";"-22,2476";"-49,9764";629;0;2,4;26,64;27,85;29,06;63,69;70,2;75,4;6,8;
"19/01/2026 - 11:00 / GMT - 03:00";"Unimar Pesquisa (0020ED51)";"-22,2476";"-49,9764";1021;0;3,1;28,07;29,06;29,96;56,87;61,77;67,23;11,5;
"19/01/2026 - 12:00 / GMT - 03:00";"Unimar Pesquisa (0020ED51)";"-22,2476";"-49,9764";1269;0;4,9;28,36;29,27;30,05;59,85;63,44;66,91;13,3;
"19/01/2026 - 13:00 / GMT - 03:00";"Unimar Pesquisa (0020ED51)";"-22,2476";"-49,9764";1016;0;6,3;28,14;29,56;30,65;56,46;62,51;67,34;14;
"19/01/2026 - 14:00 / GMT - 03:00";"Unimar Pesquisa (0020ED51)";"-22,2476";"-49,9764";1006;0;8,4;29,35;29,85;30,47;57,91;61,04;64,02;20,2;
"19/01/2026 - 15:00 / GMT - 03:00";"Unimar Pesquisa (0020ED51)";"-22,2476";"-49,9764";582;0;7,3;28,37;29,22;29,81;58,42;61,39;63,56;15,5;
"19/01/2026 - 16:00 / GMT - 03:00";"Unimar Pesquisa (0020ED51)";"-22,2476";"-49,9764";479;0;7;27,75;28,58;29,68;58,1;66,16;71,39;18,4;
"19/01/2026 - 17:00 / GMT - 03:00";"Unimar Pesquisa (0020ED51)";"-22,2476";"-49,9764";304;0;10,5;24,26;25,96;28,25;62,62;74,59;81,79;31,7;
"19/01/2026 - 18:00 / GMT - 03:00";"Unimar Pesquisa (0020ED51)";"-22,2476";"-49,9764";152;0;10,4;23,3;23,96;24,35;80,54;81,46;82,48;32;
"19/01/2026 - 19:00 / GMT - 03:00";"Unimar Pesquisa (0020ED51)";"-22,2476";"-49,9764";5;0;9,5;21,15;22,04;23,15;77,96;80,25;82,09;27,4;
"19/01/2026 - 20:00 / GMT - 03:00";"Unimar Pesquisa (0020ED51)";"-22,2476";"-49,9764";0;0;7,7;20,77;20,88;21,13;76,63;77,92;79,08;23,8;
"19/01/2026 - 21:00 / GMT - 03:00";"Unimar Pesquisa (0020ED51)";"-22,2476";"-49,9764";0;0;7,1;20,62;20,76;20,87;77,32;78,5;80,17;16,9;
"19/01/2026 - 22:00 / GMT - 03:00";"Unimar Pesquisa (0020ED51)";"-22,2476";"-49,9764";0;0;8,5;20,49;20,58;20,66;79,72;80,83;81,99;20,9;
"19/01/2026 - 23:00 / GMT - 03:00";"Unimar Pesquisa (0020ED51)";"-22,2476";"-49,9764";0;0;7,8;20,01;20,27;20,48;81,72;82,71;83,82;23;
"20/01/2026 - 00:00 / GMT - 03:00";"Unimar Pesquisa (0020ED51)";"-22,2476";"-49,9764";0;0;7,5;19,67;19,84;20,03;83,12;83,98;84,5;17,6;5,8
"20/01/2026 - 01:00 / GMT - 03:00";"Unimar Pesquisa (0020ED51)";"-22,2476";"-49,9764";0;0;7,5;19,25;19,5;19,64;82,06;82,96;84,02;23,4;
"20/01/2026 - 02:00 / GMT - 03:00";"Unimar Pesquisa (0020ED51)";"-22,2476";"-49,9764";0;0;8,6;19,02;19,14;19,23;81,74;82,59;83,68;21,2;
"20/01/2026 - 03:00 / GMT - 03:00";"Unimar Pesquisa (0020ED51)";"-22,2476";"-49,9764";0;0;6,5;18,59;18,76;18,96;83,23;84,13;85,42;16,9;
"20/01/2026 - 04:00 / GMT - 03:00";"Unimar Pesquisa (0020ED51)";"-22,2476";"-49,9764";0;0;8,1;18,28;18,37;18,57;82,54;84,08;85,28;20,2;
"20/01/2026 - 05:00 / GMT - 03:00";"Unimar Pesquisa (0020ED51)";"-22,2476";"-49,9764";0;0;9,6;18,04;18,19;18,3;81,95;82,62;83,25;21,6;
"20/01/2026 - 06:00 / GMT - 03:00";"Unimar Pesquisa (0020ED51)";"-22,2476";"-49,9764";51;0;8,1;17,47;17,71;17,95;81,48;82,77;83,98;19,8;
"20/01/2026 - 07:00 / GMT - 03:00";"Unimar Pesquisa (0020ED51)";"-22,2476";"-49,9764";253;0;8,8;18,03;18,65;19,36;74,72;78,18;80,9;20,5;
"20/01/2026 - 08:00 / GMT - 03:00";"Unimar Pesquisa (0020ED51)";"-22,2476";"-49,9764";316;0;10,5;19,26;20,02;20,71;68,89;71,98;75,72;23;
"20/01/2026 - 09:00 / GMT - 03:00";"Unimar Pesquisa (0020ED51)";"-22,2476";"-49,9764";532;0;9,8;20,6;21,65;22,51;63,63;65,78;69,88;25,2;
"20/01/2026 - 10:00 / GMT - 03:00";"Unimar Pesquisa (0020ED51)";"-22,2476";"-49,9764";734;0;8,8;22,62;23,38;24,17;58,59;61,17;63,11;23,4;
"20/01/2026 - 11:00 / GMT - 03:00";"Unimar Pesquisa (0020ED51)";"-22,2476";"-49,9764";975;0;7,9;23,79;24,63;25,37;56,75;59,99;64,7;20,2;
"20/01/2026 - 12:00 / GMT - 03:00";"Unimar Pesquisa (0020ED51)";"-22,2476";"-49,9764";1181;0;7,4;25,04;25,75;26,83;52,54;58,37;66,87;19,1;
"20/01/2026 - 13:00 / GMT - 03:00";"Unimar Pesquisa (0020ED51)";"-22,2476";"-49,9764";1126;0;7;26,06;26,67;27,19;53,76;55,93;59,64;17,6;
"20/01/2026 - 14:00 / GMT - 03:00";"Unimar Pesquisa (0020ED51)";"-22,2476";"-49,9764";1023;0;6,5;26,74;27,37;27,69;51,3;55,81;61,89;18,7;
"20/01/2026 - 15:00 / GMT - 03:00";"Unimar Pesquisa (0020ED51)";"-22,2476";"-49,9764";649;0;6,3;26,4;27,38;28,42;52,45;54,53;57,62;16,2;
"20/01/2026 - 16:00 / GMT - 03:00";"Unimar Pesquisa (0020ED51)";"-22,2476";"-49,9764";569;0;7,4;26,42;26,98;27,51;49,97;52,41;55,05;19,1;
"20/01/2026 - 17:00 / GMT - 03:00";"Unimar Pesquisa (0020ED51)";"-22,2476";"-49,9764";385;0;7,7;25,48;26,19;26,73;51,75;54,04;55,85;20,2;
"20/01/2026 - 18:00 / GMT - 03:00";"Unimar Pesquisa (0020ED51)";"-22,2476";"-49,9764";155;0;6,8;23,52;24,39;25,33;56,52;58,06;60,24;18,4;
"20/01/2026 - 19:00 / GMT - 03:00";"Unimar Pesquisa (0020ED51)";"-22,2476";"-49,9764";7;0;6,2;21,96;22,71;23,47;56,8;58,1;59,95;17,6;
"20/01/2026 - 20:00 / GMT - 03:00";"Unimar Pesquisa (0020ED51)";"-22,2476";"-49,9764";0;0;7,2;21,32;21,77;22,05;58,23;59,78;62,61;18;
"20/01/2026 - 21:00 / GMT - 03:00";"Unimar Pesquisa (0020ED51)";"-22,2476";"-49,9764";0;0;8,3;20,22;20,7;21,16;63,77;66,51;69,19;23;
"20/01/2026 - 22:00 / GMT - 03:00";"Unimar Pesquisa (0020ED51)";"-22,2476";"-49,9764";0;0;7,8;19,07;19,6;20,18;69,88;72,72;75,31;21,2;
"20/01/2026 - 23:00 / GMT - 03:00";"Unimar Pesquisa (0020ED51)";"-22,2476";"-49,9764";0;0;7,4;18,13;18,5;18,99;75,8;78,37;79,86;18,7;
"21/01/2026 - 00:00 / GMT - 03:00";"Unimar Pesquisa (0020ED51)";"-22,2476";"-49,9764";0;0;7,9;17,24;17,62;18,04;80,29;81,99;83,98;20,9;5,4
"21/01/2026 - 01:00 / GMT - 03:00";"Unimar Pesquisa (0020ED51)";"-22,2476";"-49,9764";0;0;6,6;16,9;17;17,13;82,55;83,88;85,1;18,4;
"21/01/2026 - 02:00 / GMT - 03:00";"Unimar Pesquisa (0020ED51)";"-22,2476";"-49,9764";0;0;5,4;16,45;16,64;16,84;83,36;84,22;85,32;19,4;
"21/01/2026 - 03:00 / GMT - 03:00";"Unimar Pesquisa (0020ED51)";"-22,2476";"-49,9764";0;0;4,2;15,49;16,03;16,69;83,51;88,79;93,07;17,3;
"21/01/2026 - 04:00 / GMT - 03:00";"Unimar Pesquisa (0020ED51)";"-22,2476";"-49,9764";0;0;4,4;15,44;15,61;15,86;89,9;91,95;93,37;14;
"21/01/2026 - 05:00 / GMT - 03:00";"Unimar Pesquisa (0020ED51)";"-22,2476";"-49,9764";0;0;6,4;15,51;15,58;15,65;91,99;92,41;93,25;13,3;
"21/01/2026 - 06:00 / GMT - 03:00";"Unimar Pesquisa (0020ED51)";"-22,2476";"-49,9764";51;0;5,4;15,38;15,63;16,28;89,67;93,09;94,78;14,4;
"21/01/2026 - 07:00 / GMT - 03:00";"Unimar Pesquisa (0020ED51)";"-22,2476";"-49,9764";235;0;7,6;16,46;17,23;18,19;82,18;85,7;89,8;16,9;
"21/01/2026 - 08:00 / GMT - 03:00";"Unimar Pesquisa (0020ED51)";"-22,2476";"-49,9764";313;0;8,4;18,27;19,22;20,27;72,87;77,18;81,44;19,8;
"21/01/2026 - 09:00 / GMT - 03:00";"Unimar Pesquisa (0020ED51)";"-22,2476";"-49,9764";531;0;8;19,87;20,88;22,13;68,72;71,26;74,08;19,1;
"21/01/2026 - 10:00 / GMT - 03:00";"Unimar Pesquisa (0020ED51)";"-22,2476";"-49,9764";709;0;6;21,55;23,16;24,59;63,16;67,04;71,09;14;
"21/01/2026 - 11:00 / GMT - 03:00";"Unimar Pesquisa (0020ED51)";"-22,2476";"-49,9764";889;0;4,7;23,71;24,81;26,2;57,41;62,35;66,7;14,4;
"21/01/2026 - 12:00 / GMT - 03:00";"Unimar Pesquisa (0020ED51)";"-22,2476";"-49,9764";1206;0;4,5;24,95;26,06;26,72;54,52;57,77;63,67;16,2;
"21/01/2026 - 13:00 / GMT - 03:00";"Unimar Pesquisa (0020ED51)";"-22,2476";"-49,9764";1186;0;4,7;26,43;27,11;27,55;49,61;53,66;61,12;14;
"21/01/2026 - 14:00 / GMT - 03:00";"Unimar Pesquisa (0020ED51)";"-22,2476";"-49,9764";999;0;4,2;27,29;27,91;28,47;48,66;51,38;56,76;14,4;
"21/01/2026 - 15:00 / GMT - 03:00";"Unimar Pesquisa (0020ED51)";"-22,2476";"-49,9764";679;0;4,2;26,5;27,88;28,93;46,02;48,62;50,54;13,3;
"21/01/2026 - 16:00 / GMT - 03:00";"Unimar Pesquisa (0020ED51)";"-22,2476";"-49,9764";272;0;4;25,23;26,34;27,7;50,66;54,58;59,95;10,4;
"21/01/2026 - 17:00 / GMT - 03:00";"Unimar Pesquisa (0020ED51)";"-22,2476";"-49,9764";316;0;4,3;25,02;25,74;26,58;57,42;60,39;64,42;12,6;
"21/01/2026 - 18:00 / GMT - 03:00";"Unimar Pesquisa (0020ED51)";"-22,2476";"-49,9764";80;0;6,9;23,23;24,02;24,9;61,02;62,78;65,24;25,6;
"21/01/2026 - 19:00 / GMT - 03:00";"Unimar Pesquisa (0020ED51)";"-22,2476";"-49,9764";0;0;7,2;22,12;22,71;23,12;63,46;64,69;67,11;20,5;
"21/01/2026 - 20:00 / GMT - 03:00";"Unimar Pesquisa (0020ED51)";"-22,2476";"-49,9764";0;0;7,8;21,16;21,61;22,18;66,11;68,04;69,9;23;
"21/01/2026 - 21:00 / GMT - 03:00";"Unimar Pesquisa (0020ED51)";"-22,2476";"-49,9764";0;0;8,8;20,32;20,77;21,29;64,81;65,99;66,73;21,2;
"21/01/2026 - 22:00 / GMT - 03:00";"Unimar Pesquisa (0020ED51)";"-22,2476";"-49,9764";0;0;8,3;19,07;19,58;20,19;66,65;70,17;72,78;32,4;
"21/01/2026 - 23:00 / GMT - 03:00";"Unimar Pesquisa (0020ED51)";"-22,2476";"-49,9764";0;0;7,2;18,08;18,52;19,04;73,48;75,53;78,14;26,3;
"22/01/2026 - 00:00 / GMT - 03:00";"Unimar Pesquisa (0020ED51)";"-22,2476";"-49,9764";0;0;6,1;17,61;17,84;18,08;77,34;78,45;79,5;19,1;4,6
"22/01/2026 - 01:00 / GMT - 03:00";"Unimar Pesquisa (0020ED51)";"-22,2476";"-49,9764";0;0;5,1;16,95;17,19;17,66;78,64;80,81;82,38;15,5;
"22/01/2026 - 02:00 / GMT - 03:00";"Unimar Pesquisa (0020ED51)";"-22,2476";"-49,9764";0;0;5,3;16,22;16,57;16,93;80,25;82,95;85,18;14,8;
"22/01/2026 - 03:00 / GMT - 03:00";"Unimar Pesquisa (0020ED51)";"-22,2476";"-49,9764";0;0;4,1;16,07;16,2;16,35;83,11;84,03;85,68;12,2;
"22/01/2026 - 04:00 / GMT - 03:00";"Unimar Pesquisa (0020ED51)";"-22,2476";"-49,9764";0;0;5,2;15,93;16,06;16,21;82,31;84,01;85,4;13;
"22/01/2026 - 05:00 / GMT - 03:00";"Unimar Pesquisa (0020ED51)";"-22,2476";"-49,9764";0;0;5,9;15,81;15,95;16,15;83,28;84,99;85,95;19,4;
"22/01/2026 - 06:00 / GMT - 03:00";"Unimar Pesquisa (0020ED51)";"-22,2476";"-49,9764";43;0;6,2;15,93;16,33;17,1;80,92;84,03;85,83;18;
"22/01/2026 - 07:00 / GMT - 03:00";"Unimar Pesquisa (0020ED51)";"-22,2476";"-49,9764";247;0;6,8;17,23;18,13;18,86;75,69;78,19;81,34;17,3;
"22/01/2026 - 08:00 / GMT - 03:00";"Unimar Pesquisa (0020ED51)";"-22,2476";"-49,9764";315;0;7,7;19,23;20,21;21,1;68,62;72,06;75,22;16,9;
"22/01/2026 - 09:00 / GMT - 03:00";"Unimar Pesquisa (0020ED51)";"-22,2476";"-49,9764";503;0;7;21,42;22,44;23,73;62,43;66,2;68,8;16,6;
"22/01/2026 - 10:00 / GMT - 03:00";"Unimar Pesquisa (0020ED51)";"-22,2476";"-49,9764";776;0;7;23,03;24,45;25,76;59,98;61,87;65,54;16,9;
"22/01/2026 - 11:00 / GMT - 03:00";"Unimar Pesquisa (0020ED51)";"-22,2476";"-49,9764";602;0;7,2;24,8;25,26;25,74;57,12;60,31;62,99;17,3;
"22/01/2026 - 12:00 / GMT - 03:00";"Unimar Pesquisa (0020ED51)";"-22,2476";"-49,9764";502;0;4,8;24,87;25,45;26,12;56,35;60,31;64,55;14;
"22/01/2026 - 13:00 / GMT - 03:00";"Unimar Pesquisa (0020ED51)";"-22,2476";"-49,9764";812;0;5;25,23;26,63;28,46;51,99;59,6;65,35;18;
"22/01/2026 - 14:00 / GMT - 03:00";"Unimar Pesquisa (0020ED51)";"-22,2476";"-49,9764";685;0;4;25,9;27,37;29,01;50,24;56,2;59,95;12,6;
"22/01/2026 - 15:00 / GMT - 03:00";"Unimar Pesquisa (0020ED51)";"-22,2476";"-49,9764";520;0;4,7;26,04;27,33;28,54;50,03;55,54;58,7;15,1;
"22/01/2026 - 16:00 / GMT - 03:00";"Unimar Pesquisa (0020ED51)";"-22,2476";"-49,9764";467;0;5,5;26,47;27,37;28,51;51,6;54,54;57,42;16,9;
"22/01/2026 - 17:00 / GMT - 03:00";"Unimar Pesquisa (0020ED51)";"-22,2476";"-49,9764";408;0;6,8;25,59;26,59;27,95;53,28;60,12;65,06;23,4;
"22/01/2026 - 18:00 / GMT - 03:00";"Unimar Pesquisa (0020ED51)";"-22,2476";"-49,9764";147;0;7,7;24,75;25,21;25,86;61,64;63,84;65,93;23,8;
"22/01/2026 - 19:00 / GMT - 03:00";"Unimar Pesquisa (0020ED51)";"-22,2476";"-49,9764";5;0;7,6;22,68;23,67;24,56;64,91;69,48;74,19;21,6;
"22/01/2026 - 20:00 / GMT - 03:00";"Unimar Pesquisa (0020ED51)";"-22,2476";"-49,9764";0;0;8,6;21,32;21,86;22,56;72,41;74,32;75,47;19,8;
"22/01/2026 - 21:00 / GMT - 03:00";"Unimar Pesquisa (0020ED51)";"-22,2476";"-49,9764";0;0;10,3;20,01;20,5;21,13;72,14;73,28;74,52;27;
"22/01/2026 - 22:00 / GMT - 03:00";"Unimar Pesquisa (0020ED51)";"-22,2476";"-49,9764";0;0;9,5;19,07;19,55;19,98;71,06;72,73;74,41;27,4;
"22/01/2026 - 23:00 / GMT - 03:00";"Unimar Pesquisa (0020ED51)";"-22,2476";"-49,9764";0;0;8,4;18,33;18,75;19,17;69,38;70,28;71,08;29,9;
"23/01/2026 - 00:00 / GMT - 03:00";"Unimar Pesquisa (0020ED51)";"-22,2476";"-49,9764";0;0;8,6;17,95;18,26;18,51;65,07;67,02;70,24;24,5;5
"23/01/2026 - 01:00 / GMT - 03:00";"Unimar Pesquisa (0020ED51)";"-22,2476";"-49,9764";0;0;6,3;17,27;17,55;17,87;65,29;67,03;68,91;16,6;
"23/01/2026 - 02:00 / GMT - 03:00";"Unimar Pesquisa (0020ED51)";"-22,2476";"-49,9764";0;0;6,6;17;17,23;17,45;66,05;68,54;71,62;20,2;
"23/01/2026 - 03:00 / GMT - 03:00";"Unimar Pesquisa (0020ED51)";"-22,2476";"-49,9764";0;0;5,7;16,61;16,85;17,09;72,05;76,54;80,26;20,2;
"23/01/2026 - 04:00 / GMT - 03:00";"Unimar Pesquisa (0020ED51)";"-22,2476";"-49,9764";0;0;6;16,14;16,57;16,8;80,93;84,68;88,78;22,3;
"23/01/2026 - 05:00 / GMT - 03:00";"Unimar Pesquisa (0020ED51)";"-22,2476";"-49,9764";0;0;5,4;15,59;16,09;16,38;87,57;90,55;94,99;14,8;
"23/01/2026 - 06:00 / GMT - 03:00";"Unimar Pesquisa (0020ED51)";"-22,2476";"-49,9764";51;0;5,1;15,64;16,24;17,22;88,59;92,8;95,49;13;
"23/01/2026 - 07:00 / GMT - 03:00";"Unimar Pesquisa (0020ED51)";"-22,2476";"-49,9764";268;0;5;17,36;18,65;19,97;77,51;83,2;87,51;17,3;
"23/01/2026 - 08:00 / GMT - 03:00";"Unimar Pesquisa (0020ED51)";"-22,2476";"-49,9764";342;0;6;19,8;20,93;22,04;69,92;74,43;77,46;17,6;
"23/01/2026 - 09:00 / GMT - 03:00";"Unimar Pesquisa (0020ED51)";"-22,2476";"-49,9764";476;0;8,5;21,67;22,24;23,46;66,65;70,67;72,83;19,8;
"23/01/2026 - 10:00 / GMT - 03:00";"Unimar Pesquisa (0020ED51)";"-22,2476";"-49,9764";623;0;9,1;23,42;24,12;25,08;61,41;64,56;70,24;26,3;
"23/01/2026 - 11:00 / GMT - 03:00";"Unimar Pesquisa (0020ED51)";"-22,2476";"-49,9764";547;0;7;24,28;24,93;26,11;59,01;62,43;64,24;20,2;
"23/01/2026 - 12:00 / GMT - 03:00";"Unimar Pesquisa (0020ED51)";"-22,2476";"-49,9764";842;0;7;24,74;25,98;26,79;54,63;58,67;62,36;24,1;
"23/01/2026 - 13:00 / GMT - 03:00";"Unimar Pesquisa (0020ED51)";"-22,2476";"-49,9764";1100;0;6,7;25,86;26,89;28,08;52,28;56,02;60;18,7;
"23/01/2026 - 14:00 / GMT - 03:00";"Unimar Pesquisa (0020ED51)";"-22,2476";"-49,9764";704;0;6,6;26,34;27,36;28,34;50,77;54,13;57,03;16,2;
"23/01/2026 - 15:00 / GMT - 03:00";"Unimar Pesquisa (0020ED51)";"-22,2476";"-49,9764";755;0;6,7;26,93;27,75;28,74;51,76;54,37;59,29;16,6;
"23/01/2026 - 16:00 / GMT - 03:00";"Unimar Pesquisa (0020ED51)";"-22,2476";"-49,9764";570;0;6,5;26,5;27,88;28,42;51,92;53,4;58,24;17,3;
"23/01/2026 - 17:00 / GMT - 03:00";"Unimar Pesquisa (0020ED51)";"-22,2476";"-49,9764";403;0;6;26,7;27,03;27,31;54,62;56,38;59,27;16,9;
"23/01/2026 - 18:00 / GMT - 03:00";"Unimar Pesquisa (0020ED51)";"-22,2476";"-49,9764";152;0;5,6;24,78;25,67;26,53;55,56;59,54;63,79;17,6;
"23/01/2026 - 19:00 / GMT - 03:00";"Unimar Pesquisa (0020ED51)";"-22,2476";"-49,9764";10;0;5,2;23,34;23,92;24,6;62,84;65,14;67,98;16,2;
"23/01/2026 - 20:00 / GMT - 03:00";"Unimar Pesquisa (0020ED51)";"-22,2476";"-49,9764";0;0;6,4;22,17;22,68;23,24;68,08;71,06;73,1;23,4;
"23/01/2026 - 21:00 / GMT - 03:00";"Unimar Pesquisa (0020ED51)";"-22,2476";"-49,9764";0;0;6,7;21,07;21,53;22,11;73,47;74,33;75,75;19,8;
"23/01/2026 - 22:00 / GMT - 03:00";"Unimar Pesquisa (0020ED51)";"-22,2476";"-49,9764";0;0;6,5;20,31;20,62;20,9;76,73;78,13;79,88;19,1;
"23/01/2026 - 23:00 / GMT - 03:00";"Unimar Pesquisa (0020ED51)";"-22,2476";"-49,9764";0;0;5,9;19,2;19,71;20,22;79,91;81,94;84,75;22;
"24/01/2026 - 00:00 / GMT - 03:00";"Unimar Pesquisa (0020ED51)";"-22,2476";"-49,9764";0;0;5,7;18,75;19,1;19,3;83,48;84,87;86,99;17,6;5,5
"24/01/2026 - 01:00 / GMT - 03:00";"Unimar Pesquisa (0020ED51)";"-22,2476";"-49,9764";0;0;5,9;18,41;18,63;18,91;85,96;87,53;89,18;21,6;
"24/01/2026 - 02:00 / GMT - 03:00";"Unimar Pesquisa (0020ED51)";"-22,2476";"-49,9764";0;0;6;18,04;18,25;18,55;87,36;89,7;91,28;16,9;
"24/01/2026 - 03:00 / GMT - 03:00";"Unimar Pesquisa (0020ED51)";"-22,2476";"-49,9764";0;0;3,9;17,57;17,71;18,12;91,05;94,22;95,48;13,3;
"24/01/2026 - 04:00 / GMT - 03:00";"Unimar Pesquisa (0020ED51)";"-22,2476";"-49,9764";0;0;5,2;17,63;17,76;17,86;93,38;94,08;95,24;14;
"24/01/2026 - 05:00 / GMT - 03:00";"Unimar Pesquisa (0020ED51)";"-22,2476";"-49,9764";0;0;4,4;17,36;17,49;17,68;94,79;96,2;97,25;13,7;
"24/01/2026 - 06:00 / GMT - 03:00";"Unimar Pesquisa (0020ED51)";"-22,2476";"-49,9764";45;0;3,3;17,31;17,78;18,82;90,52;95,05;97,73;10,4;
"24/01/2026 - 07:00 / GMT - 03:00";"Unimar Pesquisa (0020ED51)";"-22,2476";"-49,9764";232;0;5,9;18,8;19,73;20,61;79,62;84,97;89,76;14;
"24/01/2026 - 08:00 / GMT - 03:00";"Unimar Pesquisa (0020ED51)";"-22,2476";"-49,9764";319;0;7,4;20,77;21,79;22,65;72,16;75,57;80,44;21,6;
"24/01/2026 - 09:00 / GMT - 03:00";"Unimar Pesquisa (0020ED51)";"-22,2476";"-49,9764";526;0;8;22,75;23,7;24,92;65,23;68,96;72,05;18,7;
"24/01/2026 - 10:00 / GMT - 03:00";"Unimar Pesquisa (0020ED51)";"-22,2476";"-49,9764";773;0;7,4;24,33;25,52;26,25;60,76;64,33;67,49;20,5;
"24/01/2026 - 11:00 / GMT - 03:00";"Unimar Pesquisa (0020ED51)";"-22,2476";"-49,9764";786;0;5,9;26,01;26,8;27,49;56,07;60,4;63,7;19,4;
"24/01/2026 - 12:00 / GMT - 03:00";"Unimar Pesquisa (0020ED51)";"-22,2476";"-49,9764";1022;0;5,1;26,67;27,77;28,84;51,44;57,34;64,03;16,6;
"24/01/2026 - 13:00 / GMT - 03:00";"Unimar Pesquisa (0020ED51)";"-22,2476";"-49,9764";1117;0;5,7;28,12;28,87;29,52;48,59;53,9;60,12;13,7;
"24/01/2026 - 14:00 / GMT - 03:00";"Unimar Pesquisa (0020ED51)";"-22,2476";"-49,9764";912;0;4,9;27,64;29,54;30,36;45,47;50,55;54,22;13;
"24/01/2026 - 15:00 / GMT - 03:00";"Unimar Pesquisa (0020ED51)";"-22,2476";"-49,9764";867;0;4,4;27,42;29,74;31,26;44,34;48,68;56,22;14,4;
"24/01/2026 - 16:00 / GMT - 03:00";"Unimar Pesquisa (0020ED51)";"-22,2476";"-49,9764";457;0;3,2;27,94;29,22;30,21;43,43;48,48;54,18;10,4;
"24/01/2026 - 17:00 / GMT - 03:00";"Unimar Pesquisa (0020ED51)";"-22,2476";"-49,9764";173;0;2,4;27,14;27,87;29,63;46,73;52,67;56,05;13,7;
"24/01/2026 - 18:00 / GMT - 03:00";"Unimar Pesquisa (0020ED51)";"-22,2476";"-49,9764";180;0;2,7;27,12;28,08;28,96;46,33;50,91;54,28;8,3;
"24/01/2026 - 19:00 / GMT - 03:00";"Unimar Pesquisa (0020ED51)";"-22,2476";"-49,9764";10;0;3,5;25,5;26,06;26,87;56;59,97;63,01;10,8;
"24/01/2026 - 20:00 / GMT - 03:00";"Unimar Pesquisa (0020ED51)";"-22,2476";"-49,9764";0;0;4,5;24,53;24,9;25,44;63,25;65,67;67,27;18,7;
"24/01/2026 - 21:00 / GMT - 03:00";"Unimar Pesquisa (0020ED51)";"-22,2476";"-49,9764";0;0;5,8;23,34;23,89;24,53;67,8;71,79;74,45;16,2;
"24/01/2026 - 22:00 / GMT - 03:00";"Unimar Pesquisa (0020ED51)";"-22,2476";"-49,9764";0;0;6,8;22,21;22,68;23,23;74,45;76,78;79,08;22,3;
"24/01/2026 - 23:00 / GMT - 03:00";"Unimar Pesquisa (0020ED51)";"-22,2476";"-49,9764";0;0;7,6;21,06;21,53;22,12;78,09;79,95;81,42;22,7;
"25/01/2026 - 00:00 / GMT - 03:00";"Unimar Pesquisa (0020ED51)";"-22,2476";"-49,9764";0;0;6,4;20,11;20,48;20,85;81,61;82,81;84,51;17,6;5,1
"25/01/2026 - 01:00 / GMT - 03:00";"Unimar Pesquisa (0020ED51)";"-22,2476";"-49,9764";0;0;5,1;19,22;19,76;20,14;83,15;84,29;85,92;14;
"25/01/2026 - 02:00 / GMT - 03:00";"Unimar Pesquisa (0020ED51)";"-22,2476";"-49,9764";0;0;5,4;18,77;19,14;19,44;82,96;84,48;85,74;15,5;
"25/01/2026 - 03:00 / GMT - 03:00";"Unimar Pesquisa (0020ED51)";"-22,2476";"-49,9764";0;0;4,6;18,34;18,65;18,89;84,2;84,81;85,59;13;
"25/01/2026 - 04:00 / GMT - 03:00";"Unimar Pesquisa (0020ED51)";"-22,2476";"-49,9764";0;0;4,7;17,88;18,17;18,42;85,34;87,05;89,21;14,4;
"25/01/2026 - 05:00 / GMT - 03:00";"Unimar Pesquisa (0020ED51)";"-22,2476";"-49,9764";0;0;3,9;17,43;17,69;17,89;88,89;90,72;93,04;15,8;
"25/01/2026 - 06:00 / GMT - 03:00";"Unimar Pesquisa (0020ED51)";"-22,2476";"-49,9764";43;0;5,4;17,66;17,98;18,69;88,13;91,29;93,05;17,6;
"25/01/2026 - 07:00 / GMT - 03:00";"Unimar Pesquisa (0020ED51)";"-22,2476";"-49,9764";233;0;6,2;18,87;19,9;20,93;81,02;84,03;88,05;16,2;
"25/01/2026 - 08:00 / GMT - 03:00";"Unimar Pesquisa (0020ED51)";"-22,2476";"-49,9764";343;0;6,6;21,42;22,01;23,02;74,96;77,28;79,3;18,7;
"25/01/2026 - 09:00 / GMT - 03:00";"Unimar Pesquisa (0020ED51)";"-22,2476";"-49,9764";519;0;6,8;23,03;23,94;25,01;67,21;72,02;74,86;18;
"25/01/2026 - 10:00 / GMT - 03:00";"Unimar Pesquisa (0020ED51)";"-22,2476";"-49,9764";784;0;6;24,99;26,09;26,98;61,76;65,89;70;16,2;
"25/01/2026 - 11:00 / GMT - 03:00";"Unimar Pesquisa (0020ED51)";"-22,2476";"-49,9764";975;0;4,4;26,76;27,93;28,37;55,72;59,66;63,63;11,9;
"25/01/2026 - 12:00 / GMT - 03:00";"Unimar Pesquisa (0020ED51)";"-22,2476";"-49,9764";1086;0;4,3;28,05;29,37;30,42;50,54;55,1;61,27;16,2;
"25/01/2026 - 13:00 / GMT - 03:00";"Unimar Pesquisa (0020ED51)";"-22,2476";"-49,9764";1069;0;4;29,14;30,3;31,37;45,88;50,69;55,31;15,8;
"25/01/2026 - 14:00 / GMT - 03:00";"Unimar Pesquisa (0020ED51)";"-22,2476";"-49,9764";691;0;3,2;29,73;30,81;32,07;36,65;41,71;48,7;13,3;
"25/01/2026 - 15:00 / GMT - 03:00";"Unimar Pesquisa (0020ED51)";"-22,2476";"-49,9764";273;0;1,8;29,57;29,73;29,99;42,38;46,91;50,29;6,8;
"25/01/2026 - 16:00 / GMT - 03:00";"Unimar Pesquisa (0020ED51)";"-22,2476";"-49,9764";320;0;3,4;29,03;29,69;30,23;46,81;48,79;51,57;9,7;
"25/01/2026 - 17:00 / GMT - 03:00";"Unimar Pesquisa (0020ED51)";"-22,2476";"-49,9764";152;0;2,3;27,97;28,37;28,81;52,59;55,21;58,38;10,8;
"25/01/2026 - 18:00 / GMT - 03:00";"Unimar Pesquisa (0020ED51)";"-22,2476";"-49,9764";132;0;2,5;26,27;27,46;28,08;57,7;61,01;63,96;8,6;
"25/01/2026 - 19:00 / GMT - 03:00";"Unimar Pesquisa (0020ED51)";"-22,2476";"-49,9764";2;0;0,5;24,69;25,26;26,05;62,17;64,63;67,22;4,7;
"25/01/2026 - 20:00 / GMT - 03:00";"Unimar Pesquisa (0020ED51)";"-22,2476";"-49,9764";0;0;0,2;24,58;25,07;25,49;62,59;64,58;66,21;3,6;
"25/01/2026 - 21:00 / GMT - 03:00";"Unimar Pesquisa (0020ED51)";"-22,2476";"-49,9764";0;0;1,4;24,54;24,92;25,2;64,53;65,77;67,43;5,4;
"25/01/2026 - 22:00 / GMT - 03:00";"Unimar Pesquisa (0020ED51)";"-22,2476";"-49,9764";0;0;2,8;23,3;24,01;24,45;67,46;71,25;77,69;13,7;
"25/01/2026 - 23:00 / GMT - 03:00";"Unimar Pesquisa (0020ED51)";"-22,2476";"-49,9764";0;0;3,7;22,05;22,56;23,31;78,49;82,97;86,11;16,2;
"26/01/2026 - 00:00 / GMT - 03:00";"Unimar Pesquisa (0020ED51)";"-22,2476";"-49,9764";0;0;2,2;21,38;21,68;22,05;85,74;87,36;88,98;9,4;4,6
"26/01/2026 - 01:00 / GMT - 03:00";"Unimar Pesquisa (0020ED51)";"-22,2476";"-49,9764";0;0;3;20,78;21,16;21,65;86,43;88,55;90,82;11,5;
"26/01/2026 - 02:00 / GMT - 03:00";"Unimar Pesquisa (0020ED51)";"-22,2476";"-49,9764";0;0;5,9;20,79;20,94;21,02;87,8;88,23;88,8;18;
"26/01/2026 - 03:00 / GMT - 03:00";"Unimar Pesquisa (0020ED51)";"-22,2476";"-49,9764";0;0;4,3;19,87;20,22;20,68;89,53;92,21;94,74;13,7;
"26/01/2026 - 04:00 / GMT - 03:00";"Unimar Pesquisa (0020ED51)";"-22,2476";"-49,9764";0;0;4,1;19,58;19,78;19,96;93,9;95,05;96,38;9,4;
"26/01/2026 - 05:00 / GMT - 03:00";"Unimar Pesquisa (0020ED51)";"-22,2476";"-49,9764";0;0;2,1;18,85;19,18;19,53;96,96;99,37;100;6,1;
"26/01/2026 - 06:00 / GMT - 03:00";"Unimar Pesquisa (0020ED51)";"-22,2476";"-49,9764";36;0;2,4;18,69;18,98;19,71;99,32;99,93;99,99;7,9;
"26/01/2026 - 07:00 / GMT - 03:00";"Unimar Pesquisa (0020ED51)";"-22,2476";"-49,9764";191;0;3,7;19,62;20,8;22,09;88,58;94,17;99,37;8,3;
"26/01/2026 - 08:00 / GMT - 03:00";"Unimar Pesquisa (0020ED51)";"-22,2476";"-49,9764";321;0;4,5;22,05;23,22;24,62;78,81;84;87,22;14;
"26/01/2026 - 09:00 / GMT - 03:00";"Unimar Pesquisa (0020ED51)";"-22,2476";"-49,9764";514;0;5;24,29;25,8;27,77;69,97;75,92;81,85;12,6;
"26/01/2026 - 10:00 / GMT - 03:00";"Unimar Pesquisa (0020ED51)";"-22,2476";"-49,9764";704;0;8,6;27,05;27,8;28,65;66,42;69,34;72,34;21,2;
"26/01/2026 - 11:00 / GMT - 03:00";"Unimar Pesquisa (0020ED51)";"-22,2476";"-49,9764";986;0;6,1;27,72;28,86;29,5;63,29;66,25;70,39;13,7;
"26/01/2026 - 12:00 / GMT - 03:00";"Unimar Pesquisa (0020ED51)";"-22,2476";"-49,9764";393;0;3,6;27,76;28,9;29,93;57,89;64,38;68,95;17,6;
"26/01/2026 - 13:00 / GMT - 03:00";"Unimar Pesquisa (0020ED51)";"-22,2476";"-49,9764";592;0;3,7;28,82;29,85;31,02;51,5;56,16;62,8;10,1;
"26/01/2026 - 14:00 / GMT - 03:00";"Unimar Pesquisa (0020ED51)";"-22,2476";"-49,9764";584;0;3,2;28,81;29,55;31,39;46,56;53,82;57,27;9,7;
"26/01/2026 - 15:00 / GMT - 03:00";"Unimar Pesquisa (0020ED51)";"-22,2476";"-49,9764";788;0;3,3;30,59;31,3;31,98;43,78;45,52;48,6;12,2;
"26/01/2026 - 16:00 / GMT - 03:00";"Unimar Pesquisa (0020ED51)";"-22,2476";"-49,9764";378;0;1,7;30,14;30,91;31,69;44,84;46,95;50,57;6,5;
"26/01/2026 - 17:00 / GMT - 03:00";"Unimar Pesquisa (0020ED51)";"-22,2476";"-49,9764";214;0;2,3;28,31;30,31;32,06;42,73;49,15;56,51;7,6;
"26/01/2026 - 18:00 / GMT - 03:00";"Unimar Pesquisa (0020ED51)";"-22,2476";"-49,9764";67;0;1,5;27,2;28,15;29,75;51,8;58,5;62,6;6,1;
"26/01/2026 - 19:00 / GMT - 03:00";"Unimar Pesquisa (0020ED51)";"-22,2476";"-49,9764";7;0;1,4;25,75;26,2;27,2;61,28;66,18;68,79;5,4;
"26/01/2026 - 20:00 / GMT - 03:00";"Unimar Pesquisa (0020ED51)";"-22,2476";"-49,9764";0;0;0,9;25,7;26,15;26,53;62,19;66,21;70,04;3,6;
"26/01/2026 - 21:00 / GMT - 03:00";"Unimar Pesquisa (0020ED51)";"-22,2476";"-49,9764";0;0;3,3;25,47;26,26;26,92;57,6;64,15;70,7;11,2;
"26/01/2026 - 22:00 / GMT - 03:00";"Unimar Pesquisa (0020ED51)";"-22,2476";"-49,9764";0;0;7,1;26,52;26,64;26,78;57,63;58,32;59,22;15,8;
"26/01/2026 - 23:00 / GMT - 03:00";"Unimar Pesquisa (0020ED51)";"-22,2476";"-49,9764";0;0;9;25,49;25,89;26,57;57,32;64,43;68,38;18,4;
"27/01/2026 - 00:00 / GMT - 03:00";"Unimar Pesquisa (0020ED51)";"-22,2476";"-49,9764";0;0;11,6;23,32;24,42;25,39;69,03;75,81;83,06;24,8;5,5
"27/01/2026 - 01:00 / GMT - 03:00";"Unimar Pesquisa (0020ED51)";"-22,2476";"-49,9764";0;0;3,5;22,7;22,88;23,21;83,43;84,68;86,16;13,7;
"27/01/2026 - 02:00 / GMT - 03:00";"Unimar Pesquisa (0020ED51)";"-22,2476";"-49,9764";0;0;2,5;21,58;21,93;22,57;84,56;85,93;87,19;7,9;
"27/01/2026 - 03:00 / GMT - 03:00";"Unimar Pesquisa (0020ED51)";"-22,2476";"-49,9764";0;0;2,1;21,25;21,63;21,95;84,95;87,44;91,13;7,6;
"27/01/2026 - 04:00 / GMT - 03:00";"Unimar Pesquisa (0020ED51)";"-22,2476";"-49,9764";0;0;1;20,76;20,99;21,18;90,87;92,18;93,91;5,4;
"27/01/2026 - 05:00 / GMT - 03:00";"Unimar Pesquisa (0020ED51)";"-22,2476";"-49,9764";0;0;0,5;20,23;20,44;20,84;93,54;96,77;99,26;3,2;
"27/01/2026 - 06:00 / GMT - 03:00";"Unimar Pesquisa (0020ED51)";"-22,2476";"-49,9764";31;0;0,4;19,95;20,52;21,73;93,26;97,97;100;2,2;
"27/01/2026 - 07:00 / GMT - 03:00";"Unimar Pesquisa (0020ED51)";"-22,2476";"-49,9764";189;0;2,6;21,57;22,88;24,11;79,88;87;94,39;6,8;
"27/01/2026 - 08:00 / GMT - 03:00";"Unimar Pesquisa (0020ED51)";"-22,2476";"-49,9764";322;0;3,6;24,25;25,16;26,21;67,44;76,16;81,31;9,4;
"27/01/2026 - 09:00 / GMT - 03:00";"Unimar Pesquisa (0020ED51)";"-22,2476";"-49,9764";522;0;5,1;26,26;27,25;28,08;60,11;64,81;71,86;11,9;
"27/01/2026 - 10:00 / GMT - 03:00";"Unimar Pesquisa (0020ED51)";"-22,2476";"-49,9764";773;0;4,5;28,2;29,04;29,79;52,45;56,3;60;15,8;
"27/01/2026 - 11:00 / GMT - 03:00";"Unimar Pesquisa (0020ED51)";"-22,2476";"-49,9764";1092;0;3,8;28,93;30,17;30,97;50,96;53,87;57,24;13,7;
"27/01/2026 - 12:00 / GMT - 03:00";"Unimar Pesquisa (0020ED51)";"-22,2476";"-49,9764";1236;0;4,1;30,08;31,38;32,45;46,63;50,43;55,28;11,5;
"27/01/2026 - 13:00 / GMT - 03:00";"Unimar Pesquisa (0020ED51)";"-22,2476";"-49,9764";524;0;3,6;29,95;30,74;32,42;46,18;49,47;53,55;10,1;
"27/01/2026 - 14:00 / GMT - 03:00";"Unimar Pesquisa (0020ED51)";"-22,2476";"-49,9764";851;0;3;30,31;32,22;33,48;41,06;45,71;52,31;11,9;
"27/01/2026 - 15:00 / GMT - 03:00";"Unimar Pesquisa (0020ED51)";"-22,2476";"-49,9764";642;0;4,1;30,63;31,94;33,17;41,49;45,8;51,4;13,7;
"27/01/2026 - 16:00 / GMT - 03:00";"Unimar Pesquisa (0020ED51)";"-22,2476";"-49,9764";517;0;3,6;31,51;32,03;32,57;40,71;43,09;45,74;11,2;
"27/01/2026 - 17:00 / GMT - 03:00";"Unimar Pesquisa (0020ED51)";"-22,2476";"-49,9764";349;0;2,6;31,35;31,69;31,88;41,99;44,09;47,67;10,4;
"27/01/2026 - 18:00 / GMT - 03:00";"Unimar Pesquisa (0020ED51)";"-22,2476";"-49,9764";133;0;1;29,66;30,65;32;42,66;46,95;49,33;5,8;
"27/01/2026 - 19:00 / GMT - 03:00";"Unimar Pesquisa (0020ED51)";"-22,2476";"-49,9764";6;0;0,4;27,55;28,37;29,37;48,72;54,28;58,12;8,6;
"27/01/2026 - 20:00 / GMT - 03:00";"Unimar Pesquisa (0020ED51)";"-22,2476";"-49,9764";0;0;1,5;26,2;27,45;28,34;54,4;59,3;65,91;6,8;
"27/01/2026 - 21:00 / GMT - 03:00";"Unimar Pesquisa (0020ED51)";"-22,2476";"-49,9764";0;0;2,3;24,65;25,5;26,07;65,92;70,01;74,34;13,3;
"27/01/2026 - 22:00 / GMT - 03:00";"Unimar Pesquisa (0020ED51)";"-22,2476";"-49,9764";0;0;7,9;23,25;23,94;24,52;76,7;79,31;82,32;21,2;
"27/01/2026 - 23:00 / GMT - 03:00";"Unimar Pesquisa (0020ED51)";"-22,2476";"-49,9764";0;0;8,4;21,39;22,37;23,25;82,59;89,85;97,5;22;
"28/01/2026 - 00:00 / GMT - 03:00";"Unimar Pesquisa (0020ED51)";"-22,2476";"-49,9764";0;0;6,8;21,02;21,27;21,41;96,26;97,08;97,94;15,8;5,5
"28/01/2026 - 01:00 / GMT - 03:00";"Unimar Pesquisa (0020ED51)";"-22,2476";"-49,9764";0;0;2,1;20,99;21,2;21,59;90,02;94,37;97,95;7,9;
"28/01/2026 - 02:00 / GMT - 03:00";"Unimar Pesquisa (0020ED51)";"-22,2476";"-49,9764";0;0;2,7;20,01;20,47;21,31;91,7;98,28;100;9;
"28/01/2026 - 03:00 / GMT - 03:00";"Unimar Pesquisa (0020ED51)";"-22,2476";"-49,9764";0;0;0,7;19,53;19,71;19,95;99,98;99,98;99,98;5,4;
"28/01/2026 - 04:00 / GMT - 03:00";"Unimar Pesquisa (0020ED51)";"-22,2476";"-49,9764";0;0;1,4;19,15;19,39;19,58;99,97;99,97;99,98;5,8;
"28/01/2026 - 05:00 / GMT - 03:00";"Unimar Pesquisa (0020ED51)";"-22,2476";"-49,9764";0;0;1,2;19,24;19,58;19,93;99,98;99,98;100;5,4;
"28/01/2026 - 06:00 / GMT - 03:00";"Unimar Pesquisa (0020ED51)";"-22,2476";"-49,9764";18;0;1,3;19,65;20,12;20,91;97,59;99,62;100;4,7;
"28/01/2026 - 07:00 / GMT - 03:00";"Unimar Pesquisa (0020ED51)";"-22,2476";"-49,9764";169;0;1,4;21,01;23,43;25,3;75,7;84,31;98,43;7,6;
"28/01/2026 - 08:00 / GMT - 03:00";"Unimar Pesquisa (0020ED51)";"-22,2476";"-49,9764";323;0;2,1;24,69;26,56;27,64;56,52;66,27;72,72;9,4;
"28/01/2026 - 09:00 / GMT - 03:00";"Unimar Pesquisa (0020ED51)";"-22,2476";"-49,9764";514;0;4,7;26,81;27,25;27,79;63,7;65,32;67,3;12,6;
"28/01/2026 - 10:00 / GMT - 03:00";"Unimar Pesquisa (0020ED51)";"-22,2476";"-49,9764";635;0;5,6;26,92;27,81;28,68;62,38;65,04;69,2;14,4;
"28/01/2026 - 11:00 / GMT - 03:00";"Unimar Pesquisa (0020ED51)";"-22,2476";"-49,9764";674;0;4,4;26,9;28,15;29,31;60,28;64,59;70,37;19,8;
"28/01/2026 - 12:00 / GMT - 03:00";"Unimar Pesquisa (0020ED51)";"-22,2476";"-49,9764";1022;0;4,2;28,45;29,26;30,62;54,41;61,1;65,22;12,2;
"28/01/2026 - 13:00 / GMT - 03:00";"Unimar Pesquisa (0020ED51)";"-22,2476";"-49,9764";1134;0;5,3;29,91;30,44;31,23;52,49;56,75;60,99;13,7;
"28/01/2026 - 14:00 / GMT - 03:00";"Unimar Pesquisa (0020ED51)";"-22,2476";"-49,9764";981;0;5,4;30,36;30,94;31,61;48,8;54,53;56,75;14,4;
"28/01/2026 - 15:00 / GMT - 03:00";"Unimar Pesquisa (0020ED51)";"-22,2476";"-49,9764";878;0;8,1;28,1;30,57;31,92;45,87;52,8;64,05;29,9;
"28/01/2026 - 16:00 / GMT - 03:00";"Unimar Pesquisa (0020ED51)";"-22,2476";"-49,9764";524;0;7,3;28,48;28,98;29,56;59,98;61,99;63,25;19,4;
"28/01/2026 - 17:00 / GMT - 03:00";"Unimar Pesquisa (0020ED51)";"-22,2476";"-49,9764";375;0;10;27,34;28,43;29,66;59,22;63,9;67,1;28,1;
"28/01/2026 - 18:00 / GMT - 03:00";"Unimar Pesquisa (0020ED51)";"-22,2476";"-49,9764";129;0;6,5;25,46;26,36;27,12;64,19;69,22;73,4;16,9;
"28/01/2026 - 19:00 / GMT - 03:00";"Unimar Pesquisa (0020ED51)";"-22,2476";"-49,9764";4;0;1;24,2;24,74;25,65;73,13;76,26;79,69;9;
"28/01/2026 - 20:00 / GMT - 03:00";"Unimar Pesquisa (0020ED51)";"-22,2476";"-49,9764";0;0;4,8;24,2;24,47;24,77;71,68;75,81;79,88;14,8;
"28/01/2026 - 21:00 / GMT - 03:00";"Unimar Pesquisa (0020ED51)";"-22,2476";"-49,9764";0;0;8,9;23,52;24,13;24,57;69,31;74,68;81,79;22,3;
"28/01/2026 - 22:00 / GMT - 03:00";"Unimar Pesquisa (0020ED51)";"-22,2476";"-49,9764";0;0;14,5;22,14;22,75;23,66;80,49;85,36;89,75;40,3;
"28/01/2026 - 23:00 / GMT - 03:00";"Unimar Pesquisa (0020ED51)";"-22,2476";"-49,9764";0;2,4;8,7;21,38;21,77;22,19;89,7;94,89;99,03;20,2;
"29/01/2026 - 00:00 / GMT - 03:00";"Unimar Pesquisa (0020ED51)";"-22,2476";"-49,9764";0;2;8,9;21,6;21,86;22,17;92,71;94,38;97,75;22,7;4,4
"29/01/2026 - 01:00 / GMT - 03:00";"Unimar Pesquisa (0020ED51)";"-22,2476";"-49,9764";0;0;3,2;21,94;22,08;22,35;89,75;92,69;94,33;9,4;
"29/01/2026 - 02:00 / GMT - 03:00";"Unimar Pesquisa (0020ED51)";"-22,2476";"-49,9764";0;0;4,1;21,28;21,72;22,12;91,35;94,53;97,55;9;
"29/01/2026 - 03:00 / GMT - 03:00";"Unimar Pesquisa (0020ED51)";"-22,2476";"-49,9764";0;0;1;20,33;20,62;21,19;98,27;99,7;99,99;3,6;
"29/01/2026 - 04:00 / GMT - 03:00";"Unimar Pesquisa (0020ED51)";"-22,2476";"-49,9764";0;0;1,6;20,2;20,83;21,34;97,09;99,31;100;7,6;
"29/01/2026 - 05:00 / GMT - 03:00";"Unimar Pesquisa (0020ED51)";"-22,2476";"-49,9764";0;0;1;20,1;20,46;21,06;99,97;99,98;100;3,6;
"29/01/2026 - 06:00 / GMT - 03:00";"Unimar Pesquisa (0020ED51)";"-22,2476";"-49,9764";4;0;2,8;20,16;20,43;20,68;99,97;99,98;99,99;7,2;
"29/01/2026 - 07:00 / GMT - 03:00";"Unimar Pesquisa (0020ED51)";"-22,2476";"-49,9764";146;0;2,7;20,51;21,09;22,41;93,39;99,07;100;9;
"29/01/2026 - 08:00 / GMT - 03:00";"Unimar Pesquisa (0020ED51)";"-22,2476";"-49,9764";457;0;3,1;23,02;24;25,15;79,45;84,55;94,21;11,9;
"29/01/2026 - 09:00 / GMT - 03:00";"Unimar Pesquisa (0020ED51)";"-22,2476";"-49,9764";429;0;4,6;23,89;24,22;25,16;79,86;82,56;85,13;11,5;
"29/01/2026 - 10:00 / GMT - 03:00";"Unimar Pesquisa (0020ED51)";"-22,2476";"-49,9764";692;0;5;24,47;25,56;26,65;71,59;76,42;81,55;12,2;
"29/01/2026 - 11:00 / GMT - 03:00";"Unimar Pesquisa (0020ED51)";"-22,2476";"-49,9764";986;0;4,3;26,32;27,52;28,17;63,23;67,32;73,95;13,7;
"29/01/2026 - 12:00 / GMT - 03:00";"Unimar Pesquisa (0020ED51)";"-22,2476";"-49,9764";1108;0;3,7;27,35;28,92;30,16;54,52;61,72;71,23;14;
"29/01/2026 - 13:00 / GMT - 03:00";"Unimar Pesquisa (0020ED51)";"-22,2476";"-49,9764";966;0;4,1;29,39;30,25;31,42;52,65;55,71;60,73;13;
"29/01/2026 - 14:00 / GMT - 03:00";"Unimar Pesquisa (0020ED51)";"-22,2476";"-49,9764";450;0;4,8;28,42;29,21;30,23;52,47;58,23;61,03;13;
"29/01/2026 - 15:00 / GMT - 03:00";"Unimar Pesquisa (0020ED51)";"-22,2476";"-49,9764";235;0;5,7;28,35;28,55;28,82;56,67;58,77;60,5;13,3;
"29/01/2026 - 16:00 / GMT - 03:00";"Unimar Pesquisa (0020ED51)";"-22,2476";"-49,9764";101;0;4,7;27,54;27,88;28,26;59,65;62,2;63,73;10,4;
"29/01/2026 - 17:00 / GMT - 03:00";"Unimar Pesquisa (0020ED51)";"-22,2476";"-49,9764";33;1,2;7,4;20,38;24,77;27,47;64,8;78,61;95,36;19,4;
"29/01/2026 - 18:00 / GMT - 03:00";"Unimar Pesquisa (0020ED51)";"-22,2476";"-49,9764";0;3,6;3,3;20,21;20,41;20,59;95,96;99,64;99,99;19,1;
"29/01/2026 - 19:00 / GMT - 03:00";"Unimar Pesquisa (0020ED51)";"-22,2476";"-49,9764";0;1,6;3,1;20,49;20,98;21,19;99,98;99,99;99,99;8,6;
"29/01/2026 - 20:00 / GMT - 03:00";"Unimar Pesquisa (0020ED51)";"-22,2476";"-49,9764";0;0;3;20,48;20,76;21,04;99,97;99,98;99,98;10,8;
"29/01/2026 - 21:00 / GMT - 03:00";"Unimar Pesquisa (0020ED51)";"-22,2476";"-49,9764";0;0;1,7;20,31;20,42;20,54;99,97;99,97;99,97;5,8;
"29/01/2026 - 22:00 / GMT - 03:00";"Unimar Pesquisa (0020ED51)";"-22,2476";"-49,9764";0;0;1,5;20,32;20,49;20,7;99,97;99,97;99,97;8,6;
"29/01/2026 - 23:00 / GMT - 03:00";"Unimar Pesquisa (0020ED51)";"-22,2476";"-49,9764";0;0;1,1;20,58;20,64;20,7;99,97;99,97;99,98;5;
"30/01/2026 - 00:00 / GMT - 03:00";"Unimar Pesquisa (0020ED51)";"-22,2476";"-49,9764";0;0;0,2;20,31;20,44;20,61;99,97;99,97;99,97;2,2;4,1
"30/01/2026 - 01:00 / GMT - 03:00";"Unimar Pesquisa (0020ED51)";"-22,2476";"-49,9764";0;0;0;20,26;20,34;20,44;99,97;99,97;99,97;2,5;
"30/01/2026 - 02:00 / GMT - 03:00";"Unimar Pesquisa (0020ED51)";"-22,2476";"-49,9764";0;0;0,5;20,17;20,36;20,48;99,97;99,98;99,98;3,2;
"30/01/2026 - 03:00 / GMT - 03:00";"Unimar Pesquisa (0020ED51)";"-22,2476";"-49,9764";0;0;0,1;20,2;20,34;20,46;99,97;99,97;99,98;2,2;
"30/01/2026 - 04:00 / GMT - 03:00";"Unimar Pesquisa (0020ED51)";"-22,2476";"-49,9764";0;0;1,2;20,33;20,4;20,54;99,97;99,97;99,97;3,6;
"30/01/2026 - 05:00 / GMT - 03:00";"Unimar Pesquisa (0020ED51)";"-22,2476";"-49,9764";0;0;6,3;20,31;20,49;20,62;99,97;99,98;100;17,6;
"30/01/2026 - 06:00 / GMT - 03:00";"Unimar Pesquisa (0020ED51)";"-22,2476";"-49,9764";5;0;7,2;20,34;20,42;20,5;99,98;99,98;99,98;15,5;
"30/01/2026 - 07:00 / GMT - 03:00";"Unimar Pesquisa (0020ED51)";"-22,2476";"-49,9764";94;0;4,2;20,44;20,87;21,61;99,98;99,99;100;10,1;
"30/01/2026 - 08:00 / GMT - 03:00";"Unimar Pesquisa (0020ED51)";"-22,2476";"-49,9764";280;0;3,6;21,51;22,1;23,16;91,86;97,51;100;9,7;
"30/01/2026 - 09:00 / GMT - 03:00";"Unimar Pesquisa (0020ED51)";"-22,2476";"-49,9764";257;0;3,7;22,45;22,94;24,19;87,56;92,88;95,95;10,4;
"30/01/2026 - 10:00 / GMT - 03:00";"Unimar Pesquisa (0020ED51)";"-22,2476";"-49,9764";379;0;3,5;23,17;23,96;25,21;82,95;88,54;92,8;11,5;
"30/01/2026 - 11:00 / GMT - 03:00";"Unimar Pesquisa (0020ED51)";"-22,2476";"-49,9764";531;0;4,2;24,01;24,82;25,7;80,23;84,07;89,11;13;
"30/01/2026 - 12:00 / GMT - 03:00";"Unimar Pesquisa (0020ED51)";"-22,2476";"-49,9764";845;0;6,1;25,2;26;26,76;75,91;79,39;83,4;19,8;
"30/01/2026 - 13:00 / GMT - 03:00";"Unimar Pesquisa (0020ED51)";"-22,2476";"-49,9764";823;0;7,6;26,13;27,06;27,42;72,42;75,07;80,75;20,9;
"30/01/2026 - 14:00 / GMT - 03:00";"Unimar Pesquisa (0020ED51)";"-22,2476";"-49,9764";691;0;8,1;26,54;27,76;28,92;65,92;71,7;76,61;19,1;
"30/01/2026 - 15:00 / GMT - 03:00";"Unimar Pesquisa (0020ED51)";"-22,2476";"-49,9764";655;0;8,2;28,26;28,78;29,38;62,45;65,38;67,44;20,5;
"30/01/2026 - 16:00 / GMT - 03:00";"Unimar Pesquisa (0020ED51)";"-22,2476";"-49,9764";470;0;8,2;27,36;28,14;29,16;64,42;67,81;71,01;17,6;
"30/01/2026 - 17:00 / GMT - 03:00";"Unimar Pesquisa (0020ED51)";"-22,2476";"-49,9764";215;0;3,9;26,53;27,2;28,01;66,05;74,22;78,7;9,7;
"30/01/2026 - 18:00 / GMT - 03:00";"Unimar Pesquisa (0020ED51)";"-22,2476";"-49,9764";117;0;5,5;26,17;26,96;27,63;66,06;68,62;72,18;11,9;
"30/01/2026 - 19:00 / GMT - 03:00";"Unimar Pesquisa (0020ED51)";"-22,2476";"-49,9764";7;0;2;23,21;24,18;25,85;71,59;82,18;88,8;9;
"30/01/2026 - 20:00 / GMT - 03:00";"Unimar Pesquisa (0020ED51)";"-22,2476";"-49,9764";0;0;0,2;22,91;23,34;23,71;83,49;87,15;89,51;2,5;
"30/01/2026 - 21:00 / GMT - 03:00";"Unimar Pesquisa (0020ED51)";"-22,2476";"-49,9764";0;0;0,1;23,42;23,84;24,3;81,15;84,71;86,84;1,8;
"30/01/2026 - 22:00 / GMT - 03:00";"Unimar Pesquisa (0020ED51)";"-22,2476";"-49,9764";0;0;0,7;22,42;22,76;23,27;88,86;90,1;91,61;3,2;
"30/01/2026 - 23:00 / GMT - 03:00";"Unimar Pesquisa (0020ED51)";"-22,2476";"-49,9764";0;0;5,8;22,57;22,7;22,89;89,59;92,29;93,8;13,3;
"31/01/2026 - 00:00 / GMT - 03:00";"Unimar Pesquisa (0020ED51)";"-22,2476";"-49,9764";0;0;7,5;21,88;22,2;22,47;93,44;94,52;95,44;21,6;5,9
"31/01/2026 - 01:00 / GMT - 03:00";"Unimar Pesquisa (0020ED51)";"-22,2476";"-49,9764";0;0;10,4;21,43;21,55;21,78;94,85;96,57;98,35;24,1;
"31/01/2026 - 02:00 / GMT - 03:00";"Unimar Pesquisa (0020ED51)";"-22,2476";"-49,9764";0;0;8,7;21,41;21,49;21,6;95,89;97,01;97,81;22,3;
"31/01/2026 - 03:00 / GMT - 03:00";"Unimar Pesquisa (0020ED51)";"-22,2476";"-49,9764";0;0;5,9;21,18;21,33;21,53;97,24;98,47;99,58;12,6;
"31/01/2026 - 04:00 / GMT - 03:00";"Unimar Pesquisa (0020ED51)";"-22,2476";"-49,9764";0;0;5,9;20,92;21,06;21,24;99,53;99,88;100;13;
"31/01/2026 - 05:00 / GMT - 03:00";"Unimar Pesquisa (0020ED51)";"-22,2476";"-49,9764";0;0;6,8;20,9;21,03;21,13;99,97;99,98;99,98;15,1;
"31/01/2026 - 06:00 / GMT - 03:00";"Unimar Pesquisa (0020ED51)";"-22,2476";"-49,9764";33;0;6,7;21,02;21,21;21,54;99,97;99,98;99,99;14;
"31/01/2026 - 07:00 / GMT - 03:00";"Unimar Pesquisa (0020ED51)";"-22,2476";"-49,9764";154;0;6,7;21,55;21,96;22,16;99,99;100;100;16,6;
"31/01/2026 - 08:00 / GMT - 03:00";"Unimar Pesquisa (0020ED51)";"-22,2476";"-49,9764";319;0;4,4;22,34;23,15;24,37;88,32;95,5;99,96;11,5;
"31/01/2026 - 09:00 / GMT - 03:00";"Unimar Pesquisa (0020ED51)";"-22,2476";"-49,9764";534;0;3,4;24,65;25,67;26,82;78,94;83,37;87,93;9;
"31/01/2026 - 10:00 / GMT - 03:00";"Unimar Pesquisa (0020ED51)";"-22,2476";"-49,9764";712;0;4,2;27,02;27,64;28,56;70,95;75,24;79,64;13;
"31/01/2026 - 11:00 / GMT - 03:00";"Unimar Pesquisa (0020ED51)";"-22,2476";"-49,9764";942;0;5,6;27,22;29;29,94;60,97;66,08;77,2;20,2;
"31/01/2026 - 12:00 / GMT - 03:00";"Unimar Pesquisa (0020ED51)";"-22,2476";"-49,9764";893;0;6,8;28,28;29,79;30,9;51,74;57,38;66,41;14,4;
"31/01/2026 - 13:00 / GMT - 03:00";"Unimar Pesquisa (0020ED51)";"-22,2476";"-49,9764";1000;0;6,8;30,66;31,14;31,64;48,47;51,22;54,22;20,9;
"31/01/2026 - 14:00 / GMT - 03:00";"Unimar Pesquisa (0020ED51)";"-22,2476";"-49,9764";1005;0;7,3;31,23;31,88;32,32;42,19;45,83;49,39;16,9;
"31/01/2026 - 15:00 / GMT - 03:00";"Unimar Pesquisa (0020ED51)";"-22,2476";"-49,9764";806;0;7,2;31,39;32,12;32,58;42,11;45,53;50,27;16,6;
"31/01/2026 - 16:00 / GMT - 03:00";"Unimar Pesquisa (0020ED51)";"-22,2476";"-49,9764";431;0;5,6;29,98;31,2;32,56;42,49;48,37;54,01;15,5;
"31/01/2026 - 17:00 / GMT - 03:00";"Unimar Pesquisa (0020ED51)";"-22,2476";"-49,9764";382;0;5,1;30,64;31,09;31,44;47,13;49,25;51,6;11,9;
"31/01/2026 - 18:00 / GMT - 03:00";"Unimar Pesquisa (0020ED51)";"-22,2476";"-49,9764";149;0;3,3;28,51;29,79;30,85;49,32;52,01;57,38;11,5;
"31/01/2026 - 19:00 / GMT - 03:00";"Unimar Pesquisa (0020ED51)";"-22,2476";"-49,9764";6;0;1,2;26,3;26,87;28,15;59,48;65,45;69,08;3,2;
"31/01/2026 - 20:00 / GMT - 03:00";"Unimar Pesquisa (0020ED51)";"-22,2476";"-49,9764";0;0;0,2;26,23;27,11;27,67;58,15;61,08;68,54;2,2;
"31/01/2026 - 21:00 / GMT - 03:00";"Unimar Pesquisa (0020ED51)";"-22,2476";"-49,9764";0;0;0,5;25,75;26,67;27,3;60,83;64,93;70,25;3,2;
"31/01/2026 - 22:00 / GMT - 03:00";"Unimar Pesquisa (0020ED51)";"-22,2476";"-49,9764";0;0;9,8;24,87;25,57;26,5;68,62;77,01;80,72;23,8;
"31/01/2026 - 23:00 / GMT - 03:00";"Unimar Pesquisa (0020ED51)";"-22,2476";"-49,9764";0;0;9,2;23,93;24,23;24,77;80,09;84,21;86,18;23;
"01/02/2026 - 00:00 / GMT - 03:00";"Unimar Pesquisa (0020ED51)";"-22,2476";"-49,9764";0;0;8,7;23,54;23,81;24,05;86,78;88,59;90,53;22,3;2,5
"01/02/2026 - 01:00 / GMT - 03:00";"Unimar Pesquisa (0020ED51)";"-22,2476";"-49,9764";0;0;6,3;23,05;23,31;23,49;90,82;91,55;92,83;16,6;
"01/02/2026 - 02:00 / GMT - 03:00";"Unimar Pesquisa (0020ED51)";"-22,2476";"-49,9764";0;0;5,1;22,71;22,88;23,06;92,8;93,15;93,8;13;
"01/02/2026 - 03:00 / GMT - 03:00";"Unimar Pesquisa (0020ED51)";"-22,2476";"-49,9764";0;0;7,1;21,97;22,37;22,71;91,89;95,96;100;20,9;
"01/02/2026 - 04:00 / GMT - 03:00";"Unimar Pesquisa (0020ED51)";"-22,2476";"-49,9764";0;0;10,5;21,71;21,91;22,15;99,99;100;100;23;
"01/02/2026 - 05:00 / GMT - 03:00";"Unimar Pesquisa (0020ED51)";"-22,2476";"-49,9764";0;0;8,2;21,57;21,69;21,77;99,36;99,9;100;16,6;
"01/02/2026 - 06:00 / GMT - 03:00";"Unimar Pesquisa (0020ED51)";"-22,2476";"-49,9764";23;0;7,9;21,4;21,63;22,08;97,59;99,4;100;16,6;
"01/02/2026 - 07:00 / GMT - 03:00";"Unimar Pesquisa (0020ED51)";"-22,2476";"-49,9764";178;0;8,9;21,94;23,13;24,12;88,53;92,89;98,16;15,8;
"01/02/2026 - 08:00 / GMT - 03:00";"Unimar Pesquisa (0020ED51)";"-22,2476";"-49,9764";312;0;8,9;24,05;24,75;25,86;81,74;86,38;88,67;21,6;
"01/02/2026 - 09:00 / GMT - 03:00";"Unimar Pesquisa (0020ED51)";"-22,2476";"-49,9764";251;0;6,8;23,82;24,45;25,23;87,01;89,72;92,32;18;
"01/02/2026 - 10:00 / GMT - 03:00";"Unimar Pesquisa (0020ED51)";"-22,2476";"-49,9764";317;7,4;5,5;22,31;24,13;25,63;86,83;92,91;100;16,2;
"01/02/2026 - 11:00 / GMT - 03:00";"Unimar Pesquisa (0020ED51)";"-22,2476";"-49,9764";952;0;6,8;25,95;27,35;28,9;77,73;85,26;89,3;15,8;
"01/02/2026 - 12:00 / GMT - 03:00";"Unimar Pesquisa (0020ED51)";"-22,2476";"-49,9764";477;5;8,5;23,13;25,36;28,03;81,06;91,54;99,28;24,5;
"01/02/2026 - 13:00 / GMT - 03:00";"Unimar Pesquisa (0020ED51)";"-22,2476";"-49,9764";49;1,4;6,6;21,61;22,31;22,95;93,43;97,53;100;17,6;
"01/02/2026 - 14:00 / GMT - 03:00";"Unimar Pesquisa (0020ED51)";"-22,2476";"-49,9764";338;0,2;2,6;21,88;23,19;24,23;87,38;92,55;98,77;10,8;
"01/02/2026 - 15:00 / GMT - 03:00";"Unimar Pesquisa (0020ED51)";"-22,2476";"-49,9764";149;0;3,1;23,34;23,62;23,9;90,11;90,89;92,56;9;
"01/02/2026 - 16:00 / GMT - 03:00";"Unimar Pesquisa (0020ED51)";"-22,2476";"-49,9764";106;0;4,8;23,38;23,72;23,87;84,84;88,26;91,02;13;
"01/02/2026 - 17:00 / GMT - 03:00";"Unimar Pesquisa (0020ED51)";"-22,2476";"-49,9764";22;0;4,6;22,41;23,1;23,55;86,24;89,42;95,69;11,9;
"01/02/2026 - 18:00 / GMT - 03:00";"Unimar Pesquisa (0020ED51)";"-22,2476";"-49,9764";5;1,2;1,7;21,8;21,99;22,23;97,41;99,64;99,99;6,1;
"01/02/2026 - 19:00 / GMT - 03:00";"Unimar Pesquisa (0020ED51)";"-22,2476";"-49,9764";0;0;3;21,88;22,09;22,31;98,69;99,72;100;10,8;
"01/02/2026 - 20:00 / GMT - 03:00";"Unimar Pesquisa (0020ED51)";"-22,2476";"-49,9764";0;0;2;21,78;22,24;22,52;92,05;94,94;97,95;7,2;
"01/02/2026 - 21:00 / GMT - 03:00";"Unimar Pesquisa (0020ED51)";"-22,2476";"-49,9764";0;0;1,6;21,76;21,99;22,14;94,61;96,63;98,98;6,5;
"01/02/2026 - 22:00 / GMT - 03:00";"Unimar Pesquisa (0020ED51)";"-22,2476";"-49,9764";0;0;4,2;21,4;21,94;22,23;91,3;95,33;99,99;14,4;
"01/02/2026 - 23:00 / GMT - 03:00";"Unimar Pesquisa (0020ED51)";"-22,2476";"-49,9764";0;0;6,2;20,48;20,75;21,03;95,9;98,54;100;14,8;
"02/02/2026 - 00:00 / GMT - 03:00";"Unimar Pesquisa (0020ED51)";"-22,2476";"-49,9764";0;0;2,4;20,54;20,61;20,71;99,99;99,99;100;7,6;2,4
"02/02/2026 - 01:00 / GMT - 03:00";"Unimar Pesquisa (0020ED51)";"-22,2476";"-49,9764";0;0;5,1;20,62;20,71;20,82;99,98;99,99;99,99;11,5;
"02/02/2026 - 02:00 / GMT - 03:00";"Unimar Pesquisa (0020ED51)";"-22,2476";"-49,9764";0;0;5;20,82;20,86;20,91;99,99;99,99;100;10,8;
"02/02/2026 - 03:00 / GMT - 03:00";"Unimar Pesquisa (0020ED51)";"-22,2476";"-49,9764";0;0;3,1;20,59;20,75;20,92;94,76;98,65;100;9,7;
"02/02/2026 - 04:00 / GMT - 03:00";"Unimar Pesquisa (0020ED51)";"-22,2476";"-49,9764";0;0;6;20,79;20,85;20,92;94,86;96,76;98,66;12,2;
"02/02/2026 - 05:00 / GMT - 03:00";"Unimar Pesquisa (0020ED51)";"-22,2476";"-49,9764";0;0;3,7;20,43;20,53;20,69;98,72;99,83;100;11,5;
"02/02/2026 - 06:00 / GMT - 03:00";"Unimar Pesquisa (0020ED51)";"-22,2476";"-49,9764";11;0;4,1;20,47;20,6;20,84;99,98;99,98;99,98;13,3;
"02/02/2026 - 07:00 / GMT - 03:00";"Unimar Pesquisa (0020ED51)";"-22,2476";"-49,9764";68;0;4,5;20,92;21,1;21,38;99,98;99,98;99,99;13,7;
"02/02/2026 - 08:00 / GMT - 03:00";"Unimar Pesquisa (0020ED51)";"-22,2476";"-49,9764";127;0;4,6;21,43;21,53;21,76;97,6;99,63;100;13,7;
"02/02/2026 - 09:00 / GMT - 03:00";"Unimar Pesquisa (0020ED51)";"-22,2476";"-49,9764";389;0;5,6;22;22,85;23,93;85,89;92;97,9;14;
"02/02/2026 - 10:00 / GMT - 03:00";"Unimar Pesquisa (0020ED51)";"-22,2476";"-49,9764";588;0;5,9;23,6;24,58;26,25;74,33;83,79;86,96;14;
"02/02/2026 - 11:00 / GMT - 03:00";"Unimar Pesquisa (0020ED51)";"-22,2476";"-49,9764";334;0;5,8;23,61;24;24,73;84,36;87,36;89,24;14;
"02/02/2026 - 12:00 / GMT - 03:00";"Unimar Pesquisa (0020ED51)";"-22,2476";"-49,9764";372;3,8;5,9;22,52;24,11;25,17;81,47;89,34;100;15,1;
"02/02/2026 - 13:00 / GMT - 03:00";"Unimar Pesquisa (0020ED51)";"-22,2476";"-49,9764";487;0;5,8;22,52;23,99;24,77;88,95;93,2;99,98;15,8;
"02/02/2026 - 14:00 / GMT - 03:00";"Unimar Pesquisa (0020ED51)";"-22,2476";"-49,9764";473;0;5,4;23,66;24,85;25,94;81,01;87,46;96,89;15,8;
"02/02/2026 - 15:00 / GMT - 03:00";"Unimar Pesquisa (0020ED51)";"-22,2476";"-49,9764";171;3,2;4,9;21,9;24,31;25,62;82,32;89,68;100;11,9;
"02/02/2026 - 16:00 / GMT - 03:00";"Unimar Pesquisa (0020ED51)";"-22,2476";"-49,9764";97;0,4;1,1;21,89;22,43;22,8;99,98;99,98;99,99;6,5;
"02/02/2026 - 17:00 / GMT - 03:00";"Unimar Pesquisa (0020ED51)";"-22,2476";"-49,9764";83;1,2;0,6;22,18;22,5;22,65;99,98;99,99;100;3,2;
"02/02/2026 - 18:00 / GMT - 03:00";"Unimar Pesquisa (0020ED51)";"-22,2476";"-49,9764";30;0;0,9;22,14;22,39;22,66;99,98;99,98;99,99;4;
"02/02/2026 - 19:00 / GMT - 03:00";"Unimar Pesquisa (0020ED51)";"-22,2476";"-49,9764";0;0;0,7;22,04;22,07;22,12;99,98;99,98;99,98;4;
"02/02/2026 - 20:00 / GMT - 03:00";"Unimar Pesquisa (0020ED51)";"-22,2476";"-49,9764";0;0;1,5;21,67;21,93;22,03;99,98;99,98;99,98;5,8;
"02/02/2026 - 21:00 / GMT - 03:00";"Unimar Pesquisa (0020ED51)";"-22,2476";"-49,9764";0;0;0,8;21,71;21,82;21,95;99,97;99,97;99,98;5,4;
"02/02/2026 - 22:00 / GMT - 03:00";"Unimar Pesquisa (0020ED51)";"-22,2476";"-49,9764";0;0;5;21,94;22,01;22,08;99,97;99,98;99,99;11,5;
"02/02/2026 - 23:00 / GMT - 03:00";"Unimar Pesquisa (0020ED51)";"-22,2476";"-49,9764";0;0;5,7;21,68;21,79;21,95;99,97;99,98;99,98;13;
"03/02/2026 - 00:00 / GMT - 03:00";"Unimar Pesquisa (0020ED51)";"-22,2476";"-49,9764";0;0;6,6;21,3;21,52;21,71;99,97;99,97;99,97;14,8;2,8
"03/02/2026 - 01:00 / GMT - 03:00";"Unimar Pesquisa (0020ED51)";"-22,2476";"-49,9764";0;0;5,7;21,13;21,18;21,3;99,97;99,97;99,97;14,4;
"03/02/2026 - 02:00 / GMT - 03:00";"Unimar Pesquisa (0020ED51)";"-22,2476";"-49,9764";0;0;2,7;20,83;21,01;21,15;99,97;99,97;99,97;8,6;
"03/02/2026 - 03:00 / GMT - 03:00";"Unimar Pesquisa (0020ED51)";"-22,2476";"-49,9764";0;0,2;1,4;20,59;20,71;20,87;99,97;99,97;99,97;6,8;
"03/02/2026 - 04:00 / GMT - 03:00";"Unimar Pesquisa (0020ED51)";"-22,2476";"-49,9764";0;0;2,6;20,62;20,71;20,82;99,97;99,97;99,97;7,6;
"03/02/2026 - 05:00 / GMT - 03:00";"Unimar Pesquisa (0020ED51)";"-22,2476";"-49,9764";0;0;2;20,63;20,72;20,82;99,97;99,97;99,97;6,5;
"03/02/2026 - 06:00 / GMT - 03:00";"Unimar Pesquisa (0020ED51)";"-22,2476";"-49,9764";11;0;2,7;20,63;20,83;21,05;99,97;99,97;99,97;11,9;
"03/02/2026 - 07:00 / GMT - 03:00";"Unimar Pesquisa (0020ED51)";"-22,2476";"-49,9764";85;0;4,5;21;21,38;21,92;99,97;99,98;99,99;12,6;
"03/02/2026 - 08:00 / GMT - 03:00";"Unimar Pesquisa (0020ED51)";"-22,2476";"-49,9764";263;0;5,9;22;22,96;23,98;91,72;96,01;100;13;
"03/02/2026 - 09:00 / GMT - 03:00";"Unimar Pesquisa (0020ED51)";"-22,2476";"-49,9764";134;0;5,8;22,38;22,69;23,07;93,43;95,96;99,76;15,1;
"03/02/2026 - 10:00 / GMT - 03:00";"Unimar Pesquisa (0020ED51)";"-22,2476";"-49,9764";326;1,6;5,7;22,22;22,92;24,78;93,7;99,16;100;14,8;
"03/02/2026 - 11:00 / GMT - 03:00";"Unimar Pesquisa (0020ED51)";"-22,2476";"-49,9764";398;0;7,7;24,08;24,68;25,17;86,04;89,73;93,44;18;
"03/02/2026 - 12:00 / GMT - 03:00";"Unimar Pesquisa (0020ED51)";"-22,2476";"-49,9764";467;0;8,2;24,51;25,25;26,08;81,82;86,1;91,48;19,1;
"03/02/2026 - 13:00 / GMT - 03:00";"Unimar Pesquisa (0020ED51)";"-22,2476";"-49,9764";232;5,4;7,2;22,69;23,79;26,21;81,63;95,23;100;25,6;
"03/02/2026 - 14:00 / GMT - 03:00";"Unimar Pesquisa (0020ED51)";"-22,2476";"-49,9764";852;0;7,9;23,77;25,33;26,76;76,39;85,87;100;18;
"03/02/2026 - 15:00 / GMT - 03:00";"Unimar Pesquisa (0020ED51)";"-22,2476";"-49,9764";415;0;5,9;24,6;25,91;26,75;74,54;79,84;90,04;18;
"03/02/2026 - 16:00 / GMT - 03:00";"Unimar Pesquisa (0020ED51)";"-22,2476";"-49,9764";180;2;4,9;22,72;23,54;24,57;90,73;96,58;100;13;
"03/02/2026 - 17:00 / GMT - 03:00";"Unimar Pesquisa (0020ED51)";"-22,2476";"-49,9764";187;0;2,8;24,61;24,76;25;86,25;88,66;92,55;9;
"03/02/2026 - 18:00 / GMT - 03:00";"Unimar Pesquisa (0020ED51)";"-22,2476";"-49,9764";76;0;1,1;24,17;24,43;24,81;91,38;93,15;95,28;4,3;
"03/02/2026 - 19:00 / GMT - 03:00";"Unimar Pesquisa (0020ED51)";"-22,2476";"-49,9764";2;0;0,7;23,14;23,49;24,19;95,2;98,19;100;4,3;
"03/02/2026 - 20:00 / GMT - 03:00";"Unimar Pesquisa (0020ED51)";"-22,2476";"-49,9764";0;0;2,3;22,62;22,96;23,27;97,41;98,74;100;5,8;
"03/02/2026 - 21:00 / GMT - 03:00";"Unimar Pesquisa (0020ED51)";"-22,2476";"-49,9764";0;0;3,2;22,48;22,59;22,67;99,99;100;100;7,6;
"03/02/2026 - 22:00 / GMT - 03:00";"Unimar Pesquisa (0020ED51)";"-22,2476";"-49,9764";0;0;3,5;21,98;22,19;22,44;99,99;99,99;99,99;7,9;
"03/02/2026 - 23:00 / GMT - 03:00";"Unimar Pesquisa (0020ED51)";"-22,2476";"-49,9764";0;0;4,1;21,66;21,81;22;99,99;99,99;99,99;8,6;
"04/02/2026 - 00:00 / GMT - 03:00";"Unimar Pesquisa (0020ED51)";"-22,2476";"-49,9764";0;0;5,6;21,36;21,55;21,7;99,98;99,99;99,99;10,8;2,9
"04/02/2026 - 01:00 / GMT - 03:00";"Unimar Pesquisa (0020ED51)";"-22,2476";"-49,9764";0;0;6,1;20,99;21,21;21,42;99,98;99,98;99,98;18;
"04/02/2026 - 02:00 / GMT - 03:00";"Unimar Pesquisa (0020ED51)";"-22,2476";"-49,9764";0;0;3,5;20,93;20,99;21,09;99,97;99,97;99,98;11,2;
"04/02/2026 - 03:00 / GMT - 03:00";"Unimar Pesquisa (0020ED51)";"-22,2476";"-49,9764";0;0;4,5;21,04;21,08;21,14;99,97;99,98;99,98;10,8;
"04/02/2026 - 04:00 / GMT - 03:00";"Unimar Pesquisa (0020ED51)";"-22,2476";"-49,9764";0;0,2;4,9;21,05;21,13;21,35;99,98;99,98;99,98;10,4;
"04/02/2026 - 05:00 / GMT - 03:00";"Unimar Pesquisa (0020ED51)";"-22,2476";"-49,9764";0;0;5,8;21,3;21,36;21,41;99,98;99,98;99,98;17,3;
"04/02/2026 - 06:00 / GMT - 03:00";"Unimar Pesquisa (0020ED51)";"-22,2476";"-49,9764";10;0;5;21,35;21,46;21,58;99,97;99,98;99,98;10,8;
"04/02/2026 - 07:00 / GMT - 03:00";"Unimar Pesquisa (0020ED51)";"-22,2476";"-49,9764";63;0;5,3;21,62;21,81;22,04;99,97;99,98;99,98;13,7;
"04/02/2026 - 08:00 / GMT - 03:00";"Unimar Pesquisa (0020ED51)";"-22,2476";"-49,9764";111;0;4,5;22;22,29;22,45;99,98;99,98;99,98;12,2;
"04/02/2026 - 09:00 / GMT - 03:00";"Unimar Pesquisa (0020ED51)";"-22,2476";"-49,9764";377;0;5,1;22,28;23,61;24,87;91,95;97,83;100;13;
"04/02/2026 - 10:00 / GMT - 03:00";"Unimar Pesquisa (0020ED51)";"-22,2476";"-49,9764";468;0;5;23,79;24,86;26,2;85,38;91,9;97,33;14,4;
"04/02/2026 - 11:00 / GMT - 03:00";"Unimar Pesquisa (0020ED51)";"-22,2476";"-49,9764";552;0;5,4;25,44;26,13;26,71;80,02;87;94,49;13,7;
"04/02/2026 - 12:00 / GMT - 03:00";"Unimar Pesquisa (0020ED51)";"-22,2476";"-49,9764";805;0;5,9;25,93;26,94;27,62;77,97;82,91;89,22;13;
"04/02/2026 - 13:00 / GMT - 03:00";"Unimar Pesquisa (0020ED51)";"-22,2476";"-49,9764";493;0;5;26,19;26,9;28,22;81,71;84,3;87,71;15,1;
"04/02/2026 - 14:00 / GMT - 03:00";"Unimar Pesquisa (0020ED51)";"-22,2476";"-49,9764";501;0;5;26,55;27,36;27,89;78;81,73;87,2;13,3;
"04/02/2026 - 15:00 / GMT - 03:00";"Unimar Pesquisa (0020ED51)";"-22,2476";"-49,9764";199;0;7,3;22,46;24,91;26,74;82,84;90,06;98,33;19,8;
"04/02/2026 - 16:00 / GMT - 03:00";"Unimar Pesquisa (0020ED51)";"-22,2476";"-49,9764";195;0;7,6;22,28;23,04;24,33;86,55;93,12;97,61;16,6;
"04/02/2026 - 17:00 / GMT - 03:00";"Unimar Pesquisa (0020ED51)";"-22,2476";"-49,9764";94;1,2;4,7;21,42;22,7;23,88;87,41;92,56;99,99;13;
"04/02/2026 - 18:00 / GMT - 03:00";"Unimar Pesquisa (0020ED51)";"-22,2476";"-49,9764";8;2;3;20,75;20,97;21,18;99,97;99,97;99,99;10,1;
"04/02/2026 - 19:00 / GMT - 03:00";"Unimar Pesquisa (0020ED51)";"-22,2476";"-49,9764";0;3,2;2,2;20,37;20,58;20,77;99,97;99,97;99,97;6,8;
"04/02/2026 - 20:00 / GMT - 03:00";"Unimar Pesquisa (0020ED51)";"-22,2476";"-49,9764";0;0;0,6;20,8;21,2;21,9;99,97;99,98;100;4,7;
"04/02/2026 - 21:00 / GMT - 03:00";"Unimar Pesquisa (0020ED51)";"-22,2476";"-49,9764";0;0;1,1;21,92;22,11;22,26;96,73;98,18;100;3,6;
"04/02/2026 - 22:00 / GMT - 03:00";"Unimar Pesquisa (0020ED51)";"-22,2476";"-49,9764";0;0;0,9;21,57;21,91;22,27;99,12;99,87;99,99;5;
"04/02/2026 - 23:00 / GMT - 03:00";"Unimar Pesquisa (0020ED51)";"-22,2476";"-49,9764";0;0;3,5;21,99;22,16;22,43;95,28;97,77;99,73;9,4;
"05/02/2026 - 00:00 / GMT - 03:00";"Unimar Pesquisa (0020ED51)";"-22,2476";"-49,9764";0;0;4,1;20,76;21;21,6;99,98;99,99;99,99;10,8;3,6
"05/02/2026 - 01:00 / GMT - 03:00";"Unimar Pesquisa (0020ED51)";"-22,2476";"-49,9764";0;0;2,5;20,73;20,91;21,09;99,98;99,99;100;7,9;
"05/02/2026 - 02:00 / GMT - 03:00";"Unimar Pesquisa (0020ED51)";"-22,2476";"-49,9764";0;0;3,4;20,77;20,96;21,11;99,98;99,99;100;10,1;
"05/02/2026 - 03:00 / GMT - 03:00";"Unimar Pesquisa (0020ED51)";"-22,2476";"-49,9764";0;0;0,1;20,53;20,71;20,85;99,97;99,98;99,98;2,2;
"05/02/2026 - 04:00 / GMT - 03:00";"Unimar Pesquisa (0020ED51)";"-22,2476";"-49,9764";0;0;0,3;20,24;20,29;20,39;99,97;99,97;99,97;2,2;
"05/02/2026 - 05:00 / GMT - 03:00";"Unimar Pesquisa (0020ED51)";"-22,2476";"-49,9764";0;0;0,4;20,18;20,36;20,53;99,97;99,97;99,97;4;
"05/02/2026 - 06:00 / GMT - 03:00";"Unimar Pesquisa (0020ED51)";"-22,2476";"-49,9764";2;0;0,5;20,27;20,4;20,54;99,97;99,97;99,97;2,9;
"05/02/2026 - 07:00 / GMT - 03:00";"Unimar Pesquisa (0020ED51)";"-22,2476";"-49,9764";90;0;1,4;20,44;20,97;21,64;99,11;99,91;100;4,7;
"05/02/2026 - 08:00 / GMT - 03:00";"Unimar Pesquisa (0020ED51)";"-22,2476";"-49,9764";134;0;0,5;21,73;22,26;23,79;86,84;97,63;100;5;
"05/02/2026 - 09:00 / GMT - 03:00";"Unimar Pesquisa (0020ED51)";"-22,2476";"-49,9764";436;0;1;23,31;24,65;26,46;76,21;86,03;94,67;5;
"05/02/2026 - 10:00 / GMT - 03:00";"Unimar Pesquisa (0020ED51)";"-22,2476";"-49,9764";385;0;2,2;24,56;25,25;26,67;75,64;84,46;89,36;7,2;
"05/02/2026 - 11:00 / GMT - 03:00";"Unimar Pesquisa (0020ED51)";"-22,2476";"-49,9764";732;0;2,9;25,65;26,83;27,88;69,97;77,72;83,29;9,7;
"05/02/2026 - 12:00 / GMT - 03:00";"Unimar Pesquisa (0020ED51)";"-22,2476";"-49,9764";501;0;3,1;25,99;27,34;28,9;63,91;74,38;82,06;11,2;
"05/02/2026 - 13:00 / GMT - 03:00";"Unimar Pesquisa (0020ED51)";"-22,2476";"-49,9764";737;0;3,2;26,31;27,64;28,71;68,38;73,7;80,72;11,5;
"05/02/2026 - 14:00 / GMT - 03:00";"Unimar Pesquisa (0020ED51)";"-22,2476";"-49,9764";231;3,4;3,9;24,02;25,55;28,28;70,36;88,23;100;11,5;
"05/02/2026 - 15:00 / GMT - 03:00";"Unimar Pesquisa (0020ED51)";"-22,2476";"-49,9764";610;0;4,3;24,12;26,68;28,32;73,43;82,02;94,82;14;
"05/02/2026 - 16:00 / GMT - 03:00";"Unimar Pesquisa (0020ED51)";"-22,2476";"-49,9764";596;0;4,6;28,18;29,07;29,68;61,97;65,67;70,71;10,4;
"05/02/2026 - 17:00 / GMT - 03:00";"Unimar Pesquisa (0020ED51)";"-22,2476";"-49,9764";217;0;3,6;26,89;28,22;29,4;59,88;68,94;77,14;11,9;
"05/02/2026 - 18:00 / GMT - 03:00";"Unimar Pesquisa (0020ED51)";"-22,2476";"-49,9764";139;0;2,9;26,73;27,89;28,83;65,73;69,6;73,33;7,9;
"05/02/2026 - 19:00 / GMT - 03:00";"Unimar Pesquisa (0020ED51)";"-22,2476";"-49,9764";5;0;0,3;24,78;25,47;26,63;75,32;79,86;83,69;3,6;
"05/02/2026 - 20:00 / GMT - 03:00";"Unimar Pesquisa (0020ED51)";"-22,2476";"-49,9764";0;0;0;24,57;24,91;25,22;81,42;83,8;86,05;1,1;
"05/02/2026 - 21:00 / GMT - 03:00";"Unimar Pesquisa (0020ED51)";"-22,2476";"-49,9764";0;0;0;24,1;24,42;24,66;84,3;86,06;88,69;0,7;
"05/02/2026 - 22:00 / GMT - 03:00";"Unimar Pesquisa (0020ED51)";"-22,2476";"-49,9764";0;0;0;24,53;24,72;24,89;79,4;81,1;84,01;1,4;
"05/02/2026 - 23:00 / GMT - 03:00";"Unimar Pesquisa (0020ED51)";"-22,2476";"-49,9764";0;0;2,4;22,85;23,68;24,77;78,09;87,92;94,4;12,6;
"06/02/2026 - 00:00 / GMT - 03:00";"Unimar Pesquisa (0020ED51)";"-22,2476";"-49,9764";0;0;1,3;22;22,33;22,88;93,75;96,08;97,93;6,1;5,6
"06/02/2026 - 01:00 / GMT - 03:00";"Unimar Pesquisa (0020ED51)";"-22,2476";"-49,9764";0;0;2,7;22,11;22,26;22,49;92,92;93,9;94,59;12,2;
"06/02/2026 - 02:00 / GMT - 03:00";"Unimar Pesquisa (0020ED51)";"-22,2476";"-49,9764";0;0;2,3;21,53;21,82;22,19;92,32;93,76;95,47;8,3;
"06/02/2026 - 03:00 / GMT - 03:00";"Unimar Pesquisa (0020ED51)";"-22,2476";"-49,9764";0;0;4,1;21,06;21,44;21,83;91,23;93,47;95,02;22,7;
"06/02/2026 - 04:00 / GMT - 03:00";"Unimar Pesquisa (0020ED51)";"-22,2476";"-49,9764";0;0;4;20,55;20,87;21,09;94,29;95,28;96,66;10,1;
"06/02/2026 - 05:00 / GMT - 03:00";"Unimar Pesquisa (0020ED51)";"-22,2476";"-49,9764";0;0;3,6;19,92;20,14;20,49;96,74;98,71;100;10,1;
"06/02/2026 - 06:00 / GMT - 03:00";"Unimar Pesquisa (0020ED51)";"-22,2476";"-49,9764";14;0;3,7;19,98;20,12;20,63;95,85;98,05;99,09;10,1;
"06/02/2026 - 07:00 / GMT - 03:00";"Unimar Pesquisa (0020ED51)";"-22,2476";"-49,9764";151;0;4,9;20,86;21,67;22,8;86,48;90,34;93,22;14;
"06/02/2026 - 08:00 / GMT - 03:00";"Unimar Pesquisa (0020ED51)";"-22,2476";"-49,9764";348;0;4,4;22,71;23,52;25,31;80,25;84,28;87,5;14;
"06/02/2026 - 09:00 / GMT - 03:00";"Unimar Pesquisa (0020ED51)";"-22,2476";"-49,9764";528;0;3,2;24,77;25,63;26,5;72,43;77,2;82,43;9;
"06/02/2026 - 10:00 / GMT - 03:00";"Unimar Pesquisa (0020ED51)";"-22,2476";"-49,9764";851;0;3,8;26,12;27,31;28,49;66,1;71,9;77,04;10,1;
"06/02/2026 - 11:00 / GMT - 03:00";"Unimar Pesquisa (0020ED51)";"-22,2476";"-49,9764";1005;0;3,7;28;28,74;29,44;62,08;65,49;73,65;16,6;
"06/02/2026 - 12:00 / GMT - 03:00";"Unimar Pesquisa (0020ED51)";"-22,2476";"-49,9764";1085;0;4,9;29,04;29,59;30,08;56,82;60,42;65,45;12,2;
"06/02/2026 - 13:00 / GMT - 03:00";"Unimar Pesquisa (0020ED51)";"-22,2476";"-49,9764";987;0;4,2;29,58;30,32;31,13;51,87;57,53;64,03;11,2;
"06/02/2026 - 14:00 / GMT - 03:00";"Unimar Pesquisa (0020ED51)";"-22,2476";"-49,9764";967;0;5;30,55;31,05;31,66;42,1;49,95;54,87;15,1;
"06/02/2026 - 15:00 / GMT - 03:00";"Unimar Pesquisa (0020ED51)";"-22,2476";"-49,9764";671;0;5,5;30,19;31,09;31,93;41,47;45,67;51,7;18,7;
"06/02/2026 - 16:00 / GMT - 03:00";"Unimar Pesquisa (0020ED51)";"-22,2476";"-49,9764";589;0;5,9;30,52;30,92;31,34;44,05;46,89;49,85;17,3;
"06/02/2026 - 17:00 / GMT - 03:00";"Unimar Pesquisa (0020ED51)";"-22,2476";"-49,9764";360;0;6,2;29,91;30,37;30,88;42,08;47,1;51,27;15,1;
"06/02/2026 - 18:00 / GMT - 03:00";"Unimar Pesquisa (0020ED51)";"-22,2476";"-49,9764";142;0;3,6;27,68;28,99;29,76;43,45;52,13;60,51;12,6;
"06/02/2026 - 19:00 / GMT - 03:00";"Unimar Pesquisa (0020ED51)";"-22,2476";"-49,9764";3;0;0,5;25,18;26,02;27,29;62,76;67,2;73,05;4;
"06/02/2026 - 20:00 / GMT - 03:00";"Unimar Pesquisa (0020ED51)";"-22,2476";"-49,9764";0;0;0;24,97;25,42;25,86;65,43;69,57;71,49;2,9;
"06/02/2026 - 21:00 / GMT - 03:00";"Unimar Pesquisa (0020ED51)";"-22,2476";"-49,9764";0;0;0,3;25,23;25,65;26,04;59,89;66,3;70,58;2,5;
"06/02/2026 - 22:00 / GMT - 03:00";"Unimar Pesquisa (0020ED51)";"-22,2476";"-49,9764";0;0;0,5;24,22;25,05;25,64;57,59;62,02;67,27;2,5;
"06/02/2026 - 23:00 / GMT - 03:00";"Unimar Pesquisa (0020ED51)";"-22,2476";"-49,9764";0;0;0,2;24,28;24,53;24,84;63,79;66,08;69,71;2,9;
"07/02/2026 - 00:00 / GMT - 03:00";"Unimar Pesquisa (0020ED51)";"-22,2476";"-49,9764";0;0;0,3;23,9;24,34;25,11;61,65;66,49;68,43;3,2;5,5
"07/02/2026 - 01:00 / GMT - 03:00";"Unimar Pesquisa (0020ED51)";"-22,2476";"-49,9764";0;0;1,2;23,18;23,66;24,24;65,26;69,93;74,13;8,6;
"07/02/2026 - 02:00 / GMT - 03:00";"Unimar Pesquisa (0020ED51)";"-22,2476";"-49,9764";0;0;4,7;22,47;23,01;23,37;74,29;78,28;83,14;10,8;
"07/02/2026 - 03:00 / GMT - 03:00";"Unimar Pesquisa (0020ED51)";"-22,2476";"-49,9764";0;0;3,3;21,82;22,32;22,79;85,61;87,68;90,33;14;
"07/02/2026 - 04:00 / GMT - 03:00";"Unimar Pesquisa (0020ED51)";"-22,2476";"-49,9764";0;0;3,4;21,97;22,2;22,51;88,84;90,72;91,98;10,4;
"07/02/2026 - 05:00 / GMT - 03:00";"Unimar Pesquisa (0020ED51)";"-22,2476";"-49,9764";0;0;2,2;20,96;21,72;22,61;89,59;94,91;99,71;7,9;
"07/02/2026 - 06:00 / GMT - 03:00";"Unimar Pesquisa (0020ED51)";"-22,2476";"-49,9764";19;0;0,2;20,63;21,05;21,87;97,52;99,22;100;3,2;
"07/02/2026 - 07:00 / GMT - 03:00";"Unimar Pesquisa (0020ED51)";"-22,2476";"-49,9764";147;0;1,4;22,56;23,43;24,3;84,94;88,92;94,43;6,8;
"07/02/2026 - 08:00 / GMT - 03:00";"Unimar Pesquisa (0020ED51)";"-22,2476";"-49,9764";346;0;3,2;24,01;24,78;25,58;80,2;82,6;86,02;9,7;
"07/02/2026 - 09:00 / GMT - 03:00";"Unimar Pesquisa (0020ED51)";"-22,2476";"-49,9764";528;0;3,5;25,42;26,54;27,88;72,98;77,75;82,24;13,7;
"07/02/2026 - 10:00 / GMT - 03:00";"Unimar Pesquisa (0020ED51)";"-22,2476";"-49,9764";857;0;3,2;27,49;28,78;29,49;63,61;68,26;75,26;8,3;
"07/02/2026 - 11:00 / GMT - 03:00";"Unimar Pesquisa (0020ED51)";"-22,2476";"-49,9764";1018;0;3,4;29,12;29,92;31,13;56,23;61,73;68,59;9,4;
"07/02/2026 - 12:00 / GMT - 03:00";"Unimar Pesquisa (0020ED51)";"-22,2476";"-49,9764";741;0;2,6;29,35;30,31;31,47;55,21;58,92;62,19;15,1;
"07/02/2026 - 13:00 / GMT - 03:00";"Unimar Pesquisa (0020ED51)";"-22,2476";"-49,9764";541;0;4,1;29,48;30,28;32,44;49,58;57,84;63,1;11,9;
"07/02/2026 - 14:00 / GMT - 03:00";"Unimar Pesquisa (0020ED51)";"-22,2476";"-49,9764";904;0;4;31,33;32,32;33,26;32,23;39,57;47,98;14,4;
"07/02/2026 - 15:00 / GMT - 03:00";"Unimar Pesquisa (0020ED51)";"-22,2476";"-49,9764";758;0;3;32,42;32,8;33,27;31,57;35,32;42,18;9;
"07/02/2026 - 16:00 / GMT - 03:00";"Unimar Pesquisa (0020ED51)";"-22,2476";"-49,9764";253;0;3,1;29,23;30,86;32,12;39,24;46,29;64,75;8,3;
"07/02/2026 - 17:00 / GMT - 03:00";"Unimar Pesquisa (0020ED51)";"-22,2476";"-49,9764";371;0;5,5;29,33;29,99;30,33;55,41;59,59;64,01;16,2;
"07/02/2026 - 18:00 / GMT - 03:00";"Unimar Pesquisa (0020ED51)";"-22,2476";"-49,9764";137;0;7,8;26,88;28,29;29,73;58,05;66,59;75,91;17,6;
"07/02/2026 - 19:00 / GMT - 03:00";"Unimar Pesquisa (0020ED51)";"-22,2476";"-49,9764";2;0;9,8;26,02;26,23;26,74;72,61;75,44;78,54;24,1;
"07/02/2026 - 20:00 / GMT - 03:00";"Unimar Pesquisa (0020ED51)";"-22,2476";"-49,9764";0;0;11;24;25,06;26,04;74,3;80,12;82,82;26,3;
"07/02/2026 - 21:00 / GMT - 03:00";"Unimar Pesquisa (0020ED51)";"-22,2476";"-49,9764";0;0;9,6;23,23;23,41;23,85;81,82;85,83;87,88;22;
"07/02/2026 - 22:00 / GMT - 03:00";"Unimar Pesquisa (0020ED51)";"-22,2476";"-49,9764";0;0;9,4;22,93;23,11;23,31;87,52;89,36;91,08;22,7;
"07/02/2026 - 23:00 / GMT - 03:00";"Unimar Pesquisa (0020ED51)";"-22,2476";"-49,9764";0;0;10,7;22,34;22,55;22,94;91,45;93,94;95,46;20,5;
"08/02/2026 - 00:00 / GMT - 03:00";"Unimar Pesquisa (0020ED51)";"-22,2476";"-49,9764";0;0;2,9;22,12;22,22;22,4;94,45;96,83;98,77;12,6;3,8
"08/02/2026 - 01:00 / GMT - 03:00";"Unimar Pesquisa (0020ED51)";"-22,2476";"-49,9764";0;0;0,4;21,69;21,83;22,16;97,18;99,55;100;3,6;
"08/02/2026 - 02:00 / GMT - 03:00";"Unimar Pesquisa (0020ED51)";"-22,2476";"-49,9764";0;0;0,5;21,57;21,72;21,92;99,98;99,99;99,99;2,9;
"08/02/2026 - 03:00 / GMT - 03:00";"Unimar Pesquisa (0020ED51)";"-22,2476";"-49,9764";0;0;0,5;21,07;21,3;21,54;99,98;99,98;99,99;4,7;
"08/02/2026 - 04:00 / GMT - 03:00";"Unimar Pesquisa (0020ED51)";"-22,2476";"-49,9764";0;0;2,6;20,96;21,07;21,16;99,98;99,98;99,99;7,6;
"08/02/2026 - 05:00 / GMT - 03:00";"Unimar Pesquisa (0020ED51)";"-22,2476";"-49,9764";0;0;4,1;21,08;21,17;21,32;99,99;99,99;100;9,7;
"08/02/2026 - 06:00 / GMT - 03:00";"Unimar Pesquisa (0020ED51)";"-22,2476";"-49,9764";2;0;4,1;21,12;21,21;21,26;99,99;99,99;100;12,6;
"08/02/2026 - 07:00 / GMT - 03:00";"Unimar Pesquisa (0020ED51)";"-22,2476";"-49,9764";132;0;8,4;21,16;21,86;22,74;88,26;95,43;100;18,4;
"08/02/2026 - 08:00 / GMT - 03:00";"Unimar Pesquisa (0020ED51)";"-22,2476";"-49,9764";358;0;10;23,23;24,06;24,69;79,8;83,17;86,74;21,6;
"08/02/2026 - 09:00 / GMT - 03:00";"Unimar Pesquisa (0020ED51)";"-22,2476";"-49,9764";543;0;12,5;24,69;25,16;26,06;76,61;80,18;83,08;25,6;
"08/02/2026 - 10:00 / GMT - 03:00";"Unimar Pesquisa (0020ED51)";"-22,2476";"-49,9764";713;0;12;24,8;25,51;26,22;76,82;80,02;83,19;23,4;
"08/02/2026 - 11:00 / GMT - 03:00";"Unimar Pesquisa (0020ED51)";"-22,2476";"-49,9764";497;0;10,4;24,86;25,62;26,55;73,25;78,54;80,83;25,6;
"08/02/2026 - 12:00 / GMT - 03:00";"Unimar Pesquisa (0020ED51)";"-22,2476";"-49,9764";586;0;6,9;26,32;27,12;27,86;68,61;73,15;77,23;15,1;
"08/02/2026 - 13:00 / GMT - 03:00";"Unimar Pesquisa (0020ED51)";"-22,2476";"-49,9764";608;0;6,5;27,18;27,61;28,08;65,98;70,03;73,17;16,2;
"08/02/2026 - 14:00 / GMT - 03:00";"Unimar Pesquisa (0020ED51)";"-22,2476";"-49,9764";850;0;8,1;27,31;28,67;29,43;61,63;66,8;72,28;20,9;
"08/02/2026 - 15:00 / GMT - 03:00";"Unimar Pesquisa (0020ED51)";"-22,2476";"-49,9764";503;0;8,6;26,83;28,2;30,22;58,52;68,53;74,92;18;
"08/02/2026 - 16:00 / GMT - 03:00";"Unimar Pesquisa (0020ED51)";"-22,2476";"-49,9764";57;14;7,5;20,56;25,28;26,98;72,39;81,87;99,98;20,9;
"08/02/2026 - 17:00 / GMT - 03:00";"Unimar Pesquisa (0020ED51)";"-22,2476";"-49,9764";0;74,6;7;17,36;18,31;19,46;99,97;99,97;99,97;44,3;
"08/02/2026 - 18:00 / GMT - 03:00";"Unimar Pesquisa (0020ED51)";"-22,2476";"-49,9764";0;2,2;3,6;18,39;18,77;19,16;99,97;99,97;99,97;11,5;
"08/02/2026 - 19:00 / GMT - 03:00";"Unimar Pesquisa (0020ED51)";"-22,2476";"-49,9764";0;0,2;11,2;18,94;19,33;19,86;93,42;98,07;99,99;27,7;
"08/02/2026 - 20:00 / GMT - 03:00";"Unimar Pesquisa (0020ED51)";"-22,2476";"-49,9764";0;0,2;8,8;19,66;19,96;20,44;84,24;92,1;97,94;20,5;
"08/02/2026 - 21:00 / GMT - 03:00";"Unimar Pesquisa (0020ED51)";"-22,2476";"-49,9764";0;0,2;8,5;19,72;19,97;20,28;85,2;87,59;89,79;20,2;
"08/02/2026 - 22:00 / GMT - 03:00";"Unimar Pesquisa (0020ED51)";"-22,2476";"-49,9764";0;0;11,3;19,68;20,04;20,25;83,52;86,01;89,85;25,9;
"08/02/2026 - 23:00 / GMT - 03:00";"Unimar Pesquisa (0020ED51)";"-22,2476";"-49,9764";0;0;2,8;18,76;19,4;20,14;84,64;91,65;99,6;10,8;
"09/02/2026 - 00:00 / GMT - 03:00";"Unimar Pesquisa (0020ED51)";"-22,2476";"-49,9764";0;0;2,7;18,53;18,72;18,87;99,92;99,98;100;7,6;3,4
"09/02/2026 - 01:00 / GMT - 03:00";"Unimar Pesquisa (0020ED51)";"-22,2476";"-49,9764";0;0;2,6;18,65;18,75;18,84;99,98;99,98;99,99;10,4;
"09/02/2026 - 02:00 / GMT - 03:00";"Unimar Pesquisa (0020ED51)";"-22,2476";"-49,9764";0;0,2;2,6;18,79;19,02;19,28;99,97;99,98;99,98;9,7;
"09/02/2026 - 03:00 / GMT - 03:00";"Unimar Pesquisa (0020ED51)";"-22,2476";"-49,9764";0;0,6;1,8;19,07;19,31;19,47;99,97;99,97;99,97;7,9;
"09/02/2026 - 04:00 / GMT - 03:00";"Unimar Pesquisa (0020ED51)";"-22,2476";"-49,9764";0;0;3,3;19,41;19,61;19,92;99,97;99,98;99,98;10,1;
"09/02/2026 - 05:00 / GMT - 03:00";"Unimar Pesquisa (0020ED51)";"-22,2476";"-49,9764";0;0;5,9;19,85;20,06;20,25;99,98;99,99;99,99;14,4;
"09/02/2026 - 06:00 / GMT - 03:00";"Unimar Pesquisa (0020ED51)";"-22,2476";"-49,9764";0;0;8;20,08;20,21;20,37;99,99;99,99;100;18;
"09/02/2026 - 07:00 / GMT - 03:00";"Unimar Pesquisa (0020ED51)";"-22,2476";"-49,9764";92;0;5,6;20,16;20,81;21,54;99,83;99,98;100;11,2;
"09/02/2026 - 08:00 / GMT - 03:00";"Unimar Pesquisa (0020ED51)";"-22,2476";"-49,9764";222;0,2;2,3;21,47;21,72;22,11;90,86;95,94;99,98;10,1;
"09/02/2026 - 09:00 / GMT - 03:00";"Unimar Pesquisa (0020ED51)";"-22,2476";"-49,9764";367;0;2,8;22,52;23,21;23,71;78,52;83,11;92,78;10,1;
"09/02/2026 - 10:00 / GMT - 03:00";"Unimar Pesquisa (0020ED51)";"-22,2476";"-49,9764";530;0;3,6;23,23;23,91;24,89;75,65;81,27;86,37;9,7;
"09/02/2026 - 11:00 / GMT - 03:00";"Unimar Pesquisa (0020ED51)";"-22,2476";"-49,9764";744;0;5;24,7;25,47;26,99;70,88;76,98;82,66;11,9;
"09/02/2026 - 12:00 / GMT - 03:00";"Unimar Pesquisa (0020ED51)";"-22,2476";"-49,9764";701;0;4,2;25,47;26,09;27,08;66,52;70,57;74,87;14;
"09/02/2026 - 13:00 / GMT - 03:00";"Unimar Pesquisa (0020ED51)";"-22,2476";"-49,9764";323;0;2;26;26,21;26,43;66,07;68,74;73,93;9,4;
"09/02/2026 - 14:00 / GMT - 03:00";"Unimar Pesquisa (0020ED51)";"-22,2476";"-49,9764";504;0;2;26,11;26,99;28,23;61,57;66,95;71,48;9;
"09/02/2026 - 15:00 / GMT - 03:00";"Unimar Pesquisa (0020ED51)";"-22,2476";"-49,9764";414;0;2,3;26,19;26,78;27,77;63,1;70,44;75,35;9,4;
"09/02/2026 - 16:00 / GMT - 03:00";"Unimar Pesquisa (0020ED51)";"-22,2476";"-49,9764";292;0;5,9;23,76;25,5;27,57;65,61;75,92;84,04;18,4;
"09/02/2026 - 17:00 / GMT - 03:00";"Unimar Pesquisa (0020ED51)";"-22,2476";"-49,9764";228;0;8,1;23,58;24,93;26,15;74,52;80,99;86,52;25,6;
"09/02/2026 - 18:00 / GMT - 03:00";"Unimar Pesquisa (0020ED51)";"-22,2476";"-49,9764";38;7,4;10,4;21,26;21,96;23,3;87,52;96,98;100;42,1;
"09/02/2026 - 19:00 / GMT - 03:00";"Unimar Pesquisa (0020ED51)";"-22,2476";"-49,9764";0;0;5,6;21,01;21,52;22,04;96,07;97,44;98,66;13,3;
"09/02/2026 - 20:00 / GMT - 03:00";"Unimar Pesquisa (0020ED51)";"-22,2476";"-49,9764";0;0;7,3;20,68;20,84;21,07;97,97;99,55;100;18;
"09/02/2026 - 21:00 / GMT - 03:00";"Unimar Pesquisa (0020ED51)";"-22,2476";"-49,9764";0;0;3,7;20,41;20,71;20,99;97,25;99,15;100;10,4;
"09/02/2026 - 22:00 / GMT - 03:00";"Unimar Pesquisa (0020ED51)";"-22,2476";"-49,9764";0;0;1,5;20,29;20,37;20,47;99,98;99,99;99,99;6,5;
"09/02/2026 - 23:00 / GMT - 03:00";"Unimar Pesquisa (0020ED51)";"-22,2476";"-49,9764";0;0;2,2;20,13;20,28;20,51;99,97;99,98;99,99;9;
"10/02/2026 - 00:00 / GMT - 03:00";"Unimar Pesquisa (0020ED51)";"-22,2476";"-49,9764";0;0;1,7;20,18;20,33;20,52;99,98;99,99;99,99;10,8;3,6
"10/02/2026 - 01:00 / GMT - 03:00";"Unimar Pesquisa (0020ED51)";"-22,2476";"-49,9764";0;0;0,5;20,21;20,26;20,31;99,97;99,97;99,98;2,5;
"10/02/2026 - 02:00 / GMT - 03:00";"Unimar Pesquisa (0020ED51)";"-22,2476";"-49,9764";0;0;1;20,28;20,37;20,44;99,97;99,97;99,98;6,1;
"10/02/2026 - 03:00 / GMT - 03:00";"Unimar Pesquisa (0020ED51)";"-22,2476";"-49,9764";0;0,2;2;20,12;20,17;20,27;99,97;99,97;99,97;6,1;
"10/02/2026 - 04:00 / GMT - 03:00";"Unimar Pesquisa (0020ED51)";"-22,2476";"-49,9764";0;0,4;2;20,06;20,12;20,19;99,97;99,97;99,97;5,8;
"10/02/2026 - 05:00 / GMT - 03:00";"Unimar Pesquisa (0020ED51)";"-22,2476";"-49,9764";0;0;2,3;20,08;20,15;20,21;99,97;99,97;99,97;6,8;
"10/02/2026 - 06:00 / GMT - 03:00";"Unimar Pesquisa (0020ED51)";"-22,2476";"-49,9764";0;0;4,1;20,19;20,22;20,25;99,97;99,97;99,97;9;
"10/02/2026 - 07:00 / GMT - 03:00";"Unimar Pesquisa (0020ED51)";"-22,2476";"-49,9764";64;0;5,8;20,28;20,51;20,8;99,97;99,98;99,98;14,8;
"10/02/2026 - 08:00 / GMT - 03:00";"Unimar Pesquisa (0020ED51)";"-22,2476";"-49,9764";99;0;4,3;20,85;21,05;21,21;99,98;99,99;99,99;12,2;
"10/02/2026 - 09:00 / GMT - 03:00";"Unimar Pesquisa (0020ED51)";"-22,2476";"-49,9764";147;0;5,7;21,04;21,27;21,54;99,98;99,99;100;14;
"10/02/2026 - 10:00 / GMT - 03:00";"Unimar Pesquisa (0020ED51)";"-22,2476";"-49,9764";369;0;8,1;21,83;22,25;23,11;97,09;99,66;100;16,2;
"10/02/2026 - 11:00 / GMT - 03:00";"Unimar Pesquisa (0020ED51)";"-22,2476";"-49,9764";676;0;9,7;22,64;23,92;24,99;90,49;94,38;98,04;24,1;
"10/02/2026 - 12:00 / GMT - 03:00";"Unimar Pesquisa (0020ED51)";"-22,2476";"-49,9764";798;0;10,7;23,85;25,25;26,83;78,65;88,82;95,92;21,6;
"10/02/2026 - 13:00 / GMT - 03:00";"Unimar Pesquisa (0020ED51)";"-22,2476";"-49,9764";1078;0;13,5;26,37;26,87;27,41;74,83;79,22;83,23;29,2;
"10/02/2026 - 14:00 / GMT - 03:00";"Unimar Pesquisa (0020ED51)";"-22,2476";"-49,9764";621;0;11,4;25,9;26,85;27,52;74,3;77,69;84,25;23,8;
"10/02/2026 - 15:00 / GMT - 03:00";"Unimar Pesquisa (0020ED51)";"-22,2476";"-49,9764";263;0;8,1;23,8;25,41;26,73;78,92;84,6;92,63;25,2;
"10/02/2026 - 16:00 / GMT - 03:00";"Unimar Pesquisa (0020ED51)";"-22,2476";"-49,9764";275;0;3,9;23,9;24,75;25,33;86,96;92;95,51;13,7;
"10/02/2026 - 17:00 / GMT - 03:00";"Unimar Pesquisa (0020ED51)";"-22,2476";"-49,9764";533;0;5,3;24,96;26,2;26,57;77,04;81,2;88,97;16,9;
"10/02/2026 - 18:00 / GMT - 03:00";"Unimar Pesquisa (0020ED51)";"-22,2476";"-49,9764";188;0;6,7;23,95;25,22;26,19;78,17;84,9;91,46;15,8;
"10/02/2026 - 19:00 / GMT - 03:00";"Unimar Pesquisa (0020ED51)";"-22,2476";"-49,9764";7;0;5,9;23,1;23,35;23,8;90,58;92,7;95,19;15,8;
"10/02/2026 - 20:00 / GMT - 03:00";"Unimar Pesquisa (0020ED51)";"-22,2476";"-49,9764";0;0;5;22,83;22,93;23,02;96,04;97,22;98,35;12,2;
"10/02/2026 - 21:00 / GMT - 03:00";"Unimar Pesquisa (0020ED51)";"-22,2476";"-49,9764";0;0;5,2;22,67;22,79;22,86;96,15;97,08;97,86;12,6;
"10/02/2026 - 22:00 / GMT - 03:00";"Unimar Pesquisa (0020ED51)";"-22,2476";"-49,9764";0;0;1,6;21,98;22,31;22,59;98,61;99,88;100;5;
"10/02/2026 - 23:00 / GMT - 03:00";"Unimar Pesquisa (0020ED51)";"-22,2476";"-49,9764";0;0;4,7;21,98;22,25;22,51;99,99;99,99;100;10,8;
"11/02/2026 - 00:00 / GMT - 03:00";"Unimar Pesquisa (0020ED51)";"-22,2476";"-49,9764";0;0;6,7;21,93;22,14;22,26;98,05;99,29;100;14,4;2,7
"11/02/2026 - 01:00 / GMT - 03:00";"Unimar Pesquisa (0020ED51)";"-22,2476";"-49,9764";0;0;6,2;21,64;21,73;21,87;99,98;99,99;99,99;16,6;
"11/02/2026 - 02:00 / GMT - 03:00";"Unimar Pesquisa (0020ED51)";"-22,2476";"-49,9764";0;0;9,7;21,68;21,81;21,87;99,98;99,99;99,99;19,4;
"11/02/2026 - 03:00 / GMT - 03:00";"Unimar Pesquisa (0020ED51)";"-22,2476";"-49,9764";0;0;9,1;21,56;21,64;21,78;99,99;99,99;100;24,8;
"11/02/2026 - 04:00 / GMT - 03:00";"Unimar Pesquisa (0020ED51)";"-22,2476";"-49,9764";0;0;9,1;21,4;21,47;21,59;99,98;99,98;99,99;19,4;
"11/02/2026 - 05:00 / GMT - 03:00";"Unimar Pesquisa (0020ED51)";"-22,2476";"-49,9764";0;0;8;21,35;21,39;21,46;99,98;99,98;99,99;21,6;
"11/02/2026 - 06:00 / GMT - 03:00";"Unimar Pesquisa (0020ED51)";"-22,2476";"-49,9764";8;0;7,3;21,34;21,4;21,55;99,98;99,98;99,98;17,6;
"11/02/2026 - 07:00 / GMT - 03:00";"Unimar Pesquisa (0020ED51)";"-22,2476";"-49,9764";35;0;5,9;21,35;21,45;21,62;99,97;99,97;99,98;13,7;
"11/02/2026 - 08:00 / GMT - 03:00";"Unimar Pesquisa (0020ED51)";"-22,2476";"-49,9764";79;0;6,6;21,49;21,72;22,13;99,97;99,97;99,98;17,6;
"11/02/2026 - 09:00 / GMT - 03:00";"Unimar Pesquisa (0020ED51)";"-22,2476";"-49,9764";149;0;8,6;21,87;22,32;23,06;98,14;99,83;100;21,6;
"11/02/2026 - 10:00 / GMT - 03:00";"Unimar Pesquisa (0020ED51)";"-22,2476";"-49,9764";330;0;8,6;23,33;23,61;24,18;93,48;95,85;99,27;16,2;
"11/02/2026 - 11:00 / GMT - 03:00";"Unimar Pesquisa (0020ED51)";"-22,2476";"-49,9764";501;0;10,1;23,79;24,76;25,88;80,8;88,42;92,71;25,9;
"11/02/2026 - 12:00 / GMT - 03:00";"Unimar Pesquisa (0020ED51)";"-22,2476";"-49,9764";510;0;12;22,84;25,21;26,34;82,03;87,42;99,99;28,8;
"11/02/2026 - 13:00 / GMT - 03:00";"Unimar Pesquisa (0020ED51)";"-22,2476";"-49,9764";855;0;10,5;23,86;26,11;27,27;77,92;85,36;99,99;24,5;
"11/02/2026 - 14:00 / GMT - 03:00";"Unimar Pesquisa (0020ED51)";"-22,2476";"-49,9764";379;22;7,3;22,41;24,8;26,92;81,82;92,43;99,99;19,4;
"11/02/2026 - 15:00 / GMT - 03:00";"Unimar Pesquisa (0020ED51)";"-22,2476";"-49,9764";72;0;9,5;21,52;21,9;22,41;99,98;99,98;99,99;24,1;
"11/02/2026 - 16:00 / GMT - 03:00";"Unimar Pesquisa (0020ED51)";"-22,2476";"-49,9764";138;0;5;22,4;22,95;23,59;96,22;98,12;100;12,6;
"11/02/2026 - 17:00 / GMT - 03:00";"Unimar Pesquisa (0020ED51)";"-22,2476";"-49,9764";159;0;2,3;23,31;23,84;24,18;92,77;96,59;100;7,9;
"11/02/2026 - 18:00 / GMT - 03:00";"Unimar Pesquisa (0020ED51)";"-22,2476";"-49,9764";50;0;2;22,7;22,96;23,3;99,97;99,97;99,98;5,8;
"11/02/2026 - 19:00 / GMT - 03:00";"Unimar Pesquisa (0020ED51)";"-22,2476";"-49,9764";0;0;1,6;22,97;23,15;23,23;98,34;99,52;100;5,4;
"11/02/2026 - 20:00 / GMT - 03:00";"Unimar Pesquisa (0020ED51)";"-22,2476";"-49,9764";0;0;5,6;23,11;23,47;23,77;91,26;94,17;98,52;15,1;
"11/02/2026 - 21:00 / GMT - 03:00";"Unimar Pesquisa (0020ED51)";"-22,2476";"-49,9764";0;0;13,1;21,3;22,02;22,92;97,86;99,7;100;29,5;
"11/02/2026 - 22:00 / GMT - 03:00";"Unimar Pesquisa (0020ED51)";"-22,2476";"-49,9764";0;0;11,3;21,29;21,41;21,61;99,98;99,98;99,99;20,2;
"11/02/2026 - 23:00 / GMT - 03:00";"Unimar Pesquisa (0020ED51)";"-22,2476";"-49,9764";0;0;10,6;21,15;21,25;21,34;99,98;99,98;99,99;22;
"12/02/2026 - 00:00 / GMT - 03:00";"Unimar Pesquisa (0020ED51)";"-22,2476";"-49,9764";0;0;10,1;21,01;21,1;21,23;99,98;99,98;99,98;20,9;4,6
"12/02/2026 - 01:00 / GMT - 03:00";"Unimar Pesquisa (0020ED51)";"-22,2476";"-49,9764";0;0;9,5;21,16;21,25;21,35;99,98;99,98;99,99;18;
"12/02/2026 - 02:00 / GMT - 03:00";"Unimar Pesquisa (0020ED51)";"-22,2476";"-49,9764";0;0;10,2;21,34;21,48;21,58;99,99;99,99;99,99;21,2;
"12/02/2026 - 03:00 / GMT - 03:00";"Unimar Pesquisa (0020ED51)";"-22,2476";"-49,9764";0;0;8,4;21,34;21,38;21,45;99,98;99,98;99,99;21,6;
"12/02/2026 - 04:00 / GMT - 03:00";"Unimar Pesquisa (0020ED51)";"-22,2476";"-49,9764";0;0;7,1;21,25;21,3;21,36;99,98;99,98;99,98;14,8;
"12/02/2026 - 05:00 / GMT - 03:00";"Unimar Pesquisa (0020ED51)";"-22,2476";"-49,9764";0;0;9,6;21,33;21,36;21,44;99,98;99,99;99,99;20,9;
"12/02/2026 - 06:00 / GMT - 03:00";"Unimar Pesquisa (0020ED51)";"-22,2476";"-49,9764";10;0;10,2;21,16;21,26;21,35;99,98;99,98;99,99;22,7;
"12/02/2026 - 07:00 / GMT - 03:00";"Unimar Pesquisa (0020ED51)";"-22,2476";"-49,9764";130;0;10,7;21,4;21,84;22,17;98,28;99,49;100;18,7;
"12/02/2026 - 08:00 / GMT - 03:00";"Unimar Pesquisa (0020ED51)";"-22,2476";"-49,9764";316;0;11,5;22,25;22,99;23,98;87,7;93,05;97,69;26,6;
"12/02/2026 - 09:00 / GMT - 03:00";"Unimar Pesquisa (0020ED51)";"-22,2476";"-49,9764";524;0;13,1;24,08;24,75;25,6;83,56;86,47;90,42;26,3;
"12/02/2026 - 10:00 / GMT - 03:00";"Unimar Pesquisa (0020ED51)";"-22,2476";"-49,9764";681;0;14,8;24,86;25,51;25,91;79,05;82,7;85,81;27,4;
"12/02/2026 - 11:00 / GMT - 03:00";"Unimar Pesquisa (0020ED51)";"-22,2476";"-49,9764";735;0;14,5;25,41;26,34;27,2;73,49;78,81;83,77;29,5;
"12/02/2026 - 12:00 / GMT - 03:00";"Unimar Pesquisa (0020ED51)";"-22,2476";"-49,9764";485;0;14,5;26,26;27,03;27,66;71,55;74,99;77,2;33,1;
"12/02/2026 - 13:00 / GMT - 03:00";"Unimar Pesquisa (0020ED51)";"-22,2476";"-49,9764";590;0;13,2;25,78;27,2;28,11;72,79;76,23;81,92;28,4;
"12/02/2026 - 14:00 / GMT - 03:00";"Unimar Pesquisa (0020ED51)";"-22,2476";"-49,9764";721;0;13,8;27,35;28,63;29,3;62,16;66,95;74,67;32;
"12/02/2026 - 15:00 / GMT - 03:00";"Unimar Pesquisa (0020ED51)";"-22,2476";"-49,9764";715;0;11,7;27,98;28,88;30,02;60,41;67,27;73,3;36;
"12/02/2026 - 16:00 / GMT - 03:00";"Unimar Pesquisa (0020ED51)";"-22,2476";"-49,9764";517;0;12,2;28,49;29,12;29,72;60,46;63,28;66,58;24,5;
"12/02/2026 - 17:00 / GMT - 03:00";"Unimar Pesquisa (0020ED51)";"-22,2476";"-49,9764";280;0;8,7;27,03;27,83;29,22;62,06;72,17;77,65;21,6;
"12/02/2026 - 18:00 / GMT - 03:00";"Unimar Pesquisa (0020ED51)";"-22,2476";"-49,9764";99;2,2;5,9;23,05;24,63;25,5;88,31;91,67;96,97;28,4;
"12/02/2026 - 19:00 / GMT - 03:00";"Unimar Pesquisa (0020ED51)";"-22,2476";"-49,9764";3;0;1,3;24,15;24,81;25,48;86,64;92,36;97,03;5,8;
"12/02/2026 - 20:00 / GMT - 03:00";"Unimar Pesquisa (0020ED51)";"-22,2476";"-49,9764";0;0;2,8;24,68;24,96;25,34;85,44;87,92;90,88;6,8;
"12/02/2026 - 21:00 / GMT - 03:00";"Unimar Pesquisa (0020ED51)";"-22,2476";"-49,9764";0;0;3,6;24,8;25,09;25,45;81,28;85,3;88,55;7,2;
"12/02/2026 - 22:00 / GMT - 03:00";"Unimar Pesquisa (0020ED51)";"-22,2476";"-49,9764";0;0;4,3;25,11;25,28;25,39;77,58;79,43;81,01;7,9;
"12/02/2026 - 23:00 / GMT - 03:00";"Unimar Pesquisa (0020ED51)";"-22,2476";"-49,9764";0;0;6;24,98;25,26;25,39;77,44;78,65;80,88;11,5;
"13/02/2026 - 00:00 / GMT - 03:00";"Unimar Pesquisa (0020ED51)";"-22,2476";"-49,9764";0;0;5,2;23,95;24,46;24,91;82,16;85,42;88,06;11,2;4
"13/02/2026 - 01:00 / GMT - 03:00";"Unimar Pesquisa (0020ED51)";"-22,2476";"-49,9764";0;0;1,5;23,73;23,92;24,08;86,49;88,4;89,79;6,5;
"13/02/2026 - 02:00 / GMT - 03:00";"Unimar Pesquisa (0020ED51)";"-22,2476";"-49,9764";0;0;3,1;23,72;24,47;24,82;80,15;82,58;87,65;10,1;
"13/02/2026 - 03:00 / GMT - 03:00";"Unimar Pesquisa (0020ED51)";"-22,2476";"-49,9764";0;0;0,5;23,15;23,47;23,94;86,55;89,71;92,04;4;
"13/02/2026 - 04:00 / GMT - 03:00";"Unimar Pesquisa (0020ED51)";"-22,2476";"-49,9764";0;0;4,1;23,64;24,17;24,44;81,15;83,49;87,44;9,4;
"13/02/2026 - 05:00 / GMT - 03:00";"Unimar Pesquisa (0020ED51)";"-22,2476";"-49,9764";0;0;4,1;23,39;24,05;24,33;81,42;83,28;86,6;10,1;
"13/02/2026 - 06:00 / GMT - 03:00";"Unimar Pesquisa (0020ED51)";"-22,2476";"-49,9764";14;0;4,7;23,47;23,93;24,28;82,66;84,31;86,18;13,3;
"13/02/2026 - 07:00 / GMT - 03:00";"Unimar Pesquisa (0020ED51)";"-22,2476";"-49,9764";85;0,2;12,8;22,1;23,53;24,23;83,19;89,63;100;34,6;
"13/02/2026 - 08:00 / GMT - 03:00";"Unimar Pesquisa (0020ED51)";"-22,2476";"-49,9764";224;0,2;8,9;22,25;22,52;23,29;92,67;98,36;100;24,8;
"13/02/2026 - 09:00 / GMT - 03:00";"Unimar Pesquisa (0020ED51)";"-22,2476";"-49,9764";513;0;5,9;23,83;25,48;26,99;75,72;80,65;90,44;17,6;
"13/02/2026 - 10:00 / GMT - 03:00";"Unimar Pesquisa (0020ED51)";"-22,2476";"-49,9764";774;0;7;26,92;27,55;28,4;71,41;75,91;79,67;18,4;
"13/02/2026 - 11:00 / GMT - 03:00";"Unimar Pesquisa (0020ED51)";"-22,2476";"-49,9764";961;0;8,1;28,13;28,77;29,61;63,37;68,96;74,86;17,3;
"13/02/2026 - 12:00 / GMT - 03:00";"Unimar Pesquisa (0020ED51)";"-22,2476";"-49,9764";985;0;7,8;28,66;29,54;30,23;64,21;67,39;71;28,1;
"13/02/2026 - 13:00 / GMT - 03:00";"Unimar Pesquisa (0020ED51)";"-22,2476";"-49,9764";855;0;9,5;29,35;30,26;30,88;56,17;61,33;68,91;23;
"13/02/2026 - 14:00 / GMT - 03:00";"Unimar Pesquisa (0020ED51)";"-22,2476";"-49,9764";249;0;6,9;26,98;27,86;29,43;64,78;75,98;81,39;21,6;
"13/02/2026 - 15:00 / GMT - 03:00";"Unimar Pesquisa (0020ED51)";"-22,2476";"-49,9764";122;0;6,1;24,62;26,93;28,2;71,52;77,9;85,89;26,3;
"13/02/2026 - 16:00 / GMT - 03:00";"Unimar Pesquisa (0020ED51)";"-22,2476";"-49,9764";56;0;6,6;24,64;25,14;25,53;71,38;75,36;82,79;18,4;
"13/02/2026 - 17:00 / GMT - 03:00";"Unimar Pesquisa (0020ED51)";"-22,2476";"-49,9764";60;0;1,1;23,79;24,04;24,46;85,39;91,41;95,98;8,3;
"13/02/2026 - 18:00 / GMT - 03:00";"Unimar Pesquisa (0020ED51)";"-22,2476";"-49,9764";23;0;1,3;23,41;23,73;23,96;84,52;89,28;97,1;6,5;
"13/02/2026 - 19:00 / GMT - 03:00";"Unimar Pesquisa (0020ED51)";"-22,2476";"-49,9764";0;0;0,3;22,56;22,92;23,31;96,48;98,53;100;2,9;
"13/02/2026 - 20:00 / GMT - 03:00";"Unimar Pesquisa (0020ED51)";"-22,2476";"-49,9764";0;0;0,2;22,43;22,95;23,14;90,48;94,35;98,63;1,8;
"13/02/2026 - 21:00 / GMT - 03:00";"Unimar Pesquisa (0020ED51)";"-22,2476";"-49,9764";0;0;0,7;22,43;22,78;23,07;90,45;94,91;99,35;2,9;
"13/02/2026 - 22:00 / GMT - 03:00";"Unimar Pesquisa (0020ED51)";"-22,2476";"-49,9764";0;0;2,9;21,7;22,15;22,54;99,98;99,98;100;9;
"13/02/2026 - 23:00 / GMT - 03:00";"Unimar Pesquisa (0020ED51)";"-22,2476";"-49,9764";0;0;1,4;21,5;21,55;21,65;99,97;99,97;99,98;5,8;
"14/02/2026 - 00:00 / GMT - 03:00";"Unimar Pesquisa (0020ED51)";"-22,2476";"-49,9764";0;0;1,4;21,38;21,46;21,5;99,97;99,97;99,98;4,7;4,7
"14/02/2026 - 01:00 / GMT - 03:00";"Unimar Pesquisa (0020ED51)";"-22,2476";"-49,9764";0;0;2;21,19;21,26;21,35;99,97;99,98;99,98;5;
"14/02/2026 - 02:00 / GMT - 03:00";"Unimar Pesquisa (0020ED51)";"-22,2476";"-49,9764";0;0;1,5;21,21;21,25;21,32;99,98;99,99;99,99;5,4;
"14/02/2026 - 03:00 / GMT - 03:00";"Unimar Pesquisa (0020ED51)";"-22,2476";"-49,9764";0;0;1,4;21,33;21,45;21,62;99,99;99,99;100;6,8;
"14/02/2026 - 04:00 / GMT - 03:00";"Unimar Pesquisa (0020ED51)";"-22,2476";"-49,9764";0;0;2,3;21,48;21,66;21,85;96,77;98,48;100;9;
"14/02/2026 - 05:00 / GMT - 03:00";"Unimar Pesquisa (0020ED51)";"-22,2476";"-49,9764";0;0;3,2;21,72;21,9;22,07;93,29;95,31;97,62;8,6;
"14/02/2026 - 06:00 / GMT - 03:00";"Unimar Pesquisa (0020ED51)";"-22,2476";"-49,9764";25;0;2,9;21,69;21,97;22,36;92,03;93,38;95,08;7,6;
"14/02/2026 - 07:00 / GMT - 03:00";"Unimar Pesquisa (0020ED51)";"-22,2476";"-49,9764";240;0;3,2;22,38;23,72;24,87;83,16;88,48;92,21;10,1;
"14/02/2026 - 08:00 / GMT - 03:00";"Unimar Pesquisa (0020ED51)";"-22,2476";"-49,9764";319;0;4,7;24,39;25,05;25,67;80,54;84,84;87,15;11,9;
"14/02/2026 - 09:00 / GMT - 03:00";"Unimar Pesquisa (0020ED51)";"-22,2476";"-49,9764";494;0;5,6;25,74;26,84;27,76;71,52;78,95;84,77;14,4;
"14/02/2026 - 10:00 / GMT - 03:00";"Unimar Pesquisa (0020ED51)";"-22,2476";"-49,9764";796;0;6,3;27,59;28,68;29,29;66,15;69,88;75,64;14,8;
"14/02/2026 - 11:00 / GMT - 03:00";"Unimar Pesquisa (0020ED51)";"-22,2476";"-49,9764";1010;0;4,5;29,61;30,29;31,16;54,32;61,61;66,58;11,2;
"14/02/2026 - 12:00 / GMT - 03:00";"Unimar Pesquisa (0020ED51)";"-22,2476";"-49,9764";988;0;3,2;30,08;31,26;32,12;51,07;57,07;64,37;15,5;
"14/02/2026 - 13:00 / GMT - 03:00";"Unimar Pesquisa (0020ED51)";"-22,2476";"-49,9764";300;0;2,7;29,82;30,33;30,82;54,78;58,67;64,45;10,8;
"14/02/2026 - 14:00 / GMT - 03:00";"Unimar Pesquisa (0020ED51)";"-22,2476";"-49,9764";756;0;2,3;31,04;32,2;33,68;45,02;51,64;59,41;12,2;
"14/02/2026 - 15:00 / GMT - 03:00";"Unimar Pesquisa (0020ED51)";"-22,2476";"-49,9764";385;0;1,5;29,98;31,14;32,68;47,49;56,31;65,76;6,5;
"14/02/2026 - 16:00 / GMT - 03:00";"Unimar Pesquisa (0020ED51)";"-22,2476";"-49,9764";423;0;2,3;31,81;32,47;33,41;44,4;51,2;56,9;9,7;
"14/02/2026 - 17:00 / GMT - 03:00";"Unimar Pesquisa (0020ED51)";"-22,2476";"-49,9764";306;0,2;3,3;29,81;31,49;32,23;49,77;55,23;71,86;9,4;
"14/02/2026 - 18:00 / GMT - 03:00";"Unimar Pesquisa (0020ED51)";"-22,2476";"-49,9764";11;8,8;8,4;23,3;24,55;26,82;76,85;84,94;96,87;26,6;
"14/02/2026 - 19:00 / GMT - 03:00";"Unimar Pesquisa (0020ED51)";"-22,2476";"-49,9764";0;4,6;5,1;21,95;22,31;22,75;91,27;95,27;99,79;16,9;
"14/02/2026 - 20:00 / GMT - 03:00";"Unimar Pesquisa (0020ED51)";"-22,2476";"-49,9764";0;0;2,7;22,04;22,19;22,36;95,36;97,96;99,89;16,2;
"14/02/2026 - 21:00 / GMT - 03:00";"Unimar Pesquisa (0020ED51)";"-22,2476";"-49,9764";0;0;0,6;22,26;23,28;24,35;81,82;89,57;99,63;3,6;
"14/02/2026 - 22:00 / GMT - 03:00";"Unimar Pesquisa (0020ED51)";"-22,2476";"-49,9764";0;0;0,3;23,21;23,82;25,05;73,96;82,96;90,42;4;
"14/02/2026 - 23:00 / GMT - 03:00";"Unimar Pesquisa (0020ED51)";"-22,2476";"-49,9764";0;0;0,8;22,48;23,99;25,28;74,5;83,47;95,25;5,8;
"15/02/2026 - 00:00 / GMT - 03:00";"Unimar Pesquisa (0020ED51)";"-22,2476";"-49,9764";0;0;2,5;23,18;23,26;23,39;88,28;89,13;90,29;7,9;5,3
"15/02/2026 - 01:00 / GMT - 03:00";"Unimar Pesquisa (0020ED51)";"-22,2476";"-49,9764";0;0;2,9;22,87;23,16;23,36;88,25;91;93,8;9,4;
"15/02/2026 - 02:00 / GMT - 03:00";"Unimar Pesquisa (0020ED51)";"-22,2476";"-49,9764";0;0;3,1;22,25;22,67;22,97;93,27;95;97,15;9,4;
"15/02/2026 - 03:00 / GMT - 03:00";"Unimar Pesquisa (0020ED51)";"-22,2476";"-49,9764";0;0;3,7;22;22,15;22,28;97,61;98,51;99,54;12,2;
"15/02/2026 - 04:00 / GMT - 03:00";"Unimar Pesquisa (0020ED51)";"-22,2476";"-49,9764";0;0;4,3;21,93;21,99;22,09;98,56;99,13;100;9,7;
"15/02/2026 - 05:00 / GMT - 03:00";"Unimar Pesquisa (0020ED51)";"-22,2476";"-49,9764";0;0;4,4;21,57;21,74;21,97;98,21;99,57;100;11,5;
"15/02/2026 - 06:00 / GMT - 03:00";"Unimar Pesquisa (0020ED51)";"-22,2476";"-49,9764";13;0;4,5;21,35;21,41;21,49;99,98;99,99;99,99;11,5;
"15/02/2026 - 07:00 / GMT - 03:00";"Unimar Pesquisa (0020ED51)";"-22,2476";"-49,9764";163;0;5,5;21,47;22,41;23,85;88,61;95,49;100;13,7;
"15/02/2026 - 08:00 / GMT - 03:00";"Unimar Pesquisa (0020ED51)";"-22,2476";"-49,9764";362;0;6,5;23,15;24,23;25,17;79,67;84,51;90,48;17,6;
"15/02/2026 - 09:00 / GMT - 03:00";"Unimar Pesquisa (0020ED51)";"-22,2476";"-49,9764";511;0;5,6;24,78;25,98;27,35;73,09;79,2;83,72;16,9;
"15/02/2026 - 10:00 / GMT - 03:00";"Unimar Pesquisa (0020ED51)";"-22,2476";"-49,9764";767;0;5,1;27,01;27,72;28,33;68,23;73,94;79,67;20,2;
"15/02/2026 - 11:00 / GMT - 03:00";"Unimar Pesquisa (0020ED51)";"-22,2476";"-49,9764";973;0;5,1;28,42;29,22;30,17;62,68;69,66;75,04;15,8;
"15/02/2026 - 12:00 / GMT - 03:00";"Unimar Pesquisa (0020ED51)";"-22,2476";"-49,9764";1046;0;3,2;30;30,96;31,67;56,51;62,23;72,07;14,4;
"15/02/2026 - 13:00 / GMT - 03:00";"Unimar Pesquisa (0020ED51)";"-22,2476";"-49,9764";876;0;3;30,77;31,86;32,68;44,1;52,54;65,79;14;
"15/02/2026 - 14:00 / GMT - 03:00";"Unimar Pesquisa (0020ED51)";"-22,2476";"-49,9764";862;0;3,4;31,83;32,46;33,19;42,99;47,02;55,44;14;
"15/02/2026 - 15:00 / GMT - 03:00";"Unimar Pesquisa (0020ED51)";"-22,2476";"-49,9764";436;0;1,4;30,9;31,82;33,03;40,38;49,77;58,41;13;
"15/02/2026 - 16:00 / GMT - 03:00";"Unimar Pesquisa (0020ED51)";"-22,2476";"-49,9764";437;0;1,8;30,89;32,32;33,54;42,58;51,54;64,18;8,6;
"15/02/2026 - 17:00 / GMT - 03:00";"Unimar Pesquisa (0020ED51)";"-22,2476";"-49,9764";290;0;2,4;31,06;31,77;32,19;45,93;50,85;54,97;6,8;
"15/02/2026 - 18:00 / GMT - 03:00";"Unimar Pesquisa (0020ED51)";"-22,2476";"-49,9764";148;0;2,3;29,13;30,56;31,68;47,87;58,49;67,06;5,4;
"15/02/2026 - 19:00 / GMT - 03:00";"Unimar Pesquisa (0020ED51)";"-22,2476";"-49,9764";0;0;0,7;27,58;27,98;28,73;66,97;69,5;72,71;4,3;
"15/02/2026 - 20:00 / GMT - 03:00";"Unimar Pesquisa (0020ED51)";"-22,2476";"-49,9764";0;0;0,2;27,11;27,49;28,06;66,63;69,07;70,82;1,8;
"15/02/2026 - 21:00 / GMT - 03:00";"Unimar Pesquisa (0020ED51)";"-22,2476";"-49,9764";0;0;0,4;26,95;27,28;27,65;66,71;68,22;70,32;3,2;
"15/02/2026 - 22:00 / GMT - 03:00";"Unimar Pesquisa (0020ED51)";"-22,2476";"-49,9764";0;0;0,7;26,42;26,72;27,16;68,53;71,25;73,07;7,6;
"15/02/2026 - 23:00 / GMT - 03:00";"Unimar Pesquisa (0020ED51)";"-22,2476";"-49,9764";0;0;1;25,99;26,56;26,95;69,52;73,1;77,55;6,5;
"16/02/2026 - 00:00 / GMT - 03:00";"Unimar Pesquisa (0020ED51)";"-22,2476";"-49,9764";0;0;2,2;26,1;26,46;26,75;70,91;72,76;74,95;9,7;5
"16/02/2026 - 01:00 / GMT - 03:00";"Unimar Pesquisa (0020ED51)";"-22,2476";"-49,9764";0;0;3,3;25,06;25,56;26,19;73,18;77,4;80,46;10,1;
"16/02/2026 - 02:00 / GMT - 03:00";"Unimar Pesquisa (0020ED51)";"-22,2476";"-49,9764";0;0;4,2;24,27;24,55;25,1;81,95;84,84;86,55;14,8;
"16/02/2026 - 03:00 / GMT - 03:00";"Unimar Pesquisa (0020ED51)";"-22,2476";"-49,9764";0;0;4,3;23,78;24,11;24,47;83,83;86,08;87,12;18,4;
"16/02/2026 - 04:00 / GMT - 03:00";"Unimar Pesquisa (0020ED51)";"-22,2476";"-49,9764";0;0;6,6;23,47;23,73;24,29;82,82;85,5;87,73;16,9;
"16/02/2026 - 05:00 / GMT - 03:00";"Unimar Pesquisa (0020ED51)";"-22,2476";"-49,9764";0;0;6,7;22,93;23,29;23,62;82,03;85,23;87,89;17,3;
"16/02/2026 - 06:00 / GMT - 03:00";"Unimar Pesquisa (0020ED51)";"-22,2476";"-49,9764";19;0;4,4;22,74;23,11;23,33;81,98;84,66;87,16;14;
"16/02/2026 - 07:00 / GMT - 03:00";"Unimar Pesquisa (0020ED51)";"-22,2476";"-49,9764";183;0;3,5;23,38;24,17;25,01;81,26;84,82;87,34;8,3;
"16/02/2026 - 08:00 / GMT - 03:00";"Unimar Pesquisa (0020ED51)";"-22,2476";"-49,9764";292;0;4,1;24,9;25,78;26,79;73,17;77,88;81,09;11,5;
"16/02/2026 - 09:00 / GMT - 03:00";"Unimar Pesquisa (0020ED51)";"-22,2476";"-49,9764";490;0;3,7;27,03;28,28;29,59;56,08;67,07;74,11;10,1;
"16/02/2026 - 10:00 / GMT - 03:00";"Unimar Pesquisa (0020ED51)";"-22,2476";"-49,9764";803;0;4,7;29,58;30,47;30,96;50,3;56,05;60,59;11,5;
"16/02/2026 - 11:00 / GMT - 03:00";"Unimar Pesquisa (0020ED51)";"-22,2476";"-49,9764";957;0;5,1;30,82;31,32;32,13;49,39;53,33;57,38;12,6;
"16/02/2026 - 12:00 / GMT - 03:00";"Unimar Pesquisa (0020ED51)";"-22,2476";"-49,9764";1066;0;3,8;31,73;32,28;33,08;44,95;49,36;52,19;15,5;
"16/02/2026 - 13:00 / GMT - 03:00";"Unimar Pesquisa (0020ED51)";"-22,2476";"-49,9764";777;0;3,2;32,09;32,76;33,31;43,25;47,73;53,44;12,6;
"16/02/2026 - 14:00 / GMT - 03:00";"Unimar Pesquisa (0020ED51)";"-22,2476";"-49,9764";294;0;2,3;30,74;31,43;32,29;44,21;51,85;57,59;8,3;
"16/02/2026 - 15:00 / GMT - 03:00";"Unimar Pesquisa (0020ED51)";"-22,2476";"-49,9764";229;0;1,3;30,85;31,88;33,19;41,9;48,47;54,11;5,4;
"16/02/2026 - 16:00 / GMT - 03:00";"Unimar Pesquisa (0020ED51)";"-22,2476";"-49,9764";516;0;1,6;31,38;33,18;34,47;39,08;44,58;54,58;7,9;
"16/02/2026 - 17:00 / GMT - 03:00";"Unimar Pesquisa (0020ED51)";"-22,2476";"-49,9764";433;3,2;3,2;25,51;32,14;34,28;37,91;52,28;82,74;18,4;
"16/02/2026 - 18:00 / GMT - 03:00";"Unimar Pesquisa (0020ED51)";"-22,2476";"-49,9764";117;2,2;2,4;24,55;26,62;27,95;61,2;73,34;88,95;13,7;
"16/02/2026 - 19:00 / GMT - 03:00";"Unimar Pesquisa (0020ED51)";"-22,2476";"-49,9764";0;0;0;26,15;27,77;28,62;55,06;61,26;74,06;0;
"16/02/2026 - 20:00 / GMT - 03:00";"Unimar Pesquisa (0020ED51)";"-22,2476";"-49,9764";0;0;0;28,22;28,62;28,95;55,37;58,84;61,69;1,8;
"16/02/2026 - 21:00 / GMT - 03:00";"Unimar Pesquisa (0020ED51)";"-22,2476";"-49,9764";0;0;0;27,68;27,99;28,24;62,33;63,67;66,81;2,9;
"16/02/2026 - 22:00 / GMT - 03:00";"Unimar Pesquisa (0020ED51)";"-22,2476";"-49,9764";0;0;0,5;26,43;27,13;27,59;64,32;67,72;73,92;2,5;
"16/02/2026 - 23:00 / GMT - 03:00";"Unimar Pesquisa (0020ED51)";"-22,2476";"-49,9764";0;0;0,3;26,64;27,18;27,65;62,44;65,92;68,56;2,5;
"17/02/2026 - 00:00 / GMT - 03:00";"Unimar Pesquisa (0020ED51)";"-22,2476";"-49,9764";0;0;0,2;26,45;26,92;27,37;61,26;64,14;66,9;3,2;5,3
"17/02/2026 - 01:00 / GMT - 03:00";"Unimar Pesquisa (0020ED51)";"-22,2476";"-49,9764";0;0;1,3;26,15;26,62;27,34;60,14;64,07;67,65;4,3;
"17/02/2026 - 02:00 / GMT - 03:00";"Unimar Pesquisa (0020ED51)";"-22,2476";"-49,9764";0;0;0,5;25,6;25,96;26,41;64,46;67,39;72,8;4,7;
"17/02/2026 - 03:00 / GMT - 03:00";"Unimar Pesquisa (0020ED51)";"-22,2476";"-49,9764";0;0;0,3;25,09;25,36;25,81;67,84;71,33;73,93;2,5;
"17/02/2026 - 04:00 / GMT - 03:00";"Unimar Pesquisa (0020ED51)";"-22,2476";"-49,9764";0;0;0,4;24,69;25,06;25,48;68,06;71,93;75,25;3,2;
"17/02/2026 - 05:00 / GMT - 03:00";"Unimar Pesquisa (0020ED51)";"-22,2476";"-49,9764";0;0;1,4;23,95;24,33;24,64;73,91;76,51;80,02;4,7;
"17/02/2026 - 06:00 / GMT - 03:00";"Unimar Pesquisa (0020ED51)";"-22,2476";"-49,9764";23;0;1,8;23,92;24,45;25,2;67,58;73,93;78,7;4,7;
"17/02/2026 - 07:00 / GMT - 03:00";"Unimar Pesquisa (0020ED51)";"-22,2476";"-49,9764";175;0;0;25,56;28,05;29,76;58;65,55;70,77;0,7;
"17/02/2026 - 08:00 / GMT - 03:00";"Unimar Pesquisa (0020ED51)";"-22,2476";"-49,9764";292;0;0,8;29,56;30,26;31,43;55,37;61,19;68,47;5,4;
"17/02/2026 - 09:00 / GMT - 03:00";"Unimar Pesquisa (0020ED51)";"-22,2476";"-49,9764";489;0;3,4;30,69;30,9;31,31;48,42;58,1;73,18;10,8;
"17/02/2026 - 10:00 / GMT - 03:00";"Unimar Pesquisa (0020ED51)";"-22,2476";"-49,9764";812;0;4,5;30,73;31,27;31,96;49,02;55,72;60,05;11,9;
"17/02/2026 - 11:00 / GMT - 03:00";"Unimar Pesquisa (0020ED51)";"-22,2476";"-49,9764";791;0;3,7;31,22;32,15;32,88;44,92;50,44;57,19;10,4;
"17/02/2026 - 12:00 / GMT - 03:00";"Unimar Pesquisa (0020ED51)";"-22,2476";"-49,9764";1037;0;2,6;32,48;33,08;33,97;40,67;47,43;55,04;11,2;
"17/02/2026 - 13:00 / GMT - 03:00";"Unimar Pesquisa (0020ED51)";"-22,2476";"-49,9764";654;0;2,5;31,49;33,06;34,26;40,18;44,5;50,68;15,1;
"17/02/2026 - 14:00 / GMT - 03:00";"Unimar Pesquisa (0020ED51)";"-22,2476";"-49,9764";726;0;5,5;30,77;32,51;33,81;41,58;48,95;52,13;18;
"17/02/2026 - 15:00 / GMT - 03:00";"Unimar Pesquisa (0020ED51)";"-22,2476";"-49,9764";806;0;3,3;33,09;33,7;34,31;38,72;44,9;53,35;9,7;
"17/02/2026 - 16:00 / GMT - 03:00";"Unimar Pesquisa (0020ED51)";"-22,2476";"-49,9764";583;0;3,9;33,38;33,78;34,19;38,85;42,84;46,11;10,8;
"17/02/2026 - 17:00 / GMT - 03:00";"Unimar Pesquisa (0020ED51)";"-22,2476";"-49,9764";265;0;3;30,83;32,8;33,94;36,44;43,14;53,9;8,6;
"17/02/2026 - 18:00 / GMT - 03:00";"Unimar Pesquisa (0020ED51)";"-22,2476";"-49,9764";25;0;4,3;27,01;28,67;30,03;53,76;61,28;67,3;19,8;
"17/02/2026 - 19:00 / GMT - 03:00";"Unimar Pesquisa (0020ED51)";"-22,2476";"-49,9764";0;0;2,8;26,19;26,49;26,94;66,01;70,59;74,76;8,3;
"17/02/2026 - 20:00 / GMT - 03:00";"Unimar Pesquisa (0020ED51)";"-22,2476";"-49,9764";0;0;3,1;25,57;26,02;26,46;68,35;72,05;74,57;8,3;
"17/02/2026 - 21:00 / GMT - 03:00";"Unimar Pesquisa (0020ED51)";"-22,2476";"-49,9764";0;0;3;25,12;25,84;26,39;68,21;71,85;75,46;8,3;
"17/02/2026 - 22:00 / GMT - 03:00";"Unimar Pesquisa (0020ED51)";"-22,2476";"-49,9764";0;0;4,9;24,32;24,71;25,25;74,47;78,81;81,63;11,9;
"17/02/2026 - 23:00 / GMT - 03:00";"Unimar Pesquisa (0020ED51)";"-22,2476";"-49,9764";0;0;3,4;23,81;24,16;24,44;79,19;81,73;85,13;10,4;
"18/02/2026 - 00:00 / GMT - 03:00";"Unimar Pesquisa (0020ED51)";"-22,2476";"-49,9764";0;0;3;24;24,16;24,32;76,99;79,33;81,39;14,4;4,1
"18/02/2026 - 01:00 / GMT - 03:00";"Unimar Pesquisa (0020ED51)";"-22,2476";"-49,9764";0;0;3,7;23,92;24,19;24,39;75,89;77,55;79,45;14,4;
"18/02/2026 - 02:00 / GMT - 03:00";"Unimar Pesquisa (0020ED51)";"-22,2476";"-49,9764";0;0;4,3;23,22;23,52;24,1;75,87;79,66;81,9;15,8;
"18/02/2026 - 03:00 / GMT - 03:00";"Unimar Pesquisa (0020ED51)";"-22,2476";"-49,9764";0;0;3,6;23;23,32;23,75;81,12;83,22;86,48;11,5;
"18/02/2026 - 04:00 / GMT - 03:00";"Unimar Pesquisa (0020ED51)";"-22,2476";"-49,9764";0;0;3,8;22,65;23,04;23,48;81,23;84,81;87,42;12,6;
"18/02/2026 - 05:00 / GMT - 03:00";"Unimar Pesquisa (0020ED51)";"-22,2476";"-49,9764";0;0;3,9;22,72;23;23,48;82,06;85,24;87,29;11,2;
"18/02/2026 - 06:00 / GMT - 03:00";"Unimar Pesquisa (0020ED51)";"-22,2476";"-49,9764";15;0;1,5;22,42;22,65;22,8;86,24;89,07;93,96;7,9;
"18/02/2026 - 07:00 / GMT - 03:00";"Unimar Pesquisa (0020ED51)";"-22,2476";"-49,9764";180;0;2;22,28;24,22;25,41;75,89;82,87;94,51;9;
"18/02/2026 - 08:00 / GMT - 03:00";"Unimar Pesquisa (0020ED51)";"-22,2476";"-49,9764";334;0;2,5;24,38;25,27;26,83;75,05;82,94;87,59;10,8;
"18/02/2026 - 09:00 / GMT - 03:00";"Unimar Pesquisa (0020ED51)";"-22,2476";"-49,9764";471;0;1,7;26,9;27,32;27,6;65,95;71,61;76,28;6,1;
"18/02/2026 - 10:00 / GMT - 03:00";"Unimar Pesquisa (0020ED51)";"-22,2476";"-49,9764";515;0;2,3;27,39;27,94;28,35;67,69;72,38;83,13;10,8;
"18/02/2026 - 11:00 / GMT - 03:00";"Unimar Pesquisa (0020ED51)";"-22,2476";"-49,9764";499;0;2,9;27,7;27,96;28,33;67,55;72,13;75,61;10,1;
"18/02/2026 - 12:00 / GMT - 03:00";"Unimar Pesquisa (0020ED51)";"-22,2476";"-49,9764";375;0;2,9;27,82;28,15;28,62;65,62;70,45;73,25;7,6;
"18/02/2026 - 13:00 / GMT - 03:00";"Unimar Pesquisa (0020ED51)";"-22,2476";"-49,9764";386;0;2,3;27,75;28,42;29,02;69,3;71,81;74,21;6,8;
"18/02/2026 - 14:00 / GMT - 03:00";"Unimar Pesquisa (0020ED51)";"-22,2476";"-49,9764";834;0;2,5;29,01;30,49;32,12;52,43;60,71;72,27;8,3;
"18/02/2026 - 15:00 / GMT - 03:00";"Unimar Pesquisa (0020ED51)";"-22,2476";"-49,9764";755;0;2,3;30,95;31,56;31,97;48,64;51,59;56,16;9;
"18/02/2026 - 16:00 / GMT - 03:00";"Unimar Pesquisa (0020ED51)";"-22,2476";"-49,9764";476;0;2;29,8;31,41;32,07;51,31;54,99;60,46;8,3;
"18/02/2026 - 17:00 / GMT - 03:00";"Unimar Pesquisa (0020ED51)";"-22,2476";"-49,9764";274;0;1,9;30,08;30,99;31,71;54,14;56,92;62,34;6,5;
"18/02/2026 - 18:00 / GMT - 03:00";"Unimar Pesquisa (0020ED51)";"-22,2476";"-49,9764";8;0;2,8;26,51;27,8;29,28;65,99;73,16;76,34;12,2;
"18/02/2026 - 19:00 / GMT - 03:00";"Unimar Pesquisa (0020ED51)";"-22,2476";"-49,9764";0;0,4;5,6;23,15;24,94;26,04;76,75;79,82;86,63;17,6;
"18/02/2026 - 20:00 / GMT - 03:00";"Unimar Pesquisa (0020ED51)";"-22,2476";"-49,9764";0;0,2;0,9;22,46;22,77;23,05;86,84;93,59;97,61;10,4;
"18/02/2026 - 21:00 / GMT - 03:00";"Unimar Pesquisa (0020ED51)";"-22,2476";"-49,9764";0;0;0,6;22,32;22,6;22,89;90,06;93,76;97,51;4,3;
"18/02/2026 - 22:00 / GMT - 03:00";"Unimar Pesquisa (0020ED51)";"-22,2476";"-49,9764";0;0;0,3;22,53;23,03;23,34;85,05;89,85;97,3;2,9;
"18/02/2026 - 23:00 / GMT - 03:00";"Unimar Pesquisa (0020ED51)";"-22,2476";"-49,9764";0;0;0,7;22,67;22,95;23,2;84,63;88,58;91,63;4;
"19/02/2026 - 00:00 / GMT - 03:00";"Unimar Pesquisa (0020ED51)";"-22,2476";"-49,9764";0;0;0,9;22,87;23,07;23,43;85,21;87,52;90,43;5,4;4,5
"19/02/2026 - 01:00 / GMT - 03:00";"Unimar Pesquisa (0020ED51)";"-22,2476";"-49,9764";0;0;2,5;22,25;22,84;23,31;84,39;89,01;92,11;9,4;
"19/02/2026 - 02:00 / GMT - 03:00";"Unimar Pesquisa (0020ED51)";"-22,2476";"-49,9764";0;0;2,8;22,31;22,92;23,18;84,31;86,68;91,19;7,2;
"19/02/2026 - 03:00 / GMT - 03:00";"Unimar Pesquisa (0020ED51)";"-22,2476";"-49,9764";0;0;2;22,42;22,8;23,12;82,77;85,3;87,37;8,3;
"19/02/2026 - 04:00 / GMT - 03:00";"Unimar Pesquisa (0020ED51)";"-22,2476";"-49,9764";0;0;1,3;21,67;22,07;22,62;85,74;88,97;91,77;4,7;
"19/02/2026 - 05:00 / GMT - 03:00";"Unimar Pesquisa (0020ED51)";"-22,2476";"-49,9764";0;0;2;21,55;21,79;22,03;87,71;89,45;90,86;7,2;
"19/02/2026 - 06:00 / GMT - 03:00";"Unimar Pesquisa (0020ED51)";"-22,2476";"-49,9764";13;0;0,6;21,1;21,41;21,64;91,36;93,69;96,34;3,6;
"19/02/2026 - 07:00 / GMT - 03:00";"Unimar Pesquisa (0020ED51)";"-22,2476";"-49,9764";163;0;2,5;21,92;23,08;24,11;84,15;88,1;92,45;9;
"19/02/2026 - 08:00 / GMT - 03:00";"Unimar Pesquisa (0020ED51)";"-22,2476";"-49,9764";235;0;2,6;23,42;24,22;25,23;82,08;86,33;89,79;6,5;
"19/02/2026 - 09:00 / GMT - 03:00";"Unimar Pesquisa (0020ED51)";"-22,2476";"-49,9764";507;0;2,4;25,78;27,04;28,54;73,35;78;82,84;8,3;
"19/02/2026 - 10:00 / GMT - 03:00";"Unimar Pesquisa (0020ED51)";"-22,2476";"-49,9764";334;0;2,3;26,51;27,11;27,76;75,83;78,64;81,31;11,9;
"19/02/2026 - 11:00 / GMT - 03:00";"Unimar Pesquisa (0020ED51)";"-22,2476";"-49,9764";622;0;2,5;27,87;28,45;29,86;66,9;73,52;77,73;10,1;
"19/02/2026 - 12:00 / GMT - 03:00";"Unimar Pesquisa (0020ED51)";"-22,2476";"-49,9764";730;0;3,1;28,77;29,68;30,38;63,76;68,16;72,75;11,9;
"19/02/2026 - 13:00 / GMT - 03:00";"Unimar Pesquisa (0020ED51)";"-22,2476";"-49,9764";785;0;2,8;29,12;30,8;32,26;56,47;62,73;68,91;11,9;
"19/02/2026 - 14:00 / GMT - 03:00";"Unimar Pesquisa (0020ED51)";"-22,2476";"-49,9764";777;0;4,4;30,18;31,19;31,99;56,77;60,4;64,55;13;
"19/02/2026 - 15:00 / GMT - 03:00";"Unimar Pesquisa (0020ED51)";"-22,2476";"-49,9764";757;0;5,4;31,56;31,73;32,04;51,73;55,54;60,87;23,4;
"19/02/2026 - 16:00 / GMT - 03:00";"Unimar Pesquisa (0020ED51)";"-22,2476";"-49,9764";562;0;4,9;31,51;31,81;32,27;48,92;52,47;57,76;14,8;
"19/02/2026 - 17:00 / GMT - 03:00";"Unimar Pesquisa (0020ED51)";"-22,2476";"-49,9764";331;0;5;31;31,32;31,61;51,36;53,78;57,14;12,2;
"19/02/2026 - 18:00 / GMT - 03:00";"Unimar Pesquisa (0020ED51)";"-22,2476";"-49,9764";112;0;2,5;28,67;30,08;30,96;51,16;57,62;63,72;8,3;
"19/02/2026 - 19:00 / GMT - 03:00";"Unimar Pesquisa (0020ED51)";"-22,2476";"-49,9764";0;0;0;27,4;27,67;28,39;63,94;65,5;66,92;1,4;
"19/02/2026 - 20:00 / GMT - 03:00";"Unimar Pesquisa (0020ED51)";"-22,2476";"-49,9764";0;0;0;26,58;27,08;27,57;65,82;68,25;72,23;1,1;
"19/02/2026 - 21:00 / GMT - 03:00";"Unimar Pesquisa (0020ED51)";"-22,2476";"-49,9764";0;0;0;26,32;26,75;27,01;63,61;66,4;71,8;1,8;
"19/02/2026 - 22:00 / GMT - 03:00";"Unimar Pesquisa (0020ED51)";"-22,2476";"-49,9764";0;0;0;26,06;26,57;26,87;62,37;63,98;66,59;1,1;
"19/02/2026 - 23:00 / GMT - 03:00";"Unimar Pesquisa (0020ED51)";"-22,2476";"-49,9764";0;0;1,4;25,74;26,17;26,62;63,58;66,73;72,02;6,8;
"20/02/2026 - 00:00 / GMT - 03:00";"Unimar Pesquisa (0020ED51)";"-22,2476";"-49,9764";0;0;4,1;25,39;25,9;26,6;65,61;68,71;71,62;9;4,8
"20/02/2026 - 01:00 / GMT - 03:00";"Unimar Pesquisa (0020ED51)";"-22,2476";"-49,9764";0;0;6;24,67;25,2;25,79;71,16;75,1;80,25;13,3;
"20/02/2026 - 02:00 / GMT - 03:00";"Unimar Pesquisa (0020ED51)";"-22,2476";"-49,9764";0;0;8,6;23,89;24,25;24,63;80,75;83,22;85,55;17,3;
"20/02/2026 - 03:00 / GMT - 03:00";"Unimar Pesquisa (0020ED51)";"-22,2476";"-49,9764";0;0;7,9;23,71;23,82;23,9;84,18;85,19;85,76;18,4;
"20/02/2026 - 04:00 / GMT - 03:00";"Unimar Pesquisa (0020ED51)";"-22,2476";"-49,9764";0;0;5,7;22,99;23,48;23,9;82,82;84,72;86,9;17,3;
"20/02/2026 - 05:00 / GMT - 03:00";"Unimar Pesquisa (0020ED51)";"-22,2476";"-49,9764";0;0;0,8;21,96;22,73;23,27;85,55;89,38;94,18;5;
"20/02/2026 - 06:00 / GMT - 03:00";"Unimar Pesquisa (0020ED51)";"-22,2476";"-49,9764";26;0;1,2;21,79;22,25;23,13;88,7;92,88;95,6;7,2;
"20/02/2026 - 07:00 / GMT - 03:00";"Unimar Pesquisa (0020ED51)";"-22,2476";"-49,9764";151;0;3,9;23,36;24,53;25,39;79,77;84,66;89,87;13,3;
"20/02/2026 - 08:00 / GMT - 03:00";"Unimar Pesquisa (0020ED51)";"-22,2476";"-49,9764";256;0;5,6;25,05;26;27,47;71,66;77,6;80,88;15,5;
"20/02/2026 - 09:00 / GMT - 03:00";"Unimar Pesquisa (0020ED51)";"-22,2476";"-49,9764";466;0;7,9;27,63;28,25;28,87;63,04;67,82;70,1;19,8;
"20/02/2026 - 10:00 / GMT - 03:00";"Unimar Pesquisa (0020ED51)";"-22,2476";"-49,9764";775;0;6,4;28,62;29,4;30,36;61,58;64,83;67,66;12,6;
"20/02/2026 - 11:00 / GMT - 03:00";"Unimar Pesquisa (0020ED51)";"-22,2476";"-49,9764";870;0;4,2;30,13;30,63;31,18;57,06;61,34;66,82;13;
"20/02/2026 - 12:00 / GMT - 03:00";"Unimar Pesquisa (0020ED51)";"-22,2476";"-49,9764";668;0;3,4;30,39;30,88;31,64;51,49;56,96;61,04;14,8;
"20/02/2026 - 13:00 / GMT - 03:00";"Unimar Pesquisa (0020ED51)";"-22,2476";"-49,9764";628;0;3,1;30,93;31,45;32,25;48,26;53,21;56,88;8,6;
"20/02/2026 - 14:00 / GMT - 03:00";"Unimar Pesquisa (0020ED51)";"-22,2476";"-49,9764";528;0;2,5;30,49;31,32;32,43;48,74;54,73;64,53;10,8;
"20/02/2026 - 15:00 / GMT - 03:00";"Unimar Pesquisa (0020ED51)";"-22,2476";"-49,9764";786;0;2,9;31,74;32,65;33,21;43,63;48,01;54,28;9,4;
"20/02/2026 - 16:00 / GMT - 03:00";"Unimar Pesquisa (0020ED51)";"-22,2476";"-49,9764";506;0;1,8;31,85;32,86;33,64;43,37;48,69;53,13;7,2;
"20/02/2026 - 17:00 / GMT - 03:00";"Unimar Pesquisa (0020ED51)";"-22,2476";"-49,9764";104;0;2,1;28,88;29,86;31,24;51,42;61,02;67,68;6,8;
"20/02/2026 - 18:00 / GMT - 03:00";"Unimar Pesquisa (0020ED51)";"-22,2476";"-49,9764";12;0;9,2;23,17;25,54;28,63;66,78;79,03;87,52;29,9;
"20/02/2026 - 19:00 / GMT - 03:00";"Unimar Pesquisa (0020ED51)";"-22,2476";"-49,9764";0;0;3,3;22,76;22,87;23,06;80,54;85,3;88,83;17,6;
"20/02/2026 - 20:00 / GMT - 03:00";"Unimar Pesquisa (0020ED51)";"-22,2476";"-49,9764";0;0;2,4;22,31;22,77;23,2;80,8;84,49;88,23;11,5;
"20/02/2026 - 21:00 / GMT - 03:00";"Unimar Pesquisa (0020ED51)";"-22,2476";"-49,9764";0;0;0,9;22,01;22,16;22,38;86,06;89,5;91,51;4,3;
"20/02/2026 - 22:00 / GMT - 03:00";"Unimar Pesquisa (0020ED51)";"-22,2476";"-49,9764";0;0;4;21,77;21,98;22,15;88,42;89,75;91,2;14,4;
"20/02/2026 - 23:00 / GMT - 03:00";"Unimar Pesquisa (0020ED51)";"-22,2476";"-49,9764";0;0;4,1;21,81;21,92;22,12;88,92;90,44;91,62;12,6;
"21/02/2026 - 00:00 / GMT - 03:00";"Unimar Pesquisa (0020ED51)";"-22,2476";"-49,9764";0;0;3,2;22,01;22,25;22,51;86,53;89,77;92,24;9;3,1
"21/02/2026 - 01:00 / GMT - 03:00";"Unimar Pesquisa (0020ED51)";"-22,2476";"-49,9764";0;0;0,2;21,75;21,88;22,26;88,39;90,97;92,66;5,8;
"21/02/2026 - 02:00 / GMT - 03:00";"Unimar Pesquisa (0020ED51)";"-22,2476";"-49,9764";0;0;0,1;21,66;21,87;22,12;90,12;93,25;97,29;4,3;
"21/02/2026 - 03:00 / GMT - 03:00";"Unimar Pesquisa (0020ED51)";"-22,2476";"-49,9764";0;0;2,1;21,26;22,26;22,87;81,63;87,33;96,78;6,5;
"21/02/2026 - 04:00 / GMT - 03:00";"Unimar Pesquisa (0020ED51)";"-22,2476";"-49,9764";0;0;3,2;21,25;22,36;22,96;78,09;83,2;92,69;11,5;
"21/02/2026 - 05:00 / GMT - 03:00";"Unimar Pesquisa (0020ED51)";"-22,2476";"-49,9764";0;0;2,5;20,33;20,65;21,08;94,11;97,35;99,49;7,2;
"21/02/2026 - 06:00 / GMT - 03:00";"Unimar Pesquisa (0020ED51)";"-22,2476";"-49,9764";12;0;0,5;20,23;20,39;20,81;98,33;99,59;100;2,9;
"21/02/2026 - 07:00 / GMT - 03:00";"Unimar Pesquisa (0020ED51)";"-22,2476";"-49,9764";64;0;4,8;20,91;22,06;22,84;86,87;91,82;97,87;17,6;
"21/02/2026 - 08:00 / GMT - 03:00";"Unimar Pesquisa (0020ED51)";"-22,2476";"-49,9764";85;0;4,7;22,73;23,02;23,32;83,96;86,24;89,23;15,5;
"21/02/2026 - 09:00 / GMT - 03:00";"Unimar Pesquisa (0020ED51)";"-22,2476";"-49,9764";218;0;2,6;23,42;23,94;24,81;83,32;85,29;87,33;9;
"21/02/2026 - 10:00 / GMT - 03:00";"Unimar Pesquisa (0020ED51)";"-22,2476";"-49,9764";842;0;3,8;24,89;27,11;29,23;67,41;75,86;81,63;10,8;
"21/02/2026 - 11:00 / GMT - 03:00";"Unimar Pesquisa (0020ED51)";"-22,2476";"-49,9764";894;0;3,9;28,97;30,06;31,12;60,9;66,9;74,44;11,9;
"21/02/2026 - 12:00 / GMT - 03:00";"Unimar Pesquisa (0020ED51)";"-22,2476";"-49,9764";444;0;2,7;29,4;29,8;30,72;56,97;60,81;66,67;10,4;
"21/02/2026 - 13:00 / GMT - 03:00";"Unimar Pesquisa (0020ED51)";"-22,2476";"-49,9764";357;0;2,7;29,55;29,75;30,24;58,05;63,33;66,19;7,9;
"21/02/2026 - 14:00 / GMT - 03:00";"Unimar Pesquisa (0020ED51)";"-22,2476";"-49,9764";208;0;1,7;27,52;29,47;30,18;59,16;63,57;70,92;11,9;
"21/02/2026 - 15:00 / GMT - 03:00";"Unimar Pesquisa (0020ED51)";"-22,2476";"-49,9764";27;1;7,2;21,8;23,88;26,29;73,15;86,71;94,85;17,6;
"21/02/2026 - 16:00 / GMT - 03:00";"Unimar Pesquisa (0020ED51)";"-22,2476";"-49,9764";268;10;3,2;21,4;22,71;24;87,83;96,7;100;13,7;
"21/02/2026 - 17:00 / GMT - 03:00";"Unimar Pesquisa (0020ED51)";"-22,2476";"-49,9764";266;0;4,7;23,7;24,93;25,88;80,51;86,99;94,85;11,5;
"21/02/2026 - 18:00 / GMT - 03:00";"Unimar Pesquisa (0020ED51)";"-22,2476";"-49,9764";44;0;1,1;25,44;25,85;26,04;70,78;75,31;81,33;8,6;
"21/02/2026 - 19:00 / GMT - 03:00";"Unimar Pesquisa (0020ED51)";"-22,2476";"-49,9764";0;0;0,2;23,96;24,39;24,99;82,16;85,87;90,78;2,9;
"21/02/2026 - 20:00 / GMT - 03:00";"Unimar Pesquisa (0020ED51)";"-22,2476";"-49,9764";0;0;3,3;23,75;24,32;24,91;83,67;87,9;92,69;14,4;
"21/02/2026 - 21:00 / GMT - 03:00";"Unimar Pesquisa (0020ED51)";"-22,2476";"-49,9764";0;0;4,1;23,03;23,59;24,32;85,45;88,17;89,97;14,8;
"21/02/2026 - 22:00 / GMT - 03:00";"Unimar Pesquisa (0020ED51)";"-22,2476";"-49,9764";0;0;3,9;22,34;22,72;23,07;89,09;92,37;95,23;16,6;
"21/02/2026 - 23:00 / GMT - 03:00";"Unimar Pesquisa (0020ED51)";"-22,2476";"-49,9764";0;0;4,6;22,04;22,23;22,44;93,81;95,56;97,31;14,4;
"22/02/2026 - 00:00 / GMT - 03:00";"Unimar Pesquisa (0020ED51)";"-22,2476";"-49,9764";0;0;5,4;21,75;21,98;22,16;94,41;95,74;96,79;20,5;4,1
"22/02/2026 - 01:00 / GMT - 03:00";"Unimar Pesquisa (0020ED51)";"-22,2476";"-49,9764";0;0;6,6;21,5;21,62;21,74;94,52;95,9;96,75;19,1;
"22/02/2026 - 02:00 / GMT - 03:00";"Unimar Pesquisa (0020ED51)";"-22,2476";"-49,9764";0;0;7,2;21,09;21,33;21,49;94,88;95,81;97,3;19,4;
"22/02/2026 - 03:00 / GMT - 03:00";"Unimar Pesquisa (0020ED51)";"-22,2476";"-49,9764";0;0;6,2;20,91;20,95;21,08;96,26;97,41;98,43;16,2;
"22/02/2026 - 04:00 / GMT - 03:00";"Unimar Pesquisa (0020ED51)";"-22,2476";"-49,9764";0;0;4,5;20,61;20,79;20,93;94,06;96,23;97,82;13;
"22/02/2026 - 05:00 / GMT - 03:00";"Unimar Pesquisa (0020ED51)";"-22,2476";"-49,9764";0;0;4,2;20,55;20,61;20,67;92,52;94,51;96,01;11,2;
"22/02/2026 - 06:00 / GMT - 03:00";"Unimar Pesquisa (0020ED51)";"-22,2476";"-49,9764";26;0;4,8;20,54;20,7;20,89;89,84;91,77;93,02;16,2;
"22/02/2026 - 07:00 / GMT - 03:00";"Unimar Pesquisa (0020ED51)";"-22,2476";"-49,9764";140;0;4,7;20,96;21,48;22,22;85,61;88,3;90,74;13;
"22/02/2026 - 08:00 / GMT - 03:00";"Unimar Pesquisa (0020ED51)";"-22,2476";"-49,9764";324;0;6,6;22,49;23,16;23,73;80,23;82,7;84,55;16,6;
"22/02/2026 - 09:00 / GMT - 03:00";"Unimar Pesquisa (0020ED51)";"-22,2476";"-49,9764";508;0;6,9;23,8;24,67;25,75;76,64;79,65;82,14;18,4;
"22/02/2026 - 10:00 / GMT - 03:00";"Unimar Pesquisa (0020ED51)";"-22,2476";"-49,9764";792;0;6,4;25,44;26,13;27,32;72,86;76,74;81,09;16,9;
"22/02/2026 - 11:00 / GMT - 03:00";"Unimar Pesquisa (0020ED51)";"-22,2476";"-49,9764";604;0;5,2;26,39;27,1;27,9;69,14;75,37;79,96;12,6;
"22/02/2026 - 12:00 / GMT - 03:00";"Unimar Pesquisa (0020ED51)";"-22,2476";"-49,9764";949;0;5,3;26,74;27,73;28,88;74,29;76;78,81;13,3;
"22/02/2026 - 13:00 / GMT - 03:00";"Unimar Pesquisa (0020ED51)";"-22,2476";"-49,9764";767;0;5,5;28,12;28,65;28,94;70,91;73,6;77,27;13,3;
"22/02/2026 - 14:00 / GMT - 03:00";"Unimar Pesquisa (0020ED51)";"-22,2476";"-49,9764";748;0;5,1;28,6;29,48;30,44;67,17;69,72;73,29;15,8;
"22/02/2026 - 15:00 / GMT - 03:00";"Unimar Pesquisa (0020ED51)";"-22,2476";"-49,9764";452;0;4,8;27,89;29,16;30,87;61,27;70,37;76,36;11,5;
"22/02/2026 - 16:00 / GMT - 03:00";"Unimar Pesquisa (0020ED51)";"-22,2476";"-49,9764";138;1,2;5,4;23,76;26,87;29,09;70,57;79,52;95,8;20,5;
"22/02/2026 - 17:00 / GMT - 03:00";"Unimar Pesquisa (0020ED51)";"-22,2476";"-49,9764";15;9,2;5,1;22;23,15;24,32;94,19;98,96;99,99;19,1;
"22/02/2026 - 18:00 / GMT - 03:00";"Unimar Pesquisa (0020ED51)";"-22,2476";"-49,9764";0;0,4;3;23,12;23,21;23,42;99,98;99,99;100;10,4;
"22/02/2026 - 19:00 / GMT - 03:00";"Unimar Pesquisa (0020ED51)";"-22,2476";"-49,9764";0;0;3;22,39;22,73;23,03;99,98;99,98;99,99;9,4;
"22/02/2026 - 20:00 / GMT - 03:00";"Unimar Pesquisa (0020ED51)";"-22,2476";"-49,9764";0;0,2;1,4;22,88;23,03;23,42;97,23;99,56;99,99;6,1;
"22/02/2026 - 21:00 / GMT - 03:00";"Unimar Pesquisa (0020ED51)";"-22,2476";"-49,9764";0;0;4,8;23,08;23,22;23,43;89,9;96,1;100;15,8;
"22/02/2026 - 22:00 / GMT - 03:00";"Unimar Pesquisa (0020ED51)";"-22,2476";"-49,9764";0;0;7,8;22,38;22,77;23,01;88,73;90,05;91,87;19,1;
"22/02/2026 - 23:00 / GMT - 03:00";"Unimar Pesquisa (0020ED51)";"-22,2476";"-49,9764";0;0;8,4;22,2;22,37;22,56;86,48;87,45;89,33;22,3;
"23/02/2026 - 00:00 / GMT - 03:00";"Unimar Pesquisa (0020ED51)";"-22,2476";"-49,9764";0;0;6,9;21,55;21,8;22,17;86,9;89,19;90,54;17,3;2,7
"23/02/2026 - 01:00 / GMT - 03:00";"Unimar Pesquisa (0020ED51)";"-22,2476";"-49,9764";0;0;7,1;21,36;21,52;21,71;88,5;89,54;90,15;20,9;
"23/02/2026 - 02:00 / GMT - 03:00";"Unimar Pesquisa (0020ED51)";"-22,2476";"-49,9764";0;0;6,3;21,08;21,26;21,47;89,24;90,36;91,76;16,6;
"23/02/2026 - 03:00 / GMT - 03:00";"Unimar Pesquisa (0020ED51)";"-22,2476";"-49,9764";0;0;5,2;20,63;20,89;21,04;91,21;92,42;94,58;16,2;
"23/02/2026 - 04:00 / GMT - 03:00";"Unimar Pesquisa (0020ED51)";"-22,2476";"-49,9764";0;0;5,9;20,31;20,51;20,7;93,41;94,75;96,17;15,1;
"23/02/2026 - 05:00 / GMT - 03:00";"Unimar Pesquisa (0020ED51)";"-22,2476";"-49,9764";0;0;6,4;20,17;20,31;20,43;94,72;95,69;96,8;15,8;
"23/02/2026 - 06:00 / GMT - 03:00";"Unimar Pesquisa (0020ED51)";"-22,2476";"-49,9764";8;0;6,2;19,99;20,16;20,3;95,42;96,69;97,71;16,2;
"23/02/2026 - 07:00 / GMT - 03:00";"Unimar Pesquisa (0020ED51)";"-22,2476";"-49,9764";108;0;4,8;20,21;20,7;21,25;93,06;95,15;96,95;13,3;
"23/02/2026 - 08:00 / GMT - 03:00";"Unimar Pesquisa (0020ED51)";"-22,2476";"-49,9764";204;0;5,4;21,19;21,71;22,22;89;91,48;93,45;13,3;
"23/02/2026 - 09:00 / GMT - 03:00";"Unimar Pesquisa (0020ED51)";"-22,2476";"-49,9764";432;0;5,8;22,34;23,29;24,38;82,66;85,98;89,59;13;
"23/02/2026 - 10:00 / GMT - 03:00";"Unimar Pesquisa (0020ED51)";"-22,2476";"-49,9764";469;0;5,9;24,13;24,61;25,38;79,77;82,79;85,5;15,8;
"23/02/2026 - 11:00 / GMT - 03:00";"Unimar Pesquisa (0020ED51)";"-22,2476";"-49,9764";423;0;4,5;24,94;25,53;26,17;78,51;80,39;82,87;13,3;
"23/02/2026 - 12:00 / GMT - 03:00";"Unimar Pesquisa (0020ED51)";"-22,2476";"-49,9764";421;0;3,3;25,71;26,55;27,41;75,43;77,9;80,99;8,3;
"23/02/2026 - 13:00 / GMT - 03:00";"Unimar Pesquisa (0020ED51)";"-22,2476";"-49,9764";421;0;2,8;26,62;27,04;27,81;74,48;78,68;82,11;9;
"23/02/2026 - 14:00 / GMT - 03:00";"Unimar Pesquisa (0020ED51)";"-22,2476";"-49,9764";425;0;3,8;26,4;26,89;27,97;74,91;80,43;84,98;10,1;
"23/02/2026 - 15:00 / GMT - 03:00";"Unimar Pesquisa (0020ED51)";"-22,2476";"-49,9764";285;0;3,7;26,9;27,24;27,83;76,18;78;79,72;8,6;
"23/02/2026 - 16:00 / GMT - 03:00";"Unimar Pesquisa (0020ED51)";"-22,2476";"-49,9764";75;11,4;5,1;21,54;23,5;26,69;79,77;92,74;99,99;16,6;
"23/02/2026 - 17:00 / GMT - 03:00";"Unimar Pesquisa (0020ED51)";"-22,2476";"-49,9764";110;2,2;1,1;21,18;22,46;23,36;99,98;99,98;99,99;3,6;
"23/02/2026 - 18:00 / GMT - 03:00";"Unimar Pesquisa (0020ED51)";"-22,2476";"-49,9764";25;0;0,2;23,05;23,21;23,45;99,98;99,99;99,99;3,2;
"23/02/2026 - 19:00 / GMT - 03:00";"Unimar Pesquisa (0020ED51)";"-22,2476";"-49,9764";0;0;4,3;21,87;22,36;23,24;91,67;98,24;100;13;
"23/02/2026 - 20:00 / GMT - 03:00";"Unimar Pesquisa (0020ED51)";"-22,2476";"-49,9764";0;0;3,6;21,66;21,76;22,01;90,83;94,06;96,22;13;
"23/02/2026 - 21:00 / GMT - 03:00";"Unimar Pesquisa (0020ED51)";"-22,2476";"-49,9764";0;0;3,2;21,74;21,81;21,89;95,91;97,19;98,52;9,7;
"23/02/2026 - 22:00 / GMT - 03:00";"Unimar Pesquisa (0020ED51)";"-22,2476";"-49,9764";0;0;4,1;21,55;21,73;21,85;96,32;97,8;99,77;11,5;
"23/02/2026 - 23:00 / GMT - 03:00";"Unimar Pesquisa (0020ED51)";"-22,2476";"-49,9764";0;0,2;3;21,33;21,45;21,57;99,77;99,97;100;12,6;
"24/02/2026 - 00:00 / GMT - 03:00";"Unimar Pesquisa (0020ED51)";"-22,2476";"-49,9764";0;0;3,5;21,3;21,37;21,54;99,99;99,99;99,99;13,3;3,4
"24/02/2026 - 01:00 / GMT - 03:00";"Unimar Pesquisa (0020ED51)";"-22,2476";"-49,9764";0;0;3,8;21,02;21,24;21,38;99,98;99,99;99,99;15,5;
"24/02/2026 - 02:00 / GMT - 03:00";"Unimar Pesquisa (0020ED51)";"-22,2476";"-49,9764";0;0;4;20,99;21,02;21,08;99,98;99,99;99,99;10,8;
"24/02/2026 - 03:00 / GMT - 03:00";"Unimar Pesquisa (0020ED51)";"-22,2476";"-49,9764";0;0;2,5;20,77;20,89;21,04;99,98;99,98;99,99;9,7;
"24/02/2026 - 04:00 / GMT - 03:00";"Unimar Pesquisa (0020ED51)";"-22,2476";"-49,9764";0;0;2,3;20,74;20,83;20,91;99,98;99,98;99,99;7,9;
"24/02/2026 - 05:00 / GMT - 03:00";"Unimar Pesquisa (0020ED51)";"-22,2476";"-49,9764";0;0;2,7;20,85;20,9;20,96;99,98;99,99;99,99;8,6;
"24/02/2026 - 06:00 / GMT - 03:00";"Unimar Pesquisa (0020ED51)";"-22,2476";"-49,9764";5;0;2,3;20,83;20,92;20,98;99,98;99,99;99,99;6,1;
"24/02/2026 - 07:00 / GMT - 03:00";"Unimar Pesquisa (0020ED51)";"-22,2476";"-49,9764";87;0;2,3;20,99;21,41;21,79;99,13;99,87;100;6,8;
"24/02/2026 - 08:00 / GMT - 03:00";"Unimar Pesquisa (0020ED51)";"-22,2476";"-49,9764";225;0;2,9;21,9;22,57;23,16;92,67;95,93;100;7,9;
"24/02/2026 - 09:00 / GMT - 03:00";"Unimar Pesquisa (0020ED51)";"-22,2476";"-49,9764";209;0;3,5;23,19;23,52;23,75;90,34;91,81;94,7;11,2;
"24/02/2026 - 10:00 / GMT - 03:00";"Unimar Pesquisa (0020ED51)";"-22,2476";"-49,9764";302;0;2,8;23,69;24,43;25,05;85,86;88,95;92,18;10,1;
"24/02/2026 - 11:00 / GMT - 03:00";"Unimar Pesquisa (0020ED51)";"-22,2476";"-49,9764";284;0;2,1;25,08;25,3;25,62;77,84;82,5;85,15;6,8;
"24/02/2026 - 12:00 / GMT - 03:00";"Unimar Pesquisa (0020ED51)";"-22,2476";"-49,9764";508;0;2,8;25,53;26,44;27,74;67,1;77,23;82,35;7,6;
"24/02/2026 - 13:00 / GMT - 03:00";"Unimar Pesquisa (0020ED51)";"-22,2476";"-49,9764";752;0;3,1;26,63;27,47;27,99;72,31;75,09;79,24;9,7;
"24/02/2026 - 14:00 / GMT - 03:00";"Unimar Pesquisa (0020ED51)";"-22,2476";"-49,9764";588;0;3,8;26,74;27,44;28,79;70,02;74,74;77,73;9,7;
"24/02/2026 - 15:00 / GMT - 03:00";"Unimar Pesquisa (0020ED51)";"-22,2476";"-49,9764";650;0;5,2;27,65;28,49;29,17;64,65;69,76;74,99;16,9;
"24/02/2026 - 16:00 / GMT - 03:00";"Unimar Pesquisa (0020ED51)";"-22,2476";"-49,9764";515;0;5,1;27,89;28,7;29,26;65,54;68,99;74,8;13,3;
"24/02/2026 - 17:00 / GMT - 03:00";"Unimar Pesquisa (0020ED51)";"-22,2476";"-49,9764";288;0;3,1;27,64;28,22;29,03;66,59;70,81;73,97;8,3;
"24/02/2026 - 18:00 / GMT - 03:00";"Unimar Pesquisa (0020ED51)";"-22,2476";"-49,9764";99;0;1,4;25,93;27,18;27,96;70,9;76,37;83,87;6,8;
"24/02/2026 - 19:00 / GMT - 03:00";"Unimar Pesquisa (0020ED51)";"-22,2476";"-49,9764";0;0;2,1;24,5;25,07;25,56;85,23;88,99;93,12;6,8;
"24/02/2026 - 20:00 / GMT - 03:00";"Unimar Pesquisa (0020ED51)";"-22,2476";"-49,9764";0;0;2;24,13;24,33;24,46;91,3;92,68;93,65;5;
"24/02/2026 - 21:00 / GMT - 03:00";"Unimar Pesquisa (0020ED51)";"-22,2476";"-49,9764";0;0;1;23,67;23,96;24,25;92,06;94,57;96,79;3,2;
"24/02/2026 - 22:00 / GMT - 03:00";"Unimar Pesquisa (0020ED51)";"-22,2476";"-49,9764";0;0;1;23,42;23,54;23,64;96,19;97,3;98,05;3,2;
"24/02/2026 - 23:00 / GMT - 03:00";"Unimar Pesquisa (0020ED51)";"-22,2476";"-49,9764";0;0;1,5;23,15;23,46;23,63;94,69;95,36;96,09;4,7;
"25/02/2026 - 00:00 / GMT - 03:00";"Unimar Pesquisa (0020ED51)";"-22,2476";"-49,9764";0;0;1,4;22,88;23,06;23,42;95,7;96,65;97,71;4;